name,year,selling_price,km_driven,owner,mileage,engine,max_power,seats,fuel_Diesel,fuel_LPG,fuel_Petrol,seller_type_Individual,seller_type_Trustmark Dealer,transmission_Manual,car_age,model,km_per_year,usage_intensity,specific_power,age_km_interaction,mileage_power_interaction,brand_Ford,brand_Honda,brand_Hyundai,brand_Maruti,brand_Nissan,brand_Other,brand_Renault,brand_Tata,brand_Toyota,brand_Volkswagen
Maruti Swift Dzire VDI,2014,450000,145500,1,23.4,1248.0,74.0,5.0,1.0,0.0,0.0,1.0,0.0,1.0,11,Swift,13227.272727272728,2,0.05929487179487179,1600500,1731.6,0,0,0,1,0,0,0,0,0,0
Skoda Rapid 1.5 TDI Ambition,2014,370000,120000,2,21.14,1498.0,103.52,5.0,1.0,0.0,0.0,1.0,0.0,1.0,11,Rapid,10909.09090909091,2,0.06910547396528705,1320000,2188.4128,0,0,0,0,0,1,0,0,0,0
Honda City 2017-2020 EXi,2006,158000,140000,3,17.7,1497.0,78.0,5.0,0.0,0.0,1.0,1.0,0.0,1.0,19,City,7368.421052631579,2,0.052104208416833664,2660000,1380.6,0,1,0,0,0,0,0,0,0,0
Hyundai i20 Sportz Diesel,2010,225000,127000,1,23.0,1396.0,90.0,5.0,1.0,0.0,0.0,1.0,0.0,1.0,15,i20,8466.666666666666,2,0.06446991404011461,1905000,2070.0,0,0,1,0,0,0,0,0,0,0
Maruti Swift VXI BSIII,2007,130000,120000,1,16.1,1298.0,88.2,5.0,0.0,0.0,1.0,1.0,0.0,1.0,18,Swift,6666.666666666667,2,0.0679506933744222,2160000,1420.0200000000002,0,0,0,1,0,0,0,0,0,0
Hyundai Xcent 1.2 VTVT E Plus,2017,440000,45000,1,20.14,1197.0,81.86,5.0,0.0,0.0,1.0,1.0,0.0,1.0,8,Xcent,5625.0,2,0.0683876357560568,360000,1648.6604,0,0,1,0,0,0,0,0,0,0
Maruti Wagon R LXI DUO BSIII,2007,96000,175000,1,23.355000000000004,1061.0,57.5,5.0,0.0,1.0,0.0,1.0,0.0,1.0,18,Wagon,9722.222222222223,2,0.05419415645617342,3150000,1342.9125000000001,0,0,0,1,0,0,0,0,0,0
Toyota Etios VXD,2011,350000,90000,1,23.59,1364.0,67.1,5.0,1.0,0.0,0.0,1.0,0.0,1.0,14,Etios,6428.571428571428,2,0.04919354838709677,1260000,1582.889,0,0,0,0,0,0,0,0,1,0
Ford Figo Diesel Celebration Edition,2013,200000,169000,1,20.0,1399.0,68.1,5.0,1.0,0.0,0.0,1.0,0.0,1.0,12,Figo,14083.333333333334,2,0.04867762687634024,2028000,1362.0,1,0,0,0,0,0,0,0,0,0
Renault Duster 110PS Diesel RxL,2014,500000,68000,2,19.01,1461.0,108.45,5.0,1.0,0.0,0.0,1.0,0.0,1.0,11,Duster,6181.818181818182,2,0.0742299794661191,748000,2061.6345,0,0,0,0,0,0,1,0,0,0
Maruti Zen LX,2005,92000,100000,2,17.3,993.0,60.0,5.0,0.0,0.0,1.0,1.0,0.0,1.0,20,Zen,5000.0,1,0.06042296072507553,2000000,1038.0,0,0,0,1,0,0,0,0,0,0
Maruti Swift Dzire VDi,2009,280000,140000,2,19.3,1248.0,73.9,5.0,1.0,0.0,0.0,1.0,0.0,1.0,16,Swift,8750.0,2,0.059214743589743594,2240000,1426.2700000000002,0,0,0,1,0,0,0,0,0,0
Maruti Swift 1.3 VXi,2007,200000,80000,2,19.5,1248.0,81.83,5.0,0.0,0.0,1.0,1.0,0.0,1.0,18,Swift,4444.444444444444,1,0.06556891025641025,1440000,1595.685,0,0,0,1,0,0,0,0,0,0
Maruti Wagon R LXI Minor,2009,180000,90000,2,18.9,1061.0,67.0,5.0,0.0,0.0,1.0,1.0,0.0,1.0,16,Wagon,5625.0,2,0.06314797360980208,1440000,1266.3,0,0,0,1,0,0,0,0,0,0
Mahindra KUV 100 mFALCON G80 K8 5str,2016,400000,40000,1,18.15,1198.0,82.0,5.0,0.0,0.0,1.0,1.0,0.0,1.0,9,KUV,4444.444444444444,1,0.06844741235392321,360000,1488.3,0,0,0,0,0,1,0,0,0,0
Hyundai i20 1.4 CRDi Asta,2012,500000,53000,2,23.0,1396.0,90.0,5.0,1.0,0.0,0.0,1.0,0.0,1.0,13,i20,4076.923076923077,1,0.06446991404011461,689000,2070.0,0,0,1,0,0,0,0,0,0,0
Maruti Alto LX,2002,150000,80000,2,19.7,796.0,46.3,5.0,0.0,0.0,1.0,1.0,0.0,1.0,23,Alto,3478.2608695652175,1,0.05816582914572864,1840000,912.1099999999999,0,0,0,1,0,0,0,0,0,0
Hyundai i20 2015-2017 Asta 1.4 CRDi,2016,680000,100000,1,22.54,1396.0,88.73,5.0,1.0,0.0,0.0,1.0,0.0,1.0,9,i20,11111.111111111111,2,0.06356017191977077,900000,1999.9742,0,0,1,0,0,0,0,0,0,0
Mahindra Verito 1.5 D4 BSIII,2011,174000,100000,2,21.0,1461.0,64.1,5.0,1.0,0.0,0.0,1.0,0.0,1.0,14,Verito,7142.857142857143,2,0.04387405886379192,1400000,1346.1,0,0,0,0,0,1,0,0,0,0
Honda WR-V i-DTEC VX,2017,950000,50000,1,25.5,1498.0,98.6,5.0,1.0,0.0,0.0,1.0,0.0,1.0,8,WR-V,6250.0,2,0.06582109479305741,400000,2514.2999999999997,0,1,0,0,0,0,0,0,0,0
Maruti Swift Dzire ZDI,2015,525000,40000,1,26.59,1248.0,74.0,5.0,1.0,0.0,0.0,1.0,0.0,1.0,10,Swift,4000.0,1,0.05929487179487179,400000,1967.66,0,0,0,1,0,0,0,0,0,0
Maruti SX4 ZDI,2012,600000,72000,1,21.5,1248.0,88.8,5.0,1.0,0.0,0.0,1.0,0.0,1.0,13,SX4,5538.461538461538,2,0.07115384615384615,936000,1909.2,0,0,0,1,0,0,0,0,0,0
Tata Tigor 2017-2020 XZ,2018,500000,35000,1,20.3,1199.0,83.81,5.0,0.0,0.0,1.0,1.0,0.0,1.0,7,Tigor,5000.0,1,0.06989991659716431,245000,1701.343,0,0,0,0,0,0,0,1,0,0
Maruti Baleno Delta 1.2,2016,575000,45000,1,21.4,1197.0,83.1,5.0,0.0,0.0,1.0,1.0,0.0,1.0,9,Baleno,5000.0,1,0.06942355889724311,405000,1778.3399999999997,0,0,0,1,0,0,0,0,0,0
Maruti Alto 800 LXI,2017,275000,28000,1,24.7,796.0,47.3,5.0,0.0,0.0,1.0,1.0,0.0,1.0,8,Alto,3500.0,1,0.059422110552763814,224000,1168.31,0,0,0,1,0,0,0,0,0,0
Maruti Wagon R LXI Minor,2009,220000,120000,1,18.9,1061.0,67.0,5.0,0.0,0.0,1.0,1.0,0.0,1.0,16,Wagon,7500.0,2,0.06314797360980208,1920000,1266.3,0,0,0,1,0,0,0,0,0,0
Maruti Vitara Brezza LDi Option,2017,670000,70000,1,24.3,1248.0,88.5,5.0,1.0,0.0,0.0,1.0,0.0,1.0,8,Vitara,8750.0,2,0.07091346153846154,560000,2150.55,0,0,0,1,0,0,0,0,0,0
Fiat Palio 1.2 ELX,2003,70000,50000,2,19.5,1248.0,81.83,5.0,0.0,0.0,1.0,1.0,0.0,1.0,22,Palio,2272.7272727272725,1,0.06556891025641025,1100000,1595.685,0,0,0,0,0,1,0,0,0,0
Maruti Omni 8 Seater BSIV,2012,150000,35000,2,14.0,796.0,35.0,5.0,0.0,0.0,1.0,1.0,0.0,1.0,13,Omni,2692.3076923076924,1,0.04396984924623116,455000,490.0,0,0,0,1,0,0,0,0,0,0
Hyundai i20 1.2 Asta Dual Tone,2018,730000,2388,1,18.6,1197.0,81.83,5.0,0.0,0.0,1.0,1.0,0.0,1.0,7,i20,341.14285714285717,1,0.06836257309941521,16716,1522.038,0,0,1,0,0,0,0,0,0,0
Maruti Vitara Brezza LDi,2017,650000,16200,1,24.3,1248.0,88.5,5.0,1.0,0.0,0.0,1.0,0.0,1.0,8,Vitara,2025.0,1,0.07091346153846154,129600,2150.55,0,0,0,1,0,0,0,0,0,0
Maruti Alto K10 VXI Airbag,2019,366000,15000,1,23.95,998.0,67.1,5.0,0.0,0.0,1.0,1.0,0.0,1.0,6,Alto,2500.0,1,0.06723446893787574,90000,1607.0449999999998,0,0,0,1,0,0,0,0,0,0
Datsun GO D,2016,150000,42000,1,20.63,1198.0,67.0,5.0,0.0,0.0,1.0,1.0,0.0,1.0,9,GO,4666.666666666667,1,0.055926544240400666,378000,1382.21,0,0,0,0,0,1,0,0,0,0
Honda City i VTEC VX,2018,925000,28900,1,17.8,1497.0,117.3,5.0,0.0,0.0,1.0,0.0,0.0,1.0,7,City,4128.571428571428,1,0.0783567134268537,202300,2087.94,0,1,0,0,0,0,0,0,0,0
Honda City V MT,2013,425000,86300,1,16.8,1497.0,116.3,5.0,0.0,0.0,1.0,0.0,0.0,1.0,12,City,7191.666666666667,2,0.07768871075484302,1035600,1953.8400000000001,0,1,0,0,0,0,0,0,0,0
Maruti Swift Dzire VXi AT,2018,675000,23300,1,18.5,1197.0,83.14,5.0,0.0,0.0,1.0,0.0,0.0,0.0,7,Swift,3328.5714285714284,1,0.06945697577276524,163100,1538.09,0,0,0,1,0,0,0,0,0,0
Maruti Vitara Brezza VDi,2018,819999,32600,1,24.3,1248.0,88.5,5.0,1.0,0.0,0.0,0.0,0.0,1.0,7,Vitara,4657.142857142857,1,0.07091346153846154,228200,2150.55,0,0,0,1,0,0,0,0,0,0
Maruti Alto K10 VXI,2018,390000,10300,1,23.95,998.0,67.05,5.0,0.0,0.0,1.0,0.0,0.0,1.0,7,Alto,1471.4285714285713,1,0.06718436873747495,72100,1605.8474999999999,0,0,0,1,0,0,0,0,0,0
Honda Amaze S Diesel,2015,425000,49800,1,24.7,1498.0,98.63,5.0,1.0,0.0,0.0,0.0,0.0,1.0,10,Amaze,4980.0,1,0.0658411214953271,498000,2436.1609999999996,0,1,0,0,0,0,0,0,0,0
Honda City i DTEC S,2015,600000,54700,1,26.0,1498.0,98.6,5.0,1.0,0.0,0.0,0.0,0.0,1.0,10,City,5470.0,2,0.06582109479305741,547000,2563.6,0,1,0,0,0,0,0,0,0,0
Maruti Ciaz Zeta,2018,850000,64000,1,20.65,1462.0,103.25,5.0,0.0,0.0,1.0,0.0,0.0,1.0,7,Ciaz,9142.857142857143,2,0.07062243502051983,448000,2132.1124999999997,0,0,0,1,0,0,0,0,0,0
Honda Jazz VX Diesel,2015,525000,63000,1,27.3,1498.0,98.6,5.0,1.0,0.0,0.0,0.0,0.0,1.0,10,Jazz,6300.0,2,0.06582109479305741,630000,2691.7799999999997,0,1,0,0,0,0,0,0,0,0
Tata Manza ELAN Quadrajet BS IV,2011,265000,120000,1,21.12,1248.0,88.8,5.0,1.0,0.0,0.0,1.0,0.0,1.0,14,Manza,8571.42857142857,2,0.07115384615384615,1680000,1875.4560000000001,0,0,0,0,0,0,0,1,0,0
Hyundai i10 Magna,2011,190000,110000,3,20.36,1197.0,78.9,5.0,0.0,0.0,1.0,1.0,0.0,1.0,14,i10,7857.142857142857,2,0.06591478696741855,1540000,1606.404,0,0,1,0,0,0,0,0,0,0
Hyundai i20 Asta 1.4 CRDi,2013,425000,60000,1,21.27,1396.0,88.76,5.0,1.0,0.0,0.0,1.0,0.0,1.0,12,i20,5000.0,1,0.06358166189111748,720000,1887.9252000000001,0,0,1,0,0,0,0,0,0,0
Maruti Swift Dzire ZDI,2015,630000,147000,2,26.59,1248.0,74.0,5.0,1.0,0.0,0.0,1.0,0.0,1.0,10,Swift,14700.0,2,0.05929487179487179,1470000,1967.66,0,0,0,1,0,0,0,0,0,0
Ford Figo 1.2P Titanium MT,2017,600000,25000,3,18.16,1196.0,86.8,5.0,0.0,0.0,1.0,1.0,0.0,1.0,8,Figo,3125.0,1,0.0725752508361204,200000,1576.288,1,0,0,0,0,0,0,0,0,0
Maruti Baleno Delta 1.2,2019,650000,30000,1,21.4,1197.0,83.1,5.0,0.0,0.0,1.0,1.0,0.0,1.0,6,Baleno,5000.0,1,0.06942355889724311,180000,1778.3399999999997,0,0,0,1,0,0,0,0,0,0
Volkswagen Ameo 1.5 TDI Highline 16 Alloy,2016,540000,40000,1,22.0,1498.0,108.495,5.0,1.0,0.0,0.0,1.0,0.0,1.0,9,Ameo,4444.444444444444,1,0.07242656875834447,360000,2386.8900000000003,0,0,0,0,0,0,0,0,0,1
Honda City i DTEC VX,2015,630000,135000,1,25.1,1498.0,98.6,5.0,1.0,0.0,0.0,1.0,0.0,1.0,10,City,13500.0,2,0.06582109479305741,1350000,2474.86,0,1,0,0,0,0,0,0,0,0
Maruti Wagon R AMT VXI,2018,448000,30000,1,20.51,998.0,67.0,5.0,0.0,0.0,1.0,1.0,0.0,0.0,7,Wagon,4285.714285714285,1,0.06713426853707415,210000,1374.17,0,0,0,1,0,0,0,0,0,0
Volkswagen Ameo 1.5 TDI Comfortline,2017,500000,80000,1,21.66,1498.0,108.62,5.0,1.0,0.0,0.0,1.0,0.0,1.0,8,Ameo,10000.0,2,0.07251001335113486,640000,2352.7092000000002,0,0,0,0,0,0,0,0,0,1
Maruti Vitara Brezza VDi,2016,745000,70000,1,24.3,1248.0,88.5,5.0,1.0,0.0,0.0,1.0,0.0,1.0,9,Vitara,7777.777777777777,2,0.07091346153846154,630000,2150.55,0,0,0,1,0,0,0,0,0,0
Maruti Vitara Brezza ZDi Plus AMT,2019,1025000,9850,1,24.3,1248.0,88.5,5.0,1.0,0.0,0.0,1.0,0.0,0.0,6,Vitara,1641.6666666666667,1,0.07091346153846154,59100,2150.55,0,0,0,1,0,0,0,0,0,0
Hyundai i10 Magna,2011,235000,60000,2,20.36,1197.0,78.9,5.0,0.0,0.0,1.0,1.0,0.0,1.0,14,i10,4285.714285714285,1,0.06591478696741855,840000,1606.404,0,0,1,0,0,0,0,0,0,0
Maruti Swift VDI Deca,2016,630000,70000,1,25.2,1248.0,74.0,5.0,1.0,0.0,0.0,1.0,0.0,1.0,9,Swift,7777.777777777777,2,0.05929487179487179,630000,1864.8,0,0,0,1,0,0,0,0,0,0
Maruti Swift Star VDI,2013,450000,120000,2,22.9,1248.0,74.0,5.0,1.0,0.0,0.0,1.0,0.0,1.0,12,Swift,10000.0,2,0.05929487179487179,1440000,1694.6,0,0,0,1,0,0,0,0,0,0
Tata Indica DLS,2003,50000,70000,1,19.5,1248.0,81.83,5.0,1.0,0.0,0.0,1.0,0.0,1.0,22,Indica,3181.818181818182,1,0.06556891025641025,1540000,1595.685,0,0,0,0,0,0,0,1,0,0
Volkswagen Vento Diesel Highline,2013,450000,170000,1,20.54,1598.0,103.6,5.0,1.0,0.0,0.0,1.0,0.0,1.0,12,Vento,14166.666666666666,2,0.06483103879849812,2040000,2127.944,0,0,0,0,0,0,0,0,0,1
Ford EcoSport 1.5 TDCi Titanium Plus BSIV,2015,610000,90000,1,22.77,1498.0,98.59,5.0,1.0,0.0,0.0,1.0,0.0,1.0,10,EcoSport,9000.0,2,0.06581441922563418,900000,2244.8943,1,0,0,0,0,0,0,0,0,0
Maruti Celerio ZXI MT BSIV,2017,484999,10000,1,23.1,998.0,67.04,5.0,0.0,0.0,1.0,0.0,0.0,1.0,8,Celerio,1250.0,1,0.06717434869739479,80000,1548.6240000000003,0,0,0,1,0,0,0,0,0,0
Datsun GO A Petrol,2016,275000,49000,1,19.02,1198.0,67.05,5.0,0.0,0.0,1.0,0.0,0.0,1.0,9,GO,5444.444444444444,2,0.05596828046744574,441000,1275.291,0,0,0,0,0,1,0,0,0,0
Maruti Alto 800 VXI BSIV,2016,315000,32000,1,24.7,796.0,47.3,5.0,0.0,0.0,1.0,0.0,0.0,1.0,9,Alto,3555.5555555555557,1,0.059422110552763814,288000,1168.31,0,0,0,1,0,0,0,0,0,0
Maruti Alto 800 LXI BSIV,2016,275000,38000,1,24.7,796.0,47.3,5.0,0.0,0.0,1.0,0.0,0.0,1.0,9,Alto,4222.222222222223,1,0.059422110552763814,342000,1168.31,0,0,0,1,0,0,0,0,0,0
Maruti Swift VDI BSIV W ABS,2015,475000,78000,1,19.5,1248.0,81.83,5.0,1.0,0.0,0.0,0.0,0.0,1.0,10,Swift,7800.0,2,0.06556891025641025,780000,1595.685,0,0,0,1,0,0,0,0,0,0
Hyundai i10 Era 1.1,2012,290000,28000,1,19.81,1086.0,68.05,5.0,0.0,0.0,1.0,0.0,0.0,1.0,13,i10,2153.846153846154,1,0.06266114180478821,364000,1348.0704999999998,0,0,1,0,0,0,0,0,0,0
Maruti Omni 8 Seater BSIV,2017,280000,32000,1,14.0,796.0,35.0,5.0,0.0,0.0,1.0,0.0,0.0,1.0,8,Omni,4000.0,1,0.04396984924623116,256000,490.0,0,0,0,1,0,0,0,0,0,0
Volkswagen Polo 1.2 MPI Comfortline,2015,455000,42000,1,16.47,1198.0,74.0,5.0,0.0,0.0,1.0,0.0,0.0,1.0,10,Polo,4200.0,1,0.06176961602671119,420000,1218.78,0,0,0,0,0,0,0,0,0,1
Hyundai i10 Magna 1.1L,2015,351000,45000,2,19.81,1086.0,68.05,5.0,0.0,0.0,1.0,0.0,0.0,1.0,10,i10,4500.0,1,0.06266114180478821,450000,1348.0704999999998,0,0,1,0,0,0,0,0,0,0
Volkswagen Vento Petrol Highline,2012,535000,12000,2,15.04,1598.0,103.6,5.0,0.0,0.0,1.0,0.0,0.0,1.0,13,Vento,923.0769230769231,1,0.06483103879849812,156000,1558.1439999999998,0,0,0,0,0,0,0,0,0,1
Maruti Zen Estilo LXI BSIII,2009,175000,55500,1,18.2,998.0,67.1,5.0,0.0,0.0,1.0,0.0,0.0,1.0,16,Zen,3468.75,1,0.06723446893787574,888000,1221.2199999999998,0,0,0,1,0,0,0,0,0,0
Hyundai i20 Asta Optional with Sunroof 1.2,2013,525000,61500,1,18.5,1197.0,82.85,5.0,0.0,0.0,1.0,0.0,0.0,1.0,12,i20,5125.0,2,0.06921470342522974,738000,1532.725,0,0,1,0,0,0,0,0,0,0
Maruti Swift Dzire LDI,2016,600000,150000,1,26.59,1248.0,74.0,5.0,1.0,0.0,0.0,1.0,0.0,1.0,9,Swift,16666.666666666668,3,0.05929487179487179,1350000,1967.66,0,0,0,1,0,0,0,0,0,0
Hyundai Xcent 1.2 Kappa SX Option AT,2016,565000,72000,1,19.1,1197.0,82.0,5.0,0.0,0.0,1.0,0.0,0.0,0.0,9,Xcent,8000.0,2,0.06850459482038429,648000,1566.2,0,0,1,0,0,0,0,0,0,0
Maruti Alto LX BSIII,2008,120000,68000,3,19.7,796.0,46.3,5.0,0.0,0.0,1.0,0.0,0.0,1.0,17,Alto,4000.0,1,0.05816582914572864,1156000,912.1099999999999,0,0,0,1,0,0,0,0,0,0
Hyundai i20 1.4 Asta Option,2017,725000,110000,1,22.54,1396.0,88.73,5.0,1.0,0.0,0.0,1.0,0.0,1.0,8,i20,13750.0,2,0.06356017191977077,880000,1999.9742,0,0,1,0,0,0,0,0,0,0
Maruti Wagon R VXI,2009,185000,77000,2,21.79,998.0,67.05,5.0,0.0,0.0,1.0,0.0,0.0,1.0,16,Wagon,4812.5,1,0.06718436873747495,1232000,1461.0194999999999,0,0,0,1,0,0,0,0,0,0
Tata Manza Aura (ABS) Quadrajet,2010,200000,100000,2,18.8,1248.0,90.0,5.0,1.0,0.0,0.0,1.0,0.0,1.0,15,Manza,6666.666666666667,2,0.07211538461538461,1500000,1692.0,0,0,0,0,0,0,0,1,0,0
Maruti Swift VXI,2019,615000,10000,1,21.21,1197.0,81.8,5.0,0.0,0.0,1.0,1.0,0.0,1.0,6,Swift,1666.6666666666667,1,0.0683375104427736,60000,1734.978,0,0,0,1,0,0,0,0,0,0
Maruti Baleno Zeta 1.2,2018,610000,35000,1,21.4,1197.0,83.1,5.0,0.0,0.0,1.0,1.0,0.0,1.0,7,Baleno,5000.0,1,0.06942355889724311,245000,1778.3399999999997,0,0,0,1,0,0,0,0,0,0
Ford Freestyle Titanium Petrol BSIV,2020,400000,5000,2,19.0,1194.0,94.68,5.0,0.0,0.0,1.0,1.0,0.0,1.0,5,Freestyle,1000.0,1,0.0792964824120603,25000,1798.92,1,0,0,0,0,0,0,0,0,0
Tata Indica Vista Aura 1.2 Safire (ABS) BS IV,2010,300000,48000,1,15.8,1172.0,65.0,5.0,0.0,0.0,1.0,1.0,0.0,1.0,15,Indica,3200.0,1,0.05546075085324232,720000,1027.0,0,0,0,0,0,0,0,1,0,0
Tata Indigo CS LS (TDI) BS-III,2016,375000,100000,1,19.09,1405.0,69.01,5.0,1.0,0.0,0.0,1.0,0.0,1.0,9,Indigo,11111.111111111111,2,0.04911743772241993,900000,1317.4009,0,0,0,0,0,0,0,1,0,0
Hyundai i20 Magna 1.4 CRDi (Diesel),2013,451999,69000,1,21.9,1396.0,88.76,5.0,1.0,0.0,0.0,1.0,0.0,1.0,12,i20,5750.0,2,0.06358166189111748,828000,1943.844,0,0,1,0,0,0,0,0,0,0
Maruti Celerio VXI,2020,475000,13000,1,21.63,998.0,67.04,5.0,0.0,0.0,1.0,1.0,0.0,1.0,5,Celerio,2600.0,1,0.06717434869739479,65000,1450.0752,0,0,0,1,0,0,0,0,0,0
Maruti Vitara Brezza ZDi Plus Dual Tone,2016,780000,60000,1,24.3,1248.0,88.5,5.0,1.0,0.0,0.0,1.0,0.0,1.0,9,Vitara,6666.666666666667,2,0.07091346153846154,540000,2150.55,0,0,0,1,0,0,0,0,0,0
Maruti Swift Dzire VXI,2017,595000,40000,1,20.85,1197.0,83.14,5.0,0.0,0.0,1.0,1.0,0.0,1.0,8,Swift,5000.0,1,0.06945697577276524,320000,1733.469,0,0,0,1,0,0,0,0,0,0
Maruti Wagon R VXI BS IV,2017,440000,35000,1,20.51,998.0,67.04,5.0,0.0,0.0,1.0,1.0,0.0,1.0,8,Wagon,4375.0,1,0.06717434869739479,280000,1374.9904000000001,0,0,0,1,0,0,0,0,0,0
Maruti Swift VDI BSIV,2010,300000,120000,2,19.5,1248.0,81.83,5.0,1.0,0.0,0.0,1.0,0.0,1.0,15,Swift,8000.0,2,0.06556891025641025,1800000,1595.685,0,0,0,1,0,0,0,0,0,0
Nissan Terrano XL 85 PS,2014,400000,70000,3,20.45,1461.0,83.8,5.0,1.0,0.0,0.0,1.0,0.0,1.0,11,Terrano,6363.636363636364,2,0.05735797399041752,770000,1713.7099999999998,0,0,0,0,1,0,0,0,0,0
Ford EcoSport 1.5 Diesel Titanium Plus BSIV,2017,850000,76139,1,23.0,1498.0,98.96,5.0,1.0,0.0,0.0,1.0,0.0,1.0,8,EcoSport,9517.375,2,0.06606141522029373,609112,2276.08,1,0,0,0,0,0,0,0,0,0
Maruti Swift Dzire VDi,2012,370000,175000,4,19.3,1248.0,73.9,5.0,1.0,0.0,0.0,1.0,0.0,1.0,13,Swift,13461.538461538461,2,0.059214743589743594,2275000,1426.2700000000002,0,0,0,1,0,0,0,0,0,0
Renault KWID 1.0,2018,350000,25000,1,23.01,999.0,67.0,5.0,0.0,0.0,1.0,1.0,0.0,1.0,7,KWID,3571.4285714285716,1,0.06706706706706707,175000,1541.67,0,0,0,0,0,0,1,0,0,0
Maruti Celerio VXI,2015,360000,40000,2,23.1,998.0,67.04,5.0,0.0,0.0,1.0,1.0,0.0,1.0,10,Celerio,4000.0,1,0.06717434869739479,400000,1548.6240000000003,0,0,0,1,0,0,0,0,0,0
Maruti Alto LXi,2008,105000,65000,4,19.7,796.0,46.3,5.0,0.0,0.0,1.0,1.0,0.0,1.0,17,Alto,3823.529411764706,1,0.05816582914572864,1105000,912.1099999999999,0,0,0,1,0,0,0,0,0,0
Hyundai Santro Xing GLS,2009,135000,80000,2,17.92,1086.0,62.1,5.0,0.0,0.0,1.0,1.0,0.0,1.0,16,Santro,5000.0,1,0.057182320441988954,1280000,1112.832,0,0,1,0,0,0,0,0,0,0
Honda Amaze S i-VTEC,2019,690000,1303,1,17.8,1198.0,86.7,5.0,0.0,0.0,1.0,0.0,0.0,1.0,6,Amaze,217.16666666666666,1,0.07237061769616027,7818,1543.2600000000002,0,1,0,0,0,0,0,0,0,0
Honda City i-VTEC CVT VX,2017,795000,41000,1,18.0,1497.0,117.6,5.0,0.0,0.0,1.0,0.0,0.0,0.0,8,City,5125.0,2,0.0785571142284569,328000,2116.7999999999997,0,1,0,0,0,0,0,0,0,0
Maruti Ciaz ZDi,2015,535000,40000,1,26.21,1248.0,88.5,5.0,1.0,0.0,0.0,0.0,0.0,1.0,10,Ciaz,4000.0,1,0.07091346153846154,400000,2319.585,0,0,0,1,0,0,0,0,0,0
Tata Nexon 1.2 Revotron XZ Plus Dual Tone,2018,811000,11000,1,17.0,1198.0,108.5,5.0,0.0,0.0,1.0,0.0,0.0,1.0,7,Nexon,1571.4285714285713,1,0.09056761268781302,77000,1844.5,0,0,0,0,0,0,0,1,0,0
Volkswagen Vento Petrol Highline,2011,375000,49000,1,15.04,1598.0,103.6,5.0,0.0,0.0,1.0,1.0,0.0,1.0,14,Vento,3500.0,1,0.06483103879849812,686000,1558.1439999999998,0,0,0,0,0,0,0,0,0,1
Skoda Rapid 1.6 MPI AT Elegance,2016,645000,11000,1,14.3,1598.0,103.5,5.0,0.0,0.0,1.0,0.0,0.0,0.0,9,Rapid,1222.2222222222222,1,0.06476846057571965,99000,1480.0500000000002,0,0,0,0,0,1,0,0,0,0
Honda City V AT,2017,875000,18000,1,15.6,1497.0,116.3,5.0,0.0,0.0,1.0,0.0,0.0,0.0,8,City,2250.0,1,0.07768871075484302,144000,1814.28,0,1,0,0,0,0,0,0,0,0
Toyota Glanza V CVT,2019,894999,9654,1,19.56,1197.0,81.8,5.0,0.0,0.0,1.0,0.0,0.0,0.0,6,Glanza,1609.0,1,0.0683375104427736,57924,1600.0079999999998,0,0,0,0,0,0,0,0,1,0
Maruti Alto K10 VXI,2011,175000,11000,1,23.95,998.0,67.05,5.0,0.0,0.0,1.0,0.0,0.0,1.0,14,Alto,785.7142857142857,1,0.06718436873747495,154000,1605.8474999999999,0,0,0,1,0,0,0,0,0,0
Maruti Swift VXI,2012,340000,24300,1,21.21,1197.0,81.8,5.0,0.0,0.0,1.0,0.0,0.0,1.0,13,Swift,1869.2307692307693,1,0.0683375104427736,315900,1734.978,0,0,0,1,0,0,0,0,0,0
Tata Nexon 1.5 Revotorq XZA Plus DualTone,2018,1025000,8000,1,21.5,1497.0,108.5,5.0,1.0,0.0,0.0,0.0,0.0,0.0,7,Nexon,1142.857142857143,1,0.07247828991315965,56000,2332.75,0,0,0,0,0,0,0,1,0,0
Volkswagen Vento Diesel Highline,2011,300000,100000,2,20.54,1598.0,103.6,5.0,1.0,0.0,0.0,1.0,0.0,1.0,14,Vento,7142.857142857143,2,0.06483103879849812,1400000,2127.944,0,0,0,0,0,0,0,0,0,1
Ford Figo Aspire 1.2 Ti-VCT Trend,2018,575000,9500,1,18.16,1196.0,86.8,5.0,0.0,0.0,1.0,1.0,0.0,1.0,7,Figo,1357.142857142857,1,0.0725752508361204,66500,1576.288,1,0,0,0,0,0,0,0,0,0
Ford Figo Diesel LXI,2011,160000,120000,1,20.0,1399.0,68.0,5.0,1.0,0.0,0.0,1.0,0.0,1.0,14,Figo,8571.42857142857,2,0.04860614724803431,1680000,1360.0,1,0,0,0,0,0,0,0,0,0
Maruti Swift VXI Optional,2015,515000,36600,1,20.4,1197.0,81.8,5.0,0.0,0.0,1.0,1.0,0.0,1.0,10,Swift,3660.0,1,0.0683375104427736,366000,1668.7199999999998,0,0,0,1,0,0,0,0,0,0
Maruti Wagon R AMT VXI,2015,390000,50000,2,20.51,998.0,67.0,5.0,0.0,0.0,1.0,1.0,0.0,0.0,10,Wagon,5000.0,1,0.06713426853707415,500000,1374.17,0,0,0,1,0,0,0,0,0,0
Hyundai i20 Magna 1.2,2016,550000,14000,2,18.6,1197.0,81.83,5.0,0.0,0.0,1.0,1.0,0.0,1.0,9,i20,1555.5555555555557,1,0.06836257309941521,126000,1522.038,0,0,1,0,0,0,0,0,0,0
Maruti Ritz VDi,2010,220000,120000,1,21.1,1248.0,73.9,5.0,1.0,0.0,0.0,1.0,0.0,1.0,15,Ritz,8000.0,2,0.059214743589743594,1800000,1559.2900000000002,0,0,0,1,0,0,0,0,0,0
Hyundai Grand i10 Magna,2015,425000,70000,1,18.9,1197.0,82.0,5.0,0.0,0.0,1.0,1.0,0.0,1.0,10,Grand,7000.0,2,0.06850459482038429,700000,1549.8,0,0,1,0,0,0,0,0,0,0
Volkswagen Ameo 1.0 MPI Trendline,2019,480000,13000,1,19.44,999.0,75.0,5.0,0.0,0.0,1.0,1.0,0.0,1.0,6,Ameo,2166.6666666666665,1,0.07507507507507508,78000,1458.0,0,0,0,0,0,0,0,0,0,1
Hyundai Grand i10 Sportz,2014,400000,60000,2,18.9,1197.0,82.0,5.0,0.0,0.0,1.0,1.0,0.0,1.0,11,Grand,5454.545454545455,2,0.06850459482038429,660000,1549.8,0,0,1,0,0,0,0,0,0,0
Maruti Swift Dzire VXI,2014,487000,35000,1,19.1,1197.0,85.8,5.0,0.0,0.0,1.0,1.0,0.0,1.0,11,Swift,3181.818181818182,1,0.07167919799498747,385000,1638.78,0,0,0,1,0,0,0,0,0,0
Hyundai Xcent 1.2 Kappa S,2016,386000,44000,2,19.1,1197.0,82.0,5.0,0.0,0.0,1.0,1.0,0.0,1.0,9,Xcent,4888.888888888889,1,0.06850459482038429,396000,1566.2,0,0,1,0,0,0,0,0,0,0
Honda City 1.5 EXI,2005,100000,120000,2,13.0,1493.0,100.0,5.0,0.0,0.0,1.0,1.0,0.0,1.0,20,City,6000.0,2,0.06697923643670463,2400000,1300.0,0,1,0,0,0,0,0,0,0,0
Toyota Corolla Altis Diesel D4DG,2010,300000,60000,1,21.43,1364.0,87.2,5.0,1.0,0.0,0.0,1.0,0.0,1.0,15,Corolla,4000.0,1,0.06392961876832845,900000,1868.6960000000001,0,0,0,0,0,0,0,0,1,0
Tata Zest Quadrajet 1.3 75PS XM,2017,490000,90000,1,22.95,1248.0,74.0,5.0,1.0,0.0,0.0,1.0,0.0,1.0,8,Zest,11250.0,2,0.05929487179487179,720000,1698.3,0,0,0,0,0,0,0,1,0,0
Honda City 1.5 S MT,2009,345000,47000,2,17.0,1497.0,118.0,5.0,0.0,0.0,1.0,1.0,0.0,1.0,16,City,2937.5,1,0.0788243152972612,752000,2006.0,0,1,0,0,0,0,0,0,0,0
Maruti Zen LXI,2005,85000,90000,1,17.3,993.0,60.0,5.0,0.0,0.0,1.0,1.0,0.0,1.0,20,Zen,4500.0,1,0.06042296072507553,1800000,1038.0,0,0,0,1,0,0,0,0,0,0
Maruti Wagon R VXI BS IV with ABS,2010,215000,120600,2,18.9,998.0,67.1,5.0,0.0,0.0,1.0,1.0,0.0,1.0,15,Wagon,8040.0,2,0.06723446893787574,1809000,1268.1899999999998,0,0,0,1,0,0,0,0,0,0
Hyundai Verna Transform SX VTVT,2010,320000,100000,3,16.2,1599.0,103.2,5.0,0.0,0.0,1.0,1.0,0.0,1.0,15,Verna,6666.666666666667,2,0.06454033771106941,1500000,1671.84,0,0,1,0,0,0,0,0,0,0
Maruti Swift Dzire VXI,2016,459999,60000,2,20.85,1197.0,83.14,5.0,0.0,0.0,1.0,1.0,0.0,1.0,9,Swift,6666.666666666667,2,0.06945697577276524,540000,1733.469,0,0,0,1,0,0,0,0,0,0
Hyundai Getz GLS,2005,65000,86000,1,15.3,1341.0,83.0,5.0,0.0,0.0,1.0,1.0,0.0,1.0,20,Getz,4300.0,1,0.061894108873974646,1720000,1269.9,0,0,1,0,0,0,0,0,0,0
Hyundai Elite i20 Sportz Plus BSIV,2020,720000,5000,1,18.6,1197.0,81.86,5.0,0.0,0.0,1.0,1.0,0.0,1.0,5,Elite,1000.0,1,0.0683876357560568,25000,1522.596,0,0,1,0,0,0,0,0,0,0
Maruti Ciaz 1.3 Alpha,2017,800000,37000,1,28.09,1248.0,88.5,5.0,1.0,0.0,0.0,1.0,0.0,1.0,8,Ciaz,4625.0,1,0.07091346153846154,296000,2485.965,0,0,0,1,0,0,0,0,0,0
Tata Tigor 1.2 Revotron XZ,2019,520000,14000,1,20.3,1199.0,84.0,5.0,0.0,0.0,1.0,1.0,0.0,1.0,6,Tigor,2333.3333333333335,1,0.07005838198498748,84000,1705.2,0,0,0,0,0,0,0,1,0,0
Toyota Etios GD,2012,235000,120000,1,19.5,1248.0,81.83,5.0,1.0,0.0,0.0,1.0,0.0,1.0,13,Etios,9230.76923076923,2,0.06556891025641025,1560000,1595.685,0,0,0,0,0,0,0,0,1,0
Honda City i VTEC S,2015,600000,50000,1,17.4,1497.0,117.3,5.0,0.0,0.0,1.0,1.0,0.0,1.0,10,City,5000.0,1,0.0783567134268537,500000,2041.0199999999998,0,1,0,0,0,0,0,0,0,0
Honda Brio S MT,2014,290000,60000,2,19.4,1198.0,86.8,5.0,0.0,0.0,1.0,1.0,0.0,1.0,11,Brio,5454.545454545455,2,0.07245409015025041,660000,1683.9199999999998,0,1,0,0,0,0,0,0,0,0
Maruti Swift Dzire VXI,2017,550000,50000,1,20.85,1197.0,83.14,5.0,0.0,0.0,1.0,1.0,0.0,1.0,8,Swift,6250.0,2,0.06945697577276524,400000,1733.469,0,0,0,1,0,0,0,0,0,0
Hyundai i20 Sportz 1.2,2013,375000,70000,1,18.5,1197.0,82.85,5.0,0.0,0.0,1.0,1.0,0.0,1.0,12,i20,5833.333333333333,2,0.06921470342522974,840000,1532.725,0,0,1,0,0,0,0,0,0,0
Maruti Omni E 8 Str STD,2003,40000,90000,2,19.5,1248.0,81.83,5.0,0.0,0.0,1.0,1.0,0.0,1.0,22,Omni,4090.909090909091,1,0.06556891025641025,1980000,1595.685,0,0,0,1,0,0,0,0,0,0
Maruti Wagon R AMT VXI,2018,420000,35000,1,20.51,998.0,67.0,5.0,0.0,0.0,1.0,1.0,0.0,0.0,7,Wagon,5000.0,1,0.06713426853707415,245000,1374.17,0,0,0,1,0,0,0,0,0,0
Maruti Swift Dzire VXI 1.2,2017,550000,20000,1,21.21,1197.0,81.8,5.0,0.0,0.0,1.0,1.0,0.0,1.0,8,Swift,2500.0,1,0.0683375104427736,160000,1734.978,0,0,0,1,0,0,0,0,0,0
Maruti Alto 800 LXI,2018,270000,20000,1,24.7,796.0,47.3,5.0,0.0,0.0,1.0,1.0,0.0,1.0,7,Alto,2857.1428571428573,1,0.059422110552763814,140000,1168.31,0,0,0,1,0,0,0,0,0,0
Maruti Swift Dzire AMT VXI BS IV,2018,700000,7800,1,22.0,1197.0,81.8,5.0,0.0,0.0,1.0,1.0,0.0,0.0,7,Swift,1114.2857142857142,1,0.0683375104427736,54600,1799.6,0,0,0,1,0,0,0,0,0,0
Maruti Swift VXI Optional,2017,500000,20000,1,20.4,1197.0,81.8,5.0,0.0,0.0,1.0,1.0,0.0,1.0,8,Swift,2500.0,1,0.0683375104427736,160000,1668.7199999999998,0,0,0,1,0,0,0,0,0,0
Hyundai i20 Magna,2013,320000,31377,2,18.5,1197.0,82.85,5.0,0.0,0.0,1.0,1.0,0.0,1.0,12,i20,2614.75,1,0.06921470342522974,376524,1532.725,0,0,1,0,0,0,0,0,0,0
Maruti Swift Dzire VDI,2018,700000,50000,1,28.4,1248.0,74.02,5.0,1.0,0.0,0.0,1.0,0.0,1.0,7,Swift,7142.857142857143,2,0.05931089743589743,350000,2102.1679999999997,0,0,0,1,0,0,0,0,0,0
Maruti Wagon R VXI BS IV,2015,290000,60000,1,20.51,998.0,67.04,5.0,0.0,0.0,1.0,1.0,0.0,1.0,10,Wagon,6000.0,2,0.06717434869739479,600000,1374.9904000000001,0,0,0,1,0,0,0,0,0,0
Honda Brio S MT,2012,265000,60000,1,19.4,1198.0,86.8,5.0,0.0,0.0,1.0,1.0,0.0,1.0,13,Brio,4615.384615384615,1,0.07245409015025041,780000,1683.9199999999998,0,1,0,0,0,0,0,0,0,0
Maruti Baleno Alpha Automatic,2018,830000,5000,1,21.4,1197.0,83.1,5.0,0.0,0.0,1.0,1.0,0.0,0.0,7,Baleno,714.2857142857143,1,0.06942355889724311,35000,1778.3399999999997,0,0,0,1,0,0,0,0,0,0
Maruti Alto LXi,2011,160000,25000,2,19.7,796.0,46.3,5.0,0.0,0.0,1.0,1.0,0.0,1.0,14,Alto,1785.7142857142858,1,0.05816582914572864,350000,912.1099999999999,0,0,0,1,0,0,0,0,0,0
Renault KWID RXT,2018,335000,30000,1,25.17,799.0,53.3,5.0,0.0,0.0,1.0,1.0,0.0,1.0,7,KWID,4285.714285714285,1,0.06670838548185232,210000,1341.561,0,0,0,0,0,0,1,0,0,0
Datsun GO T BSIV,2017,329000,80000,2,20.63,1198.0,67.0,5.0,0.0,0.0,1.0,1.0,0.0,1.0,8,GO,10000.0,2,0.055926544240400666,640000,1382.21,0,0,0,0,0,1,0,0,0,0
Maruti Vitara Brezza VDi Option,2017,775000,75000,1,24.3,1248.0,88.5,5.0,1.0,0.0,0.0,1.0,0.0,1.0,8,Vitara,9375.0,2,0.07091346153846154,600000,2150.55,0,0,0,1,0,0,0,0,0,0
Hyundai Xcent 1.2 VTVT SX,2020,524000,32000,1,20.14,1197.0,81.86,5.0,0.0,0.0,1.0,1.0,0.0,1.0,5,Xcent,6400.0,2,0.0683876357560568,160000,1648.6604,0,0,1,0,0,0,0,0,0,0
Maruti Alto 800 LXI,2015,245000,40000,1,22.74,796.0,47.3,5.0,0.0,0.0,1.0,1.0,0.0,1.0,10,Alto,4000.0,1,0.059422110552763814,400000,1075.6019999999999,0,0,0,1,0,0,0,0,0,0
Hyundai i20 1.2 Sportz,2012,275000,93000,2,17.0,1197.0,80.0,5.0,0.0,0.0,1.0,1.0,0.0,1.0,13,i20,7153.846153846154,2,0.06683375104427736,1209000,1360.0,0,0,1,0,0,0,0,0,0,0
Tata Zest Revotron 1.2 XT,2018,520000,60000,1,17.57,1193.0,88.7,5.0,0.0,0.0,1.0,1.0,0.0,1.0,7,Zest,8571.42857142857,2,0.07435037720033529,420000,1558.459,0,0,0,0,0,0,0,1,0,0
Maruti Swift 1.3 VXi,2008,130000,120000,2,19.5,1248.0,81.83,5.0,0.0,0.0,1.0,1.0,0.0,1.0,17,Swift,7058.823529411765,2,0.06556891025641025,2040000,1595.685,0,0,0,1,0,0,0,0,0,0
Nissan Sunny XL,2014,550000,37000,1,16.95,1498.0,97.7,5.0,0.0,0.0,1.0,1.0,0.0,1.0,11,Sunny,3363.6363636363635,1,0.06522029372496663,407000,1656.0149999999999,0,0,0,0,1,0,0,0,0,0
Nissan Micra Active XV S,2015,300000,80000,1,19.49,1198.0,67.04,5.0,0.0,0.0,1.0,1.0,0.0,1.0,10,Micra,8000.0,2,0.05595993322203673,800000,1306.6096,0,0,0,0,1,0,0,0,0,0
Maruti Wagon R LXI Optional,2016,350000,140000,1,20.51,998.0,67.04,5.0,0.0,0.0,1.0,1.0,0.0,1.0,9,Wagon,15555.555555555555,3,0.06717434869739479,1260000,1374.9904000000001,0,0,0,1,0,0,0,0,0,0
Maruti Ritz LDi,2010,250000,110000,2,21.1,1248.0,73.9,5.0,1.0,0.0,0.0,1.0,0.0,1.0,15,Ritz,7333.333333333333,2,0.059214743589743594,1650000,1559.2900000000002,0,0,0,1,0,0,0,0,0,0
Renault KWID RXT,2016,270000,44000,1,25.17,799.0,53.3,5.0,0.0,0.0,1.0,1.0,0.0,1.0,9,KWID,4888.888888888889,1,0.06670838548185232,396000,1341.561,0,0,0,0,0,0,1,0,0,0
Maruti Eeco 5 Seater AC BSIV,2017,409999,13500,1,15.37,1196.0,73.0,5.0,0.0,0.0,1.0,1.0,0.0,1.0,8,Eeco,1687.5,1,0.061036789297658864,108000,1122.01,0,0,0,1,0,0,0,0,0,0
Hyundai Santro Xing GLS,2011,165000,75000,1,17.92,1086.0,62.1,5.0,0.0,0.0,1.0,1.0,0.0,1.0,14,Santro,5357.142857142857,2,0.057182320441988954,1050000,1112.832,0,0,1,0,0,0,0,0,0,0
Hyundai Accent GLE,2007,80000,120000,2,13.2,1495.0,94.0,5.0,0.0,0.0,1.0,1.0,0.0,1.0,18,Accent,6666.666666666667,2,0.06287625418060201,2160000,1240.8,0,0,1,0,0,0,0,0,0,0
Maruti Swift Dzire VDI,2013,550000,70000,1,23.4,1248.0,74.0,5.0,1.0,0.0,0.0,1.0,0.0,1.0,12,Swift,5833.333333333333,2,0.05929487179487179,840000,1731.6,0,0,0,1,0,0,0,0,0,0
Honda Amaze S CVT Petrol BSIV,2019,680000,15000,1,19.0,1199.0,88.76,5.0,0.0,0.0,1.0,1.0,0.0,0.0,6,Amaze,2500.0,1,0.07402835696413679,90000,1686.44,0,1,0,0,0,0,0,0,0,0
Hyundai i10 Sportz 1.2,2009,200000,53000,2,20.36,1197.0,78.9,5.0,0.0,0.0,1.0,1.0,0.0,1.0,16,i10,3312.5,1,0.06591478696741855,848000,1606.404,0,0,1,0,0,0,0,0,0,0
Maruti Swift Dzire VDI,2014,500000,120000,2,23.4,1248.0,74.0,5.0,1.0,0.0,0.0,1.0,0.0,1.0,11,Swift,10909.09090909091,2,0.05929487179487179,1320000,1731.6,0,0,0,1,0,0,0,0,0,0
Hyundai Getz 1.3 GVS,2008,110000,120000,2,14.2,1341.0,82.9,5.0,0.0,0.0,1.0,1.0,0.0,1.0,17,Getz,7058.823529411765,2,0.06181953765846384,2040000,1177.18,0,0,1,0,0,0,0,0,0,0
Hyundai i20 1.2 Magna,2012,320000,100000,2,18.5,1197.0,80.0,5.0,0.0,0.0,1.0,1.0,0.0,1.0,13,i20,7692.307692307692,2,0.06683375104427736,1300000,1480.0,0,0,1,0,0,0,0,0,0,0
Tata Indica DLS,2005,75000,110000,2,19.5,1248.0,81.83,5.0,1.0,0.0,0.0,1.0,0.0,1.0,20,Indica,5500.0,2,0.06556891025641025,2200000,1595.685,0,0,0,0,0,0,0,1,0,0
Maruti Swift LXI Optional-O,2015,350000,100000,1,20.4,1197.0,83.11,5.0,0.0,0.0,1.0,1.0,0.0,1.0,10,Swift,10000.0,2,0.06943191311612364,1000000,1695.444,0,0,0,1,0,0,0,0,0,0
Tata Indica Vista TDI LS,2013,170000,162500,1,19.4,1405.0,70.0,5.0,1.0,0.0,0.0,1.0,0.0,1.0,12,Indica,13541.666666666666,2,0.0498220640569395,1950000,1358.0,0,0,0,0,0,0,0,1,0,0
Hyundai i20 2015-2017 Asta 1.4 CRDi,2017,800000,39000,1,22.54,1396.0,88.73,5.0,1.0,0.0,0.0,1.0,0.0,1.0,8,i20,4875.0,1,0.06356017191977077,312000,1999.9742,0,0,1,0,0,0,0,0,0,0
Maruti Ignis 1.3 Alpha,2017,500000,75000,1,26.8,1248.0,74.0,5.0,1.0,0.0,0.0,1.0,0.0,1.0,8,Ignis,9375.0,2,0.05929487179487179,600000,1983.2,0,0,0,1,0,0,0,0,0,0
Maruti Swift Dzire VDI,2012,360000,158000,1,23.4,1248.0,74.0,5.0,1.0,0.0,0.0,1.0,0.0,1.0,13,Swift,12153.846153846154,2,0.05929487179487179,2054000,1731.6,0,0,0,1,0,0,0,0,0,0
Maruti Swift Dzire LDi,2012,310000,120000,1,19.3,1248.0,73.9,5.0,1.0,0.0,0.0,1.0,0.0,1.0,13,Swift,9230.76923076923,2,0.059214743589743594,1560000,1426.2700000000002,0,0,0,1,0,0,0,0,0,0
Honda City i DTEC V,2015,725000,50000,2,26.0,1498.0,98.6,5.0,1.0,0.0,0.0,1.0,0.0,1.0,10,City,5000.0,1,0.06582109479305741,500000,2563.6,0,1,0,0,0,0,0,0,0,0
Maruti Swift Dzire ZDi,2012,340000,110000,1,19.3,1248.0,73.9,5.0,1.0,0.0,0.0,1.0,0.0,1.0,13,Swift,8461.538461538461,2,0.059214743589743594,1430000,1426.2700000000002,0,0,0,1,0,0,0,0,0,0
Hyundai Xcent 1.2 CRDi E,2017,550000,2000,2,25.4,1186.0,73.97,5.0,1.0,0.0,0.0,1.0,0.0,1.0,8,Xcent,250.0,1,0.062369308600337264,16000,1878.838,0,0,1,0,0,0,0,0,0,0
Tata Tiago 1.05 Revotorq XZ,2016,380000,70000,1,27.28,1047.0,69.0,5.0,1.0,0.0,0.0,1.0,0.0,1.0,9,Tiago,7777.777777777777,2,0.0659025787965616,630000,1882.3200000000002,0,0,0,0,0,0,0,1,0,0
Nissan Sunny XL AT Special Edition,2013,350000,90000,2,17.97,1498.0,99.6,5.0,0.0,0.0,1.0,1.0,0.0,0.0,12,Sunny,7500.0,2,0.0664886515353805,1080000,1789.812,0,0,0,0,1,0,0,0,0,0
Hyundai Elite i20 Magna Plus BSIV,2019,610000,2000,1,18.6,1197.0,81.86,5.0,0.0,0.0,1.0,1.0,0.0,1.0,6,Elite,333.3333333333333,1,0.0683876357560568,12000,1522.596,0,0,1,0,0,0,0,0,0,0
Maruti Swift Dzire VXI,2015,525000,20000,1,20.85,1197.0,83.14,5.0,0.0,0.0,1.0,1.0,0.0,1.0,10,Swift,2000.0,1,0.06945697577276524,200000,1733.469,0,0,0,1,0,0,0,0,0,0
Maruti Swift 1.2 DLX (Only Delhi),2014,375000,80000,1,20.4,1197.0,81.8,5.0,0.0,0.0,1.0,1.0,0.0,1.0,11,Swift,7272.727272727273,2,0.0683375104427736,880000,1668.7199999999998,0,0,0,1,0,0,0,0,0,0
Datsun GO D Petrol,2019,300000,40000,1,19.02,1198.0,67.05,5.0,0.0,0.0,1.0,1.0,0.0,1.0,6,GO,6666.666666666667,2,0.05596828046744574,240000,1275.291,0,0,0,0,0,1,0,0,0,0
Hyundai i20 Asta 1.4 CRDi,2015,500000,70000,4,22.54,1396.0,88.73,5.0,1.0,0.0,0.0,1.0,0.0,1.0,10,i20,7000.0,2,0.06356017191977077,700000,1999.9742,0,0,1,0,0,0,0,0,0,0
Tata Tiago Wizz 1.05 Revotorq,2017,350000,120000,1,27.28,1047.0,69.0,5.0,1.0,0.0,0.0,1.0,0.0,1.0,8,Tiago,15000.0,2,0.0659025787965616,960000,1882.3200000000002,0,0,0,0,0,0,0,1,0,0
Tata Zest Revotron 1.2 XT,2015,380000,40000,1,17.57,1193.0,88.7,5.0,0.0,0.0,1.0,1.0,0.0,1.0,10,Zest,4000.0,1,0.07435037720033529,400000,1558.459,0,0,0,0,0,0,0,1,0,0
Hyundai Accent GLE,2008,114999,95200,3,13.2,1495.0,94.0,5.0,0.0,0.0,1.0,1.0,0.0,1.0,17,Accent,5600.0,2,0.06287625418060201,1618400,1240.8,0,0,1,0,0,0,0,0,0,0
Honda Brio Exclusive Edition,2014,335000,33033,1,19.4,1198.0,86.8,5.0,0.0,0.0,1.0,0.0,0.0,1.0,11,Brio,3003.0,1,0.07245409015025041,363363,1683.9199999999998,0,1,0,0,0,0,0,0,0,0
Hyundai Grand i10 AT Asta,2015,465000,63063,1,18.9,1197.0,82.0,5.0,0.0,0.0,1.0,0.0,0.0,0.0,10,Grand,6306.3,2,0.06850459482038429,630630,1549.8,0,0,1,0,0,0,0,0,0,0
Tata Manza Club Class Quadrajet90 LX,2012,290000,60000,1,21.02,1248.0,88.76,5.0,1.0,0.0,0.0,1.0,0.0,1.0,13,Manza,4615.384615384615,1,0.07112179487179487,780000,1865.7352,0,0,0,0,0,0,0,1,0,0
Maruti Alto LX,2005,110000,45000,2,19.7,796.0,46.3,5.0,0.0,0.0,1.0,1.0,0.0,1.0,20,Alto,2250.0,1,0.05816582914572864,900000,912.1099999999999,0,0,0,1,0,0,0,0,0,0
Hyundai Grand i10 Sportz,2017,450000,35000,1,18.9,1197.0,82.0,5.0,0.0,0.0,1.0,1.0,0.0,1.0,8,Grand,4375.0,1,0.06850459482038429,280000,1549.8,0,0,1,0,0,0,0,0,0,0
Hyundai i10 Sportz AT,2013,290000,50000,1,16.95,1197.0,78.9,5.0,0.0,0.0,1.0,1.0,0.0,0.0,12,i10,4166.666666666667,1,0.06591478696741855,600000,1337.355,0,0,1,0,0,0,0,0,0,0
Maruti Swift VXI Deca,2016,520000,20000,1,20.4,1197.0,81.8,5.0,0.0,0.0,1.0,1.0,0.0,1.0,9,Swift,2222.222222222222,1,0.0683375104427736,180000,1668.7199999999998,0,0,0,1,0,0,0,0,0,0
Hyundai i10 Sportz AT,2011,265000,20000,1,16.95,1197.0,78.9,5.0,0.0,0.0,1.0,1.0,0.0,0.0,14,i10,1428.5714285714287,1,0.06591478696741855,280000,1337.355,0,0,1,0,0,0,0,0,0,0
Maruti Swift VXI,2012,330000,50000,2,18.6,1197.0,85.8,5.0,0.0,0.0,1.0,1.0,0.0,1.0,13,Swift,3846.153846153846,1,0.07167919799498747,650000,1595.88,0,0,0,1,0,0,0,0,0,0
Hyundai i20 Active 1.2,2015,525000,50000,1,17.19,1197.0,81.86,5.0,0.0,0.0,1.0,1.0,0.0,1.0,10,i20,5000.0,1,0.0683876357560568,500000,1407.1734000000001,0,0,1,0,0,0,0,0,0,0
Maruti Baleno Zeta,2019,675000,16500,1,21.01,1197.0,81.8,5.0,0.0,0.0,1.0,1.0,0.0,1.0,6,Baleno,2750.0,1,0.0683375104427736,99000,1718.6180000000002,0,0,0,1,0,0,0,0,0,0
Hyundai i20 1.2 Asta,2010,300000,70000,1,17.0,1197.0,80.0,5.0,0.0,0.0,1.0,1.0,0.0,1.0,15,i20,4666.666666666667,1,0.06683375104427736,1050000,1360.0,0,0,1,0,0,0,0,0,0,0
Maruti Alto LXI,2005,90000,99361,2,19.7,796.0,46.3,5.0,0.0,0.0,1.0,1.0,0.0,1.0,20,Alto,4968.05,1,0.05816582914572864,1987220,912.1099999999999,0,0,0,1,0,0,0,0,0,0
Maruti Swift Dzire VDI,2017,650000,25000,1,26.59,1248.0,74.0,5.0,1.0,0.0,0.0,1.0,0.0,1.0,8,Swift,3125.0,1,0.05929487179487179,200000,1967.66,0,0,0,1,0,0,0,0,0,0
Maruti Swift Dzire VXI,2014,409000,70000,2,19.1,1197.0,85.8,5.0,0.0,0.0,1.0,1.0,0.0,1.0,11,Swift,6363.636363636364,2,0.07167919799498747,770000,1638.78,0,0,0,1,0,0,0,0,0,0
Hyundai Grand i10 CRDi Sportz,2015,395000,80000,2,24.0,1120.0,70.0,5.0,1.0,0.0,0.0,1.0,0.0,1.0,10,Grand,8000.0,2,0.0625,800000,1680.0,0,0,1,0,0,0,0,0,0,0
Maruti Swift 1.3 VXi,2010,215000,70000,2,19.5,1248.0,81.83,5.0,0.0,0.0,1.0,1.0,0.0,1.0,15,Swift,4666.666666666667,1,0.06556891025641025,1050000,1595.685,0,0,0,1,0,0,0,0,0,0
Maruti Swift Dzire VXI,2014,400000,70000,2,19.1,1197.0,85.8,5.0,0.0,0.0,1.0,1.0,0.0,1.0,11,Swift,6363.636363636364,2,0.07167919799498747,770000,1638.78,0,0,0,1,0,0,0,0,0,0
Chevrolet Beat LS,2012,120000,60000,3,18.6,1199.0,79.4,5.0,0.0,0.0,1.0,1.0,0.0,1.0,13,Beat,4615.384615384615,1,0.06622185154295246,780000,1476.8400000000001,0,0,0,0,0,0,0,0,0,0
Tata Tigor 1.2 Revotron XZA,2018,645000,10000,1,20.3,1199.0,84.0,5.0,0.0,0.0,1.0,1.0,0.0,0.0,7,Tigor,1428.5714285714287,1,0.07005838198498748,70000,1705.2,0,0,0,0,0,0,0,1,0,0
Nissan Terrano XV Premium 110 PS,2014,555000,80100,2,19.01,1461.0,108.5,5.0,1.0,0.0,0.0,1.0,0.0,1.0,11,Terrano,7281.818181818182,2,0.07426420260095824,881100,2062.585,0,0,0,0,1,0,0,0,0,0
Honda City i VTEC VX,2014,725000,120000,1,17.4,1497.0,117.3,5.0,0.0,0.0,1.0,1.0,0.0,1.0,11,City,10909.09090909091,2,0.0783567134268537,1320000,2041.0199999999998,0,1,0,0,0,0,0,0,0,0
Renault KWID RXL,2016,229999,40000,1,25.17,799.0,53.3,5.0,0.0,0.0,1.0,1.0,0.0,1.0,9,KWID,4444.444444444444,1,0.06670838548185232,360000,1341.561,0,0,0,0,0,0,1,0,0,0
Maruti Wagon R VXI BS IV,2017,409999,47000,1,20.51,998.0,67.04,5.0,0.0,0.0,1.0,1.0,0.0,1.0,8,Wagon,5875.0,2,0.06717434869739479,376000,1374.9904000000001,0,0,0,1,0,0,0,0,0,0
Hyundai Creta 1.4 CRDi S Plus,2018,1210000,25000,1,21.38,1396.0,88.7,5.0,1.0,0.0,0.0,1.0,0.0,1.0,7,Creta,3571.4285714285716,1,0.06353868194842408,175000,1896.406,0,0,1,0,0,0,0,0,0,0
Tata Tiago 1.2 Revotron XZ,2017,400000,26000,1,23.84,1199.0,84.0,5.0,0.0,0.0,1.0,1.0,0.0,1.0,8,Tiago,3250.0,1,0.07005838198498748,208000,2002.56,0,0,0,0,0,0,0,1,0,0
Hyundai Grand i10 1.2 CRDi Sportz,2018,520000,29000,1,24.0,1186.0,73.97,5.0,1.0,0.0,0.0,1.0,0.0,1.0,7,Grand,4142.857142857143,1,0.062369308600337264,203000,1775.28,0,0,1,0,0,0,0,0,0,0
Maruti Baleno Zeta Automatic,2016,650000,50000,1,21.4,1197.0,83.1,5.0,0.0,0.0,1.0,1.0,0.0,0.0,9,Baleno,5555.555555555556,2,0.06942355889724311,450000,1778.3399999999997,0,0,0,1,0,0,0,0,0,0
Maruti Swift ZXI ABS,2011,325000,58000,3,16.1,1298.0,88.2,5.0,0.0,0.0,1.0,1.0,0.0,1.0,14,Swift,4142.857142857143,1,0.0679506933744222,812000,1420.0200000000002,0,0,0,1,0,0,0,0,0,0
Maruti Swift Dzire VXi AT,2012,420000,120000,1,17.4,1197.0,85.8,5.0,0.0,0.0,1.0,1.0,0.0,0.0,13,Swift,9230.76923076923,2,0.07167919799498747,1560000,1492.9199999999998,0,0,0,1,0,0,0,0,0,0
Maruti Swift LXI Option,2014,400000,50000,1,20.4,1197.0,81.8,5.0,0.0,0.0,1.0,1.0,0.0,1.0,11,Swift,4545.454545454545,1,0.0683375104427736,550000,1668.7199999999998,0,0,0,1,0,0,0,0,0,0
Hyundai i20 1.2 Asta,2010,254999,80000,4,17.0,1197.0,80.0,5.0,0.0,0.0,1.0,1.0,0.0,1.0,15,i20,5333.333333333333,2,0.06683375104427736,1200000,1360.0,0,0,1,0,0,0,0,0,0,0
Maruti Zen LXI,2003,65000,60000,4,17.3,993.0,60.0,5.0,0.0,0.0,1.0,1.0,0.0,1.0,22,Zen,2727.2727272727275,1,0.06042296072507553,1320000,1038.0,0,0,0,1,0,0,0,0,0,0
Maruti Celerio LXI,2017,351000,36000,1,23.1,998.0,67.04,5.0,0.0,0.0,1.0,1.0,0.0,1.0,8,Celerio,4500.0,1,0.06717434869739479,288000,1548.6240000000003,0,0,0,1,0,0,0,0,0,0
Maruti Ritz LDi,2011,185000,185000,3,21.1,1248.0,73.9,5.0,1.0,0.0,0.0,1.0,0.0,1.0,14,Ritz,13214.285714285714,2,0.059214743589743594,2590000,1559.2900000000002,0,0,0,1,0,0,0,0,0,0
Nissan Micra Diesel XV,2011,250000,50000,1,23.08,1461.0,63.1,5.0,1.0,0.0,0.0,1.0,0.0,1.0,14,Micra,3571.4285714285716,1,0.0431895961670089,700000,1456.348,0,0,0,0,1,0,0,0,0,0
Maruti Zen LXI,2002,60000,100000,4,17.3,993.0,60.0,5.0,0.0,0.0,1.0,1.0,0.0,1.0,23,Zen,4347.826086956522,1,0.06042296072507553,2300000,1038.0,0,0,0,1,0,0,0,0,0,0
Maruti Zen Estilo LXI BSIII,2007,85000,80000,2,18.2,998.0,67.1,5.0,0.0,0.0,1.0,1.0,0.0,1.0,18,Zen,4444.444444444444,1,0.06723446893787574,1440000,1221.2199999999998,0,0,0,1,0,0,0,0,0,0
Hyundai Santro Xing XL,2005,85000,60000,2,19.5,1248.0,81.83,5.0,0.0,0.0,1.0,1.0,0.0,1.0,20,Santro,3000.0,1,0.06556891025641025,1200000,1595.685,0,0,1,0,0,0,0,0,0,0
Maruti Alto LX,2005,85000,80000,4,19.7,796.0,46.3,5.0,0.0,0.0,1.0,1.0,0.0,1.0,20,Alto,4000.0,1,0.05816582914572864,1600000,912.1099999999999,0,0,0,1,0,0,0,0,0,0
Maruti Swift Dzire ZDi,2011,265000,90000,4,19.3,1248.0,73.9,5.0,1.0,0.0,0.0,1.0,0.0,1.0,14,Swift,6428.571428571428,2,0.059214743589743594,1260000,1426.2700000000002,0,0,0,1,0,0,0,0,0,0
Maruti A-Star Vxi,2010,130000,162000,2,19.0,998.0,66.1,5.0,0.0,0.0,1.0,1.0,0.0,1.0,15,A-Star,10800.0,2,0.06623246492985971,2430000,1255.8999999999999,0,0,0,1,0,0,0,0,0,0
Maruti Swift Ldi BSIII,2008,170000,120000,3,17.8,1248.0,75.0,5.0,1.0,0.0,0.0,1.0,0.0,1.0,17,Swift,7058.823529411765,2,0.06009615384615385,2040000,1335.0,0,0,0,1,0,0,0,0,0,0
Nissan Micra Diesel XV,2011,275000,45000,1,23.08,1461.0,63.1,5.0,1.0,0.0,0.0,1.0,0.0,1.0,14,Micra,3214.285714285714,1,0.0431895961670089,630000,1456.348,0,0,0,0,1,0,0,0,0,0
Maruti Wagon R LXI,2005,89000,90000,2,18.9,998.0,67.1,5.0,0.0,0.0,1.0,1.0,0.0,1.0,20,Wagon,4500.0,1,0.06723446893787574,1800000,1268.1899999999998,0,0,0,1,0,0,0,0,0,0
Ford Figo Diesel Titanium,2010,170000,90000,2,20.0,1399.0,68.0,5.0,1.0,0.0,0.0,1.0,0.0,1.0,15,Figo,6000.0,2,0.04860614724803431,1350000,1360.0,1,0,0,0,0,0,0,0,0,0
Mahindra XUV300 W8 Option BSIV,2019,1090000,16500,1,17.0,1197.0,110.0,5.0,0.0,0.0,1.0,0.0,0.0,1.0,6,XUV300,2750.0,1,0.09189640768588136,99000,1870.0,0,0,0,0,0,1,0,0,0,0
Maruti Swift VXI BSIV,2018,610000,52000,1,22.0,1197.0,81.8,5.0,0.0,0.0,1.0,0.0,0.0,1.0,7,Swift,7428.571428571428,2,0.0683375104427736,364000,1799.6,0,0,0,1,0,0,0,0,0,0
Datsun GO T Option BSIV,2016,335000,40000,1,20.63,1198.0,67.0,5.0,0.0,0.0,1.0,0.0,0.0,1.0,9,GO,4444.444444444444,1,0.055926544240400666,360000,1382.21,0,0,0,0,0,1,0,0,0,0
Hyundai Grand i10 Asta,2015,434999,40000,1,18.9,1197.0,82.0,5.0,0.0,0.0,1.0,0.0,0.0,1.0,10,Grand,4000.0,1,0.06850459482038429,400000,1549.8,0,0,1,0,0,0,0,0,0,0
Renault KWID RXL,2018,390000,13000,1,20.71,799.0,53.26,5.0,0.0,0.0,1.0,0.0,0.0,1.0,7,KWID,1857.142857142857,1,0.06665832290362954,91000,1103.0146,0,0,0,0,0,0,1,0,0,0
Honda Brio 1.2 VX MT,2012,325000,40000,1,18.5,1198.0,86.8,5.0,0.0,0.0,1.0,0.0,0.0,1.0,13,Brio,3076.923076923077,1,0.07245409015025041,520000,1605.8,0,1,0,0,0,0,0,0,0,0
Volkswagen Ameo 1.2 MPI Comfortline Plus,2019,640000,10000,1,17.0,1198.0,73.75,5.0,0.0,0.0,1.0,0.0,0.0,1.0,6,Ameo,1666.6666666666667,1,0.061560934891485806,60000,1253.75,0,0,0,0,0,0,0,0,0,1
Nissan Sunny XV Special Edition,2012,450000,9000,1,16.95,1498.0,97.7,5.0,0.0,0.0,1.0,0.0,0.0,1.0,13,Sunny,692.3076923076923,1,0.06522029372496663,117000,1656.0149999999999,0,0,0,0,1,0,0,0,0,0
Toyota Etios Liva GD SP,2013,400000,70000,2,23.59,1364.0,67.06,5.0,1.0,0.0,0.0,0.0,0.0,1.0,12,Etios,5833.333333333333,2,0.04916422287390029,840000,1581.9454,0,0,0,0,0,0,0,0,1,0
Hyundai i10 Sportz,2009,215000,60000,1,20.36,1197.0,78.9,5.0,0.0,0.0,1.0,0.0,0.0,1.0,16,i10,3750.0,1,0.06591478696741855,960000,1606.404,0,0,1,0,0,0,0,0,0,0
Renault Duster 85PS Diesel RxL,2014,570000,40000,1,20.45,1461.0,83.8,5.0,1.0,0.0,0.0,0.0,0.0,1.0,11,Duster,3636.3636363636365,1,0.05735797399041752,440000,1713.7099999999998,0,0,0,0,0,0,1,0,0,0
Tata Indigo CS eGLX BS IV,2011,150000,50000,2,15.64,1193.0,64.08,5.0,0.0,0.0,1.0,1.0,0.0,1.0,14,Indigo,3571.4285714285716,1,0.053713327745180214,700000,1002.2112,0,0,0,0,0,0,0,1,0,0
Nissan Micra Diesel XL,2013,250000,120000,1,23.08,1461.0,63.1,5.0,1.0,0.0,0.0,1.0,0.0,1.0,12,Micra,10000.0,2,0.0431895961670089,1440000,1456.348,0,0,0,0,1,0,0,0,0,0
Maruti Wagon R LXI,2005,65000,35000,1,18.9,998.0,67.1,5.0,0.0,0.0,1.0,1.0,0.0,1.0,20,Wagon,1750.0,1,0.06723446893787574,700000,1268.1899999999998,0,0,0,1,0,0,0,0,0,0
Maruti Swift Dzire VDI,2016,550000,60000,2,26.59,1248.0,74.0,5.0,1.0,0.0,0.0,1.0,0.0,1.0,9,Swift,6666.666666666667,2,0.05929487179487179,540000,1967.66,0,0,0,1,0,0,0,0,0,0
Hyundai i10 Magna,2010,140000,70000,4,20.36,1197.0,78.9,5.0,0.0,0.0,1.0,1.0,0.0,1.0,15,i10,4666.666666666667,1,0.06591478696741855,1050000,1606.404,0,0,1,0,0,0,0,0,0,0
Renault KWID RXT,2016,300000,30000,1,25.17,799.0,53.3,5.0,0.0,0.0,1.0,1.0,0.0,1.0,9,KWID,3333.3333333333335,1,0.06670838548185232,270000,1341.561,0,0,0,0,0,0,1,0,0,0
Maruti Wagon R LXI,2013,225000,58343,1,21.79,998.0,67.05,5.0,0.0,0.0,1.0,0.0,1.0,1.0,12,Wagon,4861.916666666667,1,0.06718436873747495,700116,1461.0194999999999,0,0,0,1,0,0,0,0,0,0
Maruti Baleno Alpha 1.3,2018,740000,38817,1,27.39,1248.0,74.0,5.0,1.0,0.0,0.0,0.0,0.0,1.0,7,Baleno,5545.285714285715,2,0.05929487179487179,271719,2026.8600000000001,0,0,0,1,0,0,0,0,0,0
Honda Jazz VX,2016,550000,56494,1,18.2,1199.0,88.7,5.0,0.0,0.0,1.0,0.0,1.0,1.0,9,Jazz,6277.111111111111,2,0.07397831526271893,508446,1614.34,0,1,0,0,0,0,0,0,0,0
Maruti Swift AMT VVT VXI,2019,650000,5621,1,22.0,1197.0,81.8,5.0,0.0,0.0,1.0,0.0,1.0,0.0,6,Swift,936.8333333333334,1,0.0683375104427736,33726,1799.6,0,0,0,1,0,0,0,0,0,0
Toyota Etios VX,2017,625000,25538,1,16.78,1496.0,88.73,5.0,0.0,0.0,1.0,0.0,1.0,1.0,8,Etios,3192.25,1,0.05931149732620321,204304,1488.8894000000003,0,0,0,0,0,0,0,0,1,0
Maruti Swift AMT ZXI,2018,600000,69779,1,22.0,1197.0,81.8,5.0,0.0,0.0,1.0,0.0,0.0,0.0,7,Swift,9968.42857142857,2,0.0683375104427736,488453,1799.6,0,0,0,1,0,0,0,0,0,0
Hyundai Grand i10 1.2 CRDi Sportz,2017,450000,56290,1,24.0,1186.0,73.97,5.0,1.0,0.0,0.0,0.0,0.0,1.0,8,Grand,7036.25,2,0.062369308600337264,450320,1775.28,0,0,1,0,0,0,0,0,0,0
Honda Amaze V CVT Petrol BSIV,2019,779000,7032,1,19.0,1199.0,88.76,5.0,0.0,0.0,1.0,0.0,1.0,0.0,6,Amaze,1172.0,1,0.07402835696413679,42192,1686.44,0,1,0,0,0,0,0,0,0,0
Hyundai i10 Magna,2010,150000,106000,3,20.36,1197.0,78.9,5.0,0.0,0.0,1.0,1.0,0.0,1.0,15,i10,7066.666666666667,2,0.06591478696741855,1590000,1606.404,0,0,1,0,0,0,0,0,0,0
Toyota Etios Liva Diesel TRD Sportivo,2012,265000,162000,3,19.5,1248.0,81.83,5.0,1.0,0.0,0.0,1.0,0.0,1.0,13,Etios,12461.538461538461,2,0.06556891025641025,2106000,1595.685,0,0,0,0,0,0,0,0,1,0
Maruti Swift Dzire VDI,2015,480000,90000,1,26.59,1248.0,74.0,5.0,1.0,0.0,0.0,1.0,0.0,1.0,10,Swift,9000.0,2,0.05929487179487179,900000,1967.66,0,0,0,1,0,0,0,0,0,0
Maruti SX4 Celebration Diesel,2012,300000,100000,2,21.5,1248.0,88.8,5.0,1.0,0.0,0.0,1.0,0.0,1.0,13,SX4,7692.307692307692,2,0.07115384615384615,1300000,1909.2,0,0,0,1,0,0,0,0,0,0
Maruti Alto 800 VXI,2016,240000,50000,1,22.74,796.0,47.3,5.0,0.0,0.0,1.0,1.0,0.0,1.0,9,Alto,5555.555555555556,2,0.059422110552763814,450000,1075.6019999999999,0,0,0,1,0,0,0,0,0,0
Honda City i-VTEC CVT V,2018,1085000,1000,1,18.0,1497.0,117.6,5.0,0.0,0.0,1.0,1.0,0.0,0.0,7,City,142.85714285714286,1,0.0785571142284569,7000,2116.7999999999997,0,1,0,0,0,0,0,0,0,0
Maruti Swift Dzire AMT VDI,2017,750000,19000,1,28.4,1248.0,74.02,5.0,1.0,0.0,0.0,1.0,0.0,0.0,8,Swift,2375.0,1,0.05931089743589743,152000,2102.1679999999997,0,0,0,1,0,0,0,0,0,0
Maruti Eeco CNG 5 Seater AC,2020,409999,35000,1,28.188,1196.0,61.7,5.0,0.0,0.0,0.0,1.0,0.0,1.0,5,Eeco,7000.0,2,0.051588628762541805,175000,1739.1996,0,0,0,1,0,0,0,0,0,0
Maruti Alto K10 VXI,2014,215000,80000,2,23.95,998.0,67.05,5.0,0.0,0.0,1.0,1.0,0.0,1.0,11,Alto,7272.727272727273,2,0.06718436873747495,880000,1605.8474999999999,0,0,0,1,0,0,0,0,0,0
Maruti Alto K10 LXI,2010,150000,80000,1,20.92,998.0,67.1,5.0,0.0,0.0,1.0,1.0,0.0,1.0,15,Alto,5333.333333333333,2,0.06723446893787574,1200000,1403.732,0,0,0,1,0,0,0,0,0,0
Hyundai EON Sportz,2013,219000,50000,2,21.1,814.0,55.2,5.0,0.0,0.0,1.0,1.0,0.0,1.0,12,EON,4166.666666666667,1,0.06781326781326781,600000,1164.72,0,0,1,0,0,0,0,0,0,0
Tata Tiago 1.2 Revotron XE,2018,325000,100000,1,23.84,1199.0,84.0,5.0,0.0,0.0,1.0,1.0,0.0,1.0,7,Tiago,14285.714285714286,2,0.07005838198498748,700000,2002.56,0,0,0,0,0,0,0,1,0,0
Maruti Eeco Smiles 5 Seater AC,2013,260000,120000,2,15.1,1196.0,73.0,5.0,0.0,0.0,1.0,1.0,0.0,1.0,12,Eeco,10000.0,2,0.061036789297658864,1440000,1102.3,0,0,0,1,0,0,0,0,0,0
Honda Amaze S CVT Diesel BSIV,2019,700000,40000,1,23.8,1498.0,78.9,5.0,1.0,0.0,0.0,1.0,0.0,0.0,6,Amaze,6666.666666666667,2,0.0526702269692924,240000,1877.8200000000002,0,1,0,0,0,0,0,0,0,0
Hyundai Creta 1.4 CRDi Base,2017,950000,45000,1,21.38,1396.0,88.7,5.0,1.0,0.0,0.0,1.0,0.0,1.0,8,Creta,5625.0,2,0.06353868194842408,360000,1896.406,0,0,1,0,0,0,0,0,0,0
Maruti Alto LXi BSIII,2010,160000,80000,2,19.7,796.0,46.3,5.0,0.0,0.0,1.0,1.0,0.0,1.0,15,Alto,5333.333333333333,2,0.05816582914572864,1200000,912.1099999999999,0,0,0,1,0,0,0,0,0,0
Hyundai Xcent 1.1 CRDi S Option,2015,409999,135000,2,24.4,1120.0,71.01,5.0,1.0,0.0,0.0,1.0,0.0,1.0,10,Xcent,13500.0,2,0.06340178571428572,1350000,1732.644,0,0,1,0,0,0,0,0,0,0
Toyota Etios Liva Diesel,2013,450000,67000,1,23.59,1364.0,67.1,5.0,1.0,0.0,0.0,1.0,0.0,1.0,12,Etios,5583.333333333333,2,0.04919354838709677,804000,1582.889,0,0,0,0,0,0,0,0,1,0
Maruti Swift Dzire ZDI Plus,2017,900000,50000,1,28.4,1248.0,74.02,5.0,1.0,0.0,0.0,1.0,0.0,1.0,8,Swift,6250.0,2,0.05931089743589743,400000,2102.1679999999997,0,0,0,1,0,0,0,0,0,0
Nissan Micra Diesel XV,2011,254999,110000,2,23.08,1461.0,63.1,5.0,1.0,0.0,0.0,1.0,0.0,1.0,14,Micra,7857.142857142857,2,0.0431895961670089,1540000,1456.348,0,0,0,0,1,0,0,0,0,0
Maruti Swift Dzire VDI,2013,530000,120000,2,23.4,1248.0,74.0,5.0,1.0,0.0,0.0,1.0,0.0,1.0,12,Swift,10000.0,2,0.05929487179487179,1440000,1731.6,0,0,0,1,0,0,0,0,0,0
Volkswagen Polo 1.5 TDI Highline,2015,520000,110000,2,20.14,1498.0,88.8,5.0,1.0,0.0,0.0,1.0,0.0,1.0,10,Polo,11000.0,2,0.05927903871829105,1100000,1788.432,0,0,0,0,0,0,0,0,0,1
Mahindra Verito 1.5 D2 BSIII,2011,229999,170000,2,21.0,1461.0,64.1,5.0,1.0,0.0,0.0,1.0,0.0,1.0,14,Verito,12142.857142857143,2,0.04387405886379192,2380000,1346.1,0,0,0,0,0,1,0,0,0,0
Maruti Swift VDI Optional,2016,600000,47000,1,25.2,1248.0,74.0,5.0,1.0,0.0,0.0,1.0,0.0,1.0,9,Swift,5222.222222222223,2,0.05929487179487179,423000,1864.8,0,0,0,1,0,0,0,0,0,0
Hyundai Xcent 1.2 Kappa S Option,2015,409999,93000,1,19.1,1197.0,81.86,5.0,0.0,0.0,1.0,1.0,0.0,1.0,10,Xcent,9300.0,2,0.0683876357560568,930000,1563.526,0,0,1,0,0,0,0,0,0,0
Maruti Celerio VXI,2014,320000,50000,1,23.1,998.0,67.04,5.0,0.0,0.0,1.0,1.0,0.0,1.0,11,Celerio,4545.454545454545,1,0.06717434869739479,550000,1548.6240000000003,0,0,0,1,0,0,0,0,0,0
Ford Figo Diesel EXI,2015,292000,70000,1,20.0,1399.0,68.05,5.0,1.0,0.0,0.0,1.0,0.0,1.0,10,Figo,7000.0,2,0.04864188706218728,700000,1361.0,1,0,0,0,0,0,0,0,0,0
Ford Figo 1.2P Titanium Plus MT,2016,550000,44000,1,18.16,1196.0,86.8,5.0,0.0,0.0,1.0,1.0,0.0,1.0,9,Figo,4888.888888888889,1,0.0725752508361204,396000,1576.288,1,0,0,0,0,0,0,0,0,0
Maruti Celerio ZXI,2014,385000,25000,1,23.1,998.0,67.04,5.0,0.0,0.0,1.0,1.0,0.0,1.0,11,Celerio,2272.7272727272725,1,0.06717434869739479,275000,1548.6240000000003,0,0,0,1,0,0,0,0,0,0
Maruti Swift Dzire VXI 1.2,2019,675000,10000,1,21.21,1197.0,81.8,5.0,0.0,0.0,1.0,1.0,0.0,1.0,6,Swift,1666.6666666666667,1,0.0683375104427736,60000,1734.978,0,0,0,1,0,0,0,0,0,0
Ford EcoSport 1.5 Diesel Titanium Plus BSIV,2018,950000,30000,1,23.0,1498.0,98.96,5.0,1.0,0.0,0.0,1.0,0.0,1.0,7,EcoSport,4285.714285714285,1,0.06606141522029373,210000,2276.08,1,0,0,0,0,0,0,0,0,0
Hyundai i20 Active 1.4 SX with AVN,2015,610000,50000,2,21.19,1396.0,88.73,5.0,1.0,0.0,0.0,1.0,0.0,1.0,10,i20,5000.0,1,0.06356017191977077,500000,1880.1887000000002,0,0,1,0,0,0,0,0,0,0
Hyundai i20 Asta 1.4 CRDi,2012,525000,120000,1,22.54,1396.0,88.73,5.0,1.0,0.0,0.0,1.0,0.0,1.0,13,i20,9230.76923076923,2,0.06356017191977077,1560000,1999.9742,0,0,1,0,0,0,0,0,0,0
Nissan Terrano XL Plus 85 PS,2015,580000,90000,1,20.45,1461.0,83.8,5.0,1.0,0.0,0.0,1.0,0.0,1.0,10,Terrano,9000.0,2,0.05735797399041752,900000,1713.7099999999998,0,0,0,0,1,0,0,0,0,0
Maruti Swift VXI Windsong Limited edition,2015,434999,50000,2,20.4,1197.0,83.11,5.0,0.0,0.0,1.0,1.0,0.0,1.0,10,Swift,5000.0,1,0.06943191311612364,500000,1695.444,0,0,0,1,0,0,0,0,0,0
Datsun RediGO 1.0 S,2020,350000,2136,1,22.5,999.0,67.0,5.0,0.0,0.0,1.0,1.0,0.0,1.0,5,RediGO,427.2,1,0.06706706706706707,10680,1507.5,0,0,0,0,0,1,0,0,0,0
Hyundai i20 Magna 1.2,2015,600000,35000,1,18.6,1197.0,81.83,5.0,0.0,0.0,1.0,1.0,0.0,1.0,10,i20,3500.0,1,0.06836257309941521,350000,1522.038,0,0,1,0,0,0,0,0,0,0
Maruti Baleno Alpha 1.3,2017,735000,70000,1,27.39,1248.0,74.0,5.0,1.0,0.0,0.0,1.0,0.0,1.0,8,Baleno,8750.0,2,0.05929487179487179,560000,2026.8600000000001,0,0,0,1,0,0,0,0,0,0
Renault Duster 110PS Diesel RxZ,2018,1050000,18000,1,19.6,1461.0,108.45,5.0,1.0,0.0,0.0,0.0,0.0,1.0,7,Duster,2571.4285714285716,1,0.0742299794661191,126000,2125.6200000000003,0,0,0,0,0,0,1,0,0,0
Maruti SX4 S Cross 2015-2017 DDiS 200 Zeta,2017,800000,60000,1,23.65,1248.0,88.5,5.0,1.0,0.0,0.0,1.0,0.0,1.0,8,SX4,7500.0,2,0.07091346153846154,480000,2093.025,0,0,0,1,0,0,0,0,0,0
Maruti Swift Dzire VDI,2016,600000,147000,2,26.59,1248.0,74.0,5.0,1.0,0.0,0.0,1.0,0.0,1.0,9,Swift,16333.333333333334,3,0.05929487179487179,1323000,1967.66,0,0,0,1,0,0,0,0,0,0
Tata Indica Vista Aqua 1.4 TDI,2011,200000,110000,2,17.0,1405.0,71.0,5.0,1.0,0.0,0.0,1.0,0.0,1.0,14,Indica,7857.142857142857,2,0.050533807829181494,1540000,1207.0,0,0,0,0,0,0,0,1,0,0
Nissan Micra Active XL Petrol,2016,370000,35000,1,19.49,1198.0,67.04,5.0,0.0,0.0,1.0,1.0,0.0,1.0,9,Micra,3888.8888888888887,1,0.05595993322203673,315000,1306.6096,0,0,0,0,1,0,0,0,0,0
Hyundai Verna Transform CRDi VGT SX ABS,2010,260000,110000,2,16.2,1493.0,110.0,5.0,1.0,0.0,0.0,1.0,0.0,1.0,15,Verna,7333.333333333333,2,0.07367716008037509,1650000,1782.0,0,0,1,0,0,0,0,0,0,0
Ford Fiesta Titanium 1.5 TDCi,2013,300000,60000,2,23.5,1498.0,90.0,5.0,1.0,0.0,0.0,1.0,0.0,1.0,12,Fiesta,5000.0,1,0.06008010680907877,720000,2115.0,1,0,0,0,0,0,0,0,0,0
Tata Indigo CS LX DiCOR,2010,140000,40000,1,16.6,1405.0,70.0,5.0,1.0,0.0,0.0,1.0,0.0,1.0,15,Indigo,2666.6666666666665,1,0.0498220640569395,600000,1162.0,0,0,0,0,0,0,0,1,0,0
Hyundai i10 Magna 1.1L,2008,229999,50000,1,19.81,1086.0,68.05,5.0,0.0,0.0,1.0,1.0,0.0,1.0,17,i10,2941.176470588235,1,0.06266114180478821,850000,1348.0704999999998,0,0,1,0,0,0,0,0,0,0
Maruti A-Star Vxi,2010,200000,65000,2,19.0,998.0,66.1,5.0,0.0,0.0,1.0,1.0,0.0,1.0,15,A-Star,4333.333333333333,1,0.06623246492985971,975000,1255.8999999999999,0,0,0,1,0,0,0,0,0,0
Maruti Wagon R VXI BSIII,2011,200000,80000,1,18.9,998.0,67.1,5.0,0.0,0.0,1.0,1.0,0.0,1.0,14,Wagon,5714.285714285715,2,0.06723446893787574,1120000,1268.1899999999998,0,0,0,1,0,0,0,0,0,0
Maruti Swift VDI BSIV,2017,585000,90000,1,25.2,1248.0,74.0,5.0,1.0,0.0,0.0,1.0,0.0,1.0,8,Swift,11250.0,2,0.05929487179487179,720000,1864.8,0,0,0,1,0,0,0,0,0,0
Maruti Swift VDI BSIV,2014,430000,80000,2,25.2,1248.0,74.0,5.0,1.0,0.0,0.0,1.0,0.0,1.0,11,Swift,7272.727272727273,2,0.05929487179487179,880000,1864.8,0,0,0,1,0,0,0,0,0,0
Kia Seltos HTE D,2019,643000,10000,1,20.8,1493.0,113.4,5.0,1.0,0.0,0.0,1.0,0.0,1.0,6,Seltos,1666.6666666666667,1,0.07595445411922304,60000,2358.7200000000003,0,0,0,0,0,1,0,0,0,0
Hyundai Xcent 1.2 VTVT S,2018,500000,60000,1,20.14,1197.0,81.86,5.0,0.0,0.0,1.0,1.0,0.0,1.0,7,Xcent,8571.42857142857,2,0.0683876357560568,420000,1648.6604,0,0,1,0,0,0,0,0,0,0
Honda Brio 1.2 S MT,2016,425000,22000,1,18.5,1198.0,86.8,5.0,0.0,0.0,1.0,1.0,0.0,1.0,9,Brio,2444.4444444444443,1,0.07245409015025041,198000,1605.8,0,1,0,0,0,0,0,0,0,0
Maruti Alto 800 LXI,2014,250000,25000,1,22.74,796.0,47.3,5.0,0.0,0.0,1.0,1.0,0.0,1.0,11,Alto,2272.7272727272725,1,0.059422110552763814,275000,1075.6019999999999,0,0,0,1,0,0,0,0,0,0
Maruti Celerio LDi,2016,285000,70000,1,27.62,793.0,47.0,5.0,1.0,0.0,0.0,1.0,0.0,1.0,9,Celerio,7777.777777777777,2,0.05926860025220681,630000,1298.14,0,0,0,1,0,0,0,0,0,0
Maruti Swift Dzire VXi,2008,160000,123000,3,17.5,1298.0,85.8,5.0,0.0,0.0,1.0,1.0,0.0,1.0,17,Swift,7235.294117647059,2,0.06610169491525424,2091000,1501.5,0,0,0,1,0,0,0,0,0,0
Volkswagen Vento Diesel Trendline,2011,250000,70000,2,20.54,1598.0,103.6,5.0,1.0,0.0,0.0,1.0,0.0,1.0,14,Vento,5000.0,1,0.06483103879849812,980000,2127.944,0,0,0,0,0,0,0,0,0,1
Chevrolet Beat LS,2013,170000,70000,2,18.6,1199.0,79.4,5.0,0.0,0.0,1.0,1.0,0.0,1.0,12,Beat,5833.333333333333,2,0.06622185154295246,840000,1476.8400000000001,0,0,0,0,0,0,0,0,0,0
Toyota Etios Liva GD,2013,409999,45000,1,23.59,1364.0,67.06,5.0,1.0,0.0,0.0,1.0,0.0,1.0,12,Etios,3750.0,1,0.04916422287390029,540000,1581.9454,0,0,0,0,0,0,0,0,1,0
Hyundai Grand i10 AT Asta,2015,400000,40000,1,18.9,1197.0,82.0,5.0,0.0,0.0,1.0,1.0,0.0,0.0,10,Grand,4000.0,1,0.06850459482038429,400000,1549.8,0,0,1,0,0,0,0,0,0,0
Maruti Swift Dzire VDI,2019,700000,30000,1,28.4,1248.0,74.02,5.0,1.0,0.0,0.0,1.0,0.0,1.0,6,Swift,5000.0,1,0.05931089743589743,180000,2102.1679999999997,0,0,0,1,0,0,0,0,0,0
Maruti Alto 800 VXI,2017,268000,25000,1,24.7,796.0,47.3,5.0,0.0,0.0,1.0,1.0,0.0,1.0,8,Alto,3125.0,1,0.059422110552763814,200000,1168.31,0,0,0,1,0,0,0,0,0,0
Maruti Alto 800 VXI,2016,270000,50000,1,22.74,796.0,47.3,5.0,0.0,0.0,1.0,1.0,0.0,1.0,9,Alto,5555.555555555556,2,0.059422110552763814,450000,1075.6019999999999,0,0,0,1,0,0,0,0,0,0
Chevrolet Beat Diesel LT,2013,300000,50000,1,25.44,936.0,57.6,5.0,1.0,0.0,0.0,1.0,0.0,1.0,12,Beat,4166.666666666667,1,0.06153846153846154,600000,1465.344,0,0,0,0,0,0,0,0,0,0
Tata Tiago 1.2 Revotron XZ,2017,450000,90000,1,23.84,1199.0,84.0,5.0,0.0,0.0,1.0,1.0,0.0,1.0,8,Tiago,11250.0,2,0.07005838198498748,720000,2002.56,0,0,0,0,0,0,0,1,0,0
Chevrolet Beat Diesel LT,2012,220000,70000,2,25.44,936.0,57.6,5.0,1.0,0.0,0.0,1.0,0.0,1.0,13,Beat,5384.615384615385,2,0.06153846153846154,910000,1465.344,0,0,0,0,0,0,0,0,0,0
Ford Figo Petrol EXI,2012,300000,85000,2,15.6,1196.0,70.0,5.0,0.0,0.0,1.0,1.0,0.0,1.0,13,Figo,6538.461538461538,2,0.05852842809364549,1105000,1092.0,1,0,0,0,0,0,0,0,0,0
Maruti Swift Dzire VDI,2016,561000,30000,1,26.59,1248.0,74.0,5.0,1.0,0.0,0.0,1.0,0.0,1.0,9,Swift,3333.3333333333335,1,0.05929487179487179,270000,1967.66,0,0,0,1,0,0,0,0,0,0
Maruti Swift Dzire VDI,2018,755000,15000,1,28.4,1248.0,74.02,5.0,1.0,0.0,0.0,1.0,0.0,1.0,7,Swift,2142.8571428571427,1,0.05931089743589743,105000,2102.1679999999997,0,0,0,1,0,0,0,0,0,0
Datsun RediGO S,2017,235000,25000,1,22.7,799.0,53.64,5.0,0.0,0.0,1.0,1.0,0.0,1.0,8,RediGO,3125.0,1,0.06713391739674593,200000,1217.628,0,0,0,0,0,1,0,0,0,0
Maruti Alto K10 LXI,2011,165000,90000,1,20.92,998.0,67.1,5.0,0.0,0.0,1.0,1.0,0.0,1.0,14,Alto,6428.571428571428,2,0.06723446893787574,1260000,1403.732,0,0,0,1,0,0,0,0,0,0
Maruti Swift Dzire LDi,2008,190000,80000,2,19.3,1248.0,73.9,5.0,1.0,0.0,0.0,1.0,0.0,1.0,17,Swift,4705.882352941177,1,0.059214743589743594,1360000,1426.2700000000002,0,0,0,1,0,0,0,0,0,0
Tata Indica V2 DLX BSII,2011,110000,50000,1,17.2,1396.0,53.5,5.0,1.0,0.0,0.0,1.0,0.0,1.0,14,Indica,3571.4285714285716,1,0.03832378223495702,700000,920.1999999999999,0,0,0,0,0,0,0,1,0,0
Maruti Swift VDI BSIV,2010,330000,110000,2,19.5,1248.0,81.83,5.0,1.0,0.0,0.0,1.0,0.0,1.0,15,Swift,7333.333333333333,2,0.06556891025641025,1650000,1595.685,0,0,0,1,0,0,0,0,0,0
Hyundai i20 Asta Option 1.2,2016,540000,38000,1,18.6,1197.0,81.83,5.0,0.0,0.0,1.0,1.0,0.0,1.0,9,i20,4222.222222222223,1,0.06836257309941521,342000,1522.038,0,0,1,0,0,0,0,0,0,0
Hyundai EON Era Plus,2013,180000,60000,1,21.1,814.0,55.2,5.0,0.0,0.0,1.0,1.0,0.0,1.0,12,EON,5000.0,1,0.06781326781326781,720000,1164.72,0,0,1,0,0,0,0,0,0,0
Maruti Swift Dzire 1.2 Vxi BSIV,2012,450000,30000,1,17.5,1197.0,85.8,5.0,0.0,0.0,1.0,1.0,0.0,1.0,13,Swift,2307.6923076923076,1,0.07167919799498747,390000,1501.5,0,0,0,1,0,0,0,0,0,0
Maruti Swift Dzire VXI,2014,450000,30000,1,19.1,1197.0,85.8,5.0,0.0,0.0,1.0,1.0,0.0,1.0,11,Swift,2727.2727272727275,1,0.07167919799498747,330000,1638.78,0,0,0,1,0,0,0,0,0,0
Chevrolet Beat LT,2015,200000,50000,1,18.6,1199.0,76.8,5.0,0.0,0.0,1.0,1.0,0.0,1.0,10,Beat,5000.0,1,0.0640533778148457,500000,1428.48,0,0,0,0,0,0,0,0,0,0
Tata Tiago 1.2 Revotron XZ,2017,425000,42000,1,23.84,1199.0,84.0,5.0,0.0,0.0,1.0,1.0,0.0,1.0,8,Tiago,5250.0,2,0.07005838198498748,336000,2002.56,0,0,0,0,0,0,0,1,0,0
Chevrolet Sail 1.2 LS ABS,2016,400000,30000,1,18.2,1199.0,82.4,5.0,0.0,0.0,1.0,1.0,0.0,1.0,9,Sail,3333.3333333333335,1,0.06872393661384488,270000,1499.68,0,0,0,0,0,0,0,0,0,0
Maruti Alto LXi BSIII,2009,125000,60000,3,19.7,796.0,46.3,5.0,0.0,0.0,1.0,1.0,0.0,1.0,16,Alto,3750.0,1,0.05816582914572864,960000,912.1099999999999,0,0,0,1,0,0,0,0,0,0
Honda City i VTEC VX,2015,900000,22000,1,17.4,1497.0,117.3,5.0,0.0,0.0,1.0,1.0,0.0,1.0,10,City,2200.0,1,0.0783567134268537,220000,2041.0199999999998,0,1,0,0,0,0,0,0,0,0
Volkswagen Vento Diesel Highline,2012,450000,90000,1,20.54,1598.0,103.6,5.0,1.0,0.0,0.0,1.0,0.0,1.0,13,Vento,6923.076923076923,2,0.06483103879849812,1170000,2127.944,0,0,0,0,0,0,0,0,0,1
Maruti Alto K10 2010-2014 VXI,2011,210000,46000,1,20.92,998.0,67.1,5.0,0.0,0.0,1.0,1.0,0.0,1.0,14,Alto,3285.714285714286,1,0.06723446893787574,644000,1403.732,0,0,0,1,0,0,0,0,0,0
Hyundai i20 1.2 Asta Option,2018,801000,20000,1,18.6,1197.0,81.83,5.0,0.0,0.0,1.0,1.0,0.0,1.0,7,i20,2857.1428571428573,1,0.06836257309941521,140000,1522.038,0,0,1,0,0,0,0,0,0,0
Hyundai i20 Magna,2014,330000,30000,2,18.5,1197.0,82.85,5.0,0.0,0.0,1.0,1.0,0.0,1.0,11,i20,2727.2727272727275,1,0.06921470342522974,330000,1532.725,0,0,1,0,0,0,0,0,0,0
Hyundai EON Magna Plus,2017,320000,15000,2,21.1,814.0,55.2,5.0,0.0,0.0,1.0,1.0,0.0,1.0,8,EON,1875.0,1,0.06781326781326781,120000,1164.72,0,0,1,0,0,0,0,0,0,0
Maruti Estilo LXI,2010,160000,50000,1,19.5,1248.0,81.83,5.0,0.0,0.0,1.0,1.0,0.0,1.0,15,Estilo,3333.3333333333335,1,0.06556891025641025,750000,1595.685,0,0,0,1,0,0,0,0,0,0
Hyundai Getz GLX,2007,120000,110000,2,15.3,1341.0,83.0,5.0,0.0,0.0,1.0,1.0,0.0,1.0,18,Getz,6111.111111111111,2,0.061894108873974646,1980000,1269.9,0,0,1,0,0,0,0,0,0,0
Maruti Alto LXi,2009,130000,70000,2,19.7,796.0,46.3,5.0,0.0,0.0,1.0,1.0,0.0,1.0,16,Alto,4375.0,1,0.05816582914572864,1120000,912.1099999999999,0,0,0,1,0,0,0,0,0,0
Chevrolet Sail 1.2 LS,2015,220000,80000,1,18.2,1199.0,82.4,5.0,0.0,0.0,1.0,1.0,0.0,1.0,10,Sail,8000.0,2,0.06872393661384488,800000,1499.68,0,0,0,0,0,0,0,0,0,0
Maruti Swift VDI BSIV,2008,229999,50000,3,19.5,1248.0,81.83,5.0,1.0,0.0,0.0,1.0,0.0,1.0,17,Swift,2941.176470588235,1,0.06556891025641025,850000,1595.685,0,0,0,1,0,0,0,0,0,0
Tata Zest Revotron 1.2T XM,2015,340000,110000,1,17.57,1193.0,88.7,5.0,0.0,0.0,1.0,1.0,0.0,1.0,10,Zest,11000.0,2,0.07435037720033529,1100000,1558.459,0,0,0,0,0,0,0,1,0,0
Ford Classic 1.4 Duratorq CLXI,2013,200000,70000,2,19.68,1399.0,67.0,5.0,1.0,0.0,0.0,1.0,0.0,1.0,12,Classic,5833.333333333333,2,0.04789135096497498,840000,1318.56,1,0,0,0,0,0,0,0,0,0
Maruti Alto LXI,2002,140000,50000,2,19.7,796.0,46.3,5.0,0.0,0.0,1.0,1.0,0.0,1.0,23,Alto,2173.913043478261,1,0.05816582914572864,1150000,912.1099999999999,0,0,0,1,0,0,0,0,0,0
Maruti Alto 800 LXI,2015,236000,60000,1,22.74,796.0,47.3,5.0,0.0,0.0,1.0,1.0,0.0,1.0,10,Alto,6000.0,2,0.059422110552763814,600000,1075.6019999999999,0,0,0,1,0,0,0,0,0,0
Maruti Wagon R VXI BS IV,2015,390000,40000,1,20.51,998.0,67.04,5.0,0.0,0.0,1.0,1.0,0.0,1.0,10,Wagon,4000.0,1,0.06717434869739479,400000,1374.9904000000001,0,0,0,1,0,0,0,0,0,0
Maruti Swift Dzire VDi,2009,275000,90000,2,19.3,1248.0,73.9,5.0,1.0,0.0,0.0,1.0,0.0,1.0,16,Swift,5625.0,2,0.059214743589743594,1440000,1426.2700000000002,0,0,0,1,0,0,0,0,0,0
Maruti Vitara Brezza ZDi Plus Dual Tone,2017,775000,32000,1,24.3,1248.0,88.5,5.0,1.0,0.0,0.0,0.0,0.0,1.0,8,Vitara,4000.0,1,0.07091346153846154,256000,2150.55,0,0,0,1,0,0,0,0,0,0
Maruti Vitara Brezza VDi,2018,750000,5000,1,24.3,1248.0,88.5,5.0,1.0,0.0,0.0,1.0,0.0,1.0,7,Vitara,714.2857142857143,1,0.07091346153846154,35000,2150.55,0,0,0,1,0,0,0,0,0,0
Hyundai i20 1.2 Spotz,2018,570000,25000,1,18.6,1197.0,81.83,5.0,0.0,0.0,1.0,1.0,0.0,1.0,7,i20,3571.4285714285716,1,0.06836257309941521,175000,1522.038,0,0,1,0,0,0,0,0,0,0
Hyundai Grand i10 1.2 Kappa Sportz BSIV,2018,580000,32000,1,18.9,1197.0,81.86,5.0,0.0,0.0,1.0,1.0,0.0,1.0,7,Grand,4571.428571428572,1,0.0683876357560568,224000,1547.1539999999998,0,0,1,0,0,0,0,0,0,0
Honda Jazz 1.2 VX i VTEC,2016,484999,30000,1,18.7,1199.0,88.7,5.0,0.0,0.0,1.0,1.0,0.0,1.0,9,Jazz,3333.3333333333335,1,0.07397831526271893,270000,1658.69,0,1,0,0,0,0,0,0,0,0
Hyundai Verna S,2012,415000,60000,1,17.7,1497.0,113.42,5.0,0.0,0.0,1.0,0.0,0.0,1.0,13,Verna,4615.384615384615,1,0.07576486305945224,780000,2007.5339999999999,0,0,1,0,0,0,0,0,0,0
Nissan Micra XV CVT,2015,325000,50000,1,19.34,1198.0,76.0,5.0,0.0,0.0,1.0,1.0,0.0,0.0,10,Micra,5000.0,1,0.06343906510851419,500000,1469.84,0,0,0,0,1,0,0,0,0,0
Ford Figo Aspire 1.2 Ti-VCT Trend,2018,550000,14200,1,18.16,1196.0,86.8,5.0,0.0,0.0,1.0,1.0,0.0,1.0,7,Figo,2028.5714285714287,1,0.0725752508361204,99400,1576.288,1,0,0,0,0,0,0,0,0,0
Hyundai EON Sportz,2017,300000,10000,1,21.1,814.0,55.2,5.0,0.0,0.0,1.0,1.0,0.0,1.0,8,EON,1250.0,1,0.06781326781326781,80000,1164.72,0,0,1,0,0,0,0,0,0,0
Datsun RediGO T Option,2018,217000,25000,1,22.7,799.0,53.64,5.0,0.0,0.0,1.0,1.0,0.0,1.0,7,RediGO,3571.4285714285716,1,0.06713391739674593,175000,1217.628,0,0,0,0,0,1,0,0,0,0
Ford Freestyle Titanium Petrol BSIV,2018,700000,19100,1,19.0,1194.0,94.68,5.0,0.0,0.0,1.0,1.0,0.0,1.0,7,Freestyle,2728.5714285714284,1,0.0792964824120603,133700,1798.92,1,0,0,0,0,0,0,0,0,0
Hyundai Santro Sportz AMT BSIV,2019,466000,25000,4,20.3,1086.0,68.0,5.0,0.0,0.0,1.0,1.0,0.0,0.0,6,Santro,4166.666666666667,1,0.06261510128913444,150000,1380.4,0,0,1,0,0,0,0,0,0,0
Ford EcoSport 1.5 Diesel Trend BSIV,2014,484999,54000,1,23.0,1498.0,98.96,5.0,1.0,0.0,0.0,0.0,0.0,1.0,11,EcoSport,4909.090909090909,1,0.06606141522029373,594000,2276.08,1,0,0,0,0,0,0,0,0,0
Nissan Sunny XL D,2018,670000,35000,1,22.71,1461.0,84.8,5.0,1.0,0.0,0.0,1.0,0.0,1.0,7,Sunny,5000.0,1,0.05804243668720054,245000,1925.808,0,0,0,0,1,0,0,0,0,0
Hyundai Grand i10 1.2 Kappa Sportz BSIV,2018,500000,20000,2,18.9,1197.0,81.86,5.0,0.0,0.0,1.0,1.0,0.0,1.0,7,Grand,2857.1428571428573,1,0.0683876357560568,140000,1547.1539999999998,0,0,1,0,0,0,0,0,0,0
Maruti SX4 S Cross 2015-2017 DDiS 200 Zeta,2016,675000,52000,1,23.65,1248.0,88.5,5.0,1.0,0.0,0.0,1.0,0.0,1.0,9,SX4,5777.777777777777,2,0.07091346153846154,468000,2093.025,0,0,0,1,0,0,0,0,0,0
Hyundai i20 1.4 CRDi Asta,2011,220000,120000,2,23.0,1396.0,90.0,5.0,1.0,0.0,0.0,1.0,0.0,1.0,14,i20,8571.42857142857,2,0.06446991404011461,1680000,2070.0,0,0,1,0,0,0,0,0,0,0
Tata Manza Aura Quadrajet,2010,250000,90000,2,18.8,1248.0,90.0,5.0,1.0,0.0,0.0,1.0,0.0,1.0,15,Manza,6000.0,2,0.07211538461538461,1350000,1692.0,0,0,0,0,0,0,0,1,0,0
Maruti Wagon R LXI,2004,120000,120000,3,18.9,998.0,67.1,5.0,0.0,0.0,1.0,1.0,0.0,1.0,21,Wagon,5714.285714285715,2,0.06723446893787574,2520000,1268.1899999999998,0,0,0,1,0,0,0,0,0,0
Skoda Rapid 1.5 TDI Elegance,2015,300000,101500,2,21.14,1498.0,103.52,5.0,1.0,0.0,0.0,1.0,0.0,1.0,10,Rapid,10150.0,2,0.06910547396528705,1015000,2188.4128,0,0,0,0,0,1,0,0,0,0
Renault Duster 110PS Diesel RxZ,2012,480000,55735,2,19.01,1461.0,108.45,5.0,1.0,0.0,0.0,1.0,0.0,1.0,13,Duster,4287.307692307692,1,0.0742299794661191,724555,2061.6345,0,0,0,0,0,0,1,0,0,0
Maruti Alto 800 LXI Optional,2016,250000,50000,2,24.7,796.0,47.3,5.0,0.0,0.0,1.0,1.0,0.0,1.0,9,Alto,5555.555555555556,2,0.059422110552763814,450000,1168.31,0,0,0,1,0,0,0,0,0,0
Ford Figo Diesel Celebration Edition,2013,245000,70000,2,20.0,1399.0,68.1,5.0,1.0,0.0,0.0,1.0,0.0,1.0,12,Figo,5833.333333333333,2,0.04867762687634024,840000,1362.0,1,0,0,0,0,0,0,0,0,0
Hyundai i10 Magna 1.2 iTech SE,2012,210000,76000,4,20.36,1197.0,78.9,5.0,0.0,0.0,1.0,1.0,0.0,1.0,13,i10,5846.153846153846,2,0.06591478696741855,988000,1606.404,0,0,1,0,0,0,0,0,0,0
Maruti Swift Dzire VXI 1.2,2020,730000,1500,1,21.21,1197.0,81.8,5.0,0.0,0.0,1.0,1.0,0.0,1.0,5,Swift,300.0,1,0.0683375104427736,7500,1734.978,0,0,0,1,0,0,0,0,0,0
Maruti Wagon R VXI Optional,2015,400000,40000,1,20.51,998.0,67.04,5.0,0.0,0.0,1.0,1.0,0.0,1.0,10,Wagon,4000.0,1,0.06717434869739479,400000,1374.9904000000001,0,0,0,1,0,0,0,0,0,0
Hyundai EON Magna Plus,2015,280000,60000,2,21.1,814.0,55.2,5.0,0.0,0.0,1.0,1.0,0.0,1.0,10,EON,6000.0,2,0.06781326781326781,600000,1164.72,0,0,1,0,0,0,0,0,0,0
Chevrolet Beat Diesel LS,2016,375000,53319,1,25.44,936.0,56.3,5.0,1.0,0.0,0.0,0.0,0.0,1.0,9,Beat,5924.333333333333,2,0.060149572649572644,479871,1432.272,0,0,0,0,0,0,0,0,0,0
Volkswagen Ameo 1.5 TDI Comfortline,2017,700000,40906,1,21.66,1498.0,108.62,5.0,1.0,0.0,0.0,0.0,0.0,1.0,8,Ameo,5113.25,2,0.07251001335113486,327248,2352.7092000000002,0,0,0,0,0,0,0,0,0,1
Toyota Etios VX,2012,375000,31711,2,17.6,1496.0,88.7,5.0,0.0,0.0,1.0,0.0,0.0,1.0,13,Etios,2439.3076923076924,1,0.059291443850267384,412243,1561.1200000000001,0,0,0,0,0,0,0,0,1,0
Hyundai EON Era Plus,2012,270000,43755,2,21.1,814.0,55.2,5.0,0.0,0.0,1.0,0.0,0.0,1.0,13,EON,3365.769230769231,1,0.06781326781326781,568815,1164.72,0,0,1,0,0,0,0,0,0,0
Renault KWID RXT,2016,300000,66693,1,25.17,799.0,53.3,5.0,0.0,0.0,1.0,0.0,0.0,1.0,9,KWID,7410.333333333333,2,0.06670838548185232,600237,1341.561,0,0,0,0,0,0,1,0,0,0
Maruti Zen Estilo VXI BSIV,2010,225000,59549,1,19.0,998.0,67.1,5.0,0.0,0.0,1.0,0.0,0.0,1.0,15,Zen,3969.9333333333334,1,0.06723446893787574,893235,1274.8999999999999,0,0,0,1,0,0,0,0,0,0
Maruti Zen Estilo LXI BSIII,2010,200000,73730,1,18.2,998.0,67.1,5.0,0.0,0.0,1.0,0.0,0.0,1.0,15,Zen,4915.333333333333,1,0.06723446893787574,1105950,1221.2199999999998,0,0,0,1,0,0,0,0,0,0
Honda Amaze VX i-DTEC,2013,500000,116104,1,25.8,1498.0,98.6,5.0,1.0,0.0,0.0,0.0,0.0,1.0,12,Amaze,9675.333333333334,2,0.06582109479305741,1393248,2543.88,0,1,0,0,0,0,0,0,0,0
Maruti Swift VXI BSIV,2015,500000,150546,1,22.0,1197.0,81.8,5.0,0.0,0.0,1.0,0.0,0.0,1.0,10,Swift,15054.6,3,0.0683375104427736,1505460,1799.6,0,0,0,1,0,0,0,0,0,0
Ford Ecosport 1.5 Ti VCT MT Titanium,2015,555000,20000,2,15.8,1499.0,110.0,5.0,0.0,0.0,1.0,1.0,0.0,1.0,10,Ecosport,2000.0,1,0.0733822548365577,200000,1738.0,1,0,0,0,0,0,0,0,0,0
Hyundai Grand i10 1.2 Kappa Magna AT,2018,580000,30000,1,18.9,1197.0,81.86,5.0,0.0,0.0,1.0,1.0,0.0,0.0,7,Grand,4285.714285714285,1,0.0683876357560568,210000,1547.1539999999998,0,0,1,0,0,0,0,0,0,0
Tata Manza Aura Plus Quadrajet,2009,180000,120000,2,18.8,1248.0,90.0,5.0,1.0,0.0,0.0,1.0,0.0,1.0,16,Manza,7500.0,2,0.07211538461538461,1920000,1692.0,0,0,0,0,0,0,0,1,0,0
Hyundai i10 Sportz 1.1L,2011,200000,80000,1,19.81,1086.0,68.05,5.0,0.0,0.0,1.0,1.0,0.0,1.0,14,i10,5714.285714285715,2,0.06266114180478821,1120000,1348.0704999999998,0,0,1,0,0,0,0,0,0,0
Tata Indigo CS LX (TDI) BS-III,2016,260000,60000,1,19.09,1405.0,69.01,5.0,1.0,0.0,0.0,1.0,0.0,1.0,9,Indigo,6666.666666666667,2,0.04911743772241993,540000,1317.4009,0,0,0,0,0,0,0,1,0,0
Renault KWID 1.0 RXT Optional,2016,350000,25000,1,23.01,999.0,67.0,5.0,0.0,0.0,1.0,1.0,0.0,1.0,9,KWID,2777.777777777778,1,0.06706706706706707,225000,1541.67,0,0,0,0,0,0,1,0,0,0
Maruti Swift Dzire LDI,2015,370000,170000,1,26.59,1248.0,74.0,5.0,1.0,0.0,0.0,1.0,0.0,1.0,10,Swift,17000.0,3,0.05929487179487179,1700000,1967.66,0,0,0,1,0,0,0,0,0,0
Maruti Alto 800 LXI,2013,200000,24000,1,22.74,796.0,47.3,5.0,0.0,0.0,1.0,1.0,0.0,1.0,12,Alto,2000.0,1,0.059422110552763814,288000,1075.6019999999999,0,0,0,1,0,0,0,0,0,0
Tata Tiago NRG Petrol,2019,550000,10000,1,24.0,1199.0,83.81,5.0,0.0,0.0,1.0,1.0,0.0,1.0,6,Tiago,1666.6666666666667,1,0.06989991659716431,60000,2011.44,0,0,0,0,0,0,0,1,0,0
Ford Figo Diesel ZXI,2012,300000,70000,2,20.0,1399.0,68.0,5.0,1.0,0.0,0.0,1.0,0.0,1.0,13,Figo,5384.615384615385,2,0.04860614724803431,910000,1360.0,1,0,0,0,0,0,0,0,0,0
Maruti Wagon R LXI BS IV,2011,196000,110000,1,18.9,998.0,67.1,5.0,0.0,0.0,1.0,1.0,0.0,1.0,14,Wagon,7857.142857142857,2,0.06723446893787574,1540000,1268.1899999999998,0,0,0,1,0,0,0,0,0,0
Hyundai i10 Era,2008,135000,80000,2,19.81,1086.0,68.05,5.0,0.0,0.0,1.0,1.0,0.0,1.0,17,i10,4705.882352941177,1,0.06266114180478821,1360000,1348.0704999999998,0,0,1,0,0,0,0,0,0,0
Tata Bolt Revotron XE,2015,299000,16500,1,17.57,1193.0,88.7,5.0,0.0,0.0,1.0,1.0,0.0,1.0,10,Bolt,1650.0,1,0.07435037720033529,165000,1558.459,0,0,0,0,0,0,0,1,0,0
Maruti Alto K10 VXI,2017,300000,30000,1,23.95,998.0,67.05,5.0,0.0,0.0,1.0,1.0,0.0,1.0,8,Alto,3750.0,1,0.06718436873747495,240000,1605.8474999999999,0,0,0,1,0,0,0,0,0,0
Maruti Alto K10 VXI,2016,300000,25000,1,23.95,998.0,67.05,5.0,0.0,0.0,1.0,1.0,0.0,1.0,9,Alto,2777.777777777778,1,0.06718436873747495,225000,1605.8474999999999,0,0,0,1,0,0,0,0,0,0
Hyundai Grand i10 1.2 CRDi Asta,2019,750000,20000,1,24.0,1186.0,73.97,5.0,1.0,0.0,0.0,1.0,0.0,1.0,6,Grand,3333.3333333333335,1,0.062369308600337264,120000,1775.28,0,0,1,0,0,0,0,0,0,0
Renault KWID RXT,2016,260000,60000,1,25.17,799.0,53.3,5.0,0.0,0.0,1.0,1.0,0.0,1.0,9,KWID,6666.666666666667,2,0.06670838548185232,540000,1341.561,0,0,0,0,0,0,1,0,0,0
Maruti Swift VDI,2011,300000,70000,2,22.9,1248.0,74.0,5.0,1.0,0.0,0.0,1.0,0.0,1.0,14,Swift,5000.0,1,0.05929487179487179,980000,1694.6,0,0,0,1,0,0,0,0,0,0
Maruti Alto K10 VXI,2015,250000,52000,1,23.95,998.0,67.05,5.0,0.0,0.0,1.0,1.0,0.0,1.0,10,Alto,5200.0,2,0.06718436873747495,520000,1605.8474999999999,0,0,0,1,0,0,0,0,0,0
Maruti Swift Dzire VDI,2014,420000,80000,1,23.4,1248.0,74.0,5.0,1.0,0.0,0.0,1.0,0.0,1.0,11,Swift,7272.727272727273,2,0.05929487179487179,880000,1731.6,0,0,0,1,0,0,0,0,0,0
Hyundai EON Era Plus,2015,235000,50000,1,21.1,814.0,55.2,5.0,0.0,0.0,1.0,1.0,0.0,1.0,10,EON,5000.0,1,0.06781326781326781,500000,1164.72,0,0,1,0,0,0,0,0,0,0
Maruti Alto K10 VXI,2019,360000,25000,1,23.95,998.0,67.05,5.0,0.0,0.0,1.0,1.0,0.0,1.0,6,Alto,4166.666666666667,1,0.06718436873747495,150000,1605.8474999999999,0,0,0,1,0,0,0,0,0,0
Hyundai Grand i10 CRDi Asta,2014,380000,50000,2,24.0,1120.0,70.0,5.0,1.0,0.0,0.0,1.0,0.0,1.0,11,Grand,4545.454545454545,1,0.0625,550000,1680.0,0,0,1,0,0,0,0,0,0,0
Ford EcoSport 1.5 TDCi Titanium BSIV,2016,650000,125000,1,22.77,1498.0,98.59,5.0,1.0,0.0,0.0,1.0,0.0,1.0,9,EcoSport,13888.888888888889,2,0.06581441922563418,1125000,2244.8943,1,0,0,0,0,0,0,0,0,0
Maruti Wagon R VXI Optional,2016,350000,80000,1,20.51,998.0,67.04,5.0,0.0,0.0,1.0,1.0,0.0,1.0,9,Wagon,8888.888888888889,2,0.06717434869739479,720000,1374.9904000000001,0,0,0,1,0,0,0,0,0,0
Hyundai i20 Asta (o) 1.4 CRDi (Diesel),2010,270000,90000,3,23.0,1396.0,90.0,5.0,1.0,0.0,0.0,1.0,0.0,1.0,15,i20,6000.0,2,0.06446991404011461,1350000,2070.0,0,0,1,0,0,0,0,0,0,0
Tata Bolt Quadrajet XE,2017,450000,50000,1,22.95,1248.0,74.0,5.0,1.0,0.0,0.0,1.0,0.0,1.0,8,Bolt,6250.0,2,0.05929487179487179,400000,1698.3,0,0,0,0,0,0,0,1,0,0
Maruti Wagon R VXI BS IV,2011,270000,40000,1,18.9,998.0,67.1,5.0,0.0,0.0,1.0,1.0,0.0,1.0,14,Wagon,2857.1428571428573,1,0.06723446893787574,560000,1268.1899999999998,0,0,0,1,0,0,0,0,0,0
Maruti Wagon R VXI BS IV,2012,275000,20000,1,18.9,998.0,67.1,5.0,0.0,0.0,1.0,1.0,0.0,1.0,13,Wagon,1538.4615384615386,1,0.06723446893787574,260000,1268.1899999999998,0,0,0,1,0,0,0,0,0,0
Maruti A-Star Zxi,2012,235000,98500,2,19.0,998.0,66.1,5.0,0.0,0.0,1.0,1.0,0.0,1.0,13,A-Star,7576.923076923077,2,0.06623246492985971,1280500,1255.8999999999999,0,0,0,1,0,0,0,0,0,0
Hyundai i10 Asta,2008,275000,98000,3,20.36,1197.0,78.9,5.0,0.0,0.0,1.0,1.0,0.0,1.0,17,i10,5764.705882352941,2,0.06591478696741855,1666000,1606.404,0,0,1,0,0,0,0,0,0,0
Fiat Grande Punto Sport 90BHP,2013,400000,90000,1,20.3,1248.0,92.0,5.0,1.0,0.0,0.0,1.0,0.0,1.0,12,Grande,7500.0,2,0.07371794871794872,1080000,1867.6000000000001,0,0,0,0,0,1,0,0,0,0
Maruti Alto LXi,2012,215000,90000,3,19.7,796.0,46.3,5.0,0.0,0.0,1.0,1.0,0.0,1.0,13,Alto,6923.076923076923,2,0.05816582914572864,1170000,912.1099999999999,0,0,0,1,0,0,0,0,0,0
Hyundai Getz 1.5 CRDi GVS,2009,150000,110000,2,17.1,1493.0,110.0,5.0,1.0,0.0,0.0,1.0,0.0,1.0,16,Getz,6875.0,2,0.07367716008037509,1760000,1881.0000000000002,0,0,1,0,0,0,0,0,0,0
Maruti S-Cross 2017-2020 Zeta DDiS 200 SH,2018,950000,77800,1,25.1,1248.0,88.5,5.0,1.0,0.0,0.0,1.0,0.0,1.0,7,S-Cross,11114.285714285714,2,0.07091346153846154,544600,2221.35,0,0,0,1,0,0,0,0,0,0
Tata Indica V2 Turbomax DLS BS IV,2012,135000,120000,2,19.0,1405.0,71.0,5.0,1.0,0.0,0.0,1.0,0.0,1.0,13,Indica,9230.76923076923,2,0.050533807829181494,1560000,1349.0,0,0,0,0,0,0,0,1,0,0
Hyundai Xcent 1.2 Kappa Base,2016,350000,80000,2,19.1,1197.0,82.0,5.0,0.0,0.0,1.0,1.0,0.0,1.0,9,Xcent,8888.888888888889,2,0.06850459482038429,720000,1566.2,0,0,1,0,0,0,0,0,0,0
Maruti Swift Dzire Tour S CNG,2018,455000,100000,2,19.0,1197.0,85.8,5.0,0.0,0.0,1.0,1.0,0.0,1.0,7,Swift,14285.714285714286,2,0.07167919799498747,700000,1630.2,0,0,0,1,0,0,0,0,0,0
Maruti Swift Dzire VXI 1.2,2019,655000,25000,1,21.21,1197.0,81.8,5.0,0.0,0.0,1.0,1.0,0.0,1.0,6,Swift,4166.666666666667,1,0.0683375104427736,150000,1734.978,0,0,0,1,0,0,0,0,0,0
Ford EcoSport 1.5 Diesel Titanium BSIV,2019,800000,30000,3,23.0,1498.0,98.96,5.0,1.0,0.0,0.0,1.0,0.0,1.0,6,EcoSport,5000.0,1,0.06606141522029373,180000,2276.08,1,0,0,0,0,0,0,0,0,0
Toyota Yaris V CVT BSIV,2018,1100000,25000,1,17.8,1496.0,105.5,5.0,0.0,0.0,1.0,1.0,0.0,0.0,7,Yaris,3571.4285714285716,1,0.07052139037433156,175000,1877.9,0,0,0,0,0,0,0,0,1,0
Volkswagen Vento Diesel Highline,2011,300000,72000,2,20.54,1598.0,103.6,5.0,1.0,0.0,0.0,1.0,0.0,1.0,14,Vento,5142.857142857143,2,0.06483103879849812,1008000,2127.944,0,0,0,0,0,0,0,0,0,1
Ford Figo 1.2P Titanium Opt MT,2016,370000,60000,1,18.16,1196.0,86.8,5.0,0.0,0.0,1.0,1.0,0.0,1.0,9,Figo,6666.666666666667,2,0.0725752508361204,540000,1576.288,1,0,0,0,0,0,0,0,0,0
Hyundai Santro Xing GLS,2014,238000,60000,1,17.92,1086.0,62.1,5.0,0.0,0.0,1.0,1.0,0.0,1.0,11,Santro,5454.545454545455,2,0.057182320441988954,660000,1112.832,0,0,1,0,0,0,0,0,0,0
Hyundai Santro Xing XG,2006,72000,110000,2,19.5,1248.0,81.83,5.0,0.0,0.0,1.0,1.0,0.0,1.0,19,Santro,5789.473684210527,2,0.06556891025641025,2090000,1595.685,0,0,1,0,0,0,0,0,0,0
Hyundai Santro Xing GLS,2013,200000,90000,1,17.92,1086.0,62.1,5.0,0.0,0.0,1.0,1.0,0.0,1.0,12,Santro,7500.0,2,0.057182320441988954,1080000,1112.832,0,0,1,0,0,0,0,0,0,0
Nissan Sunny Diesel XV,2014,320000,91000,4,22.71,1461.0,84.8,5.0,1.0,0.0,0.0,1.0,0.0,1.0,11,Sunny,8272.727272727272,2,0.05804243668720054,1001000,1925.808,0,0,0,0,1,0,0,0,0,0
Hyundai Santro Xing GL Plus,2009,114999,90000,4,17.92,1086.0,62.1,5.0,0.0,0.0,1.0,1.0,0.0,1.0,16,Santro,5625.0,2,0.057182320441988954,1440000,1112.832,0,0,1,0,0,0,0,0,0,0
Maruti Wagon R LXI BS IV,2015,320000,50000,2,20.51,998.0,67.04,5.0,0.0,0.0,1.0,1.0,0.0,1.0,10,Wagon,5000.0,1,0.06717434869739479,500000,1374.9904000000001,0,0,0,1,0,0,0,0,0,0
Hyundai i10 Era,2010,210000,20000,1,19.81,1086.0,68.05,5.0,0.0,0.0,1.0,1.0,0.0,1.0,15,i10,1333.3333333333333,1,0.06266114180478821,300000,1348.0704999999998,0,0,1,0,0,0,0,0,0,0
Maruti Wagon R LXI Minor,2009,135000,150000,2,18.9,1061.0,67.0,5.0,0.0,0.0,1.0,1.0,0.0,1.0,16,Wagon,9375.0,2,0.06314797360980208,2400000,1266.3,0,0,0,1,0,0,0,0,0,0
Tata Indigo CS LS (TDI) BS-III,2015,350000,52000,1,19.09,1405.0,69.01,5.0,1.0,0.0,0.0,1.0,0.0,1.0,10,Indigo,5200.0,2,0.04911743772241993,520000,1317.4009,0,0,0,0,0,0,0,1,0,0
Maruti Swift Dzire VDI,2017,680000,40000,1,28.4,1248.0,74.02,5.0,1.0,0.0,0.0,1.0,0.0,1.0,8,Swift,5000.0,1,0.05931089743589743,320000,2102.1679999999997,0,0,0,1,0,0,0,0,0,0
Maruti Swift Vdi BSIII,2010,200000,190000,2,17.8,1248.0,75.0,5.0,1.0,0.0,0.0,1.0,0.0,1.0,15,Swift,12666.666666666666,2,0.06009615384615385,2850000,1335.0,0,0,0,1,0,0,0,0,0,0
Renault KWID 1.0 RXT Optional,2016,300000,50000,1,23.01,999.0,67.0,5.0,0.0,0.0,1.0,1.0,0.0,1.0,9,KWID,5555.555555555556,2,0.06706706706706707,450000,1541.67,0,0,0,0,0,0,1,0,0,0
Maruti Wagon R LXI BSIII,2012,225000,80000,2,18.9,998.0,67.1,5.0,0.0,0.0,1.0,1.0,0.0,1.0,13,Wagon,6153.846153846154,2,0.06723446893787574,1040000,1268.1899999999998,0,0,0,1,0,0,0,0,0,0
Hyundai EON Era Plus,2015,290000,17000,1,21.1,814.0,55.2,5.0,0.0,0.0,1.0,1.0,0.0,1.0,10,EON,1700.0,1,0.06781326781326781,170000,1164.72,0,0,1,0,0,0,0,0,0,0
Maruti Zen Estilo LXI BS IV,2010,100000,180000,2,19.0,998.0,67.1,5.0,0.0,0.0,1.0,1.0,0.0,1.0,15,Zen,12000.0,2,0.06723446893787574,2700000,1274.8999999999999,0,0,0,1,0,0,0,0,0,0
Maruti Celerio VXI,2016,395000,50000,1,23.1,998.0,67.04,5.0,0.0,0.0,1.0,1.0,0.0,1.0,9,Celerio,5555.555555555556,2,0.06717434869739479,450000,1548.6240000000003,0,0,0,1,0,0,0,0,0,0
Hyundai EON Era Plus,2014,195000,65000,2,21.1,814.0,55.2,5.0,0.0,0.0,1.0,1.0,0.0,1.0,11,EON,5909.090909090909,2,0.06781326781326781,715000,1164.72,0,0,1,0,0,0,0,0,0,0
Hyundai i20 Asta 1.4 CRDi,2015,715000,50000,1,22.54,1396.0,88.73,5.0,1.0,0.0,0.0,1.0,0.0,1.0,10,i20,5000.0,1,0.06356017191977077,500000,1999.9742,0,0,1,0,0,0,0,0,0,0
Hyundai Elite i20 Magna Plus BSIV,2019,600000,10000,1,18.6,1197.0,81.86,5.0,0.0,0.0,1.0,1.0,0.0,1.0,6,Elite,1666.6666666666667,1,0.0683876357560568,60000,1522.596,0,0,1,0,0,0,0,0,0,0
Datsun GO Anniversary Edition,2017,385000,30000,1,20.63,1198.0,67.06,5.0,0.0,0.0,1.0,1.0,0.0,1.0,8,GO,3750.0,1,0.05597662771285476,240000,1383.4478,0,0,0,0,0,1,0,0,0,0
Hyundai i20 Sportz 1.4 CRDi,2012,335000,135000,1,21.9,1396.0,88.76,5.0,1.0,0.0,0.0,1.0,0.0,1.0,13,i20,10384.615384615385,2,0.06358166189111748,1755000,1943.844,0,0,1,0,0,0,0,0,0,0
Maruti Celerio LXI,2014,300000,35000,1,23.1,998.0,67.04,5.0,0.0,0.0,1.0,1.0,0.0,1.0,11,Celerio,3181.818181818182,1,0.06717434869739479,385000,1548.6240000000003,0,0,0,1,0,0,0,0,0,0
Hyundai Accent GLE,2004,80000,120000,2,13.2,1495.0,94.0,5.0,0.0,0.0,1.0,1.0,0.0,1.0,21,Accent,5714.285714285715,2,0.06287625418060201,2520000,1240.8,0,0,1,0,0,0,0,0,0,0
Tata Indigo CS LS (TDI) BS III,2012,168000,190000,2,19.09,1396.0,69.0,5.0,1.0,0.0,0.0,1.0,0.0,1.0,13,Indigo,14615.384615384615,2,0.0494269340974212,2470000,1317.21,0,0,0,0,0,0,0,1,0,0
Toyota Etios GD,2012,300000,120000,2,19.5,1248.0,81.83,5.0,1.0,0.0,0.0,1.0,0.0,1.0,13,Etios,9230.76923076923,2,0.06556891025641025,1560000,1595.685,0,0,0,0,0,0,0,0,1,0
Nissan Sunny XE,2011,350000,25000,2,16.95,1498.0,97.7,5.0,0.0,0.0,1.0,1.0,0.0,1.0,14,Sunny,1785.7142857142858,1,0.06522029372496663,350000,1656.0149999999999,0,0,0,0,1,0,0,0,0,0
Tata Manza Club Class Quadrajet90 VX,2013,280000,80000,1,21.02,1248.0,88.76,5.0,1.0,0.0,0.0,1.0,0.0,1.0,12,Manza,6666.666666666667,2,0.07112179487179487,960000,1865.7352,0,0,0,0,0,0,0,1,0,0
Hyundai Xcent 1.1 CRDi SX Option,2017,550000,70000,2,24.4,1120.0,71.0,5.0,1.0,0.0,0.0,1.0,0.0,1.0,8,Xcent,8750.0,2,0.06339285714285714,560000,1732.3999999999999,0,0,1,0,0,0,0,0,0,0
Hyundai Xcent 1.2 VTVT E Plus,2018,500000,10000,1,20.14,1197.0,81.86,5.0,0.0,0.0,1.0,1.0,0.0,1.0,7,Xcent,1428.5714285714287,1,0.0683876357560568,70000,1648.6604,0,0,1,0,0,0,0,0,0,0
Ford Freestyle Titanium Plus Petrol BSIV,2019,700000,6000,1,19.0,1194.0,94.68,5.0,0.0,0.0,1.0,1.0,0.0,1.0,6,Freestyle,1000.0,1,0.0792964824120603,36000,1798.92,1,0,0,0,0,0,0,0,0,0
Skoda Rapid Ultima 1.6 TDI Elegance,2013,380000,90000,2,20.5,1598.0,103.5,5.0,1.0,0.0,0.0,1.0,0.0,1.0,12,Rapid,7500.0,2,0.06476846057571965,1080000,2121.75,0,0,0,0,0,1,0,0,0,0
Hyundai Grand i10 1.2 Kappa Magna AT,2018,531000,20000,1,18.9,1197.0,81.86,5.0,0.0,0.0,1.0,1.0,0.0,0.0,7,Grand,2857.1428571428573,1,0.0683876357560568,140000,1547.1539999999998,0,0,1,0,0,0,0,0,0,0
Renault KWID 1.0 RXT Optional,2017,300000,35000,1,23.01,999.0,67.0,5.0,0.0,0.0,1.0,1.0,0.0,1.0,8,KWID,4375.0,1,0.06706706706706707,280000,1541.67,0,0,0,0,0,0,1,0,0,0
Volkswagen Polo 1.5 TDI Comfortline,2014,350000,60000,2,20.14,1498.0,88.8,5.0,1.0,0.0,0.0,1.0,0.0,1.0,11,Polo,5454.545454545455,2,0.05927903871829105,660000,1788.432,0,0,0,0,0,0,0,0,0,1
Chevrolet Beat LT,2010,150000,68000,4,18.6,1199.0,79.4,5.0,0.0,0.0,1.0,1.0,0.0,1.0,15,Beat,4533.333333333333,1,0.06622185154295246,1020000,1476.8400000000001,0,0,0,0,0,0,0,0,0,0
Maruti Swift VXI Optional,2015,450000,30000,1,20.4,1197.0,81.8,5.0,0.0,0.0,1.0,1.0,0.0,1.0,10,Swift,3000.0,1,0.0683375104427736,300000,1668.7199999999998,0,0,0,1,0,0,0,0,0,0
Maruti Swift 1.3 VXi,2006,140000,65000,3,19.5,1248.0,81.83,5.0,0.0,0.0,1.0,1.0,0.0,1.0,19,Swift,3421.0526315789475,1,0.06556891025641025,1235000,1595.685,0,0,0,1,0,0,0,0,0,0
Mahindra Bolero GLX,2004,250000,80000,3,19.5,1248.0,81.83,5.0,1.0,0.0,0.0,1.0,0.0,1.0,21,Bolero,3809.5238095238096,1,0.06556891025641025,1680000,1595.685,0,0,0,0,0,1,0,0,0,0
Tata Indica V2 DLX TC,2006,85000,120000,3,16.8,1405.0,68.0,5.0,1.0,0.0,0.0,1.0,0.0,1.0,19,Indica,6315.789473684211,2,0.048398576512455514,2280000,1142.4,0,0,0,0,0,0,0,1,0,0
Hyundai Grand i10 1.2 Kappa Magna BSIV,2018,450000,30000,1,18.9,1197.0,81.86,5.0,0.0,0.0,1.0,1.0,0.0,1.0,7,Grand,4285.714285714285,1,0.0683876357560568,210000,1547.1539999999998,0,0,1,0,0,0,0,0,0,0
Maruti Zen Estilo VXI BSIV W ABS,2011,170000,55113,1,19.5,1248.0,81.83,5.0,0.0,0.0,1.0,1.0,0.0,1.0,14,Zen,3936.6428571428573,1,0.06556891025641025,771582,1595.685,0,0,0,1,0,0,0,0,0,0
Tata Tiago 1.05 Revotorq XM,2017,360000,50000,1,27.28,1047.0,69.0,5.0,1.0,0.0,0.0,1.0,0.0,1.0,8,Tiago,6250.0,2,0.0659025787965616,400000,1882.3200000000002,0,0,0,0,0,0,0,1,0,0
Maruti Alto K10 VXI,2020,390000,6000,1,23.95,998.0,67.05,5.0,0.0,0.0,1.0,1.0,0.0,1.0,5,Alto,1200.0,1,0.06718436873747495,30000,1605.8474999999999,0,0,0,1,0,0,0,0,0,0
Tata Indigo eCS VX BSIV,2013,300000,90000,1,25.0,1396.0,69.0,5.0,1.0,0.0,0.0,1.0,0.0,1.0,12,Indigo,7500.0,2,0.0494269340974212,1080000,1725.0,0,0,0,0,0,0,0,1,0,0
Ford Figo Aspire 1.2 Ti-VCT Titanium,2017,565000,80000,1,18.16,1196.0,86.8,5.0,0.0,0.0,1.0,1.0,0.0,1.0,8,Figo,10000.0,2,0.0725752508361204,640000,1576.288,1,0,0,0,0,0,0,0,0,0
Hyundai Santro Xing XP,2003,50000,80000,2,19.5,1248.0,81.83,5.0,0.0,0.0,1.0,1.0,0.0,1.0,22,Santro,3636.3636363636365,1,0.06556891025641025,1760000,1595.685,0,0,1,0,0,0,0,0,0,0
Hyundai EON Era Plus,2011,180000,80000,2,21.1,814.0,55.2,5.0,0.0,0.0,1.0,1.0,0.0,1.0,14,EON,5714.285714285715,2,0.06781326781326781,1120000,1164.72,0,0,1,0,0,0,0,0,0,0
Hyundai EON D Lite,2013,200000,80000,2,21.1,814.0,55.2,5.0,0.0,0.0,1.0,1.0,0.0,1.0,12,EON,6666.666666666667,2,0.06781326781326781,960000,1164.72,0,0,1,0,0,0,0,0,0,0
Maruti Alto LX,2005,85000,150000,2,19.7,796.0,46.3,5.0,0.0,0.0,1.0,1.0,0.0,1.0,20,Alto,7500.0,2,0.05816582914572864,3000000,912.1099999999999,0,0,0,1,0,0,0,0,0,0
Tata Indica V2 DL BSIII,2006,67500,110000,4,17.88,1396.0,52.8,5.0,1.0,0.0,0.0,1.0,0.0,1.0,19,Indica,5789.473684210527,2,0.03782234957020057,2090000,944.0639999999999,0,0,0,0,0,0,0,1,0,0
Maruti Vitara Brezza ZDi Plus Dual Tone,2016,700000,110000,2,24.3,1248.0,88.5,5.0,1.0,0.0,0.0,1.0,0.0,1.0,9,Vitara,12222.222222222223,2,0.07091346153846154,990000,2150.55,0,0,0,1,0,0,0,0,0,0
Volkswagen Polo Diesel Highline 1.2L,2010,275000,80000,4,22.07,1199.0,73.9,5.0,1.0,0.0,0.0,1.0,0.0,1.0,15,Polo,5333.333333333333,2,0.06163469557964971,1200000,1630.9730000000002,0,0,0,0,0,0,0,0,0,1
Hyundai Grand i10 1.2 Kappa Sportz BSIV,2019,600000,20000,1,18.9,1197.0,81.86,5.0,0.0,0.0,1.0,1.0,0.0,1.0,6,Grand,3333.3333333333335,1,0.0683876357560568,120000,1547.1539999999998,0,0,1,0,0,0,0,0,0,0
Fiat Linea 1.3 Active,2010,200000,80000,2,20.4,1248.0,91.2,5.0,1.0,0.0,0.0,1.0,0.0,1.0,15,Linea,5333.333333333333,2,0.07307692307692308,1200000,1860.48,0,0,0,0,0,1,0,0,0,0
Hyundai Grand i10 CRDi Sportz,2015,425000,91500,2,24.0,1120.0,70.0,5.0,1.0,0.0,0.0,1.0,0.0,1.0,10,Grand,9150.0,2,0.0625,915000,1680.0,0,0,1,0,0,0,0,0,0,0
Maruti Swift Dzire VDi,2012,420000,120000,2,19.3,1248.0,73.9,5.0,1.0,0.0,0.0,1.0,0.0,1.0,13,Swift,9230.76923076923,2,0.059214743589743594,1560000,1426.2700000000002,0,0,0,1,0,0,0,0,0,0
Hyundai i20 1.4 CRDi Era,2012,321000,100000,2,23.0,1396.0,90.0,5.0,1.0,0.0,0.0,1.0,0.0,1.0,13,i20,7692.307692307692,2,0.06446991404011461,1300000,2070.0,0,0,1,0,0,0,0,0,0,0
Honda Amaze i-VTEC Privilege Edition,2017,490000,80000,1,17.8,1198.0,86.7,5.0,0.0,0.0,1.0,1.0,0.0,1.0,8,Amaze,10000.0,2,0.07237061769616027,640000,1543.2600000000002,0,1,0,0,0,0,0,0,0,0
Maruti Alto K10 VXI,2016,298000,70000,1,23.95,998.0,67.05,5.0,0.0,0.0,1.0,1.0,0.0,1.0,9,Alto,7777.777777777777,2,0.06718436873747495,630000,1605.8474999999999,0,0,0,1,0,0,0,0,0,0
Skoda Superb 1.8 TSI,2010,400000,60000,2,19.5,1248.0,81.83,5.0,0.0,0.0,1.0,1.0,0.0,0.0,15,Superb,4000.0,1,0.06556891025641025,900000,1595.685,0,0,0,0,0,1,0,0,0,0
Tata Indica Vista Quadrajet ZX,2012,250000,40000,1,22.3,1248.0,74.0,5.0,1.0,0.0,0.0,1.0,0.0,1.0,13,Indica,3076.923076923077,1,0.05929487179487179,520000,1650.2,0,0,0,0,0,0,0,1,0,0
Hyundai Grand i10 Sportz,2017,500000,20000,1,18.9,1197.0,82.0,5.0,0.0,0.0,1.0,1.0,0.0,1.0,8,Grand,2500.0,1,0.06850459482038429,160000,1549.8,0,0,1,0,0,0,0,0,0,0
Ford Freestyle Trend Petrol BSIV,2019,681000,10000,1,19.0,1194.0,94.68,5.0,0.0,0.0,1.0,1.0,0.0,1.0,6,Freestyle,1666.6666666666667,1,0.0792964824120603,60000,1798.92,1,0,0,0,0,0,0,0,0,0
Chevrolet Aveo U-VA 1.2 LS,2008,80000,70000,2,15.26,1150.0,74.9,5.0,0.0,0.0,1.0,1.0,0.0,1.0,17,Aveo,4117.64705882353,1,0.0651304347826087,1190000,1142.9740000000002,0,0,0,0,0,0,0,0,0,0
Datsun RediGO Sport,2017,229999,80000,1,22.7,799.0,53.0,5.0,0.0,0.0,1.0,1.0,0.0,1.0,8,RediGO,10000.0,2,0.06633291614518148,640000,1203.1,0,0,0,0,0,1,0,0,0,0
Maruti Swift Dzire VXI,2014,500000,45000,1,19.1,1197.0,85.8,5.0,0.0,0.0,1.0,1.0,0.0,1.0,11,Swift,4090.909090909091,1,0.07167919799498747,495000,1638.78,0,0,0,1,0,0,0,0,0,0
Tata Indigo CS LS (TDI) BS III,2013,175000,120000,1,19.09,1396.0,69.0,5.0,1.0,0.0,0.0,1.0,0.0,1.0,12,Indigo,10000.0,2,0.0494269340974212,1440000,1317.21,0,0,0,0,0,0,0,1,0,0
Ford Freestyle Titanium Petrol BSIV,2019,720000,10000,1,19.0,1194.0,94.68,5.0,0.0,0.0,1.0,1.0,0.0,1.0,6,Freestyle,1666.6666666666667,1,0.0792964824120603,60000,1798.92,1,0,0,0,0,0,0,0,0,0
Maruti Alto LXi,2010,165000,30000,3,19.7,796.0,46.3,5.0,0.0,0.0,1.0,1.0,0.0,1.0,15,Alto,2000.0,1,0.05816582914572864,450000,912.1099999999999,0,0,0,1,0,0,0,0,0,0
Maruti Swift VDI,2013,430000,86000,2,22.9,1248.0,74.0,5.0,1.0,0.0,0.0,1.0,0.0,1.0,12,Swift,7166.666666666667,2,0.05929487179487179,1032000,1694.6,0,0,0,1,0,0,0,0,0,0
Maruti Swift Dzire VDi,2011,350000,137500,3,19.3,1248.0,73.9,5.0,1.0,0.0,0.0,1.0,0.0,1.0,14,Swift,9821.42857142857,2,0.059214743589743594,1925000,1426.2700000000002,0,0,0,1,0,0,0,0,0,0
Renault KWID 1.0 RXT Optional,2018,400000,60000,1,23.01,999.0,67.0,5.0,0.0,0.0,1.0,1.0,0.0,1.0,7,KWID,8571.42857142857,2,0.06706706706706707,420000,1541.67,0,0,0,0,0,0,1,0,0,0
Maruti Wagon R VXI BS IV,2015,430000,5000,1,20.51,998.0,67.04,5.0,0.0,0.0,1.0,1.0,0.0,1.0,10,Wagon,500.0,1,0.06717434869739479,50000,1374.9904000000001,0,0,0,1,0,0,0,0,0,0
Maruti Swift VXI Optional,2017,573000,30000,1,20.4,1197.0,81.8,5.0,0.0,0.0,1.0,1.0,0.0,1.0,8,Swift,3750.0,1,0.0683375104427736,240000,1668.7199999999998,0,0,0,1,0,0,0,0,0,0
Hyundai EON D Lite Plus,2015,210000,40000,1,21.1,814.0,55.2,5.0,0.0,0.0,1.0,1.0,0.0,1.0,10,EON,4000.0,1,0.06781326781326781,400000,1164.72,0,0,1,0,0,0,0,0,0,0
Renault Duster 110PS Diesel RxZ,2015,600000,60000,1,19.01,1461.0,108.45,5.0,1.0,0.0,0.0,1.0,0.0,1.0,10,Duster,6000.0,2,0.0742299794661191,600000,2061.6345,0,0,0,0,0,0,1,0,0,0
Honda City 2017-2020 GXi,2008,150000,70000,3,17.7,1497.0,78.0,5.0,0.0,0.0,1.0,1.0,0.0,1.0,17,City,4117.64705882353,1,0.052104208416833664,1190000,1380.6,0,1,0,0,0,0,0,0,0,0
Tata Tigor 1.2 Revotron XT,2019,550000,15000,1,20.3,1199.0,84.0,5.0,0.0,0.0,1.0,1.0,0.0,1.0,6,Tigor,2500.0,1,0.07005838198498748,90000,1705.2,0,0,0,0,0,0,0,1,0,0
Maruti Swift Dzire ZDi,2011,320000,110000,2,19.3,1248.0,73.9,5.0,1.0,0.0,0.0,1.0,0.0,1.0,14,Swift,7857.142857142857,2,0.059214743589743594,1540000,1426.2700000000002,0,0,0,1,0,0,0,0,0,0
Honda Amaze VX Diesel BSIV,2019,800000,10000,1,27.4,1498.0,98.63,5.0,1.0,0.0,0.0,1.0,0.0,1.0,6,Amaze,1666.6666666666667,1,0.0658411214953271,60000,2702.4619999999995,0,1,0,0,0,0,0,0,0,0
Tata Manza Aura Quadrajet,2011,229999,110000,2,18.8,1248.0,90.0,5.0,1.0,0.0,0.0,1.0,0.0,1.0,14,Manza,7857.142857142857,2,0.07211538461538461,1540000,1692.0,0,0,0,0,0,0,0,1,0,0
Hyundai i20 Asta 1.2,2015,630000,35000,1,18.6,1197.0,81.83,5.0,0.0,0.0,1.0,1.0,0.0,1.0,10,i20,3500.0,1,0.06836257309941521,350000,1522.038,0,0,1,0,0,0,0,0,0,0
Maruti Alto Std,2008,95000,120000,1,19.7,796.0,46.3,5.0,0.0,0.0,1.0,1.0,0.0,1.0,17,Alto,7058.823529411765,2,0.05816582914572864,2040000,912.1099999999999,0,0,0,1,0,0,0,0,0,0
Honda Amaze E i-Dtech,2016,500000,70000,2,25.8,1498.0,98.6,5.0,1.0,0.0,0.0,1.0,0.0,1.0,9,Amaze,7777.777777777777,2,0.06582109479305741,630000,2543.88,0,1,0,0,0,0,0,0,0,0
Hyundai EON Era Plus,2012,244000,38000,1,21.1,814.0,55.2,5.0,0.0,0.0,1.0,1.0,0.0,1.0,13,EON,2923.076923076923,1,0.06781326781326781,494000,1164.72,0,0,1,0,0,0,0,0,0,0
Maruti Wagon R LXI BS IV,2013,250000,90000,2,20.51,998.0,67.04,5.0,0.0,0.0,1.0,1.0,0.0,1.0,12,Wagon,7500.0,2,0.06717434869739479,1080000,1374.9904000000001,0,0,0,1,0,0,0,0,0,0
Maruti Baleno Alpha 1.2,2016,660000,60000,1,21.4,1197.0,83.1,5.0,0.0,0.0,1.0,1.0,0.0,1.0,9,Baleno,6666.666666666667,2,0.06942355889724311,540000,1778.3399999999997,0,0,0,1,0,0,0,0,0,0
Hyundai i20 Magna,2010,270000,60000,1,18.5,1197.0,80.0,5.0,0.0,0.0,1.0,1.0,0.0,1.0,15,i20,4000.0,1,0.06683375104427736,900000,1480.0,0,0,1,0,0,0,0,0,0,0
Maruti Ritz VDi,2012,280000,156060,1,23.2,1248.0,73.94,5.0,1.0,0.0,0.0,1.0,0.0,1.0,13,Ritz,12004.615384615385,2,0.05924679487179487,2028780,1715.408,0,0,0,1,0,0,0,0,0,0
Maruti Swift Dzire VXI,2017,525000,70000,1,20.85,1197.0,83.14,5.0,0.0,0.0,1.0,1.0,0.0,1.0,8,Swift,8750.0,2,0.06945697577276524,560000,1733.469,0,0,0,1,0,0,0,0,0,0
Maruti Swift ZXI,2012,345000,50000,2,18.6,1197.0,85.8,5.0,0.0,0.0,1.0,1.0,0.0,1.0,13,Swift,3846.153846153846,1,0.07167919799498747,650000,1595.88,0,0,0,1,0,0,0,0,0,0
Hyundai Santro Xing XS,2007,95000,100000,2,17.8,1086.0,63.0,5.0,0.0,0.0,1.0,1.0,0.0,1.0,18,Santro,5555.555555555556,2,0.058011049723756904,1800000,1121.4,0,0,1,0,0,0,0,0,0,0
Maruti Alto 800 LXI,2015,241000,15000,1,22.74,796.0,47.3,5.0,0.0,0.0,1.0,1.0,0.0,1.0,10,Alto,1500.0,1,0.059422110552763814,150000,1075.6019999999999,0,0,0,1,0,0,0,0,0,0
Maruti Alto 800 LXI,2015,235000,20000,1,22.74,796.0,47.3,5.0,0.0,0.0,1.0,1.0,0.0,1.0,10,Alto,2000.0,1,0.059422110552763814,200000,1075.6019999999999,0,0,0,1,0,0,0,0,0,0
Ford EcoSport 1.5 TDCi Titanium Plus BSIV,2015,615000,80000,1,22.77,1498.0,98.59,5.0,1.0,0.0,0.0,1.0,0.0,1.0,10,EcoSport,8000.0,2,0.06581441922563418,800000,2244.8943,1,0,0,0,0,0,0,0,0,0
Mahindra Verito Vibe 1.5 dCi D4,2014,350000,110000,2,20.8,1461.0,64.1,5.0,1.0,0.0,0.0,1.0,0.0,1.0,11,Verito,10000.0,2,0.04387405886379192,1210000,1333.28,0,0,0,0,0,1,0,0,0,0
Maruti Wagon R Stingray VXI,2014,350000,35000,1,20.51,998.0,67.04,5.0,0.0,0.0,1.0,1.0,0.0,1.0,11,Wagon,3181.818181818182,1,0.06717434869739479,385000,1374.9904000000001,0,0,0,1,0,0,0,0,0,0
Maruti Wagon R Stingray VXI,2014,380000,35000,1,20.51,998.0,67.04,5.0,0.0,0.0,1.0,1.0,0.0,1.0,11,Wagon,3181.818181818182,1,0.06717434869739479,385000,1374.9904000000001,0,0,0,1,0,0,0,0,0,0
Maruti Zen Estilo LXI BS IV,2010,220000,40000,1,19.0,998.0,67.1,5.0,0.0,0.0,1.0,1.0,0.0,1.0,15,Zen,2666.6666666666665,1,0.06723446893787574,600000,1274.8999999999999,0,0,0,1,0,0,0,0,0,0
Maruti Ritz ZXi,2012,275000,70000,2,18.5,1197.0,85.8,5.0,0.0,0.0,1.0,1.0,0.0,1.0,13,Ritz,5384.615384615385,2,0.07167919799498747,910000,1587.3,0,0,0,1,0,0,0,0,0,0
Tata Indica Vista Terra 1.4 TDI,2009,125000,100000,2,17.0,1405.0,71.0,5.0,1.0,0.0,0.0,1.0,0.0,1.0,16,Indica,6250.0,2,0.050533807829181494,1600000,1207.0,0,0,0,0,0,0,0,1,0,0
Hyundai i10 Sportz 1.1L,2015,360000,20000,1,19.81,1086.0,68.05,5.0,0.0,0.0,1.0,1.0,0.0,1.0,10,i10,2000.0,1,0.06266114180478821,200000,1348.0704999999998,0,0,1,0,0,0,0,0,0,0
Hyundai Grand i10 1.2 Kappa Sportz BSIV,2019,550000,15000,1,18.9,1197.0,81.86,5.0,0.0,0.0,1.0,1.0,0.0,1.0,6,Grand,2500.0,1,0.0683876357560568,90000,1547.1539999999998,0,0,1,0,0,0,0,0,0,0
Ford Fiesta 1.4 ZXi Duratec,2011,200000,70000,2,16.6,1388.0,68.0,5.0,0.0,0.0,1.0,1.0,0.0,1.0,14,Fiesta,5000.0,1,0.04899135446685879,980000,1128.8000000000002,1,0,0,0,0,0,0,0,0,0
Hyundai i10 Sportz 1.1L,2016,425000,15000,1,19.81,1086.0,68.05,5.0,0.0,0.0,1.0,1.0,0.0,1.0,9,i10,1666.6666666666667,1,0.06266114180478821,135000,1348.0704999999998,0,0,1,0,0,0,0,0,0,0
Maruti Swift Dzire VDI,2017,620000,107000,1,28.4,1248.0,74.02,5.0,1.0,0.0,0.0,1.0,0.0,1.0,8,Swift,13375.0,2,0.05931089743589743,856000,2102.1679999999997,0,0,0,1,0,0,0,0,0,0
Tata Indica Vista Aqua 1.3 Quadrajet BSIV,2011,130000,54000,2,18.4,1248.0,75.0,5.0,1.0,0.0,0.0,1.0,0.0,1.0,14,Indica,3857.1428571428573,1,0.06009615384615385,756000,1380.0,0,0,0,0,0,0,0,1,0,0
Maruti Alto LX,2009,120000,58000,1,19.7,796.0,46.3,5.0,0.0,0.0,1.0,1.0,0.0,1.0,16,Alto,3625.0,1,0.05816582914572864,928000,912.1099999999999,0,0,0,1,0,0,0,0,0,0
Hyundai Verna CRDi SX,2007,185000,90000,4,16.8,1493.0,110.0,5.0,1.0,0.0,0.0,1.0,0.0,1.0,18,Verna,5000.0,1,0.07367716008037509,1620000,1848.0,0,0,1,0,0,0,0,0,0,0
Hyundai EON 1.0 Kappa Magna Plus,2015,204999,43000,2,20.3,998.0,68.05,5.0,0.0,0.0,1.0,1.0,0.0,1.0,10,EON,4300.0,1,0.06818637274549098,430000,1381.415,0,0,1,0,0,0,0,0,0,0
Maruti Swift Dzire VDI,2017,625000,43000,1,28.4,1248.0,74.02,5.0,1.0,0.0,0.0,1.0,0.0,1.0,8,Swift,5375.0,2,0.05931089743589743,344000,2102.1679999999997,0,0,0,1,0,0,0,0,0,0
Tata Indigo GLX,2011,150000,150000,1,12.8,1396.0,85.0,5.0,0.0,0.0,1.0,1.0,0.0,1.0,14,Indigo,10714.285714285714,2,0.06088825214899714,2100000,1088.0,0,0,0,0,0,0,0,1,0,0
Chevrolet Sail Hatchback Petrol,2013,229999,46000,1,18.2,1199.0,84.8,5.0,0.0,0.0,1.0,1.0,0.0,1.0,12,Sail,3833.3333333333335,1,0.0707256046705588,552000,1543.36,0,0,0,0,0,0,0,0,0,0
Hyundai i20 Asta Option 1.2,2016,576000,35000,1,18.6,1197.0,81.83,5.0,0.0,0.0,1.0,1.0,0.0,1.0,9,i20,3888.8888888888887,1,0.06836257309941521,315000,1522.038,0,0,1,0,0,0,0,0,0,0
Renault KWID RXT,2016,265000,50000,1,25.17,799.0,53.3,5.0,0.0,0.0,1.0,1.0,0.0,1.0,9,KWID,5555.555555555556,2,0.06670838548185232,450000,1341.561,0,0,0,0,0,0,1,0,0,0
Maruti Esteem Vxi - BSII,2005,50000,60000,3,19.5,1248.0,81.83,5.0,0.0,0.0,1.0,1.0,0.0,1.0,20,Esteem,3000.0,1,0.06556891025641025,1200000,1595.685,0,0,0,1,0,0,0,0,0,0
Tata Tigor 1.05 Revotorq XZ,2017,420000,110000,1,24.7,1047.0,69.0,5.0,1.0,0.0,0.0,1.0,0.0,1.0,8,Tigor,13750.0,2,0.0659025787965616,880000,1704.3,0,0,0,0,0,0,0,1,0,0
Renault KWID RXT,2017,290000,28000,1,25.17,799.0,53.3,5.0,0.0,0.0,1.0,1.0,0.0,1.0,8,KWID,3500.0,1,0.06670838548185232,224000,1341.561,0,0,0,0,0,0,1,0,0,0
Hyundai EON Era,2011,160000,57000,1,21.1,814.0,55.2,5.0,0.0,0.0,1.0,1.0,0.0,1.0,14,EON,4071.4285714285716,1,0.06781326781326781,798000,1164.72,0,0,1,0,0,0,0,0,0,0
Maruti Swift Dzire ZDI,2017,695000,50000,1,26.59,1248.0,74.0,5.0,1.0,0.0,0.0,1.0,0.0,1.0,8,Swift,6250.0,2,0.05929487179487179,400000,1967.66,0,0,0,1,0,0,0,0,0,0
Toyota Corolla Altis D-4D J,2015,1050000,60000,1,21.43,1364.0,87.2,5.0,1.0,0.0,0.0,1.0,0.0,1.0,10,Corolla,6000.0,2,0.06392961876832845,600000,1868.6960000000001,0,0,0,0,0,0,0,0,1,0
Hyundai i20 Sportz 1.2,2013,400000,70000,1,18.5,1197.0,82.85,5.0,0.0,0.0,1.0,1.0,0.0,1.0,12,i20,5833.333333333333,2,0.06921470342522974,840000,1532.725,0,0,1,0,0,0,0,0,0,0
Hyundai i20 2015-2017 Sportz 1.2,2016,500000,40000,1,18.6,1197.0,81.83,5.0,0.0,0.0,1.0,1.0,0.0,1.0,9,i20,4444.444444444444,1,0.06836257309941521,360000,1522.038,0,0,1,0,0,0,0,0,0,0
Tata Manza Aqua Quadrajet BS IV,2010,150000,120000,2,21.12,1248.0,88.8,5.0,1.0,0.0,0.0,1.0,0.0,1.0,15,Manza,8000.0,2,0.07115384615384615,1800000,1875.4560000000001,0,0,0,0,0,0,0,1,0,0
Tata Indigo LS,2010,120000,100000,2,17.0,1405.0,70.0,5.0,1.0,0.0,0.0,1.0,0.0,1.0,15,Indigo,6666.666666666667,2,0.0498220640569395,1500000,1190.0,0,0,0,0,0,0,0,1,0,0
Tata Indigo CS LX (TDI) BS-III,2013,200000,120000,2,19.09,1405.0,69.01,5.0,1.0,0.0,0.0,1.0,0.0,1.0,12,Indigo,10000.0,2,0.04911743772241993,1440000,1317.4009,0,0,0,0,0,0,0,1,0,0
Ford Fiesta Classic 1.4 Duratorq CLXI,2012,300000,64000,2,17.8,1399.0,67.0,5.0,1.0,0.0,0.0,1.0,0.0,1.0,13,Fiesta,4923.076923076923,1,0.04789135096497498,832000,1192.6000000000001,1,0,0,0,0,0,0,0,0,0
Maruti Celerio VXI,2015,350000,25000,1,23.1,998.0,67.04,5.0,0.0,0.0,1.0,1.0,0.0,1.0,10,Celerio,2500.0,1,0.06717434869739479,250000,1548.6240000000003,0,0,0,1,0,0,0,0,0,0
Chevrolet Beat Diesel LT,2012,200000,70000,2,25.44,936.0,57.6,5.0,1.0,0.0,0.0,1.0,0.0,1.0,13,Beat,5384.615384615385,2,0.06153846153846154,910000,1465.344,0,0,0,0,0,0,0,0,0,0
Renault KWID RXT,2016,261000,90000,1,25.17,799.0,53.3,5.0,0.0,0.0,1.0,1.0,0.0,1.0,9,KWID,10000.0,2,0.06670838548185232,810000,1341.561,0,0,0,0,0,0,1,0,0,0
Chevrolet Sail 1.2 LS ABS,2015,371000,40000,1,18.2,1199.0,82.4,5.0,0.0,0.0,1.0,1.0,0.0,1.0,10,Sail,4000.0,1,0.06872393661384488,400000,1499.68,0,0,0,0,0,0,0,0,0,0
Tata Indigo CS LX (TDI) BS III,2012,204999,120000,2,19.09,1396.0,69.0,5.0,1.0,0.0,0.0,1.0,0.0,1.0,13,Indigo,9230.76923076923,2,0.0494269340974212,1560000,1317.21,0,0,0,0,0,0,0,1,0,0
Hyundai Accent GLX,2003,110000,90000,2,13.2,1495.0,94.0,5.0,0.0,0.0,1.0,1.0,0.0,1.0,22,Accent,4090.909090909091,1,0.06287625418060201,1980000,1240.8,0,0,1,0,0,0,0,0,0,0
Ford Fusion 1.4 TDCi Diesel,2009,150000,100000,4,17.7,1399.0,68.0,5.0,1.0,0.0,0.0,1.0,0.0,1.0,16,Fusion,6250.0,2,0.04860614724803431,1600000,1203.6,1,0,0,0,0,0,0,0,0,0
Ford Figo Diesel Titanium,2010,180000,110000,2,20.0,1399.0,68.0,5.0,1.0,0.0,0.0,1.0,0.0,1.0,15,Figo,7333.333333333333,2,0.04860614724803431,1650000,1360.0,1,0,0,0,0,0,0,0,0,0
Honda WR-V i-DTEC VX,2017,900000,40000,1,25.5,1498.0,98.6,5.0,1.0,0.0,0.0,1.0,0.0,1.0,8,WR-V,5000.0,1,0.06582109479305741,320000,2514.2999999999997,0,1,0,0,0,0,0,0,0,0
Honda City 2017-2020 GXi,2006,165000,110000,2,17.7,1497.0,78.0,5.0,0.0,0.0,1.0,1.0,0.0,1.0,19,City,5789.473684210527,2,0.052104208416833664,2090000,1380.6,0,1,0,0,0,0,0,0,0,0
Hyundai i20 Magna 1.4 CRDi,2010,270000,100000,4,21.9,1396.0,90.0,5.0,1.0,0.0,0.0,1.0,0.0,1.0,15,i20,6666.666666666667,2,0.06446991404011461,1500000,1970.9999999999998,0,0,1,0,0,0,0,0,0,0
Maruti Vitara Brezza VDi,2017,750000,40000,1,24.3,1248.0,88.5,5.0,1.0,0.0,0.0,1.0,0.0,1.0,8,Vitara,5000.0,1,0.07091346153846154,320000,2150.55,0,0,0,1,0,0,0,0,0,0
Hyundai Elite i20 Petrol Asta Option,2019,750000,30000,1,18.6,1197.0,81.86,5.0,0.0,0.0,1.0,1.0,0.0,1.0,6,Elite,5000.0,1,0.0683876357560568,180000,1522.596,0,0,1,0,0,0,0,0,0,0
Ford Figo Diesel Titanium,2011,190000,90000,2,20.0,1399.0,68.0,5.0,1.0,0.0,0.0,1.0,0.0,1.0,14,Figo,6428.571428571428,2,0.04860614724803431,1260000,1360.0,1,0,0,0,0,0,0,0,0,0
Hyundai i20 1.2 Sportz,2011,315000,80000,1,17.0,1197.0,80.0,5.0,0.0,0.0,1.0,1.0,0.0,1.0,14,i20,5714.285714285715,2,0.06683375104427736,1120000,1360.0,0,0,1,0,0,0,0,0,0,0
Toyota Etios GD,2013,409999,90000,1,23.59,1364.0,67.04,5.0,1.0,0.0,0.0,1.0,0.0,1.0,12,Etios,7500.0,2,0.04914956011730206,1080000,1581.4736,0,0,0,0,0,0,0,0,1,0
Hyundai i20 Sportz 1.2,2013,340000,70000,1,18.5,1197.0,82.85,5.0,0.0,0.0,1.0,1.0,0.0,1.0,12,i20,5833.333333333333,2,0.06921470342522974,840000,1532.725,0,0,1,0,0,0,0,0,0,0
Hyundai EON Magna Plus,2015,270000,43000,1,21.1,814.0,55.2,5.0,0.0,0.0,1.0,1.0,0.0,1.0,10,EON,4300.0,1,0.06781326781326781,430000,1164.72,0,0,1,0,0,0,0,0,0,0
Tata Zest Quadrajet 1.3 75PS XE,2017,280000,80000,1,22.95,1248.0,74.0,5.0,1.0,0.0,0.0,1.0,0.0,1.0,8,Zest,10000.0,2,0.05929487179487179,640000,1698.3,0,0,0,0,0,0,0,1,0,0
Tata Indica Vista Quadrajet VX,2012,130000,60000,1,22.3,1248.0,74.0,5.0,1.0,0.0,0.0,1.0,0.0,1.0,13,Indica,4615.384615384615,1,0.05929487179487179,780000,1650.2,0,0,0,0,0,0,0,1,0,0
Hyundai EON Era Plus,2014,260000,18945,1,21.1,814.0,55.2,5.0,0.0,0.0,1.0,1.0,0.0,1.0,11,EON,1722.2727272727273,1,0.06781326781326781,208395,1164.72,0,0,1,0,0,0,0,0,0,0
Hyundai Grand i10 1.2 CRDi Asta,2018,710000,70000,1,24.0,1186.0,73.97,5.0,1.0,0.0,0.0,1.0,0.0,1.0,7,Grand,10000.0,2,0.062369308600337264,490000,1775.28,0,0,1,0,0,0,0,0,0,0
Maruti Swift Dzire VDi,2009,180000,144000,2,19.3,1248.0,73.9,5.0,1.0,0.0,0.0,1.0,0.0,1.0,16,Swift,9000.0,2,0.059214743589743594,2304000,1426.2700000000002,0,0,0,1,0,0,0,0,0,0
Hyundai i20 1.4 CRDi Magna,2012,320000,107825,2,21.9,1396.0,90.0,5.0,1.0,0.0,0.0,1.0,0.0,1.0,13,i20,8294.23076923077,2,0.06446991404011461,1401725,1970.9999999999998,0,0,1,0,0,0,0,0,0,0
Maruti Alto 800 VXI Plus,2020,370000,15000,1,22.05,796.0,47.3,5.0,0.0,0.0,1.0,1.0,0.0,1.0,5,Alto,3000.0,1,0.059422110552763814,75000,1042.965,0,0,0,1,0,0,0,0,0,0
Renault KWID RXT Optional,2018,340000,10000,1,25.17,799.0,53.3,5.0,0.0,0.0,1.0,1.0,0.0,1.0,7,KWID,1428.5714285714287,1,0.06670838548185232,70000,1341.561,0,0,0,0,0,0,1,0,0,0
Hyundai i20 Active SX Diesel,2018,750000,30000,1,21.19,1396.0,88.76,5.0,1.0,0.0,0.0,1.0,0.0,1.0,7,i20,4285.714285714285,1,0.06358166189111748,210000,1880.8244000000002,0,0,1,0,0,0,0,0,0,0
Tata Tigor 1.05 Revotorq XZ Option,2017,550000,50000,1,24.7,1047.0,69.0,5.0,1.0,0.0,0.0,1.0,0.0,1.0,8,Tigor,6250.0,2,0.0659025787965616,400000,1704.3,0,0,0,0,0,0,0,1,0,0
Honda City i DTEC VX Option,2015,750000,160000,1,25.1,1498.0,98.6,5.0,1.0,0.0,0.0,1.0,0.0,1.0,10,City,16000.0,3,0.06582109479305741,1600000,2474.86,0,1,0,0,0,0,0,0,0,0
Hyundai Santro Magna BSIV,2019,450000,10000,1,20.3,1086.0,68.0,5.0,0.0,0.0,1.0,1.0,0.0,1.0,6,Santro,1666.6666666666667,1,0.06261510128913444,60000,1380.4,0,0,1,0,0,0,0,0,0,0
Maruti Swift VDI Optional,2016,520000,50000,2,25.2,1248.0,74.0,5.0,1.0,0.0,0.0,1.0,0.0,1.0,9,Swift,5555.555555555556,2,0.05929487179487179,450000,1864.8,0,0,0,1,0,0,0,0,0,0
Maruti Alto K10 Knightracer,2013,199000,60000,2,20.2,998.0,67.1,5.0,0.0,0.0,1.0,1.0,0.0,1.0,12,Alto,5000.0,1,0.06723446893787574,720000,1355.4199999999998,0,0,0,1,0,0,0,0,0,0
Chevrolet Beat Diesel LT,2012,150000,110000,1,25.44,936.0,57.6,5.0,1.0,0.0,0.0,1.0,0.0,1.0,13,Beat,8461.538461538461,2,0.06153846153846154,1430000,1465.344,0,0,0,0,0,0,0,0,0,0
Hyundai i20 Active 1.4 SX with AVN,2016,540000,80000,3,21.19,1396.0,88.73,5.0,1.0,0.0,0.0,1.0,0.0,1.0,9,i20,8888.888888888889,2,0.06356017191977077,720000,1880.1887000000002,0,0,1,0,0,0,0,0,0,0
Maruti SX4 ZDI,2011,250000,85000,2,21.5,1248.0,88.8,5.0,1.0,0.0,0.0,1.0,0.0,1.0,14,SX4,6071.428571428572,2,0.07115384615384615,1190000,1909.2,0,0,0,1,0,0,0,0,0,0
Maruti Wagon R LXI Minor,2010,200000,90000,2,18.9,1061.0,67.0,5.0,0.0,0.0,1.0,1.0,0.0,1.0,15,Wagon,6000.0,2,0.06314797360980208,1350000,1266.3,0,0,0,1,0,0,0,0,0,0
Tata Indica V2 2001-2011 eLX,2011,130000,90000,2,25.0,1396.0,69.0,5.0,1.0,0.0,0.0,1.0,0.0,1.0,14,Indica,6428.571428571428,2,0.0494269340974212,1260000,1725.0,0,0,0,0,0,0,0,1,0,0
Hyundai Verna CRDi SX ABS,2009,280000,120000,1,18.1,1493.0,110.0,5.0,1.0,0.0,0.0,1.0,0.0,1.0,16,Verna,7500.0,2,0.07367716008037509,1920000,1991.0000000000002,0,0,1,0,0,0,0,0,0,0
Maruti Zen LXI,2006,120000,141000,2,17.3,993.0,60.0,5.0,0.0,0.0,1.0,1.0,0.0,1.0,19,Zen,7421.0526315789475,2,0.06042296072507553,2679000,1038.0,0,0,0,1,0,0,0,0,0,0
Maruti Swift Ldi BSIII,2008,290000,100000,2,17.8,1248.0,75.0,5.0,1.0,0.0,0.0,1.0,0.0,1.0,17,Swift,5882.35294117647,2,0.06009615384615385,1700000,1335.0,0,0,0,1,0,0,0,0,0,0
Hyundai Creta 1.4 EX Diesel,2019,1000000,15000,1,22.1,1396.0,88.7,5.0,1.0,0.0,0.0,1.0,0.0,1.0,6,Creta,2500.0,1,0.06353868194842408,90000,1960.2700000000002,0,0,1,0,0,0,0,0,0,0
Maruti Swift Dzire VDi,2012,415000,108000,1,19.3,1248.0,73.9,5.0,1.0,0.0,0.0,1.0,0.0,1.0,13,Swift,8307.692307692309,2,0.059214743589743594,1404000,1426.2700000000002,0,0,0,1,0,0,0,0,0,0
Maruti Swift Dzire VDI,2012,415000,108000,1,23.4,1248.0,74.0,5.0,1.0,0.0,0.0,1.0,0.0,1.0,13,Swift,8307.692307692309,2,0.05929487179487179,1404000,1731.6,0,0,0,1,0,0,0,0,0,0
Chevrolet Beat Diesel LT,2015,240000,55000,1,25.44,936.0,56.3,5.0,1.0,0.0,0.0,1.0,0.0,1.0,10,Beat,5500.0,2,0.060149572649572644,550000,1432.272,0,0,0,0,0,0,0,0,0,0
Tata Indica Vista Aura 1.3 Quadrajet (ABS) BS IV,2010,250000,37944,1,18.4,1248.0,75.0,5.0,1.0,0.0,0.0,1.0,0.0,1.0,15,Indica,2529.6,1,0.06009615384615385,569160,1380.0,0,0,0,0,0,0,0,1,0,0
Ford Figo Diesel EXI,2011,175000,90400,1,20.0,1399.0,68.0,5.0,1.0,0.0,0.0,1.0,0.0,1.0,14,Figo,6457.142857142857,2,0.04860614724803431,1265600,1360.0,1,0,0,0,0,0,0,0,0,0
Hyundai Verna CRDi SX,2008,220000,85000,2,16.8,1493.0,110.0,5.0,1.0,0.0,0.0,1.0,0.0,1.0,17,Verna,5000.0,1,0.07367716008037509,1445000,1848.0,0,0,1,0,0,0,0,0,0,0
Maruti Zen D,2003,85000,120000,3,20.8,1527.0,58.0,5.0,1.0,0.0,0.0,1.0,0.0,1.0,22,Zen,5454.545454545455,2,0.03798297314996726,2640000,1206.4,0,0,0,1,0,0,0,0,0,0
Maruti Swift Dzire VXI 1.2,2019,675000,5000,1,21.21,1197.0,81.8,5.0,0.0,0.0,1.0,1.0,0.0,1.0,6,Swift,833.3333333333334,1,0.0683375104427736,30000,1734.978,0,0,0,1,0,0,0,0,0,0
Renault Duster 85PS Diesel RxL,2016,535000,50000,1,19.87,1461.0,83.8,5.0,1.0,0.0,0.0,1.0,0.0,1.0,9,Duster,5555.555555555556,2,0.05735797399041752,450000,1665.106,0,0,0,0,0,0,1,0,0,0
Maruti Vitara Brezza ZDi Plus Dual Tone,2016,800000,90000,1,24.3,1248.0,88.5,5.0,1.0,0.0,0.0,1.0,0.0,1.0,9,Vitara,10000.0,2,0.07091346153846154,810000,2150.55,0,0,0,1,0,0,0,0,0,0
Maruti Eeco 5 Seater AC BSIV,2011,150000,80000,3,15.37,1196.0,73.0,5.0,0.0,0.0,1.0,1.0,0.0,1.0,14,Eeco,5714.285714285715,2,0.061036789297658864,1120000,1122.01,0,0,0,1,0,0,0,0,0,0
Maruti Zen Estilo 1.1 LXI BSIII,2007,90000,60000,2,18.2,1061.0,64.0,5.0,0.0,0.0,1.0,1.0,0.0,1.0,18,Zen,3333.3333333333335,1,0.060320452403393024,1080000,1164.8,0,0,0,1,0,0,0,0,0,0
Hyundai i20 1.4 Asta Option,2017,850000,63186,1,22.54,1396.0,88.73,5.0,1.0,0.0,0.0,1.0,0.0,1.0,8,i20,7898.25,2,0.06356017191977077,505488,1999.9742,0,0,1,0,0,0,0,0,0,0
Maruti Baleno Zeta Automatic,2019,675000,5000,1,21.4,1197.0,83.1,5.0,0.0,0.0,1.0,1.0,0.0,0.0,6,Baleno,833.3333333333334,1,0.06942355889724311,30000,1778.3399999999997,0,0,0,1,0,0,0,0,0,0
Maruti Alto LXi BSIII,2010,150000,91500,1,19.7,796.0,46.3,5.0,0.0,0.0,1.0,1.0,0.0,1.0,15,Alto,6100.0,2,0.05816582914572864,1372500,912.1099999999999,0,0,0,1,0,0,0,0,0,0
Maruti Swift VDI BSIV,2015,550000,23000,1,25.2,1248.0,74.0,5.0,1.0,0.0,0.0,1.0,0.0,1.0,10,Swift,2300.0,1,0.05929487179487179,230000,1864.8,0,0,0,1,0,0,0,0,0,0
Volkswagen Vento Diesel Highline,2012,350000,40000,1,20.54,1598.0,103.6,5.0,1.0,0.0,0.0,1.0,0.0,1.0,13,Vento,3076.923076923077,1,0.06483103879849812,520000,2127.944,0,0,0,0,0,0,0,0,0,1
Maruti Ritz VDi,2012,300000,70000,1,23.2,1248.0,73.94,5.0,1.0,0.0,0.0,1.0,0.0,1.0,13,Ritz,5384.615384615385,2,0.05924679487179487,910000,1715.408,0,0,0,1,0,0,0,0,0,0
Honda Brio S MT,2016,400000,68000,1,19.4,1198.0,86.8,5.0,0.0,0.0,1.0,1.0,0.0,1.0,9,Brio,7555.555555555556,2,0.07245409015025041,612000,1683.9199999999998,0,1,0,0,0,0,0,0,0,0
Chevrolet Sail Hatchback LS ABS,2013,300000,65000,1,22.1,1248.0,76.9,5.0,1.0,0.0,0.0,1.0,0.0,1.0,12,Sail,5416.666666666667,2,0.06161858974358975,780000,1699.4900000000002,0,0,0,0,0,0,0,0,0,0
Hyundai Getz GLS,2005,65000,85000,1,15.3,1341.0,83.0,5.0,0.0,0.0,1.0,1.0,0.0,1.0,20,Getz,4250.0,1,0.061894108873974646,1700000,1269.9,0,0,1,0,0,0,0,0,0,0
Maruti Wagon R VXI BS IV,2011,200000,94000,3,18.9,998.0,67.1,5.0,0.0,0.0,1.0,1.0,0.0,1.0,14,Wagon,6714.285714285715,2,0.06723446893787574,1316000,1268.1899999999998,0,0,0,1,0,0,0,0,0,0
Hyundai i20 Asta Option 1.4 CRDi,2015,650000,100000,1,22.54,1396.0,88.73,5.0,1.0,0.0,0.0,1.0,0.0,1.0,10,i20,10000.0,2,0.06356017191977077,1000000,1999.9742,0,0,1,0,0,0,0,0,0,0
Hyundai i20 Asta Option 1.4 CRDi,2015,650000,80000,1,22.54,1396.0,88.73,5.0,1.0,0.0,0.0,1.0,0.0,1.0,10,i20,8000.0,2,0.06356017191977077,800000,1999.9742,0,0,1,0,0,0,0,0,0,0
Volkswagen Polo Diesel Trendline 1.2L,2013,350000,80000,3,22.07,1199.0,73.9,5.0,1.0,0.0,0.0,1.0,0.0,1.0,12,Polo,6666.666666666667,2,0.06163469557964971,960000,1630.9730000000002,0,0,0,0,0,0,0,0,0,1
Tata Indica V2 DL BSIII,2011,75000,140500,3,17.88,1396.0,52.8,5.0,1.0,0.0,0.0,1.0,0.0,1.0,14,Indica,10035.714285714286,2,0.03782234957020057,1967000,944.0639999999999,0,0,0,0,0,0,0,1,0,0
Maruti Swift Dzire VXi,2010,240000,143000,1,17.5,1298.0,85.8,5.0,0.0,0.0,1.0,1.0,0.0,1.0,15,Swift,9533.333333333334,2,0.06610169491525424,2145000,1501.5,0,0,0,1,0,0,0,0,0,0
Maruti Alto K10 2010-2014 VXI,2013,240000,60000,1,20.92,998.0,67.1,5.0,0.0,0.0,1.0,1.0,0.0,1.0,12,Alto,5000.0,1,0.06723446893787574,720000,1403.732,0,0,0,1,0,0,0,0,0,0
Tata Indica Vista Aura 1.3 Quadrajet (ABS) BS IV,2011,180000,120000,2,18.4,1248.0,75.0,5.0,1.0,0.0,0.0,1.0,0.0,1.0,14,Indica,8571.42857142857,2,0.06009615384615385,1680000,1380.0,0,0,0,0,0,0,0,1,0,0
Chevrolet Spark 1.0 LT,2009,95000,120000,3,18.0,995.0,62.0,5.0,0.0,0.0,1.0,1.0,0.0,1.0,16,Spark,7500.0,2,0.062311557788944726,1920000,1116.0,0,0,0,0,0,0,0,0,0,0
Maruti Swift Dzire VDI,2018,811000,100000,1,28.4,1248.0,74.02,5.0,1.0,0.0,0.0,1.0,0.0,1.0,7,Swift,14285.714285714286,2,0.05931089743589743,700000,2102.1679999999997,0,0,0,1,0,0,0,0,0,0
Mahindra Xylo E8 BS4,2010,300000,40000,1,19.5,1248.0,81.83,5.0,1.0,0.0,0.0,1.0,0.0,1.0,15,Xylo,2666.6666666666665,1,0.06556891025641025,600000,1595.685,0,0,0,0,0,1,0,0,0,0
Tata Indigo LS BSII,2006,100000,120000,3,16.1,1405.0,70.0,5.0,1.0,0.0,0.0,1.0,0.0,1.0,19,Indigo,6315.789473684211,2,0.0498220640569395,2280000,1127.0,0,0,0,0,0,0,0,1,0,0
Maruti Wagon R Stingray VXI,2013,350000,40000,1,20.51,998.0,67.04,5.0,0.0,0.0,1.0,1.0,0.0,1.0,12,Wagon,3333.3333333333335,1,0.06717434869739479,480000,1374.9904000000001,0,0,0,1,0,0,0,0,0,0
Tata Indica V2 DLS TC,2008,100000,40000,1,16.8,1405.0,62.0,5.0,1.0,0.0,0.0,1.0,0.0,1.0,17,Indica,2352.9411764705883,1,0.04412811387900356,680000,1041.6000000000001,0,0,0,0,0,0,0,1,0,0
Renault KWID RXT,2016,330000,20000,1,25.17,799.0,53.3,5.0,0.0,0.0,1.0,1.0,0.0,1.0,9,KWID,2222.222222222222,1,0.06670838548185232,180000,1341.561,0,0,0,0,0,0,1,0,0,0
Maruti S-Cross 2017-2020 Zeta DDiS 200 SH,2018,950000,57000,2,25.1,1248.0,88.5,5.0,1.0,0.0,0.0,1.0,0.0,1.0,7,S-Cross,8142.857142857143,2,0.07091346153846154,399000,2221.35,0,0,0,1,0,0,0,0,0,0
Hyundai Verna Transform SX VGT CRDi,2011,300000,110000,2,16.2,1493.0,110.0,5.0,1.0,0.0,0.0,1.0,0.0,1.0,14,Verna,7857.142857142857,2,0.07367716008037509,1540000,1782.0,0,0,1,0,0,0,0,0,0,0
Hyundai Verna Xi (Petrol),2006,170000,110000,4,13.9,1599.0,103.2,5.0,0.0,0.0,1.0,1.0,0.0,1.0,19,Verna,5789.473684210527,2,0.06454033771106941,2090000,1434.48,0,0,1,0,0,0,0,0,0,0
Tata Tigor 2017-2020 XZ Plus Diesel,2019,900000,8079,1,24.7,1047.0,69.0,5.0,1.0,0.0,0.0,0.0,0.0,1.0,6,Tigor,1346.5,1,0.0659025787965616,48474,1704.3,0,0,0,0,0,0,0,1,0,0
Ford Fiesta Classic 1.4 Duratorq CLXI,2012,350000,79990,2,17.8,1399.0,67.0,5.0,1.0,0.0,0.0,0.0,0.0,1.0,13,Fiesta,6153.076923076923,2,0.04789135096497498,1039870,1192.6000000000001,1,0,0,0,0,0,0,0,0,0
Ford Figo Diesel Titanium,2012,425000,81632,1,20.0,1399.0,68.0,5.0,1.0,0.0,0.0,0.0,0.0,1.0,13,Figo,6279.384615384615,2,0.04860614724803431,1061216,1360.0,1,0,0,0,0,0,0,0,0,0
Ford Aspire Titanium Diesel BSIV,2016,600000,155201,1,26.1,1498.0,99.23,5.0,1.0,0.0,0.0,0.0,0.0,1.0,9,Aspire,17244.555555555555,3,0.06624165554072096,1396809,2589.9030000000002,1,0,0,0,0,0,0,0,0,0
Ford Ecosport 1.5 DV5 MT Titanium,2014,750000,101504,1,22.7,1498.0,89.84,5.0,1.0,0.0,0.0,0.0,0.0,1.0,11,Ecosport,9227.636363636364,2,0.05997329773030708,1116544,2039.368,1,0,0,0,0,0,0,0,0,0
Ford Fiesta Classic 1.4 Duratorq CLXI,2012,450000,90165,1,17.8,1399.0,67.0,5.0,1.0,0.0,0.0,0.0,0.0,1.0,13,Fiesta,6935.7692307692305,2,0.04789135096497498,1172145,1192.6000000000001,1,0,0,0,0,0,0,0,0,0
Ford Figo Titanium Diesel BSIV,2010,325000,86017,2,25.5,1498.0,99.23,5.0,1.0,0.0,0.0,0.0,0.0,1.0,15,Figo,5734.466666666666,2,0.06624165554072096,1290255,2530.3650000000002,1,0,0,0,0,0,0,0,0,0
Fiat Punto 1.3 Emotion,2013,350000,160254,2,19.5,1248.0,81.83,5.0,1.0,0.0,0.0,0.0,0.0,1.0,12,Punto,13354.5,2,0.06556891025641025,1923048,1595.685,0,0,0,0,0,1,0,0,0,0
Ford EcoSport 1.5 TDCi Titanium BSIV,2013,600000,125531,2,22.77,1498.0,98.59,5.0,1.0,0.0,0.0,0.0,0.0,1.0,12,EcoSport,10460.916666666666,2,0.06581441922563418,1506372,2244.8943,1,0,0,0,0,0,0,0,0,0
Tata Tiago 1.2 Revotron XZ,2017,520000,20000,1,23.84,1199.0,84.0,5.0,0.0,0.0,1.0,1.0,0.0,1.0,8,Tiago,2500.0,1,0.07005838198498748,160000,2002.56,0,0,0,0,0,0,0,1,0,0
Tata Nexon 1.5 Revotorq XZA Plus DualTone,2018,950000,40000,1,21.5,1497.0,108.5,5.0,1.0,0.0,0.0,1.0,0.0,0.0,7,Nexon,5714.285714285715,2,0.07247828991315965,280000,2332.75,0,0,0,0,0,0,0,1,0,0
Honda City 1.5 E MT,2008,229999,120000,2,17.0,1497.0,118.0,5.0,0.0,0.0,1.0,1.0,0.0,1.0,17,City,7058.823529411765,2,0.0788243152972612,2040000,2006.0,0,1,0,0,0,0,0,0,0,0
Maruti Ritz VDi,2013,409999,100000,3,23.2,1248.0,73.94,5.0,1.0,0.0,0.0,1.0,0.0,1.0,12,Ritz,8333.333333333334,2,0.05924679487179487,1200000,1715.408,0,0,0,1,0,0,0,0,0,0
Ford Fiesta EXi 1.4 TDCi Ltd,2011,300000,110000,3,17.8,1399.0,68.0,5.0,1.0,0.0,0.0,1.0,0.0,1.0,14,Fiesta,7857.142857142857,2,0.04860614724803431,1540000,1210.4,1,0,0,0,0,0,0,0,0,0
Tata Indica V2 DLG TC,2008,175000,120000,3,16.8,1405.0,68.0,5.0,1.0,0.0,0.0,1.0,0.0,1.0,17,Indica,7058.823529411765,2,0.048398576512455514,2040000,1142.4,0,0,0,0,0,0,0,1,0,0
Maruti Celerio ZXI,2017,425000,40000,2,23.1,998.0,67.04,5.0,0.0,0.0,1.0,1.0,0.0,1.0,8,Celerio,5000.0,1,0.06717434869739479,320000,1548.6240000000003,0,0,0,1,0,0,0,0,0,0
Hyundai i10 Magna 1.1L,2013,310000,70000,1,19.81,1086.0,68.05,5.0,0.0,0.0,1.0,1.0,0.0,1.0,12,i10,5833.333333333333,2,0.06266114180478821,840000,1348.0704999999998,0,0,1,0,0,0,0,0,0,0
Hyundai Creta 1.4 CRDi S Plus,2017,1125000,105000,1,21.38,1396.0,88.7,5.0,1.0,0.0,0.0,1.0,0.0,1.0,8,Creta,13125.0,2,0.06353868194842408,840000,1896.406,0,0,1,0,0,0,0,0,0,0
Hyundai Xcent 1.2 Kappa S Option,2014,450000,46000,2,19.1,1197.0,81.86,5.0,0.0,0.0,1.0,1.0,0.0,1.0,11,Xcent,4181.818181818182,1,0.0683876357560568,506000,1563.526,0,0,1,0,0,0,0,0,0,0
Volkswagen Polo Diesel Highline 1.2L,2011,388000,80000,2,22.07,1199.0,73.9,5.0,1.0,0.0,0.0,1.0,0.0,1.0,14,Polo,5714.285714285715,2,0.06163469557964971,1120000,1630.9730000000002,0,0,0,0,0,0,0,0,0,1
Hyundai Verna Transform SX VTVT,2011,400000,60000,1,16.2,1599.0,103.2,5.0,0.0,0.0,1.0,1.0,0.0,1.0,14,Verna,4285.714285714285,1,0.06454033771106941,840000,1671.84,0,0,1,0,0,0,0,0,0,0
Honda City i DTEC VX,2015,760000,70000,3,25.1,1498.0,98.6,5.0,1.0,0.0,0.0,1.0,0.0,1.0,10,City,7000.0,2,0.06582109479305741,700000,2474.86,0,1,0,0,0,0,0,0,0,0
Maruti Alto LXi,2009,120000,90000,1,19.7,796.0,46.3,5.0,0.0,0.0,1.0,1.0,0.0,1.0,16,Alto,5625.0,2,0.05816582914572864,1440000,912.1099999999999,0,0,0,1,0,0,0,0,0,0
Maruti Swift Dzire VDI,2019,757000,25000,1,28.4,1248.0,74.02,5.0,1.0,0.0,0.0,1.0,0.0,1.0,6,Swift,4166.666666666667,1,0.05931089743589743,150000,2102.1679999999997,0,0,0,1,0,0,0,0,0,0
Maruti Alto 800 VXI,2015,270000,53000,2,22.74,796.0,47.3,5.0,0.0,0.0,1.0,1.0,0.0,1.0,10,Alto,5300.0,2,0.059422110552763814,530000,1075.6019999999999,0,0,0,1,0,0,0,0,0,0
Maruti Swift Dzire AMT VXI,2019,600000,10000,1,21.21,1197.0,81.8,5.0,0.0,0.0,1.0,1.0,0.0,0.0,6,Swift,1666.6666666666667,1,0.0683375104427736,60000,1734.978,0,0,0,1,0,0,0,0,0,0
Renault KWID RXT Optional,2019,290000,21000,1,25.17,799.0,53.3,5.0,0.0,0.0,1.0,1.0,0.0,1.0,6,KWID,3500.0,1,0.06670838548185232,126000,1341.561,0,0,0,0,0,0,1,0,0,0
Maruti Alto K10 2010-2014 VXI,2013,215000,25000,1,20.92,998.0,67.1,5.0,0.0,0.0,1.0,1.0,0.0,1.0,12,Alto,2083.3333333333335,1,0.06723446893787574,300000,1403.732,0,0,0,1,0,0,0,0,0,0
Renault KWID RXT Optional,2016,250000,22000,1,25.17,799.0,53.3,5.0,0.0,0.0,1.0,1.0,0.0,1.0,9,KWID,2444.4444444444443,1,0.06670838548185232,198000,1341.561,0,0,0,0,0,0,1,0,0,0
Maruti Alto K10 VXI,2016,250000,20000,2,23.95,998.0,67.05,5.0,0.0,0.0,1.0,1.0,0.0,1.0,9,Alto,2222.222222222222,1,0.06718436873747495,180000,1605.8474999999999,0,0,0,1,0,0,0,0,0,0
Ford Figo Aspire 1.5 TDCi Titanium,2018,793000,30000,1,25.83,1498.0,99.0,5.0,1.0,0.0,0.0,1.0,0.0,1.0,7,Figo,4285.714285714285,1,0.06608811748998665,210000,2557.1699999999996,1,0,0,0,0,0,0,0,0,0
Honda Jazz V CVT,2017,725000,6550,1,18.2,1199.0,88.7,5.0,0.0,0.0,1.0,1.0,0.0,0.0,8,Jazz,818.75,1,0.07397831526271893,52400,1614.34,0,1,0,0,0,0,0,0,0,0
Hyundai Grand i10 CRDi Sportz,2016,480000,30000,1,24.0,1120.0,70.0,5.0,1.0,0.0,0.0,1.0,0.0,1.0,9,Grand,3333.3333333333335,1,0.0625,270000,1680.0,0,0,1,0,0,0,0,0,0,0
Maruti Swift Dzire ZXI Plus,2018,795000,41779,1,21.21,1197.0,81.8,5.0,0.0,0.0,1.0,0.0,0.0,1.0,7,Swift,5968.428571428572,2,0.0683375104427736,292453,1734.978,0,0,0,1,0,0,0,0,0,0
Honda Jazz 1.2 V i VTEC,2016,625000,54000,1,18.7,1199.0,88.7,5.0,0.0,0.0,1.0,0.0,0.0,1.0,9,Jazz,6000.0,2,0.07397831526271893,486000,1658.69,0,1,0,0,0,0,0,0,0,0
Maruti Ignis 1.3 AMT Zeta,2017,625000,37000,1,26.8,1248.0,74.0,5.0,1.0,0.0,0.0,1.0,0.0,0.0,8,Ignis,4625.0,1,0.05929487179487179,296000,1983.2,0,0,0,1,0,0,0,0,0,0
Maruti Ciaz RS ZDi Plus SHVS,2017,844999,70000,1,28.09,1248.0,88.5,5.0,1.0,0.0,0.0,0.0,0.0,1.0,8,Ciaz,8750.0,2,0.07091346153846154,560000,2485.965,0,0,0,1,0,0,0,0,0,0
Skoda Rapid 1.5 TDI AT Style Plus,2016,650000,99000,1,21.66,1498.0,103.52,5.0,1.0,0.0,0.0,0.0,0.0,0.0,9,Rapid,11000.0,2,0.06910547396528705,891000,2242.2432,0,0,0,0,0,1,0,0,0,0
Maruti Swift ZXI 2018,2018,750000,15000,1,22.0,1197.0,81.8,5.0,0.0,0.0,1.0,0.0,0.0,1.0,7,Swift,2142.8571428571427,1,0.0683375104427736,105000,1799.6,0,0,0,1,0,0,0,0,0,0
Honda Jazz 1.2 SV i VTEC,2015,610000,30000,1,18.7,1199.0,88.7,5.0,0.0,0.0,1.0,0.0,0.0,1.0,10,Jazz,3000.0,1,0.07397831526271893,300000,1658.69,0,1,0,0,0,0,0,0,0,0
Hyundai Elite i20 Asta Option CVT BSIV,2018,890000,29000,1,17.4,1197.0,81.86,5.0,0.0,0.0,1.0,0.0,0.0,0.0,7,Elite,4142.857142857143,1,0.0683876357560568,203000,1424.3639999999998,0,0,1,0,0,0,0,0,0,0
Tata Indigo CS eLX BS IV,2017,385000,155000,1,25.0,1396.0,69.01,5.0,1.0,0.0,0.0,1.0,0.0,1.0,8,Indigo,19375.0,3,0.04943409742120344,1240000,1725.2500000000002,0,0,0,0,0,0,0,1,0,0
Maruti Celerio ZXI AT,2016,400000,35000,1,23.1,998.0,67.04,5.0,0.0,0.0,1.0,1.0,0.0,0.0,9,Celerio,3888.8888888888887,1,0.06717434869739479,315000,1548.6240000000003,0,0,0,1,0,0,0,0,0,0
Hyundai Grand i10 1.2 CRDi Sportz Option,2018,550000,50000,1,24.0,1186.0,73.97,5.0,1.0,0.0,0.0,1.0,0.0,1.0,7,Grand,7142.857142857143,2,0.062369308600337264,350000,1775.28,0,0,1,0,0,0,0,0,0,0
Tata Indigo CS LS (TDI) BS III,2013,200000,175000,2,19.09,1396.0,69.0,5.0,1.0,0.0,0.0,1.0,0.0,1.0,12,Indigo,14583.333333333334,2,0.0494269340974212,2100000,1317.21,0,0,0,0,0,0,0,1,0,0
Renault KWID RXT Optional,2016,310000,11500,1,25.17,799.0,53.3,5.0,0.0,0.0,1.0,1.0,0.0,1.0,9,KWID,1277.7777777777778,1,0.06670838548185232,103500,1341.561,0,0,0,0,0,0,1,0,0,0
Hyundai Xcent 1.2 CRDi S,2019,700000,3000,1,25.4,1186.0,73.97,5.0,1.0,0.0,0.0,1.0,0.0,1.0,6,Xcent,500.0,1,0.062369308600337264,18000,1878.838,0,0,1,0,0,0,0,0,0,0
Chevrolet Sail LT ABS,2015,480000,80000,2,22.1,1248.0,74.0,5.0,1.0,0.0,0.0,1.0,0.0,1.0,10,Sail,8000.0,2,0.05929487179487179,800000,1635.4,0,0,0,0,0,0,0,0,0,0
Maruti Alto LXI,2005,90000,40000,2,19.7,796.0,46.3,5.0,0.0,0.0,1.0,1.0,0.0,1.0,20,Alto,2000.0,1,0.05816582914572864,800000,912.1099999999999,0,0,0,1,0,0,0,0,0,0
Maruti Alto LXI,2005,80000,40000,2,19.7,796.0,46.3,5.0,0.0,0.0,1.0,1.0,0.0,1.0,20,Alto,2000.0,1,0.05816582914572864,800000,912.1099999999999,0,0,0,1,0,0,0,0,0,0
Maruti Ritz VDi,2015,350000,90000,1,23.2,1248.0,73.94,5.0,1.0,0.0,0.0,1.0,0.0,1.0,10,Ritz,9000.0,2,0.05924679487179487,900000,1715.408,0,0,0,1,0,0,0,0,0,0
Maruti SX4 S Cross 2015-2017 DDiS 200 Zeta,2017,600000,100000,1,23.65,1248.0,88.5,5.0,1.0,0.0,0.0,1.0,0.0,1.0,8,SX4,12500.0,2,0.07091346153846154,800000,2093.025,0,0,0,1,0,0,0,0,0,0
Maruti Vitara Brezza VDi Option,2018,770000,50000,1,24.3,1248.0,88.5,5.0,1.0,0.0,0.0,1.0,0.0,1.0,7,Vitara,7142.857142857143,2,0.07091346153846154,350000,2150.55,0,0,0,1,0,0,0,0,0,0
Mahindra Verito 1.5 D6 BSIV,2012,350000,25000,1,21.03,1461.0,65.0,5.0,1.0,0.0,0.0,1.0,0.0,1.0,13,Verito,1923.076923076923,1,0.044490075290896644,325000,1366.95,0,0,0,0,0,1,0,0,0,0
Maruti Wagon R VXI BS IV,2016,340000,40000,1,20.51,998.0,67.04,5.0,0.0,0.0,1.0,1.0,0.0,1.0,9,Wagon,4444.444444444444,1,0.06717434869739479,360000,1374.9904000000001,0,0,0,1,0,0,0,0,0,0
Hyundai Elite i20 Petrol Sportz,2018,650000,31800,1,18.6,1197.0,81.86,5.0,0.0,0.0,1.0,1.0,0.0,1.0,7,Elite,4542.857142857143,1,0.0683876357560568,222600,1522.596,0,0,1,0,0,0,0,0,0,0
Hyundai i10 Sportz,2014,300000,65000,1,20.36,1197.0,78.9,5.0,0.0,0.0,1.0,1.0,0.0,1.0,11,i10,5909.090909090909,2,0.06591478696741855,715000,1606.404,0,0,1,0,0,0,0,0,0,0
Maruti Alto 800 LXI,2014,204999,15000,2,22.74,796.0,47.3,5.0,0.0,0.0,1.0,1.0,0.0,1.0,11,Alto,1363.6363636363637,1,0.059422110552763814,165000,1075.6019999999999,0,0,0,1,0,0,0,0,0,0
Mahindra Verito 1.5 D4 BSIII,2012,254999,70000,2,20.8,1461.0,65.0,5.0,1.0,0.0,0.0,1.0,0.0,1.0,13,Verito,5384.615384615385,2,0.044490075290896644,910000,1352.0,0,0,0,0,0,1,0,0,0,0
Ford Figo Aspire 1.2 Ti-VCT Titanium,2017,650000,5000,1,18.16,1196.0,86.8,5.0,0.0,0.0,1.0,1.0,0.0,1.0,8,Figo,625.0,1,0.0725752508361204,40000,1576.288,1,0,0,0,0,0,0,0,0,0
Hyundai EON Magna Plus,2017,280000,50000,2,21.1,814.0,55.2,5.0,0.0,0.0,1.0,1.0,0.0,1.0,8,EON,6250.0,2,0.06781326781326781,400000,1164.72,0,0,1,0,0,0,0,0,0,0
Tata Indica V2 DLS,2011,100000,80000,1,17.2,1396.0,53.5,5.0,1.0,0.0,0.0,1.0,0.0,1.0,14,Indica,5714.285714285715,2,0.03832378223495702,1120000,920.1999999999999,0,0,0,0,0,0,0,1,0,0
Maruti Vitara Brezza VDi,2017,780000,40000,1,24.3,1248.0,88.5,5.0,1.0,0.0,0.0,1.0,0.0,1.0,8,Vitara,5000.0,1,0.07091346153846154,320000,2150.55,0,0,0,1,0,0,0,0,0,0
Hyundai i10 Magna 1.1L,2011,225000,80000,2,19.81,1086.0,68.05,5.0,0.0,0.0,1.0,1.0,0.0,1.0,14,i10,5714.285714285715,2,0.06266114180478821,1120000,1348.0704999999998,0,0,1,0,0,0,0,0,0,0
Hyundai Santro GLS I - Euro II,2004,90000,90000,3,19.5,1248.0,81.83,5.0,0.0,0.0,1.0,1.0,0.0,1.0,21,Santro,4285.714285714285,1,0.06556891025641025,1890000,1595.685,0,0,1,0,0,0,0,0,0,0
Hyundai Santro Xing XG AT eRLX Euro III,2004,80000,80000,3,19.5,1248.0,81.83,5.0,0.0,0.0,1.0,1.0,0.0,0.0,21,Santro,3809.5238095238096,1,0.06556891025641025,1680000,1595.685,0,0,1,0,0,0,0,0,0,0
Toyota Etios Liva GD,2012,300000,80000,1,19.5,1248.0,81.83,5.0,1.0,0.0,0.0,1.0,0.0,1.0,13,Etios,6153.846153846154,2,0.06556891025641025,1040000,1595.685,0,0,0,0,0,0,0,0,1,0
Mahindra Verito 1.5 D4 BSIV,2012,260000,70000,2,21.03,1461.0,65.0,5.0,1.0,0.0,0.0,1.0,0.0,1.0,13,Verito,5384.615384615385,2,0.044490075290896644,910000,1366.95,0,0,0,0,0,1,0,0,0,0
Chevrolet Spark 1.0 E,2009,90000,50000,2,16.0,995.0,63.0,5.0,0.0,0.0,1.0,1.0,0.0,1.0,16,Spark,3125.0,1,0.06331658291457286,800000,1008.0,0,0,0,0,0,0,0,0,0,0
Ford Figo Diesel ZXI,2012,280000,60000,1,20.0,1399.0,68.0,5.0,1.0,0.0,0.0,1.0,0.0,1.0,13,Figo,4615.384615384615,1,0.04860614724803431,780000,1360.0,1,0,0,0,0,0,0,0,0,0
Mahindra Verito 1.5 D4 BSIII,2014,350000,106000,2,20.8,1461.0,65.0,5.0,1.0,0.0,0.0,1.0,0.0,1.0,11,Verito,9636.363636363636,2,0.044490075290896644,1166000,1352.0,0,0,0,0,0,1,0,0,0,0
Maruti Alto K10 LXI,2013,250000,27000,1,20.92,998.0,67.1,5.0,0.0,0.0,1.0,1.0,0.0,1.0,12,Alto,2250.0,1,0.06723446893787574,324000,1403.732,0,0,0,1,0,0,0,0,0,0
Maruti Alto LXi,2007,95000,70000,2,19.7,796.0,46.3,5.0,0.0,0.0,1.0,1.0,0.0,1.0,18,Alto,3888.8888888888887,1,0.05816582914572864,1260000,912.1099999999999,0,0,0,1,0,0,0,0,0,0
Maruti Wagon R LXI Minor,2010,180000,70000,2,18.9,1061.0,67.0,5.0,0.0,0.0,1.0,1.0,0.0,1.0,15,Wagon,4666.666666666667,1,0.06314797360980208,1050000,1266.3,0,0,0,1,0,0,0,0,0,0
Hyundai Xcent 1.2 CRDi E,2018,530000,60000,1,25.4,1186.0,73.97,5.0,1.0,0.0,0.0,1.0,0.0,1.0,7,Xcent,8571.42857142857,2,0.062369308600337264,420000,1878.838,0,0,1,0,0,0,0,0,0,0
Maruti Swift VVT ZXI,2017,610000,15000,1,22.0,1197.0,81.8,5.0,0.0,0.0,1.0,1.0,0.0,1.0,8,Swift,1875.0,1,0.0683375104427736,120000,1799.6,0,0,0,1,0,0,0,0,0,0
Maruti Zen Estilo VXI BSIV W ABS,2011,200000,40000,1,19.5,1248.0,81.83,5.0,0.0,0.0,1.0,1.0,0.0,1.0,14,Zen,2857.1428571428573,1,0.06556891025641025,560000,1595.685,0,0,0,1,0,0,0,0,0,0
Tata Tiago 1.2 Revotron XZ WO Alloy,2018,560000,26300,1,23.84,1199.0,84.0,5.0,0.0,0.0,1.0,1.0,0.0,1.0,7,Tiago,3757.1428571428573,1,0.07005838198498748,184100,2002.56,0,0,0,0,0,0,0,1,0,0
Maruti Swift Dzire VDI,2017,711000,35000,1,28.4,1248.0,74.02,5.0,1.0,0.0,0.0,1.0,0.0,1.0,8,Swift,4375.0,1,0.05931089743589743,280000,2102.1679999999997,0,0,0,1,0,0,0,0,0,0
Maruti Swift Dzire VXI,2015,511000,30000,1,20.85,1197.0,83.14,5.0,0.0,0.0,1.0,1.0,0.0,1.0,10,Swift,3000.0,1,0.06945697577276524,300000,1733.469,0,0,0,1,0,0,0,0,0,0
Tata Zest Revotron 1.2 XT,2015,325000,50000,1,17.57,1193.0,88.7,5.0,0.0,0.0,1.0,1.0,0.0,1.0,10,Zest,5000.0,1,0.07435037720033529,500000,1558.459,0,0,0,0,0,0,0,1,0,0
Renault Scala Diesel RxZ,2013,434999,120000,1,21.64,1461.0,84.8,5.0,1.0,0.0,0.0,1.0,0.0,1.0,12,Scala,10000.0,2,0.05804243668720054,1440000,1835.072,0,0,0,0,0,0,1,0,0,0
Ford Figo Diesel LXI,2010,210000,100000,2,20.0,1399.0,68.0,5.0,1.0,0.0,0.0,1.0,0.0,1.0,15,Figo,6666.666666666667,2,0.04860614724803431,1500000,1360.0,1,0,0,0,0,0,0,0,0,0
Maruti Omni BSIII 8-STR W/ IMMOBILISER,2009,140000,90000,3,19.5,1248.0,81.83,5.0,0.0,0.0,1.0,1.0,0.0,1.0,16,Omni,5625.0,2,0.06556891025641025,1440000,1595.685,0,0,0,1,0,0,0,0,0,0
Maruti SX4 Vxi BSIII,2007,160000,120000,2,15.0,1586.0,104.68,5.0,0.0,0.0,1.0,1.0,0.0,1.0,18,SX4,6666.666666666667,2,0.06600252206809584,2160000,1570.2,0,0,0,1,0,0,0,0,0,0
Maruti Swift VDI BSIV,2008,250000,90000,2,19.5,1248.0,81.83,5.0,1.0,0.0,0.0,1.0,0.0,1.0,17,Swift,5294.117647058823,2,0.06556891025641025,1530000,1595.685,0,0,0,1,0,0,0,0,0,0
Hyundai i20 Sportz 1.2,2014,320000,72000,1,18.6,1197.0,81.83,5.0,0.0,0.0,1.0,1.0,0.0,1.0,11,i20,6545.454545454545,2,0.06836257309941521,792000,1522.038,0,0,1,0,0,0,0,0,0,0
Renault KWID Climber 1.0 MT,2017,290000,50000,1,23.01,999.0,67.0,5.0,0.0,0.0,1.0,1.0,0.0,1.0,8,KWID,6250.0,2,0.06706706706706707,400000,1541.67,0,0,0,0,0,0,1,0,0,0
Maruti Ciaz ZDi Plus,2015,600000,110000,1,26.21,1248.0,88.5,5.0,1.0,0.0,0.0,1.0,0.0,1.0,10,Ciaz,11000.0,2,0.07091346153846154,1100000,2319.585,0,0,0,1,0,0,0,0,0,0
Renault KWID RXT,2017,340000,25000,1,25.17,799.0,53.3,5.0,0.0,0.0,1.0,1.0,0.0,1.0,8,KWID,3125.0,1,0.06670838548185232,200000,1341.561,0,0,0,0,0,0,1,0,0,0
Maruti Alto LX,2006,100000,40000,1,19.7,796.0,46.3,5.0,0.0,0.0,1.0,1.0,0.0,1.0,19,Alto,2105.2631578947367,1,0.05816582914572864,760000,912.1099999999999,0,0,0,1,0,0,0,0,0,0
Renault KWID RXT Optional,2019,395000,10000,1,25.17,799.0,53.3,5.0,0.0,0.0,1.0,1.0,0.0,1.0,6,KWID,1666.6666666666667,1,0.06670838548185232,60000,1341.561,0,0,0,0,0,0,1,0,0,0
Maruti Wagon R VXI Minor,2010,200000,65000,1,18.9,1061.0,67.0,5.0,0.0,0.0,1.0,1.0,0.0,1.0,15,Wagon,4333.333333333333,1,0.06314797360980208,975000,1266.3,0,0,0,1,0,0,0,0,0,0
Maruti Eeco CNG 5 Seater AC BSIV,2019,450000,10000,1,29.619000000000003,1196.0,61.7,5.0,0.0,0.0,0.0,1.0,0.0,1.0,6,Eeco,1666.6666666666667,1,0.051588628762541805,60000,1827.4923000000003,0,0,0,1,0,0,0,0,0,0
Mahindra Verito 1.4 G4 BSIV,2012,180000,110000,2,13.87,1390.0,75.0,5.0,0.0,0.0,1.0,1.0,0.0,1.0,13,Verito,8461.538461538461,2,0.0539568345323741,1430000,1040.25,0,0,0,0,0,1,0,0,0,0
Maruti Eeco 5 Seater AC BSIV,2015,310000,72000,1,15.37,1196.0,73.0,5.0,0.0,0.0,1.0,1.0,0.0,1.0,10,Eeco,7200.0,2,0.061036789297658864,720000,1122.01,0,0,0,1,0,0,0,0,0,0
Maruti Ritz VDi,2014,351000,89100,2,23.2,1248.0,73.94,5.0,1.0,0.0,0.0,1.0,0.0,1.0,11,Ritz,8100.0,2,0.05924679487179487,980100,1715.408,0,0,0,1,0,0,0,0,0,0
Chevrolet Optra 1.6 LT Royale,2006,190000,94000,2,17.4,1599.0,104.0,5.0,0.0,0.0,1.0,1.0,0.0,1.0,19,Optra,4947.368421052632,1,0.06504065040650407,1786000,1809.6,0,0,0,0,0,0,0,0,0,0
Hyundai EON Magna Plus,2015,225000,120000,2,21.1,814.0,55.2,5.0,0.0,0.0,1.0,1.0,0.0,1.0,10,EON,12000.0,2,0.06781326781326781,1200000,1164.72,0,0,1,0,0,0,0,0,0,0
Chevrolet Spark 1.0 LT,2012,130000,110000,1,16.2,995.0,62.1,5.0,0.0,0.0,1.0,1.0,0.0,1.0,13,Spark,8461.538461538461,2,0.06241206030150754,1430000,1006.02,0,0,0,0,0,0,0,0,0,0
Maruti Ciaz Alpha Diesel,2018,1000000,50000,1,28.09,1248.0,88.5,5.0,1.0,0.0,0.0,1.0,0.0,1.0,7,Ciaz,7142.857142857143,2,0.07091346153846154,350000,2485.965,0,0,0,1,0,0,0,0,0,0
Tata Indica V2 DLS TC,2004,55000,90000,3,16.8,1405.0,62.0,5.0,1.0,0.0,0.0,1.0,0.0,1.0,21,Indica,4285.714285714285,1,0.04412811387900356,1890000,1041.6000000000001,0,0,0,0,0,0,0,1,0,0
Chevrolet Sail 1.2 LT ABS,2014,330000,23000,1,18.2,1199.0,82.4,5.0,0.0,0.0,1.0,1.0,0.0,1.0,11,Sail,2090.909090909091,1,0.06872393661384488,253000,1499.68,0,0,0,0,0,0,0,0,0,0
Maruti Alto K10 2010-2014 VXI,2011,140000,50000,3,20.92,998.0,67.1,5.0,0.0,0.0,1.0,1.0,0.0,1.0,14,Alto,3571.4285714285716,1,0.06723446893787574,700000,1403.732,0,0,0,1,0,0,0,0,0,0
Maruti Eeco CNG 5 Seater AC BSIV,2017,370000,140000,1,29.619000000000003,1196.0,61.7,5.0,0.0,0.0,0.0,1.0,0.0,1.0,8,Eeco,17500.0,3,0.051588628762541805,1120000,1827.4923000000003,0,0,0,1,0,0,0,0,0,0
Hyundai Elite i20 Sportz Plus CVT BSIV,2019,720000,16000,1,17.4,1197.0,81.86,5.0,0.0,0.0,1.0,1.0,0.0,0.0,6,Elite,2666.6666666666665,1,0.0683876357560568,96000,1424.3639999999998,0,0,1,0,0,0,0,0,0,0
Hyundai i20 Active 1.4,2015,500000,126000,1,21.19,1396.0,88.73,5.0,1.0,0.0,0.0,1.0,0.0,1.0,10,i20,12600.0,2,0.06356017191977077,1260000,1880.1887000000002,0,0,1,0,0,0,0,0,0,0
Hyundai Xcent 1.2 VTVT SX,2019,570000,15000,1,20.14,1197.0,81.86,5.0,0.0,0.0,1.0,1.0,0.0,1.0,6,Xcent,2500.0,1,0.0683876357560568,90000,1648.6604,0,0,1,0,0,0,0,0,0,0
Maruti Alto LXi,2009,120000,120000,1,19.7,796.0,46.3,5.0,0.0,0.0,1.0,1.0,0.0,1.0,16,Alto,7500.0,2,0.05816582914572864,1920000,912.1099999999999,0,0,0,1,0,0,0,0,0,0
Hyundai Getz GLX,2005,95000,120000,4,15.3,1341.0,83.0,5.0,0.0,0.0,1.0,1.0,0.0,1.0,20,Getz,6000.0,2,0.061894108873974646,2400000,1269.9,0,0,1,0,0,0,0,0,0,0
Hyundai i10 Sportz AT,2010,196000,110000,3,16.95,1197.0,78.9,5.0,0.0,0.0,1.0,1.0,0.0,0.0,15,i10,7333.333333333333,2,0.06591478696741855,1650000,1337.355,0,0,1,0,0,0,0,0,0,0
Maruti Eeco 5 Seater AC BSIV,2016,392000,38000,1,15.37,1196.0,73.0,5.0,0.0,0.0,1.0,1.0,0.0,1.0,9,Eeco,4222.222222222223,1,0.061036789297658864,342000,1122.01,0,0,0,1,0,0,0,0,0,0
Tata Manza Aura Plus Safire,2010,150000,104000,1,15.0,1368.0,90.0,5.0,0.0,0.0,1.0,1.0,0.0,1.0,15,Manza,6933.333333333333,2,0.06578947368421052,1560000,1350.0,0,0,0,0,0,0,0,1,0,0
Maruti Vitara Brezza ZDi Plus AMT Dual Tone,2018,833000,35000,1,24.3,1248.0,88.5,5.0,1.0,0.0,0.0,1.0,0.0,0.0,7,Vitara,5000.0,1,0.07091346153846154,245000,2150.55,0,0,0,1,0,0,0,0,0,0
Maruti Ritz VDi,2009,180000,85000,3,21.1,1248.0,73.9,5.0,1.0,0.0,0.0,1.0,0.0,1.0,16,Ritz,5312.5,2,0.059214743589743594,1360000,1559.2900000000002,0,0,0,1,0,0,0,0,0,0
Maruti Wagon R VXi BSII,2012,225000,80000,1,18.9,998.0,67.1,5.0,0.0,0.0,1.0,1.0,0.0,1.0,13,Wagon,6153.846153846154,2,0.06723446893787574,1040000,1268.1899999999998,0,0,0,1,0,0,0,0,0,0
Hyundai i20 Era Diesel,2009,340000,40000,1,23.0,1396.0,90.0,5.0,1.0,0.0,0.0,1.0,0.0,1.0,16,i20,2500.0,1,0.06446991404011461,640000,2070.0,0,0,1,0,0,0,0,0,0,0
Maruti Wagon R VXI BS IV,2017,400000,65000,2,20.51,998.0,67.04,5.0,0.0,0.0,1.0,1.0,0.0,1.0,8,Wagon,8125.0,2,0.06717434869739479,520000,1374.9904000000001,0,0,0,1,0,0,0,0,0,0
Hyundai Getz GLE,2006,90000,100000,3,15.3,1341.0,83.0,5.0,0.0,0.0,1.0,1.0,0.0,1.0,19,Getz,5263.1578947368425,2,0.061894108873974646,1900000,1269.9,0,0,1,0,0,0,0,0,0,0
Maruti Ciaz VDi Plus SHVS,2015,650000,84000,1,28.09,1248.0,88.5,5.0,1.0,0.0,0.0,1.0,0.0,1.0,10,Ciaz,8400.0,2,0.07091346153846154,840000,2485.965,0,0,0,1,0,0,0,0,0,0
Chevrolet Aveo U-VA 1.2 LS,2010,125000,60000,1,15.26,1150.0,74.9,5.0,0.0,0.0,1.0,1.0,0.0,1.0,15,Aveo,4000.0,1,0.0651304347826087,900000,1142.9740000000002,0,0,0,0,0,0,0,0,0,0
Hyundai Getz GLE,2006,81000,100000,4,15.3,1341.0,83.0,5.0,0.0,0.0,1.0,1.0,0.0,1.0,19,Getz,5263.1578947368425,2,0.061894108873974646,1900000,1269.9,0,0,1,0,0,0,0,0,0,0
Maruti Swift Glam,2007,170000,78000,2,16.1,1298.0,88.2,5.0,0.0,0.0,1.0,1.0,0.0,1.0,18,Swift,4333.333333333333,1,0.0679506933744222,1404000,1420.0200000000002,0,0,0,1,0,0,0,0,0,0
Honda City 1.5 EXI,2002,81000,161000,4,13.0,1493.0,100.0,5.0,0.0,0.0,1.0,1.0,0.0,1.0,23,City,7000.0,2,0.06697923643670463,3703000,1300.0,0,1,0,0,0,0,0,0,0,0
Maruti Alto LX,2005,95000,70000,3,19.7,796.0,46.3,5.0,0.0,0.0,1.0,1.0,0.0,1.0,20,Alto,3500.0,1,0.05816582914572864,1400000,912.1099999999999,0,0,0,1,0,0,0,0,0,0
Renault KWID RXL,2015,200000,50000,1,25.17,799.0,53.3,5.0,0.0,0.0,1.0,1.0,0.0,1.0,10,KWID,5000.0,1,0.06670838548185232,500000,1341.561,0,0,0,0,0,0,1,0,0,0
Maruti Wagon R VXI 1.2,2019,480000,25000,1,20.52,1197.0,81.8,5.0,0.0,0.0,1.0,1.0,0.0,1.0,6,Wagon,4166.666666666667,1,0.0683375104427736,150000,1678.5359999999998,0,0,0,1,0,0,0,0,0,0
Hyundai i20 1.2 Asta,2018,700000,6000,1,18.6,1197.0,81.83,5.0,0.0,0.0,1.0,1.0,0.0,1.0,7,i20,857.1428571428571,1,0.06836257309941521,42000,1522.038,0,0,1,0,0,0,0,0,0,0
Tata Indigo CR4,2012,300000,40000,1,23.57,1396.0,70.0,5.0,1.0,0.0,0.0,1.0,0.0,1.0,13,Indigo,3076.923076923077,1,0.050143266475644696,520000,1649.9,0,0,0,0,0,0,0,1,0,0
Hyundai i20 1.2 Asta Option,2017,650000,8000,1,18.6,1197.0,81.83,5.0,0.0,0.0,1.0,1.0,0.0,1.0,8,i20,1000.0,1,0.06836257309941521,64000,1522.038,0,0,1,0,0,0,0,0,0,0
Maruti Ritz VXI,2010,220000,20000,1,21.1,1197.0,85.8,5.0,0.0,0.0,1.0,1.0,0.0,1.0,15,Ritz,1333.3333333333333,1,0.07167919799498747,300000,1810.38,0,0,0,1,0,0,0,0,0,0
Tata Indigo CS LS (TDI) BS-III,2014,300000,45000,1,19.09,1405.0,69.01,5.0,1.0,0.0,0.0,1.0,0.0,1.0,11,Indigo,4090.909090909091,1,0.04911743772241993,495000,1317.4009,0,0,0,0,0,0,0,1,0,0
Maruti Swift Dzire VDI,2014,450000,80000,1,23.4,1248.0,74.0,5.0,1.0,0.0,0.0,1.0,0.0,1.0,11,Swift,7272.727272727273,2,0.05929487179487179,880000,1731.6,0,0,0,1,0,0,0,0,0,0
Maruti Swift VDI BSIV,2014,400000,90000,1,25.2,1248.0,74.0,5.0,1.0,0.0,0.0,1.0,0.0,1.0,11,Swift,8181.818181818182,2,0.05929487179487179,990000,1864.8,0,0,0,1,0,0,0,0,0,0
Maruti S-Cross 2017-2020 Alpha DDiS 200 SH,2018,1030000,25000,1,25.1,1248.0,88.5,5.0,1.0,0.0,0.0,1.0,0.0,1.0,7,S-Cross,3571.4285714285716,1,0.07091346153846154,175000,2221.35,0,0,0,1,0,0,0,0,0,0
Tata Manza Aura Quadrajet,2010,190000,100000,2,18.8,1248.0,90.0,5.0,1.0,0.0,0.0,1.0,0.0,1.0,15,Manza,6666.666666666667,2,0.07211538461538461,1500000,1692.0,0,0,0,0,0,0,0,1,0,0
Ford Fiesta 1.4 Duratec EXI,2006,140000,60000,2,16.6,1388.0,68.0,5.0,0.0,0.0,1.0,1.0,0.0,1.0,19,Fiesta,3157.8947368421054,1,0.04899135446685879,1140000,1128.8000000000002,1,0,0,0,0,0,0,0,0,0
Hyundai i20 Active S Diesel,2018,800000,30000,1,21.19,1396.0,88.76,5.0,1.0,0.0,0.0,1.0,0.0,1.0,7,i20,4285.714285714285,1,0.06358166189111748,210000,1880.8244000000002,0,0,1,0,0,0,0,0,0,0
Volkswagen Vento Diesel Highline,2011,375000,69000,2,20.54,1598.0,103.6,5.0,1.0,0.0,0.0,1.0,0.0,1.0,14,Vento,4928.571428571428,1,0.06483103879849812,966000,2127.944,0,0,0,0,0,0,0,0,0,1
Chevrolet Beat LT,2010,140000,75000,1,18.6,1199.0,79.4,5.0,0.0,0.0,1.0,1.0,0.0,1.0,15,Beat,5000.0,1,0.06622185154295246,1125000,1476.8400000000001,0,0,0,0,0,0,0,0,0,0
Maruti Alto LX,2004,60000,113000,2,19.7,796.0,46.3,5.0,0.0,0.0,1.0,1.0,0.0,1.0,21,Alto,5380.952380952381,2,0.05816582914572864,2373000,912.1099999999999,0,0,0,1,0,0,0,0,0,0
Hyundai Xcent 1.1 CRDi S Option,2014,420000,90000,2,24.4,1120.0,71.01,5.0,1.0,0.0,0.0,1.0,0.0,1.0,11,Xcent,8181.818181818182,2,0.06340178571428572,990000,1732.644,0,0,1,0,0,0,0,0,0,0
Renault Pulse RxZ,2012,300000,100000,3,23.08,1461.0,63.12,5.0,1.0,0.0,0.0,1.0,0.0,1.0,13,Pulse,7692.307692307692,2,0.04320328542094456,1300000,1456.8095999999998,0,0,0,0,0,0,1,0,0,0
Tata Indica Vista Quadrajet VX,2012,150000,110000,1,22.3,1248.0,74.0,5.0,1.0,0.0,0.0,1.0,0.0,1.0,13,Indica,8461.538461538461,2,0.05929487179487179,1430000,1650.2,0,0,0,0,0,0,0,1,0,0
Ford EcoSport 1.5 TDCi Titanium Plus BSIV,2015,600000,90000,1,22.77,1498.0,98.59,5.0,1.0,0.0,0.0,1.0,0.0,1.0,10,EcoSport,9000.0,2,0.06581441922563418,900000,2244.8943,1,0,0,0,0,0,0,0,0,0
Ford Figo Diesel Titanium,2011,204999,100000,2,20.0,1399.0,68.0,5.0,1.0,0.0,0.0,1.0,0.0,1.0,14,Figo,7142.857142857143,2,0.04860614724803431,1400000,1360.0,1,0,0,0,0,0,0,0,0,0
Hyundai Xcent 1.2 CRDi SX,2017,625000,50000,1,25.4,1186.0,73.97,5.0,1.0,0.0,0.0,1.0,0.0,1.0,8,Xcent,6250.0,2,0.062369308600337264,400000,1878.838,0,0,1,0,0,0,0,0,0,0
Chevrolet Optra Magnum 1.6 LT Petrol,2009,250000,80000,2,12.9,1598.0,102.5,5.0,0.0,0.0,1.0,1.0,0.0,1.0,16,Optra,5000.0,1,0.06414267834793493,1280000,1322.25,0,0,0,0,0,0,0,0,0,0
Maruti Swift AMT VXI,2019,610000,10000,1,21.21,1197.0,81.8,5.0,0.0,0.0,1.0,1.0,0.0,0.0,6,Swift,1666.6666666666667,1,0.0683375104427736,60000,1734.978,0,0,0,1,0,0,0,0,0,0
Maruti Swift Dzire VDI,2014,509999,110000,1,23.4,1248.0,74.0,5.0,1.0,0.0,0.0,1.0,0.0,1.0,11,Swift,10000.0,2,0.05929487179487179,1210000,1731.6,0,0,0,1,0,0,0,0,0,0
Maruti Swift Dzire VDI,2014,511000,100000,1,23.4,1248.0,74.0,5.0,1.0,0.0,0.0,1.0,0.0,1.0,11,Swift,9090.90909090909,2,0.05929487179487179,1100000,1731.6,0,0,0,1,0,0,0,0,0,0
Hyundai i20 Sportz 1.4 CRDi,2014,451000,91000,1,22.54,1396.0,88.73,5.0,1.0,0.0,0.0,1.0,0.0,1.0,11,i20,8272.727272727272,2,0.06356017191977077,1001000,1999.9742,0,0,1,0,0,0,0,0,0,0
Hyundai i10 Sportz,2009,170000,100000,1,20.36,1197.0,78.9,5.0,0.0,0.0,1.0,1.0,0.0,1.0,16,i10,6250.0,2,0.06591478696741855,1600000,1606.404,0,0,1,0,0,0,0,0,0,0
Maruti Swift Dzire VDI,2013,450000,120000,2,23.4,1248.0,74.0,5.0,1.0,0.0,0.0,1.0,0.0,1.0,12,Swift,10000.0,2,0.05929487179487179,1440000,1731.6,0,0,0,1,0,0,0,0,0,0
Honda City 1.5 V Elegance,2011,375000,90000,2,17.0,1497.0,118.0,5.0,0.0,0.0,1.0,1.0,0.0,1.0,14,City,6428.571428571428,2,0.0788243152972612,1260000,2006.0,0,1,0,0,0,0,0,0,0,0
Maruti Alto 800 LXI,2016,305000,60000,2,22.74,796.0,47.3,5.0,0.0,0.0,1.0,1.0,0.0,1.0,9,Alto,6666.666666666667,2,0.059422110552763814,540000,1075.6019999999999,0,0,0,1,0,0,0,0,0,0
Renault KWID RXT,2016,315000,51500,1,25.17,799.0,53.3,5.0,0.0,0.0,1.0,1.0,0.0,1.0,9,KWID,5722.222222222223,2,0.06670838548185232,463500,1341.561,0,0,0,0,0,0,1,0,0,0
Chevrolet Sail 1.3 LS,2016,250000,60000,2,22.1,1248.0,74.0,5.0,1.0,0.0,0.0,1.0,0.0,1.0,9,Sail,6666.666666666667,2,0.05929487179487179,540000,1635.4,0,0,0,0,0,0,0,0,0,0
Ford Figo Diesel EXI,2012,200000,104500,2,20.0,1399.0,68.0,5.0,1.0,0.0,0.0,1.0,0.0,1.0,13,Figo,8038.461538461538,2,0.04860614724803431,1358500,1360.0,1,0,0,0,0,0,0,0,0,0
Renault Duster 110PS Diesel RxL,2012,400000,120000,3,19.01,1461.0,108.45,5.0,1.0,0.0,0.0,1.0,0.0,1.0,13,Duster,9230.76923076923,2,0.0742299794661191,1560000,2061.6345,0,0,0,0,0,0,1,0,0,0
Maruti Swift ZDi,2014,509999,100000,2,22.9,1248.0,74.0,5.0,1.0,0.0,0.0,1.0,0.0,1.0,11,Swift,9090.90909090909,2,0.05929487179487179,1100000,1694.6,0,0,0,1,0,0,0,0,0,0
Maruti Wagon R LXI,2005,150000,150000,3,18.9,998.0,67.1,5.0,0.0,0.0,1.0,1.0,0.0,1.0,20,Wagon,7500.0,2,0.06723446893787574,3000000,1268.1899999999998,0,0,0,1,0,0,0,0,0,0
Maruti Wagon R AX,2006,75000,60000,1,18.9,998.0,67.1,5.0,0.0,0.0,1.0,1.0,0.0,0.0,19,Wagon,3157.8947368421054,1,0.06723446893787574,1140000,1268.1899999999998,0,0,0,1,0,0,0,0,0,0
Hyundai Verna 1.4 VTVT,2015,465000,50000,2,17.43,1396.0,105.5,5.0,0.0,0.0,1.0,1.0,0.0,1.0,10,Verna,5000.0,1,0.0755730659025788,500000,1838.865,0,0,1,0,0,0,0,0,0,0
Hyundai Grand i10 1.2 CRDi Asta,2019,700000,10000,1,24.0,1186.0,73.97,5.0,1.0,0.0,0.0,1.0,0.0,1.0,6,Grand,1666.6666666666667,1,0.062369308600337264,60000,1775.28,0,0,1,0,0,0,0,0,0,0
Hyundai i20 1.2 Asta,2017,610000,40000,1,18.6,1197.0,81.83,5.0,0.0,0.0,1.0,1.0,0.0,1.0,8,i20,5000.0,1,0.06836257309941521,320000,1522.038,0,0,1,0,0,0,0,0,0,0
Hyundai Santro GS zipDrive - Euro II,2004,60000,120000,2,19.5,1248.0,81.83,5.0,0.0,0.0,1.0,1.0,0.0,1.0,21,Santro,5714.285714285715,2,0.06556891025641025,2520000,1595.685,0,0,1,0,0,0,0,0,0,0
Maruti Alto 800 LXI,2014,235000,50000,1,22.74,796.0,47.3,5.0,0.0,0.0,1.0,1.0,0.0,1.0,11,Alto,4545.454545454545,1,0.059422110552763814,550000,1075.6019999999999,0,0,0,1,0,0,0,0,0,0
Maruti Eeco 5 Seater AC BSIV,2017,330000,90000,1,15.37,1196.0,73.0,5.0,0.0,0.0,1.0,1.0,0.0,1.0,8,Eeco,11250.0,2,0.061036789297658864,720000,1122.01,0,0,0,1,0,0,0,0,0,0
Nissan Terrano XE 85 PS,2014,472000,90000,1,20.45,1461.0,83.8,5.0,1.0,0.0,0.0,1.0,0.0,1.0,11,Terrano,8181.818181818182,2,0.05735797399041752,990000,1713.7099999999998,0,0,0,0,1,0,0,0,0,0
Maruti Swift VXI,2019,585000,10000,1,21.21,1197.0,81.8,5.0,0.0,0.0,1.0,1.0,0.0,1.0,6,Swift,1666.6666666666667,1,0.0683375104427736,60000,1734.978,0,0,0,1,0,0,0,0,0,0
Maruti Alto K10 VXI,2019,360000,27000,1,23.95,998.0,67.05,5.0,0.0,0.0,1.0,1.0,0.0,1.0,6,Alto,4500.0,1,0.06718436873747495,162000,1605.8474999999999,0,0,0,1,0,0,0,0,0,0
Maruti Swift Dzire VDI,2016,649000,70000,1,26.59,1248.0,74.0,5.0,1.0,0.0,0.0,1.0,0.0,1.0,9,Swift,7777.777777777777,2,0.05929487179487179,630000,1967.66,0,0,0,1,0,0,0,0,0,0
Maruti Swift 1.3 VXi,2008,240000,60000,1,19.5,1248.0,81.83,5.0,0.0,0.0,1.0,1.0,0.0,1.0,17,Swift,3529.4117647058824,1,0.06556891025641025,1020000,1595.685,0,0,0,1,0,0,0,0,0,0
Hyundai Grand i10 CRDi Magna,2014,400000,110000,1,24.0,1120.0,70.0,5.0,1.0,0.0,0.0,1.0,0.0,1.0,11,Grand,10000.0,2,0.0625,1210000,1680.0,0,0,1,0,0,0,0,0,0,0
Maruti Celerio VDi,2015,250000,100000,2,27.62,793.0,47.0,5.0,1.0,0.0,0.0,1.0,0.0,1.0,10,Celerio,10000.0,2,0.05926860025220681,1000000,1298.14,0,0,0,1,0,0,0,0,0,0
Maruti Swift Vdi BSIII,2009,250000,105000,2,17.8,1248.0,75.0,5.0,1.0,0.0,0.0,1.0,0.0,1.0,16,Swift,6562.5,2,0.06009615384615385,1680000,1335.0,0,0,0,1,0,0,0,0,0,0
Hyundai Santro Xing GLS,2010,150000,60000,3,17.92,1086.0,62.1,5.0,0.0,0.0,1.0,1.0,0.0,1.0,15,Santro,4000.0,1,0.057182320441988954,900000,1112.832,0,0,1,0,0,0,0,0,0,0
Maruti Swift VDI BSIV,2010,315000,120000,2,19.5,1248.0,81.83,5.0,1.0,0.0,0.0,1.0,0.0,1.0,15,Swift,8000.0,2,0.06556891025641025,1800000,1595.685,0,0,0,1,0,0,0,0,0,0
Chevrolet Beat Diesel LT,2012,170000,90000,1,25.44,936.0,57.6,5.0,1.0,0.0,0.0,1.0,0.0,1.0,13,Beat,6923.076923076923,2,0.06153846153846154,1170000,1465.344,0,0,0,0,0,0,0,0,0,0
Renault Duster 110PS Diesel RxL,2013,360000,81000,2,19.01,1461.0,108.45,5.0,1.0,0.0,0.0,1.0,0.0,1.0,12,Duster,6750.0,2,0.0742299794661191,972000,2061.6345,0,0,0,0,0,0,1,0,0,0
Hyundai Xcent 1.2 CRDi SX,2018,570000,80000,1,25.4,1186.0,73.97,5.0,1.0,0.0,0.0,1.0,0.0,1.0,7,Xcent,11428.57142857143,2,0.062369308600337264,560000,1878.838,0,0,1,0,0,0,0,0,0,0
Renault Duster 110PS Diesel RxZ,2012,350000,105000,2,19.01,1461.0,108.45,5.0,1.0,0.0,0.0,1.0,0.0,1.0,13,Duster,8076.923076923077,2,0.0742299794661191,1365000,2061.6345,0,0,0,0,0,0,1,0,0,0
Mahindra Ingenio CRDe,2017,600000,60000,1,19.5,1248.0,81.83,5.0,1.0,0.0,0.0,1.0,0.0,1.0,8,Ingenio,7500.0,2,0.06556891025641025,480000,1595.685,0,0,0,0,0,1,0,0,0,0
Renault Duster 110PS Diesel RxZ,2012,375000,100000,2,19.01,1461.0,108.45,5.0,1.0,0.0,0.0,1.0,0.0,1.0,13,Duster,7692.307692307692,2,0.0742299794661191,1300000,2061.6345,0,0,0,0,0,0,1,0,0,0
Maruti Eeco CNG 5 Seater AC BSIV,2019,450000,60000,1,29.619000000000003,1196.0,61.7,5.0,0.0,0.0,0.0,1.0,0.0,1.0,6,Eeco,10000.0,2,0.051588628762541805,360000,1827.4923000000003,0,0,0,1,0,0,0,0,0,0
Hyundai i20 Magna 1.4 CRDi (Diesel),2013,325000,70000,3,21.9,1396.0,88.76,5.0,1.0,0.0,0.0,1.0,0.0,1.0,12,i20,5833.333333333333,2,0.06358166189111748,840000,1943.844,0,0,1,0,0,0,0,0,0,0
Volkswagen Vento Diesel Comfortline,2011,260000,120000,3,20.54,1598.0,103.6,5.0,1.0,0.0,0.0,1.0,0.0,1.0,14,Vento,8571.42857142857,2,0.06483103879849812,1680000,2127.944,0,0,0,0,0,0,0,0,0,1
Maruti Alto LXi BSIII,2009,130000,80000,3,19.7,796.0,46.3,5.0,0.0,0.0,1.0,1.0,0.0,1.0,16,Alto,5000.0,1,0.05816582914572864,1280000,912.1099999999999,0,0,0,1,0,0,0,0,0,0
Hyundai Santro Xing GLS,2014,220000,40000,1,17.92,1086.0,62.1,5.0,0.0,0.0,1.0,1.0,0.0,1.0,11,Santro,3636.3636363636365,1,0.057182320441988954,440000,1112.832,0,0,1,0,0,0,0,0,0,0
Hyundai i10 Magna 1.2 iTech SE,2014,275000,53000,1,20.36,1197.0,78.9,5.0,0.0,0.0,1.0,1.0,0.0,1.0,11,i10,4818.181818181818,1,0.06591478696741855,583000,1606.404,0,0,1,0,0,0,0,0,0,0
Maruti Swift LDI Optional,2017,455000,60000,1,25.2,1248.0,74.0,5.0,1.0,0.0,0.0,1.0,0.0,1.0,8,Swift,7500.0,2,0.05929487179487179,480000,1864.8,0,0,0,1,0,0,0,0,0,0
Hyundai i20 1.2 Magna Executive,2017,570000,30000,1,18.6,1197.0,81.83,5.0,0.0,0.0,1.0,1.0,0.0,1.0,8,i20,3750.0,1,0.06836257309941521,240000,1522.038,0,0,1,0,0,0,0,0,0,0
Volkswagen Vento Diesel Highline,2013,330000,100000,3,20.54,1598.0,103.6,5.0,1.0,0.0,0.0,1.0,0.0,1.0,12,Vento,8333.333333333334,2,0.06483103879849812,1200000,2127.944,0,0,0,0,0,0,0,0,0,1
Hyundai EON Magna Plus,2014,250000,60000,1,21.1,814.0,55.2,5.0,0.0,0.0,1.0,1.0,0.0,1.0,11,EON,5454.545454545455,2,0.06781326781326781,660000,1164.72,0,0,1,0,0,0,0,0,0,0
Hyundai i10 Sportz,2010,165000,80000,3,20.36,1197.0,78.9,5.0,0.0,0.0,1.0,1.0,0.0,1.0,15,i10,5333.333333333333,2,0.06591478696741855,1200000,1606.404,0,0,1,0,0,0,0,0,0,0
Honda Jazz 1.2 V i VTEC,2018,680000,8576,1,18.7,1199.0,88.7,5.0,0.0,0.0,1.0,0.0,0.0,1.0,7,Jazz,1225.142857142857,1,0.07397831526271893,60032,1658.69,0,1,0,0,0,0,0,0,0,0
Tata Tigor 1.2 Revotron XZA,2017,525000,19723,1,20.3,1199.0,84.0,5.0,0.0,0.0,1.0,0.0,0.0,0.0,8,Tigor,2465.375,1,0.07005838198498748,157784,1705.2,0,0,0,0,0,0,0,1,0,0
Honda City 1.5 V MT Sunroof,2016,825000,21446,1,16.8,1497.0,116.3,5.0,0.0,0.0,1.0,0.0,0.0,1.0,9,City,2382.8888888888887,1,0.07768871075484302,193014,1953.8400000000001,0,1,0,0,0,0,0,0,0,0
Maruti S-Cross 2017-2020 Sigma DDiS 200 SH,2017,750000,52289,1,25.1,1248.0,88.5,5.0,1.0,0.0,0.0,0.0,0.0,1.0,8,S-Cross,6536.125,2,0.07091346153846154,418312,2221.35,0,0,0,1,0,0,0,0,0,0
Hyundai i20 1.4 CRDi Magna,2017,675000,25471,1,21.9,1396.0,90.0,5.0,1.0,0.0,0.0,0.0,0.0,1.0,8,i20,3183.875,1,0.06446991404011461,203768,1970.9999999999998,0,0,1,0,0,0,0,0,0,0
Tata Tiago XT,2019,490000,33928,1,23.84,1199.0,84.48,5.0,0.0,0.0,1.0,0.0,0.0,1.0,6,Tiago,5654.666666666667,2,0.07045871559633028,203568,2014.0032,0,0,0,0,0,0,0,1,0,0
Honda City 1.5 V MT,2009,350000,54290,1,17.0,1497.0,118.0,5.0,0.0,0.0,1.0,0.0,0.0,1.0,16,City,3393.125,1,0.0788243152972612,868640,2006.0,0,1,0,0,0,0,0,0,0,0
Honda Brio S MT,2016,475000,2118,1,19.4,1198.0,86.8,5.0,0.0,0.0,1.0,0.0,0.0,1.0,9,Brio,235.33333333333334,1,0.07245409015025041,19062,1683.9199999999998,0,1,0,0,0,0,0,0,0,0
Honda City i-VTEC S,2010,350000,58544,2,17.4,1497.0,117.3,5.0,0.0,0.0,1.0,0.0,0.0,1.0,15,City,3902.9333333333334,1,0.0783567134268537,878160,2041.0199999999998,0,1,0,0,0,0,0,0,0,0
Maruti Wagon R VXI,2016,400000,74381,1,21.79,998.0,67.05,5.0,0.0,0.0,1.0,0.0,0.0,1.0,9,Wagon,8264.555555555555,2,0.06718436873747495,669429,1461.0194999999999,0,0,0,1,0,0,0,0,0,0
Ford Ecosport 1.5 DV5 MT Titanium,2017,850000,63982,1,22.7,1498.0,89.84,5.0,1.0,0.0,0.0,0.0,0.0,1.0,8,Ecosport,7997.75,2,0.05997329773030708,511856,2039.368,1,0,0,0,0,0,0,0,0,0
Maruti Wagon R VXI,2008,175000,65000,2,18.9,998.0,67.1,5.0,0.0,0.0,1.0,0.0,0.0,1.0,17,Wagon,3823.529411764706,1,0.06723446893787574,1105000,1268.1899999999998,0,0,0,1,0,0,0,0,0,0
Renault Duster 110PS Diesel RxZ,2013,525000,56429,2,19.01,1461.0,108.45,5.0,1.0,0.0,0.0,0.0,0.0,1.0,12,Duster,4702.416666666667,1,0.0742299794661191,677148,2061.6345,0,0,0,0,0,0,1,0,0,0
Hyundai i10 Magna 1.2 iTech SE,2012,270000,56000,1,20.36,1197.0,78.9,5.0,0.0,0.0,1.0,1.0,0.0,1.0,13,i10,4307.692307692308,1,0.06591478696741855,728000,1606.404,0,0,1,0,0,0,0,0,0,0
Hyundai Santro Magna,2019,434999,19500,1,20.3,1086.0,68.07,5.0,0.0,0.0,1.0,0.0,0.0,1.0,6,Santro,3250.0,1,0.06267955801104971,117000,1381.821,0,0,1,0,0,0,0,0,0,0
Hyundai i20 Asta Option 1.2,2015,495000,30000,1,18.6,1197.0,81.83,5.0,0.0,0.0,1.0,0.0,0.0,1.0,10,i20,3000.0,1,0.06836257309941521,300000,1522.038,0,0,1,0,0,0,0,0,0,0
Hyundai i20 Asta Option 1.4 CRDi,2016,575000,53000,1,22.54,1396.0,88.73,5.0,1.0,0.0,0.0,0.0,0.0,1.0,9,i20,5888.888888888889,2,0.06356017191977077,477000,1999.9742,0,0,1,0,0,0,0,0,0,0
Hyundai Xcent 1.2 VTVT S,2017,600000,5000,1,20.14,1197.0,81.86,5.0,0.0,0.0,1.0,1.0,0.0,1.0,8,Xcent,625.0,1,0.0683876357560568,40000,1648.6604,0,0,1,0,0,0,0,0,0,0
Honda City i DTec V,2014,560000,72000,1,26.0,1498.0,98.6,5.0,1.0,0.0,0.0,0.0,0.0,1.0,11,City,6545.454545454545,2,0.06582109479305741,792000,2563.6,0,1,0,0,0,0,0,0,0,0
Maruti Swift VDI BSIV W ABS,2016,565000,72000,1,19.5,1248.0,81.83,5.0,1.0,0.0,0.0,0.0,0.0,1.0,9,Swift,8000.0,2,0.06556891025641025,648000,1595.685,0,0,0,1,0,0,0,0,0,0
Skoda Rapid 1.6 MPI Ambition Plus,2013,409999,29000,2,15.0,1598.0,103.5,5.0,0.0,0.0,1.0,1.0,0.0,1.0,12,Rapid,2416.6666666666665,1,0.06476846057571965,348000,1552.5,0,0,0,0,0,1,0,0,0,0
Nissan Terrano XL D Option,2016,495000,56832,1,19.87,1461.0,83.14,5.0,1.0,0.0,0.0,0.0,0.0,1.0,9,Terrano,6314.666666666667,2,0.056906228610540725,511488,1651.9918,0,0,0,0,1,0,0,0,0,0
Hyundai Elite i20 Petrol Asta,2014,470000,30528,1,18.6,1197.0,81.86,5.0,0.0,0.0,1.0,0.0,0.0,1.0,11,Elite,2775.2727272727275,1,0.0683876357560568,335808,1522.596,0,0,1,0,0,0,0,0,0,0
Honda Amaze S Diesel,2013,350000,65285,1,24.7,1498.0,98.63,5.0,1.0,0.0,0.0,0.0,0.0,1.0,12,Amaze,5440.416666666667,2,0.0658411214953271,783420,2436.1609999999996,0,1,0,0,0,0,0,0,0,0
Honda Jazz 1.2 S i VTEC,2015,480000,43000,1,18.7,1199.0,88.7,5.0,0.0,0.0,1.0,0.0,0.0,1.0,10,Jazz,4300.0,1,0.07397831526271893,430000,1658.69,0,1,0,0,0,0,0,0,0,0
Toyota Etios Liva 1.4 GD,2013,270000,52380,1,23.59,1364.0,67.04,5.0,1.0,0.0,0.0,0.0,0.0,1.0,12,Etios,4365.0,1,0.04914956011730206,628560,1581.4736,0,0,0,0,0,0,0,0,1,0
Maruti Ignis 1.2 AMT Alpha BSIV,2017,490000,57247,1,20.89,1197.0,81.8,5.0,0.0,0.0,1.0,0.0,0.0,0.0,8,Ignis,7155.875,2,0.0683375104427736,457976,1708.802,0,0,0,1,0,0,0,0,0,0
Maruti Vitara Brezza ZDi Plus,2017,800000,52000,1,24.3,1248.0,88.5,5.0,1.0,0.0,0.0,1.0,0.0,1.0,8,Vitara,6500.0,2,0.07091346153846154,416000,2150.55,0,0,0,1,0,0,0,0,0,0
Nissan Sunny XV,2011,350000,47000,2,16.95,1498.0,97.7,5.0,0.0,0.0,1.0,1.0,0.0,1.0,14,Sunny,3357.1428571428573,1,0.06522029372496663,658000,1656.0149999999999,0,0,0,0,1,0,0,0,0,0
Ford Fiesta EXi 1.4 TDCi Ltd,2011,170000,80000,3,17.8,1399.0,68.0,5.0,1.0,0.0,0.0,1.0,0.0,1.0,14,Fiesta,5714.285714285715,2,0.04860614724803431,1120000,1210.4,1,0,0,0,0,0,0,0,0,0
Tata Indica Vista Aqua 1.3 Quadrajet,2011,125000,85000,2,18.0,1248.0,75.0,5.0,1.0,0.0,0.0,1.0,0.0,1.0,14,Indica,6071.428571428572,2,0.06009615384615385,1190000,1350.0,0,0,0,0,0,0,0,1,0,0
Maruti Swift Dzire VDi,2012,400000,100000,1,19.3,1248.0,73.9,5.0,1.0,0.0,0.0,1.0,0.0,1.0,13,Swift,7692.307692307692,2,0.059214743589743594,1300000,1426.2700000000002,0,0,0,1,0,0,0,0,0,0
Nissan Sunny XV,2011,250000,110000,1,16.95,1498.0,97.7,5.0,0.0,0.0,1.0,1.0,0.0,1.0,14,Sunny,7857.142857142857,2,0.06522029372496663,1540000,1656.0149999999999,0,0,0,0,1,0,0,0,0,0
Fiat Linea Emotion (Diesel),2010,190000,178000,2,20.4,1248.0,91.7,5.0,1.0,0.0,0.0,1.0,0.0,1.0,15,Linea,11866.666666666666,2,0.0734775641025641,2670000,1870.6799999999998,0,0,0,0,0,1,0,0,0,0
Maruti Alto LX,2010,125000,120000,3,19.7,796.0,46.3,5.0,0.0,0.0,1.0,1.0,0.0,1.0,15,Alto,8000.0,2,0.05816582914572864,1800000,912.1099999999999,0,0,0,1,0,0,0,0,0,0
Maruti Wagon R VXI BS IV,2015,335000,30000,1,20.51,998.0,67.04,5.0,0.0,0.0,1.0,1.0,0.0,1.0,10,Wagon,3000.0,1,0.06717434869739479,300000,1374.9904000000001,0,0,0,1,0,0,0,0,0,0
Maruti Wagon R LXI Minor,2009,114999,60000,3,18.9,1061.0,67.0,5.0,0.0,0.0,1.0,1.0,0.0,1.0,16,Wagon,3750.0,1,0.06314797360980208,960000,1266.3,0,0,0,1,0,0,0,0,0,0
Volkswagen Polo Diesel Comfortline 1.2L,2012,229999,70000,4,22.07,1199.0,73.9,5.0,1.0,0.0,0.0,1.0,0.0,1.0,13,Polo,5384.615384615385,2,0.06163469557964971,910000,1630.9730000000002,0,0,0,0,0,0,0,0,0,1
Hyundai i20 2015-2017 Asta 1.4 CRDi,2017,731000,40000,1,22.54,1396.0,88.73,5.0,1.0,0.0,0.0,1.0,0.0,1.0,8,i20,5000.0,1,0.06356017191977077,320000,1999.9742,0,0,1,0,0,0,0,0,0,0
Maruti Swift Dzire VDI,2015,500000,120000,1,26.59,1248.0,74.0,5.0,1.0,0.0,0.0,1.0,0.0,1.0,10,Swift,12000.0,2,0.05929487179487179,1200000,1967.66,0,0,0,1,0,0,0,0,0,0
Hyundai EON Era Plus,2014,220000,50000,3,21.1,814.0,55.2,5.0,0.0,0.0,1.0,1.0,0.0,1.0,11,EON,4545.454545454545,1,0.06781326781326781,550000,1164.72,0,0,1,0,0,0,0,0,0,0
Ford Figo Diesel Celebration Edition,2013,240000,100000,1,20.0,1399.0,68.1,5.0,1.0,0.0,0.0,1.0,0.0,1.0,12,Figo,8333.333333333334,2,0.04867762687634024,1200000,1362.0,1,0,0,0,0,0,0,0,0,0
Hyundai i20 1.4 CRDi Asta,2010,215000,120000,3,23.0,1396.0,90.0,5.0,1.0,0.0,0.0,1.0,0.0,1.0,15,i20,8000.0,2,0.06446991404011461,1800000,2070.0,0,0,1,0,0,0,0,0,0,0
Maruti Swift VDI,2012,400000,90000,2,22.9,1248.0,74.0,5.0,1.0,0.0,0.0,1.0,0.0,1.0,13,Swift,6923.076923076923,2,0.05929487179487179,1170000,1694.6,0,0,0,1,0,0,0,0,0,0
Maruti Zen Estilo VXI BSIV,2012,191000,90000,1,19.0,998.0,67.1,5.0,0.0,0.0,1.0,1.0,0.0,1.0,13,Zen,6923.076923076923,2,0.06723446893787574,1170000,1274.8999999999999,0,0,0,1,0,0,0,0,0,0
Hyundai Verna CRDi SX ABS,2009,210000,90000,2,18.1,1493.0,110.0,5.0,1.0,0.0,0.0,1.0,0.0,1.0,16,Verna,5625.0,2,0.07367716008037509,1440000,1991.0000000000002,0,0,1,0,0,0,0,0,0,0
Toyota Etios VX,2011,300000,120000,3,17.6,1496.0,88.7,5.0,0.0,0.0,1.0,1.0,0.0,1.0,14,Etios,8571.42857142857,2,0.059291443850267384,1680000,1561.1200000000001,0,0,0,0,0,0,0,0,1,0
Ford Figo Aspire 1.5 TDCi Trend,2017,700000,35000,1,25.83,1498.0,99.0,5.0,1.0,0.0,0.0,1.0,0.0,1.0,8,Figo,4375.0,1,0.06608811748998665,280000,2557.1699999999996,1,0,0,0,0,0,0,0,0,0
Hyundai Elite i20 Asta Option Diesel,2019,850000,10000,1,22.54,1396.0,88.76,5.0,1.0,0.0,0.0,1.0,0.0,1.0,6,Elite,1666.6666666666667,1,0.06358166189111748,60000,2000.6504,0,0,1,0,0,0,0,0,0,0
Honda WR-V i-DTEC VX,2017,770000,65000,2,25.5,1498.0,98.6,5.0,1.0,0.0,0.0,1.0,0.0,1.0,8,WR-V,8125.0,2,0.06582109479305741,520000,2514.2999999999997,0,1,0,0,0,0,0,0,0,0
Maruti Alto K10 2010-2014 VXI,2012,250000,90000,1,20.92,998.0,67.1,5.0,0.0,0.0,1.0,1.0,0.0,1.0,13,Alto,6923.076923076923,2,0.06723446893787574,1170000,1403.732,0,0,0,1,0,0,0,0,0,0
Hyundai i20 Active SX Diesel,2016,651000,42323,1,21.19,1396.0,88.76,5.0,1.0,0.0,0.0,0.0,0.0,1.0,9,i20,4702.555555555556,1,0.06358166189111748,380907,1880.8244000000002,0,0,1,0,0,0,0,0,0,0
Honda City V MT,2013,480000,42462,1,16.8,1497.0,116.3,5.0,0.0,0.0,1.0,0.0,0.0,1.0,12,City,3538.5,1,0.07768871075484302,509544,1953.8400000000001,0,1,0,0,0,0,0,0,0,0
Maruti Swift VDI BSIV,2015,470000,54723,1,25.2,1248.0,74.0,5.0,1.0,0.0,0.0,0.0,0.0,1.0,10,Swift,5472.3,2,0.05929487179487179,547230,1864.8,0,0,0,1,0,0,0,0,0,0
Honda Jazz 1.5 V i DTEC,2016,500000,30000,1,27.3,1498.0,98.6,5.0,1.0,0.0,0.0,1.0,0.0,1.0,9,Jazz,3333.3333333333335,1,0.06582109479305741,270000,2691.7799999999997,0,1,0,0,0,0,0,0,0,0
Maruti S-Cross 2017-2020 Delta DDiS 200 SH,2016,690000,32000,1,25.1,1248.0,88.5,5.0,1.0,0.0,0.0,0.0,0.0,1.0,9,S-Cross,3555.5555555555557,1,0.07091346153846154,288000,2221.35,0,0,0,1,0,0,0,0,0,0
Maruti Ignis 1.2 Delta BSIV,2018,480000,20375,1,20.89,1197.0,81.8,5.0,0.0,0.0,1.0,0.0,0.0,1.0,7,Ignis,2910.714285714286,1,0.0683375104427736,142625,1708.802,0,0,0,1,0,0,0,0,0,0
Maruti Swift ZDI Plus,2013,450000,43978,2,28.4,1248.0,74.0,5.0,1.0,0.0,0.0,0.0,0.0,1.0,12,Swift,3664.8333333333335,1,0.05929487179487179,527736,2101.6,0,0,0,1,0,0,0,0,0,0
Hyundai i20 1.2 Asta Option,2018,700000,30000,1,18.6,1197.0,81.83,5.0,0.0,0.0,1.0,1.0,0.0,1.0,7,i20,4285.714285714285,1,0.06836257309941521,210000,1522.038,0,0,1,0,0,0,0,0,0,0
Ford Ecosport Sports Diesel,2013,475000,48000,2,21.7,1498.0,98.96,5.0,1.0,0.0,0.0,0.0,0.0,1.0,12,Ecosport,4000.0,1,0.06606141522029373,576000,2147.432,1,0,0,0,0,0,0,0,0,0
Honda Amaze E Diesel BSIV,2014,465000,27233,1,27.4,1498.0,98.63,5.0,1.0,0.0,0.0,0.0,0.0,1.0,11,Amaze,2475.7272727272725,1,0.0658411214953271,299563,2702.4619999999995,0,1,0,0,0,0,0,0,0,0
Maruti Swift Dzire Tour LDI,2017,520000,28832,1,23.4,1248.0,74.0,5.0,1.0,0.0,0.0,0.0,0.0,1.0,8,Swift,3604.0,1,0.05929487179487179,230656,1731.6,0,0,0,1,0,0,0,0,0,0
Tata Manza Aura Safire,2011,225000,35000,1,15.0,1368.0,90.0,5.0,0.0,0.0,1.0,1.0,0.0,1.0,14,Manza,2500.0,1,0.06578947368421052,490000,1350.0,0,0,0,0,0,0,0,1,0,0
Honda City 2017-2020 GXi,2006,93150,80000,2,17.7,1497.0,78.0,5.0,0.0,0.0,1.0,1.0,0.0,1.0,19,City,4210.526315789473,1,0.052104208416833664,1520000,1380.6,0,1,0,0,0,0,0,0,0,0
Hyundai i10 Era,2009,229999,50000,2,19.81,1086.0,68.05,5.0,0.0,0.0,1.0,1.0,0.0,1.0,16,i10,3125.0,1,0.06266114180478821,800000,1348.0704999999998,0,0,1,0,0,0,0,0,0,0
Maruti Swift Dzire VDI,2016,525000,40000,2,26.59,1248.0,74.0,5.0,1.0,0.0,0.0,1.0,0.0,1.0,9,Swift,4444.444444444444,1,0.05929487179487179,360000,1967.66,0,0,0,1,0,0,0,0,0,0
Maruti Ritz VDi,2011,250000,60000,2,21.1,1248.0,73.9,5.0,1.0,0.0,0.0,1.0,0.0,1.0,14,Ritz,4285.714285714285,1,0.059214743589743594,840000,1559.2900000000002,0,0,0,1,0,0,0,0,0,0
Ford Figo Diesel Titanium,2010,144000,50000,2,20.0,1399.0,68.0,5.0,1.0,0.0,0.0,1.0,0.0,1.0,15,Figo,3333.3333333333335,1,0.04860614724803431,750000,1360.0,1,0,0,0,0,0,0,0,0,0
Maruti Zen Estilo 1.1 VXI BSIII,2008,120000,40000,1,18.2,1061.0,64.0,5.0,0.0,0.0,1.0,1.0,0.0,1.0,17,Zen,2352.9411764705883,1,0.060320452403393024,680000,1164.8,0,0,0,1,0,0,0,0,0,0
Chevrolet Sail LT ABS,2014,260000,38000,1,22.1,1248.0,74.0,5.0,1.0,0.0,0.0,1.0,0.0,1.0,11,Sail,3454.5454545454545,1,0.05929487179487179,418000,1635.4,0,0,0,0,0,0,0,0,0,0
Toyota Etios GD,2015,475000,120000,1,23.59,1364.0,67.05,5.0,1.0,0.0,0.0,1.0,0.0,1.0,10,Etios,12000.0,2,0.04915689149560117,1200000,1581.7095,0,0,0,0,0,0,0,0,1,0
Ford Figo Diesel Titanium,2011,302000,103000,3,20.0,1399.0,68.0,5.0,1.0,0.0,0.0,1.0,0.0,1.0,14,Figo,7357.142857142857,2,0.04860614724803431,1442000,1360.0,1,0,0,0,0,0,0,0,0,0
Maruti Vitara Brezza VDi Option,2017,775000,80000,1,24.3,1248.0,88.5,5.0,1.0,0.0,0.0,1.0,0.0,1.0,8,Vitara,10000.0,2,0.07091346153846154,640000,2150.55,0,0,0,1,0,0,0,0,0,0
Maruti Swift VDI BSIV,2014,530000,90000,1,25.2,1248.0,74.0,5.0,1.0,0.0,0.0,1.0,0.0,1.0,11,Swift,8181.818181818182,2,0.05929487179487179,990000,1864.8,0,0,0,1,0,0,0,0,0,0
Tata Nexon 1.5 Revotorq XZ Plus,2017,869999,70000,1,21.5,1497.0,108.5,5.0,1.0,0.0,0.0,1.0,0.0,1.0,8,Nexon,8750.0,2,0.07247828991315965,560000,2332.75,0,0,0,0,0,0,0,1,0,0
Tata Tiago 1.2 Revotron XZA,2019,550000,30000,1,23.84,1199.0,83.83,5.0,0.0,0.0,1.0,1.0,0.0,0.0,6,Tiago,5000.0,1,0.06991659716430358,180000,1998.5072,0,0,0,0,0,0,0,1,0,0
Maruti Swift Dzire VDI,2016,600000,80000,2,26.59,1248.0,74.0,5.0,1.0,0.0,0.0,1.0,0.0,1.0,9,Swift,8888.888888888889,2,0.05929487179487179,720000,1967.66,0,0,0,1,0,0,0,0,0,0
Maruti Swift Dzire VDi,2012,430000,110000,2,19.3,1248.0,73.9,5.0,1.0,0.0,0.0,1.0,0.0,1.0,13,Swift,8461.538461538461,2,0.059214743589743594,1430000,1426.2700000000002,0,0,0,1,0,0,0,0,0,0
Tata Manza Aura (ABS) Quadrajet,2010,246000,120000,1,18.8,1248.0,90.0,5.0,1.0,0.0,0.0,1.0,0.0,1.0,15,Manza,8000.0,2,0.07211538461538461,1800000,1692.0,0,0,0,0,0,0,0,1,0,0
Maruti Zen VXi - BS III,2003,120000,120000,3,17.3,993.0,60.0,5.0,0.0,0.0,1.0,1.0,0.0,1.0,22,Zen,5454.545454545455,2,0.06042296072507553,2640000,1038.0,0,0,0,1,0,0,0,0,0,0
Hyundai i20 Asta 1.2,2014,565000,70000,2,18.6,1197.0,81.83,5.0,0.0,0.0,1.0,1.0,0.0,1.0,11,i20,6363.636363636364,2,0.06836257309941521,770000,1522.038,0,0,1,0,0,0,0,0,0,0
Hyundai Elite i20 Asta Option Diesel,2018,850000,60000,1,22.54,1396.0,88.76,5.0,1.0,0.0,0.0,1.0,0.0,1.0,7,Elite,8571.42857142857,2,0.06358166189111748,420000,2000.6504,0,0,1,0,0,0,0,0,0,0
Maruti Alto LXi BSIII,2006,160000,90000,1,19.7,796.0,46.3,5.0,0.0,0.0,1.0,1.0,0.0,1.0,19,Alto,4736.8421052631575,1,0.05816582914572864,1710000,912.1099999999999,0,0,0,1,0,0,0,0,0,0
Fiat Linea Classic Plus 1.3 Multijet,2014,325000,142500,1,19.5,1248.0,75.0,5.0,1.0,0.0,0.0,1.0,0.0,1.0,11,Linea,12954.545454545454,2,0.06009615384615385,1567500,1462.5,0,0,0,0,0,1,0,0,0,0
Hyundai i10 Sportz 1.1L,2015,310000,50000,1,19.81,1086.0,68.05,5.0,0.0,0.0,1.0,1.0,0.0,1.0,10,i10,5000.0,1,0.06266114180478821,500000,1348.0704999999998,0,0,1,0,0,0,0,0,0,0
Honda Amaze S i-Dtech,2013,250000,90000,3,25.8,1498.0,98.6,5.0,1.0,0.0,0.0,1.0,0.0,1.0,12,Amaze,7500.0,2,0.06582109479305741,1080000,2543.88,0,1,0,0,0,0,0,0,0,0
Maruti Swift Dzire LDI,2015,420000,115000,2,26.59,1248.0,74.0,5.0,1.0,0.0,0.0,1.0,0.0,1.0,10,Swift,11500.0,2,0.05929487179487179,1150000,1967.66,0,0,0,1,0,0,0,0,0,0
Hyundai i20 Sportz AT 1.4,2013,330000,150000,2,15.0,1396.0,98.6,5.0,0.0,0.0,1.0,1.0,0.0,0.0,12,i20,12500.0,2,0.07063037249283667,1800000,1479.0,0,0,1,0,0,0,0,0,0,0
Maruti Swift VXI Optional,2015,405000,68000,2,20.4,1197.0,81.8,5.0,0.0,0.0,1.0,1.0,0.0,1.0,10,Swift,6800.0,2,0.0683375104427736,680000,1668.7199999999998,0,0,0,1,0,0,0,0,0,0
Honda City V AT,2010,409999,110000,3,15.6,1497.0,116.3,5.0,0.0,0.0,1.0,1.0,0.0,0.0,15,City,7333.333333333333,2,0.07768871075484302,1650000,1814.28,0,1,0,0,0,0,0,0,0,0
Hyundai Santro Xing XS eRLX Euro III,2006,80000,118000,1,19.5,1248.0,81.83,5.0,0.0,0.0,1.0,1.0,0.0,1.0,19,Santro,6210.526315789473,2,0.06556891025641025,2242000,1595.685,0,0,1,0,0,0,0,0,0,0
Hyundai i10 Era,2007,135000,100000,2,19.81,1086.0,68.05,5.0,0.0,0.0,1.0,1.0,0.0,1.0,18,i10,5555.555555555556,2,0.06266114180478821,1800000,1348.0704999999998,0,0,1,0,0,0,0,0,0,0
Maruti Wagon R LXI,2004,70000,70000,2,18.9,998.0,67.1,5.0,0.0,0.0,1.0,1.0,0.0,1.0,21,Wagon,3333.3333333333335,1,0.06723446893787574,1470000,1268.1899999999998,0,0,0,1,0,0,0,0,0,0
Maruti Swift Dzire VDI,2018,650000,35500,1,28.4,1248.0,74.02,5.0,1.0,0.0,0.0,1.0,0.0,1.0,7,Swift,5071.428571428572,2,0.05931089743589743,248500,2102.1679999999997,0,0,0,1,0,0,0,0,0,0
Maruti Wagon R VXI Optional,2018,400000,17500,1,20.51,998.0,67.04,5.0,0.0,0.0,1.0,1.0,0.0,1.0,7,Wagon,2500.0,1,0.06717434869739479,122500,1374.9904000000001,0,0,0,1,0,0,0,0,0,0
Maruti Alto K10 VXI,2017,350000,27000,1,23.95,998.0,67.05,5.0,0.0,0.0,1.0,1.0,0.0,1.0,8,Alto,3375.0,1,0.06718436873747495,216000,1605.8474999999999,0,0,0,1,0,0,0,0,0,0
Hyundai Grand i10 1.2 CRDi Asta,2017,550000,60000,1,24.0,1186.0,73.97,5.0,1.0,0.0,0.0,1.0,0.0,1.0,8,Grand,7500.0,2,0.062369308600337264,480000,1775.28,0,0,1,0,0,0,0,0,0,0
Maruti Wagon R LXI Optional,2016,350000,25000,1,20.51,998.0,67.04,5.0,0.0,0.0,1.0,1.0,0.0,1.0,9,Wagon,2777.777777777778,1,0.06717434869739479,225000,1374.9904000000001,0,0,0,1,0,0,0,0,0,0
Maruti Swift Dzire LDI Optional,2015,459999,80000,1,26.59,1248.0,74.0,5.0,1.0,0.0,0.0,1.0,0.0,1.0,10,Swift,8000.0,2,0.05929487179487179,800000,1967.66,0,0,0,1,0,0,0,0,0,0
Maruti Alto LXi,2012,185000,60000,2,19.7,796.0,46.3,5.0,0.0,0.0,1.0,1.0,0.0,1.0,13,Alto,4615.384615384615,1,0.05816582914572864,780000,912.1099999999999,0,0,0,1,0,0,0,0,0,0
Volkswagen Polo Diesel Highline 1.2L,2013,550000,38000,1,22.07,1199.0,73.9,5.0,1.0,0.0,0.0,1.0,0.0,1.0,12,Polo,3166.6666666666665,1,0.06163469557964971,456000,1630.9730000000002,0,0,0,0,0,0,0,0,0,1
Maruti Omni E 8 Str STD,2012,175000,60000,3,19.5,1248.0,81.83,5.0,0.0,0.0,1.0,1.0,0.0,1.0,13,Omni,4615.384615384615,1,0.06556891025641025,780000,1595.685,0,0,0,1,0,0,0,0,0,0
Maruti Baleno Zeta 1.2,2018,625000,10000,1,21.4,1197.0,83.1,5.0,0.0,0.0,1.0,1.0,0.0,1.0,7,Baleno,1428.5714285714287,1,0.06942355889724311,70000,1778.3399999999997,0,0,0,1,0,0,0,0,0,0
Maruti Alto 800 VXI,2017,310000,35000,2,24.7,796.0,47.3,5.0,0.0,0.0,1.0,1.0,0.0,1.0,8,Alto,4375.0,1,0.059422110552763814,280000,1168.31,0,0,0,1,0,0,0,0,0,0
Maruti Swift DDiS LDI,2017,500000,35000,1,28.4,1248.0,74.0,5.0,1.0,0.0,0.0,1.0,0.0,1.0,8,Swift,4375.0,1,0.05929487179487179,280000,2101.6,0,0,0,1,0,0,0,0,0,0
Hyundai Grand i10 CRDi Sportz,2016,610000,23000,1,24.0,1120.0,70.0,5.0,1.0,0.0,0.0,1.0,0.0,1.0,9,Grand,2555.5555555555557,1,0.0625,207000,1680.0,0,0,1,0,0,0,0,0,0,0
Tata Indigo CS LX (TDI) BS III,2012,150000,150000,3,19.09,1396.0,69.0,5.0,1.0,0.0,0.0,1.0,0.0,1.0,13,Indigo,11538.461538461539,2,0.0494269340974212,1950000,1317.21,0,0,0,0,0,0,0,1,0,0
Hyundai Xcent 1.1 CRDi SX Option,2015,480000,70000,1,24.4,1120.0,71.0,5.0,1.0,0.0,0.0,1.0,0.0,1.0,10,Xcent,7000.0,2,0.06339285714285714,700000,1732.3999999999999,0,0,1,0,0,0,0,0,0,0
Hyundai i20 1.2 Asta Option,2017,650000,40000,1,18.6,1197.0,81.83,5.0,0.0,0.0,1.0,1.0,0.0,1.0,8,i20,5000.0,1,0.06836257309941521,320000,1522.038,0,0,1,0,0,0,0,0,0,0
Hyundai i20 1.4 CRDi Magna,2012,290000,100000,2,21.9,1396.0,90.0,5.0,1.0,0.0,0.0,1.0,0.0,1.0,13,i20,7692.307692307692,2,0.06446991404011461,1300000,1970.9999999999998,0,0,1,0,0,0,0,0,0,0
Maruti Alto 800 LXI,2017,300000,50000,2,24.7,796.0,47.3,5.0,0.0,0.0,1.0,1.0,0.0,1.0,8,Alto,6250.0,2,0.059422110552763814,400000,1168.31,0,0,0,1,0,0,0,0,0,0
Maruti Swift Dzire VDi,2010,270000,120000,4,19.3,1248.0,73.9,5.0,1.0,0.0,0.0,1.0,0.0,1.0,15,Swift,8000.0,2,0.059214743589743594,1800000,1426.2700000000002,0,0,0,1,0,0,0,0,0,0
Hyundai Xcent 1.1 CRDi S,2015,400000,60000,2,24.4,1120.0,71.0,5.0,1.0,0.0,0.0,1.0,0.0,1.0,10,Xcent,6000.0,2,0.06339285714285714,600000,1732.3999999999999,0,0,1,0,0,0,0,0,0,0
Maruti Alto 800 LX,2015,280000,28000,2,22.74,796.0,47.3,5.0,0.0,0.0,1.0,1.0,0.0,1.0,10,Alto,2800.0,1,0.059422110552763814,280000,1075.6019999999999,0,0,0,1,0,0,0,0,0,0
Maruti Swift Dzire VXi,2009,250000,60000,3,17.5,1298.0,85.8,5.0,0.0,0.0,1.0,1.0,0.0,1.0,16,Swift,3750.0,1,0.06610169491525424,960000,1501.5,0,0,0,1,0,0,0,0,0,0
Maruti Swift Dzire VDi,2012,495000,80000,2,19.3,1248.0,73.9,5.0,1.0,0.0,0.0,1.0,0.0,1.0,13,Swift,6153.846153846154,2,0.059214743589743594,1040000,1426.2700000000002,0,0,0,1,0,0,0,0,0,0
Honda Amaze V Petrol BSIV,2019,700000,4500,1,19.5,1199.0,88.76,5.0,0.0,0.0,1.0,1.0,0.0,1.0,6,Amaze,750.0,1,0.07402835696413679,27000,1730.8200000000002,0,1,0,0,0,0,0,0,0,0
Tata Indigo eCS VX BSIV,2013,310000,70000,1,25.0,1396.0,69.0,5.0,1.0,0.0,0.0,1.0,0.0,1.0,12,Indigo,5833.333333333333,2,0.0494269340974212,840000,1725.0,0,0,0,0,0,0,0,1,0,0
Renault Duster 85PS Diesel RxE,2017,650000,120000,1,19.87,1461.0,83.8,5.0,1.0,0.0,0.0,1.0,0.0,1.0,8,Duster,15000.0,2,0.05735797399041752,960000,1665.106,0,0,0,0,0,0,1,0,0,0
Honda Jazz 1.2 V AT i VTEC,2015,600000,80000,1,19.0,1199.0,88.7,5.0,0.0,0.0,1.0,1.0,0.0,0.0,10,Jazz,8000.0,2,0.07397831526271893,800000,1685.3,0,1,0,0,0,0,0,0,0,0
Mahindra Renault Logan 1.4 GLX Petrol,2009,135000,120000,1,15.7,1390.0,75.0,5.0,0.0,0.0,1.0,1.0,0.0,1.0,16,Renault,7500.0,2,0.0539568345323741,1920000,1177.5,0,0,0,0,0,1,0,0,0,0
Maruti Swift Dzire VDI,2014,650000,50000,1,23.4,1248.0,74.0,5.0,1.0,0.0,0.0,1.0,0.0,1.0,11,Swift,4545.454545454545,1,0.05929487179487179,550000,1731.6,0,0,0,1,0,0,0,0,0,0
Honda City V MT,2012,550000,83000,1,16.8,1497.0,116.3,5.0,0.0,0.0,1.0,1.0,0.0,1.0,13,City,6384.615384615385,2,0.07768871075484302,1079000,1953.8400000000001,0,1,0,0,0,0,0,0,0,0
Maruti Swift Dzire VDI,2017,650000,20000,1,28.4,1248.0,74.02,5.0,1.0,0.0,0.0,1.0,0.0,1.0,8,Swift,2500.0,1,0.05931089743589743,160000,2102.1679999999997,0,0,0,1,0,0,0,0,0,0
Honda Brio 1.2 VX MT,2017,450000,6750,1,18.5,1198.0,86.8,5.0,0.0,0.0,1.0,1.0,0.0,1.0,8,Brio,843.75,1,0.07245409015025041,54000,1605.8,0,1,0,0,0,0,0,0,0,0
Maruti Ciaz VXi Plus,2015,650000,26000,1,20.73,1373.0,91.1,5.0,0.0,0.0,1.0,1.0,0.0,1.0,10,Ciaz,2600.0,1,0.0663510560815732,260000,1888.503,0,0,0,1,0,0,0,0,0,0
Hyundai Grand i10 1.2 Kappa Era,2017,430000,52000,1,17.0,1197.0,81.86,5.0,0.0,0.0,1.0,1.0,0.0,1.0,8,Grand,6500.0,2,0.0683876357560568,416000,1391.62,0,0,1,0,0,0,0,0,0,0
Maruti Swift AMT ZXI Plus BSIV,2019,700000,20000,1,22.0,1197.0,81.8,5.0,0.0,0.0,1.0,1.0,0.0,0.0,6,Swift,3333.3333333333335,1,0.0683375104427736,120000,1799.6,0,0,0,1,0,0,0,0,0,0
Maruti Ritz VXi,2011,229999,18500,1,18.5,1197.0,85.8,5.0,0.0,0.0,1.0,1.0,0.0,1.0,14,Ritz,1321.4285714285713,1,0.07167919799498747,259000,1587.3,0,0,0,1,0,0,0,0,0,0
Ford EcoSport 1.5 Ti VCT MT Trend BSIV,2016,670000,50478,1,15.85,1499.0,110.4,5.0,0.0,0.0,1.0,1.0,0.0,1.0,9,EcoSport,5608.666666666667,2,0.07364909939959974,454302,1749.8400000000001,1,0,0,0,0,0,0,0,0,0
Tata Tiago 1.2 Revotron XZA,2019,525000,9200,1,23.84,1199.0,83.83,5.0,0.0,0.0,1.0,1.0,0.0,0.0,6,Tiago,1533.3333333333333,1,0.06991659716430358,55200,1998.5072,0,0,0,0,0,0,0,1,0,0
Renault Duster 85PS Diesel RxE,2016,515000,40000,1,19.87,1461.0,83.8,5.0,1.0,0.0,0.0,1.0,0.0,1.0,9,Duster,4444.444444444444,1,0.05735797399041752,360000,1665.106,0,0,0,0,0,0,1,0,0,0
Maruti Baleno Delta,2020,630000,5000,1,21.01,1197.0,81.8,5.0,0.0,0.0,1.0,1.0,0.0,1.0,5,Baleno,1000.0,1,0.0683375104427736,25000,1718.6180000000002,0,0,0,1,0,0,0,0,0,0
Datsun RediGO A,2019,270000,2300,1,22.7,799.0,53.64,5.0,0.0,0.0,1.0,1.0,0.0,1.0,6,RediGO,383.3333333333333,1,0.06713391739674593,13800,1217.628,0,0,0,0,0,1,0,0,0,0
Maruti Alto 800 LXI,2016,300000,40000,1,22.74,796.0,47.3,5.0,0.0,0.0,1.0,1.0,0.0,1.0,9,Alto,4444.444444444444,1,0.059422110552763814,360000,1075.6019999999999,0,0,0,1,0,0,0,0,0,0
Maruti Alto LX,2005,90000,100000,4,19.7,796.0,46.3,5.0,0.0,0.0,1.0,1.0,0.0,1.0,20,Alto,5000.0,1,0.05816582914572864,2000000,912.1099999999999,0,0,0,1,0,0,0,0,0,0
Maruti Wagon R LXI Minor,2009,135000,50000,2,18.9,1061.0,67.0,5.0,0.0,0.0,1.0,1.0,0.0,1.0,16,Wagon,3125.0,1,0.06314797360980208,800000,1266.3,0,0,0,1,0,0,0,0,0,0
Maruti Eeco Smiles 5 Seater AC,2013,275000,80000,2,15.1,1196.0,73.0,5.0,0.0,0.0,1.0,1.0,0.0,1.0,12,Eeco,6666.666666666667,2,0.061036789297658864,960000,1102.3,0,0,0,1,0,0,0,0,0,0
Tata Nexon 1.2 Revotron XM,2018,740000,15000,1,17.0,1198.0,108.5,5.0,0.0,0.0,1.0,1.0,0.0,1.0,7,Nexon,2142.8571428571427,1,0.09056761268781302,105000,1844.5,0,0,0,0,0,0,0,1,0,0
Toyota Yaris V BSIV,2018,1000000,4295,1,17.1,1496.0,105.5,5.0,0.0,0.0,1.0,0.0,1.0,1.0,7,Yaris,613.5714285714286,1,0.07052139037433156,30065,1804.0500000000002,0,0,0,0,0,0,0,0,1,0
Toyota Yaris V BSIV,2018,1000000,5229,1,17.1,1496.0,105.5,5.0,0.0,0.0,1.0,0.0,1.0,1.0,7,Yaris,747.0,1,0.07052139037433156,36603,1804.0500000000002,0,0,0,0,0,0,0,0,1,0
Hyundai Grand i10 Nios Sportz,2019,550000,4701,1,20.7,1197.0,81.86,5.0,0.0,0.0,1.0,0.0,1.0,1.0,6,Grand,783.5,1,0.0683876357560568,28206,1694.502,0,0,1,0,0,0,0,0,0,0
Maruti Baleno Alpha,2016,600000,6757,1,21.01,1197.0,81.8,5.0,0.0,0.0,1.0,0.0,1.0,1.0,9,Baleno,750.7777777777778,1,0.0683375104427736,60813,1718.6180000000002,0,0,0,1,0,0,0,0,0,0
Skoda Rapid 1.6 MPI AT Style Plus,2016,675000,28182,1,14.3,1598.0,103.52,5.0,0.0,0.0,1.0,0.0,1.0,0.0,9,Rapid,3131.3333333333335,1,0.06478097622027534,253638,1480.336,0,0,0,0,0,1,0,0,0,0
Nissan Kicks XV BSIV,2019,950000,11533,1,14.23,1498.0,104.55,5.0,0.0,0.0,1.0,0.0,1.0,1.0,6,Kicks,1922.1666666666667,1,0.06979305740987984,69198,1487.7465,0,0,0,0,1,0,0,0,0,0
Honda City i VTEC V,2017,850000,11688,1,17.8,1497.0,117.3,5.0,0.0,0.0,1.0,0.0,1.0,1.0,8,City,1461.0,1,0.0783567134268537,93504,2087.94,0,1,0,0,0,0,0,0,0,0
Maruti Ciaz 1.3 Alpha,2018,925000,23712,1,28.09,1248.0,88.5,5.0,1.0,0.0,0.0,0.0,1.0,1.0,7,Ciaz,3387.4285714285716,1,0.07091346153846154,165984,2485.965,0,0,0,1,0,0,0,0,0,0
Ford Ecosport 1.5 Ti VCT AT Titanium,2015,625000,70670,1,16.5,1499.0,110.0,5.0,0.0,0.0,1.0,0.0,1.0,0.0,10,Ecosport,7067.0,2,0.0733822548365577,706700,1815.0,1,0,0,0,0,0,0,0,0,0
Maruti Alto 800 LXI,2014,200000,43381,2,22.74,796.0,47.3,5.0,0.0,0.0,1.0,0.0,0.0,1.0,11,Alto,3943.7272727272725,1,0.059422110552763814,477191,1075.6019999999999,0,0,0,1,0,0,0,0,0,0
Honda City i VTEC CVT VX,2014,635000,79011,1,18.0,1497.0,117.3,5.0,0.0,0.0,1.0,0.0,1.0,0.0,11,City,7182.818181818182,2,0.0783567134268537,869121,2111.4,0,1,0,0,0,0,0,0,0,0
Maruti SX4 VDI,2014,425000,50000,2,21.79,1248.0,88.73,5.0,1.0,0.0,0.0,1.0,0.0,1.0,11,SX4,4545.454545454545,1,0.07109775641025641,550000,1933.4267,0,0,0,1,0,0,0,0,0,0
Maruti Wagon R VXI BS IV,2011,220000,40000,1,18.9,998.0,67.1,5.0,0.0,0.0,1.0,1.0,0.0,1.0,14,Wagon,2857.1428571428573,1,0.06723446893787574,560000,1268.1899999999998,0,0,0,1,0,0,0,0,0,0
Hyundai Grand i10 1.2 Kappa Asta,2018,590000,10000,1,18.9,1197.0,81.86,5.0,0.0,0.0,1.0,1.0,0.0,1.0,7,Grand,1428.5714285714287,1,0.0683876357560568,70000,1547.1539999999998,0,0,1,0,0,0,0,0,0,0
Maruti Ritz VXi,2015,350000,58500,1,18.5,1197.0,85.8,5.0,0.0,0.0,1.0,1.0,0.0,1.0,10,Ritz,5850.0,2,0.07167919799498747,585000,1587.3,0,0,0,1,0,0,0,0,0,0
Maruti Baleno Delta 1.2,2018,575000,20000,1,21.4,1197.0,83.1,5.0,0.0,0.0,1.0,1.0,0.0,1.0,7,Baleno,2857.1428571428573,1,0.06942355889724311,140000,1778.3399999999997,0,0,0,1,0,0,0,0,0,0
Nissan Micra XL,2011,200000,43500,2,18.06,1198.0,75.0,5.0,0.0,0.0,1.0,1.0,0.0,1.0,14,Micra,3107.1428571428573,1,0.06260434056761269,609000,1354.5,0,0,0,0,1,0,0,0,0,0
Ford EcoSport 1.5 TDCi Titanium BSIV,2015,600000,63000,1,22.77,1498.0,98.59,5.0,1.0,0.0,0.0,1.0,0.0,1.0,10,EcoSport,6300.0,2,0.06581441922563418,630000,2244.8943,1,0,0,0,0,0,0,0,0,0
Tata Indigo eCS LS TDI BSIII,2012,158000,110000,2,19.09,1396.0,69.0,5.0,1.0,0.0,0.0,1.0,0.0,1.0,13,Indigo,8461.538461538461,2,0.0494269340974212,1430000,1317.21,0,0,0,0,0,0,0,1,0,0
Hyundai Xcent 1.2 VTVT S AT,2017,580000,30000,1,17.36,1197.0,81.86,5.0,0.0,0.0,1.0,1.0,0.0,0.0,8,Xcent,3750.0,1,0.0683876357560568,240000,1421.0896,0,0,1,0,0,0,0,0,0,0
Renault KWID 1.0 RXT Optional,2018,350000,30000,1,23.01,999.0,67.0,5.0,0.0,0.0,1.0,1.0,0.0,1.0,7,KWID,4285.714285714285,1,0.06706706706706707,210000,1541.67,0,0,0,0,0,0,1,0,0,0
Honda City i VTEC VX,2014,650000,56000,1,17.4,1497.0,117.3,5.0,0.0,0.0,1.0,1.0,0.0,1.0,11,City,5090.909090909091,2,0.0783567134268537,616000,2041.0199999999998,0,1,0,0,0,0,0,0,0,0
Maruti Wagon R VXI BS IV,2017,400000,12700,1,20.51,998.0,67.04,5.0,0.0,0.0,1.0,1.0,0.0,1.0,8,Wagon,1587.5,1,0.06717434869739479,101600,1374.9904000000001,0,0,0,1,0,0,0,0,0,0
Tata Nexon 1.5 Revotorq XM,2018,700000,35000,1,21.5,1497.0,108.5,5.0,1.0,0.0,0.0,1.0,0.0,1.0,7,Nexon,5000.0,1,0.07247828991315965,245000,2332.75,0,0,0,0,0,0,0,1,0,0
Hyundai Xcent 1.2 Kappa SX,2017,520000,30000,1,19.1,1197.0,82.0,5.0,0.0,0.0,1.0,1.0,0.0,1.0,8,Xcent,3750.0,1,0.06850459482038429,240000,1566.2,0,0,1,0,0,0,0,0,0,0
Renault KWID RXT,2017,350000,34000,1,25.17,799.0,53.3,5.0,0.0,0.0,1.0,1.0,0.0,1.0,8,KWID,4250.0,1,0.06670838548185232,272000,1341.561,0,0,0,0,0,0,1,0,0,0
Hyundai i10 Era,2008,165000,90000,1,19.81,1086.0,68.05,5.0,0.0,0.0,1.0,1.0,0.0,1.0,17,i10,5294.117647058823,2,0.06266114180478821,1530000,1348.0704999999998,0,0,1,0,0,0,0,0,0,0
Hyundai Santro Xing GLS,2010,160000,65000,2,17.92,1086.0,62.1,5.0,0.0,0.0,1.0,1.0,0.0,1.0,15,Santro,4333.333333333333,1,0.057182320441988954,975000,1112.832,0,0,1,0,0,0,0,0,0,0
Maruti Alto K10 VXI,2015,285000,40000,1,23.95,998.0,67.05,5.0,0.0,0.0,1.0,1.0,0.0,1.0,10,Alto,4000.0,1,0.06718436873747495,400000,1605.8474999999999,0,0,0,1,0,0,0,0,0,0
Maruti Alto LXi BSIII,2005,180000,49455,1,19.7,796.0,46.3,5.0,0.0,0.0,1.0,1.0,0.0,1.0,20,Alto,2472.75,1,0.05816582914572864,989100,912.1099999999999,0,0,0,1,0,0,0,0,0,0
Hyundai EON D Lite Plus Option,2016,220000,100000,1,21.1,814.0,55.2,5.0,0.0,0.0,1.0,1.0,0.0,1.0,9,EON,11111.111111111111,2,0.06781326781326781,900000,1164.72,0,0,1,0,0,0,0,0,0,0
Tata Indica Vista Quadrajet LS,2013,120000,120000,1,22.3,1248.0,74.0,5.0,1.0,0.0,0.0,1.0,0.0,1.0,12,Indica,10000.0,2,0.05929487179487179,1440000,1650.2,0,0,0,0,0,0,0,1,0,0
Hyundai i20 Asta Optional With Sunroof 1.2,2010,220000,90000,4,17.0,1197.0,80.0,5.0,0.0,0.0,1.0,1.0,0.0,1.0,15,i20,6000.0,2,0.06683375104427736,1350000,1360.0,0,0,1,0,0,0,0,0,0,0
Chevrolet Sail Hatchback LS ABS,2013,420000,46815,2,22.1,1248.0,76.9,5.0,1.0,0.0,0.0,1.0,0.0,1.0,12,Sail,3901.25,1,0.06161858974358975,561780,1699.4900000000002,0,0,0,0,0,0,0,0,0,0
Tata Indica Vista TDI LS,2013,160000,110000,1,19.4,1405.0,70.0,5.0,1.0,0.0,0.0,1.0,0.0,1.0,12,Indica,9166.666666666666,2,0.0498220640569395,1320000,1358.0,0,0,0,0,0,0,0,1,0,0
Hyundai EON Era Plus,2015,250000,80000,1,21.1,814.0,55.2,5.0,0.0,0.0,1.0,1.0,0.0,1.0,10,EON,8000.0,2,0.06781326781326781,800000,1164.72,0,0,1,0,0,0,0,0,0,0
Maruti Wagon R VXI BS IV with ABS,2014,318000,80000,1,20.51,998.0,67.06,5.0,0.0,0.0,1.0,1.0,0.0,1.0,11,Wagon,7272.727272727273,2,0.06719438877755511,880000,1375.4006000000002,0,0,0,1,0,0,0,0,0,0
Hyundai Xcent 1.2 VTVT S,2018,480000,40000,1,20.14,1197.0,81.86,5.0,0.0,0.0,1.0,1.0,0.0,1.0,7,Xcent,5714.285714285715,2,0.0683876357560568,280000,1648.6604,0,0,1,0,0,0,0,0,0,0
Maruti Celerio VXI,2015,330000,70000,3,23.1,998.0,67.04,5.0,0.0,0.0,1.0,1.0,0.0,1.0,10,Celerio,7000.0,2,0.06717434869739479,700000,1548.6240000000003,0,0,0,1,0,0,0,0,0,0
Tata Indica Vista Aqua 1.4 TDI,2011,152000,80000,1,17.0,1405.0,71.0,5.0,1.0,0.0,0.0,1.0,0.0,1.0,14,Indica,5714.285714285715,2,0.050533807829181494,1120000,1207.0,0,0,0,0,0,0,0,1,0,0
Maruti Alto 800 LXI,2014,250000,40000,1,22.74,796.0,47.3,5.0,0.0,0.0,1.0,1.0,0.0,1.0,11,Alto,3636.3636363636365,1,0.059422110552763814,440000,1075.6019999999999,0,0,0,1,0,0,0,0,0,0
Tata Indica Vista Aqua 1.4 TDI,2011,248000,80000,1,17.0,1405.0,71.0,5.0,1.0,0.0,0.0,1.0,0.0,1.0,14,Indica,5714.285714285715,2,0.050533807829181494,1120000,1207.0,0,0,0,0,0,0,0,1,0,0
Nissan Micra XV,2011,300000,60000,2,18.06,1198.0,75.0,5.0,0.0,0.0,1.0,1.0,0.0,1.0,14,Micra,4285.714285714285,1,0.06260434056761269,840000,1354.5,0,0,0,0,1,0,0,0,0,0
Hyundai i20 1.2 Spotz,2017,550000,50000,1,18.6,1197.0,81.83,5.0,0.0,0.0,1.0,1.0,0.0,1.0,8,i20,6250.0,2,0.06836257309941521,400000,1522.038,0,0,1,0,0,0,0,0,0,0
Hyundai i20 Sportz 1.4 CRDi,2016,650000,30000,1,22.54,1396.0,88.73,5.0,1.0,0.0,0.0,1.0,0.0,1.0,9,i20,3333.3333333333335,1,0.06356017191977077,270000,1999.9742,0,0,1,0,0,0,0,0,0,0
Hyundai Grand i10 Magna,2017,445000,25000,1,18.9,1197.0,82.0,5.0,0.0,0.0,1.0,1.0,0.0,1.0,8,Grand,3125.0,1,0.06850459482038429,200000,1549.8,0,0,1,0,0,0,0,0,0,0
Renault Duster Adventure Edition,2014,495000,175000,1,19.01,1461.0,108.45,5.0,1.0,0.0,0.0,1.0,0.0,1.0,11,Duster,15909.09090909091,3,0.0742299794661191,1925000,2061.6345,0,0,0,0,0,0,1,0,0,0
Maruti SX4 ZXI AT,2011,220000,65000,3,12.6,1586.0,103.3,5.0,0.0,0.0,1.0,1.0,0.0,0.0,14,SX4,4642.857142857143,1,0.06513240857503153,910000,1301.58,0,0,0,1,0,0,0,0,0,0
Maruti SX4 ZXI AT,2011,260000,65000,3,12.6,1586.0,103.3,5.0,0.0,0.0,1.0,1.0,0.0,0.0,14,SX4,4642.857142857143,1,0.06513240857503153,910000,1301.58,0,0,0,1,0,0,0,0,0,0
Hyundai Santro Xing GLS,2009,150000,90000,1,17.92,1086.0,62.1,5.0,0.0,0.0,1.0,1.0,0.0,1.0,16,Santro,5625.0,2,0.057182320441988954,1440000,1112.832,0,0,1,0,0,0,0,0,0,0
Ford Figo Diesel Titanium,2011,200000,80000,2,20.0,1399.0,68.0,5.0,1.0,0.0,0.0,1.0,0.0,1.0,14,Figo,5714.285714285715,2,0.04860614724803431,1120000,1360.0,1,0,0,0,0,0,0,0,0,0
Toyota Etios Liva GD,2012,285000,80000,2,19.5,1248.0,81.83,5.0,1.0,0.0,0.0,1.0,0.0,1.0,13,Etios,6153.846153846154,2,0.06556891025641025,1040000,1595.685,0,0,0,0,0,0,0,0,1,0
Honda Civic Hybrid,2008,250000,60000,3,20.0,1339.0,108.5,5.0,0.0,0.0,1.0,1.0,0.0,0.0,17,Civic,3529.4117647058824,1,0.08103061986557132,1020000,2170.0,0,1,0,0,0,0,0,0,0,0
Maruti Baleno Delta 1.2,2018,560000,20000,1,21.4,1197.0,83.1,5.0,0.0,0.0,1.0,1.0,0.0,1.0,7,Baleno,2857.1428571428573,1,0.06942355889724311,140000,1778.3399999999997,0,0,0,1,0,0,0,0,0,0
Maruti Swift Dzire VXI,2016,500000,30000,1,20.85,1197.0,83.14,5.0,0.0,0.0,1.0,1.0,0.0,1.0,9,Swift,3333.3333333333335,1,0.06945697577276524,270000,1733.469,0,0,0,1,0,0,0,0,0,0
Hyundai Grand i10 CRDi Asta Option,2013,270000,118000,1,24.0,1120.0,70.0,5.0,1.0,0.0,0.0,1.0,0.0,1.0,12,Grand,9833.333333333334,2,0.0625,1416000,1680.0,0,0,1,0,0,0,0,0,0,0
Maruti Swift Dzire LXI,2015,434999,25000,2,20.85,1197.0,83.14,5.0,0.0,0.0,1.0,1.0,0.0,1.0,10,Swift,2500.0,1,0.06945697577276524,250000,1733.469,0,0,0,1,0,0,0,0,0,0
Hyundai Xcent 1.2 Kappa AT S Option,2015,400000,100000,1,16.9,1197.0,81.86,5.0,0.0,0.0,1.0,1.0,0.0,0.0,10,Xcent,10000.0,2,0.0683876357560568,1000000,1383.434,0,0,1,0,0,0,0,0,0,0
Maruti Swift Dzire VDI,2015,470000,110000,1,26.59,1248.0,74.0,5.0,1.0,0.0,0.0,1.0,0.0,1.0,10,Swift,11000.0,2,0.05929487179487179,1100000,1967.66,0,0,0,1,0,0,0,0,0,0
Nissan Terrano XL 85 PS,2015,480000,60000,3,20.45,1461.0,83.8,5.0,1.0,0.0,0.0,1.0,0.0,1.0,10,Terrano,6000.0,2,0.05735797399041752,600000,1713.7099999999998,0,0,0,0,1,0,0,0,0,0
Tata Tiago 1.05 Revotorq XE,2017,325000,120000,1,27.28,1047.0,69.0,5.0,1.0,0.0,0.0,1.0,0.0,1.0,8,Tiago,15000.0,2,0.0659025787965616,960000,1882.3200000000002,0,0,0,0,0,0,0,1,0,0
Toyota Etios Liva GD,2012,280000,80000,2,19.5,1248.0,81.83,5.0,1.0,0.0,0.0,1.0,0.0,1.0,13,Etios,6153.846153846154,2,0.06556891025641025,1040000,1595.685,0,0,0,0,0,0,0,0,1,0
Hyundai Grand i10 Nios AMT Sportz,2020,675000,5000,1,20.7,1197.0,81.86,5.0,0.0,0.0,1.0,1.0,0.0,0.0,5,Grand,1000.0,1,0.0683876357560568,25000,1694.502,0,0,1,0,0,0,0,0,0,0
Hyundai i10 Sportz Option,2009,170000,90000,2,20.36,1197.0,78.9,5.0,0.0,0.0,1.0,1.0,0.0,1.0,16,i10,5625.0,2,0.06591478696741855,1440000,1606.404,0,0,1,0,0,0,0,0,0,0
Hyundai i20 2015-2017 Asta Option 1.2,2016,650000,29000,1,18.6,1197.0,81.83,5.0,0.0,0.0,1.0,1.0,0.0,1.0,9,i20,3222.222222222222,1,0.06836257309941521,261000,1522.038,0,0,1,0,0,0,0,0,0,0
Maruti Wagon R LXI DUO BSIII,2007,105000,90000,2,23.355000000000004,1061.0,57.5,5.0,0.0,1.0,0.0,1.0,0.0,1.0,18,Wagon,5000.0,1,0.05419415645617342,1620000,1342.9125000000001,0,0,0,1,0,0,0,0,0,0
Mahindra Renault Logan 1.5 Diesel DLSX,2009,200000,176000,2,17.0,1461.0,66.0,5.0,1.0,0.0,0.0,1.0,0.0,1.0,16,Renault,11000.0,2,0.045174537987679675,2816000,1122.0,0,0,0,0,0,1,0,0,0,0
Tata Indigo CS LX (TDI) BS III,2013,200000,150000,1,19.09,1396.0,69.0,5.0,1.0,0.0,0.0,1.0,0.0,1.0,12,Indigo,12500.0,2,0.0494269340974212,1800000,1317.21,0,0,0,0,0,0,0,1,0,0
Volkswagen Vento 1.6 Highline,2014,500000,70000,2,15.04,1598.0,103.2,5.0,0.0,0.0,1.0,1.0,0.0,1.0,11,Vento,6363.636363636364,2,0.06458072590738423,770000,1552.128,0,0,0,0,0,0,0,0,0,1
Mahindra Renault Logan 1.5 DLX Diesel,2007,175000,99000,2,19.2,1461.0,65.0,5.0,1.0,0.0,0.0,1.0,0.0,1.0,18,Renault,5500.0,2,0.044490075290896644,1782000,1248.0,0,0,0,0,0,1,0,0,0,0
Tata Tiago 1.2 Revotron XZ,2018,450000,5000,1,23.84,1199.0,84.0,5.0,0.0,0.0,1.0,1.0,0.0,1.0,7,Tiago,714.2857142857143,1,0.07005838198498748,35000,2002.56,0,0,0,0,0,0,0,1,0,0
Maruti Ritz VDi,2011,270000,89000,2,21.1,1248.0,73.9,5.0,1.0,0.0,0.0,1.0,0.0,1.0,14,Ritz,6357.142857142857,2,0.059214743589743594,1246000,1559.2900000000002,0,0,0,1,0,0,0,0,0,0
Tata Indica V2 DLS TC,2006,110000,88000,2,16.8,1405.0,62.0,5.0,1.0,0.0,0.0,1.0,0.0,1.0,19,Indica,4631.578947368421,1,0.04412811387900356,1672000,1041.6000000000001,0,0,0,0,0,0,0,1,0,0
Maruti Swift Dzire VDI,2015,480000,30000,1,26.59,1248.0,74.0,5.0,1.0,0.0,0.0,1.0,0.0,1.0,10,Swift,3000.0,1,0.05929487179487179,300000,1967.66,0,0,0,1,0,0,0,0,0,0
Maruti Swift Dzire AMT ZDI,2016,650000,50000,2,26.59,1248.0,74.0,5.0,1.0,0.0,0.0,1.0,0.0,0.0,9,Swift,5555.555555555556,2,0.05929487179487179,450000,1967.66,0,0,0,1,0,0,0,0,0,0
Maruti Swift Dzire VDI,2013,480000,80000,1,23.4,1248.0,74.0,5.0,1.0,0.0,0.0,1.0,0.0,1.0,12,Swift,6666.666666666667,2,0.05929487179487179,960000,1731.6,0,0,0,1,0,0,0,0,0,0
Hyundai i20 Asta Option 1.4 CRDi,2016,700000,40000,1,22.54,1396.0,88.73,5.0,1.0,0.0,0.0,1.0,0.0,1.0,9,i20,4444.444444444444,1,0.06356017191977077,360000,1999.9742,0,0,1,0,0,0,0,0,0,0
Volkswagen Vento 1.5 TDI Highline AT,2016,1000000,60000,1,22.15,1498.0,108.6,5.0,1.0,0.0,0.0,1.0,0.0,0.0,9,Vento,6666.666666666667,2,0.07249666221628838,540000,2405.49,0,0,0,0,0,0,0,0,0,1
Toyota Yaris V CVT BSIV,2018,1080000,12800,1,17.8,1496.0,105.5,5.0,0.0,0.0,1.0,1.0,0.0,0.0,7,Yaris,1828.5714285714287,1,0.07052139037433156,89600,1877.9,0,0,0,0,0,0,0,0,1,0
Hyundai EON D Lite,2012,170000,40000,1,21.1,814.0,55.2,5.0,0.0,0.0,1.0,1.0,0.0,1.0,13,EON,3076.923076923077,1,0.06781326781326781,520000,1164.72,0,0,1,0,0,0,0,0,0,0
Maruti Swift DDiS VDI,2017,610000,49000,1,28.4,1248.0,74.0,5.0,1.0,0.0,0.0,1.0,0.0,1.0,8,Swift,6125.0,2,0.05929487179487179,392000,2101.6,0,0,0,1,0,0,0,0,0,0
Maruti Ritz VXi,2014,350000,25000,1,18.5,1197.0,85.8,5.0,0.0,0.0,1.0,1.0,0.0,1.0,11,Ritz,2272.7272727272725,1,0.07167919799498747,275000,1587.3,0,0,0,1,0,0,0,0,0,0
Maruti Alto 800 LXI,2016,260000,65000,2,22.74,796.0,47.3,5.0,0.0,0.0,1.0,1.0,0.0,1.0,9,Alto,7222.222222222223,2,0.059422110552763814,585000,1075.6019999999999,0,0,0,1,0,0,0,0,0,0
Fiat Linea 1.3 Multijet Emotion,2015,700000,20000,1,20.4,1248.0,91.7,5.0,1.0,0.0,0.0,1.0,0.0,1.0,10,Linea,2000.0,1,0.0734775641025641,200000,1870.6799999999998,0,0,0,0,0,1,0,0,0,0
Volkswagen Polo 2015-2019 1.0 MPI Highline Plus,2018,678000,17000,1,18.78,999.0,75.0,5.0,0.0,0.0,1.0,1.0,0.0,1.0,7,Polo,2428.5714285714284,1,0.07507507507507508,119000,1408.5,0,0,0,0,0,0,0,0,0,1
Maruti SX4 S Cross 2015-2017 DDiS 200 Zeta,2015,800000,15000,1,23.65,1248.0,88.5,5.0,1.0,0.0,0.0,1.0,0.0,1.0,10,SX4,1500.0,1,0.07091346153846154,150000,2093.025,0,0,0,1,0,0,0,0,0,0
Toyota Etios GD,2014,400000,120000,2,23.59,1364.0,67.04,5.0,1.0,0.0,0.0,1.0,0.0,1.0,11,Etios,10909.09090909091,2,0.04914956011730206,1320000,1581.4736,0,0,0,0,0,0,0,0,1,0
Hyundai i20 Magna,2010,300000,49000,1,18.5,1197.0,80.0,5.0,0.0,0.0,1.0,1.0,0.0,1.0,15,i20,3266.6666666666665,1,0.06683375104427736,735000,1480.0,0,0,1,0,0,0,0,0,0,0
Hyundai i20 2015-2017 Magna 1.2,2016,520000,29000,1,18.6,1197.0,81.83,5.0,0.0,0.0,1.0,1.0,0.0,1.0,9,i20,3222.222222222222,1,0.06836257309941521,261000,1522.038,0,0,1,0,0,0,0,0,0,0
Nissan Terrano XV D Premium AMT,2017,850000,55000,1,19.61,1461.0,108.5,5.0,1.0,0.0,0.0,1.0,0.0,0.0,8,Terrano,6875.0,2,0.07426420260095824,440000,2127.685,0,0,0,0,1,0,0,0,0,0
Tata Nexon 1.5 Revotorq XZ Plus,2017,830000,35000,1,21.5,1497.0,108.5,5.0,1.0,0.0,0.0,1.0,0.0,1.0,8,Nexon,4375.0,1,0.07247828991315965,280000,2332.75,0,0,0,0,0,0,0,1,0,0
Datsun GO T Option BSIV,2018,430000,5000,2,20.63,1198.0,67.0,5.0,0.0,0.0,1.0,1.0,0.0,1.0,7,GO,714.2857142857143,1,0.055926544240400666,35000,1382.21,0,0,0,0,0,1,0,0,0,0
Ford EcoSport 1.5 TDCi Platinum Edition BSIV,2017,850000,60000,1,22.77,1498.0,98.59,5.0,1.0,0.0,0.0,1.0,0.0,1.0,8,EcoSport,7500.0,2,0.06581441922563418,480000,2244.8943,1,0,0,0,0,0,0,0,0,0
Maruti Swift Dzire ZXI,2017,650000,70000,1,20.85,1197.0,83.14,5.0,0.0,0.0,1.0,1.0,0.0,1.0,8,Swift,8750.0,2,0.06945697577276524,560000,1733.469,0,0,0,1,0,0,0,0,0,0
Hyundai Verna CRDi,2008,120000,120000,2,16.8,1493.0,110.0,5.0,1.0,0.0,0.0,1.0,0.0,1.0,17,Verna,7058.823529411765,2,0.07367716008037509,2040000,1848.0,0,0,1,0,0,0,0,0,0,0
Maruti Ignis 1.2 AMT Delta BSIV,2019,525000,20000,1,20.89,1197.0,81.8,5.0,0.0,0.0,1.0,1.0,0.0,0.0,6,Ignis,3333.3333333333335,1,0.0683375104427736,120000,1708.802,0,0,0,1,0,0,0,0,0,0
Hyundai i20 Active 1.4 SX,2015,600000,108000,1,21.19,1396.0,88.73,5.0,1.0,0.0,0.0,1.0,0.0,1.0,10,i20,10800.0,2,0.06356017191977077,1080000,1880.1887000000002,0,0,1,0,0,0,0,0,0,0
Maruti Swift LXI,2019,500000,15000,1,21.21,1197.0,81.8,5.0,0.0,0.0,1.0,1.0,0.0,1.0,6,Swift,2500.0,1,0.0683375104427736,90000,1734.978,0,0,0,1,0,0,0,0,0,0
Hyundai Santro Xing GLS,2009,150000,77000,1,17.92,1086.0,62.1,5.0,0.0,0.0,1.0,1.0,0.0,1.0,16,Santro,4812.5,1,0.057182320441988954,1232000,1112.832,0,0,1,0,0,0,0,0,0,0
Maruti Wagon R VXI BS IV,2015,409999,18500,1,20.51,998.0,67.04,5.0,0.0,0.0,1.0,1.0,0.0,1.0,10,Wagon,1850.0,1,0.06717434869739479,185000,1374.9904000000001,0,0,0,1,0,0,0,0,0,0
Renault KWID RXT,2015,290000,15200,1,25.17,799.0,53.3,5.0,0.0,0.0,1.0,1.0,0.0,1.0,10,KWID,1520.0,1,0.06670838548185232,152000,1341.561,0,0,0,0,0,0,1,0,0,0
Hyundai EON Era Plus,2013,190000,70000,1,21.1,814.0,55.2,5.0,0.0,0.0,1.0,1.0,0.0,1.0,12,EON,5833.333333333333,2,0.06781326781326781,840000,1164.72,0,0,1,0,0,0,0,0,0,0
Nissan Terrano XV 110 PS,2014,525000,120000,2,19.01,1461.0,108.5,5.0,1.0,0.0,0.0,1.0,0.0,1.0,11,Terrano,10909.09090909091,2,0.07426420260095824,1320000,2062.585,0,0,0,0,1,0,0,0,0,0
Honda City 1.5 V AT,2010,321000,60000,2,16.8,1497.0,118.0,5.0,0.0,0.0,1.0,1.0,0.0,0.0,15,City,4000.0,1,0.0788243152972612,900000,1982.4,0,1,0,0,0,0,0,0,0,0
Toyota Etios Liva 1.2 V Dual Tone,2017,585000,50000,1,17.71,1197.0,78.9,5.0,0.0,0.0,1.0,1.0,0.0,1.0,8,Etios,6250.0,2,0.06591478696741855,400000,1397.3190000000002,0,0,0,0,0,0,0,0,1,0
Ford Figo Diesel EXI,2011,225000,70000,1,20.0,1399.0,68.0,5.0,1.0,0.0,0.0,1.0,0.0,1.0,14,Figo,5000.0,1,0.04860614724803431,980000,1360.0,1,0,0,0,0,0,0,0,0,0
Honda Amaze E i-DTEC,2017,500000,70000,1,25.8,1498.0,98.6,5.0,1.0,0.0,0.0,1.0,0.0,1.0,8,Amaze,8750.0,2,0.06582109479305741,560000,2543.88,0,1,0,0,0,0,0,0,0,0
Hyundai i20 1.4 CRDi Asta,2011,350000,90000,3,23.0,1396.0,90.0,5.0,1.0,0.0,0.0,1.0,0.0,1.0,14,i20,6428.571428571428,2,0.06446991404011461,1260000,2070.0,0,0,1,0,0,0,0,0,0,0
Maruti Alto 800 VXI,2014,240000,50000,1,22.74,796.0,47.3,5.0,0.0,0.0,1.0,1.0,0.0,1.0,11,Alto,4545.454545454545,1,0.059422110552763814,550000,1075.6019999999999,0,0,0,1,0,0,0,0,0,0
Hyundai i20 Active S Petrol,2019,800000,5000,1,17.19,1197.0,81.86,5.0,0.0,0.0,1.0,1.0,0.0,1.0,6,i20,833.3333333333334,1,0.0683876357560568,30000,1407.1734000000001,0,0,1,0,0,0,0,0,0,0
Hyundai Grand i10 Sportz,2017,509999,25000,1,18.9,1197.0,82.0,5.0,0.0,0.0,1.0,1.0,0.0,1.0,8,Grand,3125.0,1,0.06850459482038429,200000,1549.8,0,0,1,0,0,0,0,0,0,0
Tata Zest Quadrajet 1.3 75PS XE,2019,650000,15000,1,22.95,1248.0,74.0,5.0,1.0,0.0,0.0,1.0,0.0,1.0,6,Zest,2500.0,1,0.05929487179487179,90000,1698.3,0,0,0,0,0,0,0,1,0,0
Maruti Alto K10 2010-2014 VXI,2011,210000,35000,2,20.92,998.0,67.1,5.0,0.0,0.0,1.0,1.0,0.0,1.0,14,Alto,2500.0,1,0.06723446893787574,490000,1403.732,0,0,0,1,0,0,0,0,0,0
Maruti Alto LXi,2008,110000,80000,2,19.7,796.0,46.3,5.0,0.0,0.0,1.0,1.0,0.0,1.0,17,Alto,4705.882352941177,1,0.05816582914572864,1360000,912.1099999999999,0,0,0,1,0,0,0,0,0,0
Tata Nexon 1.5 Revotorq XE,2017,665000,25000,1,21.5,1497.0,108.5,5.0,1.0,0.0,0.0,1.0,0.0,1.0,8,Nexon,3125.0,1,0.07247828991315965,200000,2332.75,0,0,0,0,0,0,0,1,0,0
Volkswagen Ameo 1.5 TDI Comfortline,2017,555000,52000,1,21.66,1498.0,108.62,5.0,1.0,0.0,0.0,1.0,0.0,1.0,8,Ameo,6500.0,2,0.07251001335113486,416000,2352.7092000000002,0,0,0,0,0,0,0,0,0,1
Volkswagen Ameo 1.5 TDI Comfortline,2017,560000,52000,1,21.66,1498.0,108.62,5.0,1.0,0.0,0.0,1.0,0.0,1.0,8,Ameo,6500.0,2,0.07251001335113486,416000,2352.7092000000002,0,0,0,0,0,0,0,0,0,1
Maruti Swift VDI BSIV W ABS,2011,290000,77000,2,19.5,1248.0,81.83,5.0,1.0,0.0,0.0,1.0,0.0,1.0,14,Swift,5500.0,2,0.06556891025641025,1078000,1595.685,0,0,0,1,0,0,0,0,0,0
Maruti Swift Dzire VDI,2017,605000,127000,1,28.4,1248.0,74.02,5.0,1.0,0.0,0.0,1.0,0.0,1.0,8,Swift,15875.0,3,0.05931089743589743,1016000,2102.1679999999997,0,0,0,1,0,0,0,0,0,0
Honda WR-V i-VTEC VX,2017,720000,30000,1,17.5,1199.0,88.7,5.0,0.0,0.0,1.0,1.0,0.0,1.0,8,WR-V,3750.0,1,0.07397831526271893,240000,1552.25,0,1,0,0,0,0,0,0,0,0
Hyundai i20 1.4 CRDi Sportz,2011,350000,116500,1,23.0,1396.0,90.0,5.0,1.0,0.0,0.0,1.0,0.0,1.0,14,i20,8321.42857142857,2,0.06446991404011461,1631000,2070.0,0,0,1,0,0,0,0,0,0,0
Hyundai i20 Sportz 1.2,2012,300000,120000,1,18.5,1197.0,82.85,5.0,0.0,0.0,1.0,1.0,0.0,1.0,13,i20,9230.76923076923,2,0.06921470342522974,1560000,1532.725,0,0,1,0,0,0,0,0,0,0
Ford Figo 1.5D Trend MT,2016,377000,80000,1,25.83,1498.0,99.0,5.0,1.0,0.0,0.0,1.0,0.0,1.0,9,Figo,8888.888888888889,2,0.06608811748998665,720000,2557.1699999999996,1,0,0,0,0,0,0,0,0,0
Hyundai Verna Xi (Petrol),2008,160000,100000,4,13.9,1599.0,103.2,5.0,0.0,0.0,1.0,1.0,0.0,1.0,17,Verna,5882.35294117647,2,0.06454033771106941,1700000,1434.48,0,0,1,0,0,0,0,0,0,0
Hyundai Xcent 1.2 VTVT E,2019,525000,100000,1,20.14,1197.0,81.86,5.0,0.0,0.0,1.0,1.0,0.0,1.0,6,Xcent,16666.666666666668,3,0.0683876357560568,600000,1648.6604,0,0,1,0,0,0,0,0,0,0
Toyota Etios GD,2016,570000,145000,2,23.59,1364.0,67.05,5.0,1.0,0.0,0.0,1.0,0.0,1.0,9,Etios,16111.111111111111,3,0.04915689149560117,1305000,1581.7095,0,0,0,0,0,0,0,0,1,0
Ford Figo Diesel Titanium,2011,225000,90000,2,20.0,1399.0,68.0,5.0,1.0,0.0,0.0,1.0,0.0,1.0,14,Figo,6428.571428571428,2,0.04860614724803431,1260000,1360.0,1,0,0,0,0,0,0,0,0,0
Hyundai Xcent 1.2 VTVT S,2019,590000,90000,1,20.14,1197.0,81.86,5.0,0.0,0.0,1.0,1.0,0.0,1.0,6,Xcent,15000.0,2,0.0683876357560568,540000,1648.6604,0,0,1,0,0,0,0,0,0,0
Ford Aspire Titanium BSIV,2019,800000,33000,1,19.4,1194.0,94.93,5.0,0.0,0.0,1.0,0.0,0.0,1.0,6,Aspire,5500.0,2,0.07950586264656617,198000,1841.642,1,0,0,0,0,0,0,0,0,0
Chevrolet Sail 1.2 LS ABS,2014,450000,13500,1,18.2,1199.0,82.4,5.0,0.0,0.0,1.0,1.0,0.0,1.0,11,Sail,1227.2727272727273,1,0.06872393661384488,148500,1499.68,0,0,0,0,0,0,0,0,0,0
Tata Indigo LX,2012,300000,80000,1,17.0,1405.0,70.0,5.0,1.0,0.0,0.0,1.0,0.0,1.0,13,Indigo,6153.846153846154,2,0.0498220640569395,1040000,1190.0,0,0,0,0,0,0,0,1,0,0
Hyundai i20 1.2 Spotz,2017,645000,20000,1,18.6,1197.0,81.83,5.0,0.0,0.0,1.0,1.0,0.0,1.0,8,i20,2500.0,1,0.06836257309941521,160000,1522.038,0,0,1,0,0,0,0,0,0,0
Maruti Swift Dzire VDI,2013,520000,58000,1,23.4,1248.0,74.0,5.0,1.0,0.0,0.0,1.0,0.0,1.0,12,Swift,4833.333333333333,1,0.05929487179487179,696000,1731.6,0,0,0,1,0,0,0,0,0,0
Hyundai EON Magna Plus,2013,200000,40000,1,21.1,814.0,55.2,5.0,0.0,0.0,1.0,1.0,0.0,1.0,12,EON,3333.3333333333335,1,0.06781326781326781,480000,1164.72,0,0,1,0,0,0,0,0,0,0
Honda City i VTEC V,2015,700000,30000,1,17.4,1497.0,117.3,5.0,0.0,0.0,1.0,1.0,0.0,1.0,10,City,3000.0,1,0.0783567134268537,300000,2041.0199999999998,0,1,0,0,0,0,0,0,0,0
Ford Figo Aspire 1.5 TDCi Ambiente,2016,459999,73000,1,25.83,1498.0,99.0,5.0,1.0,0.0,0.0,1.0,0.0,1.0,9,Figo,8111.111111111111,2,0.06608811748998665,657000,2557.1699999999996,1,0,0,0,0,0,0,0,0,0
Maruti Ritz VDi,2014,325000,90000,2,23.2,1248.0,73.94,5.0,1.0,0.0,0.0,1.0,0.0,1.0,11,Ritz,8181.818181818182,2,0.05924679487179487,990000,1715.408,0,0,0,1,0,0,0,0,0,0
Maruti Wagon R VXI BS IV,2015,350000,50000,2,20.51,998.0,67.04,5.0,0.0,0.0,1.0,1.0,0.0,1.0,10,Wagon,5000.0,1,0.06717434869739479,500000,1374.9904000000001,0,0,0,1,0,0,0,0,0,0
Hyundai i20 1.4 CRDi Magna,2011,320000,70000,2,21.9,1396.0,90.0,5.0,1.0,0.0,0.0,1.0,0.0,1.0,14,i20,5000.0,1,0.06446991404011461,980000,1970.9999999999998,0,0,1,0,0,0,0,0,0,0
Chevrolet Spark 1.0 LS,2011,169000,41000,1,18.0,995.0,62.0,5.0,0.0,0.0,1.0,1.0,0.0,1.0,14,Spark,2928.5714285714284,1,0.062311557788944726,574000,1116.0,0,0,0,0,0,0,0,0,0,0
Volkswagen Polo Petrol Comfortline 1.2L,2013,350000,50000,4,16.47,1198.0,73.9,5.0,0.0,0.0,1.0,1.0,0.0,1.0,12,Polo,4166.666666666667,1,0.06168614357262104,600000,1217.133,0,0,0,0,0,0,0,0,0,1
Ford Classic 1.4 Duratorq Titanium,2014,350000,113226,1,19.68,1399.0,67.0,5.0,1.0,0.0,0.0,0.0,0.0,1.0,11,Classic,10293.272727272728,2,0.04789135096497498,1245486,1318.56,1,0,0,0,0,0,0,0,0,0
Ford Figo Diesel Celebration Edition,2013,310000,90000,2,20.0,1399.0,68.1,5.0,1.0,0.0,0.0,1.0,0.0,1.0,12,Figo,7500.0,2,0.04867762687634024,1080000,1362.0,1,0,0,0,0,0,0,0,0,0
Maruti Swift 1.3 VXi,2007,150000,70000,3,19.5,1248.0,81.83,5.0,0.0,0.0,1.0,1.0,0.0,1.0,18,Swift,3888.8888888888887,1,0.06556891025641025,1260000,1595.685,0,0,0,1,0,0,0,0,0,0
Maruti Ciaz AT ZXi,2015,685000,30000,1,19.12,1373.0,91.1,5.0,0.0,0.0,1.0,1.0,0.0,0.0,10,Ciaz,3000.0,1,0.0663510560815732,300000,1741.8319999999999,0,0,0,1,0,0,0,0,0,0
Renault Duster 4x4,2014,560000,132000,2,19.72,1461.0,108.45,5.0,1.0,0.0,0.0,1.0,0.0,1.0,11,Duster,12000.0,2,0.0742299794661191,1452000,2138.634,0,0,0,0,0,0,1,0,0,0
Maruti Swift VDI,2013,470000,120000,3,22.9,1248.0,74.0,5.0,1.0,0.0,0.0,1.0,0.0,1.0,12,Swift,10000.0,2,0.05929487179487179,1440000,1694.6,0,0,0,1,0,0,0,0,0,0
Hyundai Verna Transform VTVT,2011,380000,80000,2,16.2,1599.0,103.2,5.0,0.0,0.0,1.0,1.0,0.0,1.0,14,Verna,5714.285714285715,2,0.06454033771106941,1120000,1671.84,0,0,1,0,0,0,0,0,0,0
Maruti Swift Dzire LXI 1.2 BS IV,2018,550000,5000,1,22.0,1197.0,81.8,5.0,0.0,0.0,1.0,1.0,0.0,1.0,7,Swift,714.2857142857143,1,0.0683375104427736,35000,1799.6,0,0,0,1,0,0,0,0,0,0
Maruti Swift Dzire VXI,2017,500000,43000,1,20.85,1197.0,83.14,5.0,0.0,0.0,1.0,1.0,0.0,1.0,8,Swift,5375.0,2,0.06945697577276524,344000,1733.469,0,0,0,1,0,0,0,0,0,0
Skoda Rapid 1.5 TDI AT Ambition Plus,2014,400000,77000,2,21.66,1498.0,103.6,5.0,1.0,0.0,0.0,1.0,0.0,0.0,11,Rapid,7000.0,2,0.0691588785046729,847000,2243.976,0,0,0,0,0,1,0,0,0,0
Renault KWID RXT,2016,260000,30000,1,25.17,799.0,53.3,5.0,0.0,0.0,1.0,1.0,0.0,1.0,9,KWID,3333.3333333333335,1,0.06670838548185232,270000,1341.561,0,0,0,0,0,0,1,0,0,0
Maruti Alto 800 LXI,2015,220000,40000,2,22.74,796.0,47.3,5.0,0.0,0.0,1.0,1.0,0.0,1.0,10,Alto,4000.0,1,0.059422110552763814,400000,1075.6019999999999,0,0,0,1,0,0,0,0,0,0
Hyundai Grand i10 Magna,2016,400000,80000,1,18.9,1197.0,82.0,5.0,0.0,0.0,1.0,1.0,0.0,1.0,9,Grand,8888.888888888889,2,0.06850459482038429,720000,1549.8,0,0,1,0,0,0,0,0,0,0
Chevrolet Beat Diesel LT Option,2014,170000,76000,2,25.44,936.0,56.3,5.0,1.0,0.0,0.0,1.0,0.0,1.0,11,Beat,6909.090909090909,2,0.060149572649572644,836000,1432.272,0,0,0,0,0,0,0,0,0,0
Hyundai Elite i20 Magna Plus BSIV,2019,650000,3500,1,18.6,1197.0,81.86,5.0,0.0,0.0,1.0,1.0,0.0,1.0,6,Elite,583.3333333333334,1,0.0683876357560568,21000,1522.596,0,0,1,0,0,0,0,0,0,0
Chevrolet Spark 1.0 LT,2012,125000,40000,2,16.2,995.0,62.1,5.0,0.0,0.0,1.0,1.0,0.0,1.0,13,Spark,3076.923076923077,1,0.06241206030150754,520000,1006.02,0,0,0,0,0,0,0,0,0,0
Tata Indica Vista Aqua 1.3 Quadrajet (ABS),2013,130000,120000,2,19.5,1248.0,81.83,5.0,1.0,0.0,0.0,1.0,0.0,1.0,12,Indica,10000.0,2,0.06556891025641025,1440000,1595.685,0,0,0,0,0,0,0,1,0,0
Maruti Alto LX,2011,170000,70000,3,19.7,796.0,46.3,5.0,0.0,0.0,1.0,1.0,0.0,1.0,14,Alto,5000.0,1,0.05816582914572864,980000,912.1099999999999,0,0,0,1,0,0,0,0,0,0
Maruti Swift Dzire LDi,2012,310000,77000,2,19.3,1248.0,73.9,5.0,1.0,0.0,0.0,1.0,0.0,1.0,13,Swift,5923.076923076923,2,0.059214743589743594,1001000,1426.2700000000002,0,0,0,1,0,0,0,0,0,0
Chevrolet Spark 1.0 LT,2011,130000,110000,2,18.0,995.0,62.0,5.0,0.0,0.0,1.0,1.0,0.0,1.0,14,Spark,7857.142857142857,2,0.062311557788944726,1540000,1116.0,0,0,0,0,0,0,0,0,0,0
Maruti Wagon R VXI Optional,2016,465000,20000,1,20.51,998.0,67.04,5.0,0.0,0.0,1.0,1.0,0.0,1.0,9,Wagon,2222.222222222222,1,0.06717434869739479,180000,1374.9904000000001,0,0,0,1,0,0,0,0,0,0
Maruti Alto K10 Knightracer,2012,260000,16830,1,20.2,998.0,67.1,5.0,0.0,0.0,1.0,1.0,0.0,1.0,13,Alto,1294.6153846153845,1,0.06723446893787574,218790,1355.4199999999998,0,0,0,1,0,0,0,0,0,0
Renault KWID 1.0 RXT 02 Anniversary Edition,2017,325000,38000,1,23.01,999.0,67.0,5.0,0.0,0.0,1.0,1.0,0.0,1.0,8,KWID,4750.0,1,0.06706706706706707,304000,1541.67,0,0,0,0,0,0,1,0,0,0
Tata Indica V2 DLE BSIII,2007,200000,50000,1,17.88,1396.0,52.8,5.0,1.0,0.0,0.0,1.0,0.0,1.0,18,Indica,2777.777777777778,1,0.03782234957020057,900000,944.0639999999999,0,0,0,0,0,0,0,1,0,0
Tata Indigo V BSIII,2012,229999,50000,1,17.0,1405.0,70.0,5.0,1.0,0.0,0.0,1.0,0.0,1.0,13,Indigo,3846.153846153846,1,0.0498220640569395,650000,1190.0,0,0,0,0,0,0,0,1,0,0
Hyundai EON Magna Plus,2016,340000,30000,1,21.1,814.0,55.2,5.0,0.0,0.0,1.0,1.0,0.0,1.0,9,EON,3333.3333333333335,1,0.06781326781326781,270000,1164.72,0,0,1,0,0,0,0,0,0,0
Volkswagen Jetta 1.6 Trendline,2010,225000,80000,2,14.0,1595.0,102.0,5.0,0.0,0.0,1.0,1.0,0.0,1.0,15,Jetta,5333.333333333333,2,0.06394984326018809,1200000,1428.0,0,0,0,0,0,0,0,0,0,1
Tata Indigo eCS VX BSIV,2013,280000,70000,1,25.0,1396.0,69.0,5.0,1.0,0.0,0.0,1.0,0.0,1.0,12,Indigo,5833.333333333333,2,0.0494269340974212,840000,1725.0,0,0,0,0,0,0,0,1,0,0
Tata Indigo CS eLX BS IV,2012,259000,35000,1,23.03,1396.0,69.0,5.0,1.0,0.0,0.0,1.0,0.0,1.0,13,Indigo,2692.3076923076924,1,0.0494269340974212,455000,1589.0700000000002,0,0,0,0,0,0,0,1,0,0
Ford Figo 1.5P Titanium AT,2015,416000,40000,1,17.01,1499.0,110.4,5.0,0.0,0.0,1.0,1.0,0.0,0.0,10,Figo,4000.0,1,0.07364909939959974,400000,1877.9040000000002,1,0,0,0,0,0,0,0,0,0
Tata Manza ELAN Quadrajet BS III,2011,250000,70000,1,19.0,1248.0,90.0,5.0,1.0,0.0,0.0,1.0,0.0,1.0,14,Manza,5000.0,1,0.07211538461538461,980000,1710.0,0,0,0,0,0,0,0,1,0,0
Tata Manza Aura (ABS) Quadrajet BS IV,2010,210000,120000,1,21.12,1248.0,88.8,5.0,1.0,0.0,0.0,1.0,0.0,1.0,15,Manza,8000.0,2,0.07115384615384615,1800000,1875.4560000000001,0,0,0,0,0,0,0,1,0,0
Tata Indigo CS eLS BS IV,2012,220000,90000,1,23.03,1396.0,69.0,5.0,1.0,0.0,0.0,1.0,0.0,1.0,13,Indigo,6923.076923076923,2,0.0494269340974212,1170000,1589.0700000000002,0,0,0,0,0,0,0,1,0,0
Tata Indigo eCS LX BSIV,2012,246000,35000,2,23.03,1396.0,69.0,5.0,1.0,0.0,0.0,1.0,0.0,1.0,13,Indigo,2692.3076923076924,1,0.0494269340974212,455000,1589.0700000000002,0,0,0,0,0,0,0,1,0,0
Hyundai Creta 1.4 CRDi S,2018,1050000,70000,1,21.38,1396.0,88.7,5.0,1.0,0.0,0.0,1.0,0.0,1.0,7,Creta,10000.0,2,0.06353868194842408,490000,1896.406,0,0,1,0,0,0,0,0,0,0
Maruti Swift VXI Optional,2016,550000,20000,1,20.4,1197.0,81.8,5.0,0.0,0.0,1.0,1.0,0.0,1.0,9,Swift,2222.222222222222,1,0.0683375104427736,180000,1668.7199999999998,0,0,0,1,0,0,0,0,0,0
Tata Indigo CS LX (TDI) BS-III,2017,450000,70000,1,19.09,1405.0,69.01,5.0,1.0,0.0,0.0,1.0,0.0,1.0,8,Indigo,8750.0,2,0.04911743772241993,560000,1317.4009,0,0,0,0,0,0,0,1,0,0
Honda City i VTEC VX,2016,773000,65000,1,17.8,1497.0,117.3,5.0,0.0,0.0,1.0,1.0,0.0,1.0,9,City,7222.222222222223,2,0.0783567134268537,585000,2087.94,0,1,0,0,0,0,0,0,0,0
Tata Tiago 1.2 Revotron XZ,2017,450000,25000,1,23.84,1199.0,84.0,5.0,0.0,0.0,1.0,1.0,0.0,1.0,8,Tiago,3125.0,1,0.07005838198498748,200000,2002.56,0,0,0,0,0,0,0,1,0,0
Maruti Eeco 5 Seater AC BSIV,2019,409999,10000,1,15.37,1196.0,73.0,5.0,0.0,0.0,1.0,1.0,0.0,1.0,6,Eeco,1666.6666666666667,1,0.061036789297658864,60000,1122.01,0,0,0,1,0,0,0,0,0,0
Chevrolet Beat LT,2010,250000,63000,1,18.6,1199.0,79.4,5.0,0.0,0.0,1.0,1.0,0.0,1.0,15,Beat,4200.0,1,0.06622185154295246,945000,1476.8400000000001,0,0,0,0,0,0,0,0,0,0
Tata Indica V2 DLS TC,2008,70000,100000,1,16.8,1405.0,62.0,5.0,1.0,0.0,0.0,1.0,0.0,1.0,17,Indica,5882.35294117647,2,0.04412811387900356,1700000,1041.6000000000001,0,0,0,0,0,0,0,1,0,0
Maruti Wagon R VXI BS IV,2018,430000,16589,1,20.51,998.0,67.04,5.0,0.0,0.0,1.0,0.0,1.0,1.0,7,Wagon,2369.8571428571427,1,0.06717434869739479,116123,1374.9904000000001,0,0,0,1,0,0,0,0,0,0
Honda City i VTEC V,2016,675000,53201,2,17.8,1497.0,117.3,5.0,0.0,0.0,1.0,0.0,1.0,1.0,9,City,5911.222222222223,2,0.0783567134268537,478809,2087.94,0,1,0,0,0,0,0,0,0,0
Maruti Baleno Delta,2017,570000,25272,1,21.01,1197.0,81.8,5.0,0.0,0.0,1.0,0.0,1.0,1.0,8,Baleno,3159.0,1,0.0683375104427736,202176,1718.6180000000002,0,0,0,1,0,0,0,0,0,0
Maruti Vitara Brezza ZDi Plus,2017,850000,53619,1,24.3,1248.0,88.5,5.0,1.0,0.0,0.0,0.0,1.0,1.0,8,Vitara,6702.375,2,0.07091346153846154,428952,2150.55,0,0,0,1,0,0,0,0,0,0
Ford Ecosport 1.5 Petrol Ambiente,2018,640000,6001,1,15.9,1496.0,120.69,5.0,0.0,0.0,1.0,0.0,0.0,1.0,7,Ecosport,857.2857142857143,1,0.08067513368983957,42007,1918.971,1,0,0,0,0,0,0,0,0,0
Tata Indigo CS LS (TDI) BS-III,2013,250000,80000,1,19.09,1405.0,69.01,5.0,1.0,0.0,0.0,1.0,0.0,1.0,12,Indigo,6666.666666666667,2,0.04911743772241993,960000,1317.4009,0,0,0,0,0,0,0,1,0,0
Hyundai i20 2015-2017 Asta Option 1.4 CRDi,2017,750000,40000,2,22.54,1396.0,88.73,5.0,1.0,0.0,0.0,1.0,0.0,1.0,8,i20,5000.0,1,0.06356017191977077,320000,1999.9742,0,0,1,0,0,0,0,0,0,0
Maruti Swift Ldi BSIV,2010,320000,130000,3,17.8,1248.0,75.0,5.0,1.0,0.0,0.0,1.0,0.0,1.0,15,Swift,8666.666666666666,2,0.06009615384615385,1950000,1335.0,0,0,0,1,0,0,0,0,0,0
Maruti Ciaz S 1.3,2018,1000000,40000,1,28.09,1248.0,88.5,5.0,1.0,0.0,0.0,1.0,0.0,1.0,7,Ciaz,5714.285714285715,2,0.07091346153846154,280000,2485.965,0,0,0,1,0,0,0,0,0,0
Honda City 2017-2020 GXi,2008,250000,120000,2,17.7,1497.0,78.0,5.0,0.0,0.0,1.0,1.0,0.0,1.0,17,City,7058.823529411765,2,0.052104208416833664,2040000,1380.6,0,1,0,0,0,0,0,0,0,0
Maruti Swift Dzire VDI,2015,600000,60000,1,26.59,1248.0,74.0,5.0,1.0,0.0,0.0,1.0,0.0,1.0,10,Swift,6000.0,2,0.05929487179487179,600000,1967.66,0,0,0,1,0,0,0,0,0,0
Maruti Zen Estilo LXI BS IV,2009,165000,60000,1,19.0,998.0,67.1,5.0,0.0,0.0,1.0,1.0,0.0,1.0,16,Zen,3750.0,1,0.06723446893787574,960000,1274.8999999999999,0,0,0,1,0,0,0,0,0,0
Maruti Alto LXI,2004,118000,60000,2,19.7,796.0,46.3,5.0,0.0,0.0,1.0,1.0,0.0,1.0,21,Alto,2857.1428571428573,1,0.05816582914572864,1260000,912.1099999999999,0,0,0,1,0,0,0,0,0,0
Maruti Baleno Delta 1.3,2016,700000,78000,1,27.39,1248.0,74.0,5.0,1.0,0.0,0.0,1.0,0.0,1.0,9,Baleno,8666.666666666666,2,0.05929487179487179,702000,2026.8600000000001,0,0,0,1,0,0,0,0,0,0
Renault Duster 85PS Diesel RxL Optional,2013,585000,80000,2,20.46,1461.0,83.8,5.0,1.0,0.0,0.0,1.0,0.0,1.0,12,Duster,6666.666666666667,2,0.05735797399041752,960000,1714.548,0,0,0,0,0,0,1,0,0,0
Maruti Alto LXi,2006,120000,120000,4,19.7,796.0,46.3,5.0,0.0,0.0,1.0,1.0,0.0,1.0,19,Alto,6315.789473684211,2,0.05816582914572864,2280000,912.1099999999999,0,0,0,1,0,0,0,0,0,0
Maruti Alto LX,2006,150000,100000,2,19.7,796.0,46.3,5.0,0.0,0.0,1.0,1.0,0.0,1.0,19,Alto,5263.1578947368425,2,0.05816582914572864,1900000,912.1099999999999,0,0,0,1,0,0,0,0,0,0
Maruti Alto Std,2009,150000,70000,4,19.7,796.0,46.3,5.0,0.0,0.0,1.0,1.0,0.0,1.0,16,Alto,4375.0,1,0.05816582914572864,1120000,912.1099999999999,0,0,0,1,0,0,0,0,0,0
Hyundai Accent VIVA CRDi,2004,170000,160000,3,13.1,1493.0,82.0,5.0,1.0,0.0,0.0,1.0,0.0,1.0,21,Accent,7619.047619047619,2,0.05492297387809779,3360000,1074.2,0,0,1,0,0,0,0,0,0,0
Hyundai Accent CRDi,2005,100000,100000,3,13.1,1493.0,82.0,5.0,1.0,0.0,0.0,1.0,0.0,1.0,20,Accent,5000.0,1,0.05492297387809779,2000000,1074.2,0,0,1,0,0,0,0,0,0,0
Maruti Swift VXI Optional,2016,570000,90000,1,20.4,1197.0,81.8,5.0,0.0,0.0,1.0,1.0,0.0,1.0,9,Swift,10000.0,2,0.0683375104427736,810000,1668.7199999999998,0,0,0,1,0,0,0,0,0,0
Volkswagen Polo Diesel Highline 1.2L,2013,440000,75000,2,22.07,1199.0,73.9,5.0,1.0,0.0,0.0,1.0,0.0,1.0,12,Polo,6250.0,2,0.06163469557964971,900000,1630.9730000000002,0,0,0,0,0,0,0,0,0,1
Nissan Micra XV CVT,2015,300000,71717,2,19.34,1198.0,76.0,5.0,0.0,0.0,1.0,1.0,0.0,0.0,10,Micra,7171.7,2,0.06343906510851419,717170,1469.84,0,0,0,0,1,0,0,0,0,0
Maruti Swift Dzire VDI,2016,660000,55000,1,26.59,1248.0,74.0,5.0,1.0,0.0,0.0,1.0,0.0,1.0,9,Swift,6111.111111111111,2,0.05929487179487179,495000,1967.66,0,0,0,1,0,0,0,0,0,0
Ford Fiesta Classic 1.6 Duratec LXI,2012,256000,90000,2,15.3,1596.0,99.6,5.0,0.0,0.0,1.0,1.0,0.0,1.0,13,Fiesta,6923.076923076923,2,0.06240601503759398,1170000,1523.8799999999999,1,0,0,0,0,0,0,0,0,0
Renault KWID 1.0 RXT Optional,2018,409999,35000,1,23.01,999.0,67.0,5.0,0.0,0.0,1.0,1.0,0.0,1.0,7,KWID,5000.0,1,0.06706706706706707,245000,1541.67,0,0,0,0,0,0,1,0,0,0
Hyundai Santro Xing GLS LPG,2011,250000,100000,2,18.1575,1086.0,62.1,5.0,0.0,1.0,0.0,1.0,0.0,1.0,14,Santro,7142.857142857143,2,0.057182320441988954,1400000,1127.5807499999999,0,0,1,0,0,0,0,0,0,0
Maruti Zen Estilo VXI BSIV,2014,190000,60000,1,19.0,998.0,67.1,5.0,0.0,0.0,1.0,1.0,0.0,1.0,11,Zen,5454.545454545455,2,0.06723446893787574,660000,1274.8999999999999,0,0,0,1,0,0,0,0,0,0
Tata Indigo CR4,2011,200000,84321,1,23.57,1396.0,70.0,5.0,1.0,0.0,0.0,1.0,0.0,1.0,14,Indigo,6022.928571428572,2,0.050143266475644696,1180494,1649.9,0,0,0,0,0,0,0,1,0,0
Tata Indica Vista Aqua 1.3 Quadrajet,2010,175000,60000,1,18.0,1248.0,75.0,5.0,1.0,0.0,0.0,1.0,0.0,1.0,15,Indica,4000.0,1,0.06009615384615385,900000,1350.0,0,0,0,0,0,0,0,1,0,0
Hyundai i10 Asta,2008,215000,70000,2,20.36,1197.0,78.9,5.0,0.0,0.0,1.0,1.0,0.0,1.0,17,i10,4117.64705882353,1,0.06591478696741855,1190000,1606.404,0,0,1,0,0,0,0,0,0,0
Maruti Omni E 8 Str STD,2011,190000,70000,3,19.5,1248.0,81.83,5.0,0.0,0.0,1.0,1.0,0.0,1.0,14,Omni,5000.0,1,0.06556891025641025,980000,1595.685,0,0,0,1,0,0,0,0,0,0
Renault Duster 110PS Diesel RxL,2013,520000,126000,2,19.01,1461.0,108.45,5.0,1.0,0.0,0.0,1.0,0.0,1.0,12,Duster,10500.0,2,0.0742299794661191,1512000,2061.6345,0,0,0,0,0,0,1,0,0,0
Tata Indica Vista TDI LS,2015,285000,70000,1,19.1,1405.0,70.0,5.0,1.0,0.0,0.0,1.0,0.0,1.0,10,Indica,7000.0,2,0.0498220640569395,700000,1337.0,0,0,0,0,0,0,0,1,0,0
Maruti Swift Dzire VXI,2015,515000,45000,2,20.85,1197.0,83.14,5.0,0.0,0.0,1.0,1.0,0.0,1.0,10,Swift,4500.0,1,0.06945697577276524,450000,1733.469,0,0,0,1,0,0,0,0,0,0
Nissan Sunny Diesel XL,2012,295000,70000,2,21.64,1461.0,84.8,5.0,1.0,0.0,0.0,1.0,0.0,1.0,13,Sunny,5384.615384615385,2,0.05804243668720054,910000,1835.072,0,0,0,0,1,0,0,0,0,0
Nissan Terrano XL 85 PS,2015,700000,80000,2,20.45,1461.0,83.8,5.0,1.0,0.0,0.0,1.0,0.0,1.0,10,Terrano,8000.0,2,0.05735797399041752,800000,1713.7099999999998,0,0,0,0,1,0,0,0,0,0
Hyundai EON 1.0 Era Plus,2017,300000,60000,1,20.3,998.0,68.05,5.0,0.0,0.0,1.0,1.0,0.0,1.0,8,EON,7500.0,2,0.06818637274549098,480000,1381.415,0,0,1,0,0,0,0,0,0,0
Maruti Swift VXI,2013,450000,41800,1,18.6,1197.0,85.8,5.0,0.0,0.0,1.0,1.0,0.0,1.0,12,Swift,3483.3333333333335,1,0.07167919799498747,501600,1595.88,0,0,0,1,0,0,0,0,0,0
Maruti Estilo LXI,2010,135000,132000,2,19.5,1248.0,81.83,5.0,0.0,0.0,1.0,1.0,0.0,1.0,15,Estilo,8800.0,2,0.06556891025641025,1980000,1595.685,0,0,0,1,0,0,0,0,0,0
Maruti Swift Dzire VDI,2017,700000,50000,2,28.4,1248.0,74.02,5.0,1.0,0.0,0.0,1.0,0.0,1.0,8,Swift,6250.0,2,0.05931089743589743,400000,2102.1679999999997,0,0,0,1,0,0,0,0,0,0
Ford Figo Diesel ZXI,2012,250000,40000,1,20.0,1399.0,68.0,5.0,1.0,0.0,0.0,1.0,0.0,1.0,13,Figo,3076.923076923077,1,0.04860614724803431,520000,1360.0,1,0,0,0,0,0,0,0,0,0
Maruti Wagon R LXI Minor,2009,140000,96000,2,18.9,1061.0,67.0,5.0,0.0,0.0,1.0,1.0,0.0,1.0,16,Wagon,6000.0,2,0.06314797360980208,1536000,1266.3,0,0,0,1,0,0,0,0,0,0
Hyundai i10 Era,2011,210000,110000,2,19.81,1086.0,68.05,5.0,0.0,0.0,1.0,1.0,0.0,1.0,14,i10,7857.142857142857,2,0.06266114180478821,1540000,1348.0704999999998,0,0,1,0,0,0,0,0,0,0
Honda Amaze S i-Dtech,2014,420000,100000,2,25.8,1498.0,98.6,5.0,1.0,0.0,0.0,1.0,0.0,1.0,11,Amaze,9090.90909090909,2,0.06582109479305741,1100000,2543.88,0,1,0,0,0,0,0,0,0,0
Maruti Alto LXi,2007,130000,88700,3,19.7,796.0,46.3,5.0,0.0,0.0,1.0,1.0,0.0,1.0,18,Alto,4927.777777777777,1,0.05816582914572864,1596600,912.1099999999999,0,0,0,1,0,0,0,0,0,0
Nissan Sunny XL,2012,320000,70000,2,16.95,1498.0,97.7,5.0,0.0,0.0,1.0,1.0,0.0,1.0,13,Sunny,5384.615384615385,2,0.06522029372496663,910000,1656.0149999999999,0,0,0,0,1,0,0,0,0,0
Maruti Wagon R LX BSIII,2010,200000,110000,2,17.3,1061.0,64.0,5.0,0.0,0.0,1.0,1.0,0.0,1.0,15,Wagon,7333.333333333333,2,0.060320452403393024,1650000,1107.2,0,0,0,1,0,0,0,0,0,0
Maruti Alto 800 LXI,2016,310000,15000,1,22.74,796.0,47.3,5.0,0.0,0.0,1.0,1.0,0.0,1.0,9,Alto,1666.6666666666667,1,0.059422110552763814,135000,1075.6019999999999,0,0,0,1,0,0,0,0,0,0
Mahindra Verito 1.5 D4 BSIII,2012,200000,80000,2,20.8,1461.0,65.0,5.0,1.0,0.0,0.0,1.0,0.0,1.0,13,Verito,6153.846153846154,2,0.044490075290896644,1040000,1352.0,0,0,0,0,0,1,0,0,0,0
Maruti Ritz VXi,2014,350000,50000,1,18.5,1197.0,85.8,5.0,0.0,0.0,1.0,1.0,0.0,1.0,11,Ritz,4545.454545454545,1,0.07167919799498747,550000,1587.3,0,0,0,1,0,0,0,0,0,0
Hyundai EON Sportz,2018,444000,15000,1,21.1,814.0,55.2,5.0,0.0,0.0,1.0,1.0,0.0,1.0,7,EON,2142.8571428571427,1,0.06781326781326781,105000,1164.72,0,0,1,0,0,0,0,0,0,0
Datsun RediGO T,2017,300000,25000,1,22.7,799.0,53.64,5.0,0.0,0.0,1.0,1.0,0.0,1.0,8,RediGO,3125.0,1,0.06713391739674593,200000,1217.628,0,0,0,0,0,1,0,0,0,0
Mahindra Verito 1.5 D4 BSIII,2011,225000,57000,2,21.0,1461.0,64.1,5.0,1.0,0.0,0.0,1.0,0.0,1.0,14,Verito,4071.4285714285716,1,0.04387405886379192,798000,1346.1,0,0,0,0,0,1,0,0,0,0
Maruti Eeco 5 Seater AC BSIV,2013,260000,26000,1,15.37,1196.0,73.0,5.0,0.0,0.0,1.0,1.0,0.0,1.0,12,Eeco,2166.6666666666665,1,0.061036789297658864,312000,1122.01,0,0,0,1,0,0,0,0,0,0
Hyundai Xcent 1.1 CRDi S Option,2015,375000,160000,1,24.4,1120.0,71.01,5.0,1.0,0.0,0.0,1.0,0.0,1.0,10,Xcent,16000.0,3,0.06340178571428572,1600000,1732.644,0,0,1,0,0,0,0,0,0,0
Maruti Alto LXi BSIII,2010,150000,120000,2,19.7,796.0,46.3,5.0,0.0,0.0,1.0,1.0,0.0,1.0,15,Alto,8000.0,2,0.05816582914572864,1800000,912.1099999999999,0,0,0,1,0,0,0,0,0,0
Maruti Alto LXi,2014,110000,50000,2,19.7,796.0,46.3,5.0,0.0,0.0,1.0,1.0,0.0,1.0,11,Alto,4545.454545454545,1,0.05816582914572864,550000,912.1099999999999,0,0,0,1,0,0,0,0,0,0
Maruti Alto LX,2012,225000,40000,1,19.7,796.0,46.3,5.0,0.0,0.0,1.0,1.0,0.0,1.0,13,Alto,3076.923076923077,1,0.05816582914572864,520000,912.1099999999999,0,0,0,1,0,0,0,0,0,0
Toyota Etios GD,2011,400000,90000,3,19.5,1248.0,81.83,5.0,1.0,0.0,0.0,1.0,0.0,1.0,14,Etios,6428.571428571428,2,0.06556891025641025,1260000,1595.685,0,0,0,0,0,0,0,0,1,0
Maruti Esteem Vxi - BSII,2005,93000,120000,3,19.5,1248.0,81.83,5.0,0.0,0.0,1.0,1.0,0.0,1.0,20,Esteem,6000.0,2,0.06556891025641025,2400000,1595.685,0,0,0,1,0,0,0,0,0,0
Honda City i VTEC V,2017,860000,28000,1,17.8,1497.0,117.3,5.0,0.0,0.0,1.0,1.0,0.0,1.0,8,City,3500.0,1,0.0783567134268537,224000,2087.94,0,1,0,0,0,0,0,0,0,0
Maruti Swift Dzire LDI,2018,650000,50000,1,28.4,1248.0,74.02,5.0,1.0,0.0,0.0,1.0,0.0,1.0,7,Swift,7142.857142857143,2,0.05931089743589743,350000,2102.1679999999997,0,0,0,1,0,0,0,0,0,0
Hyundai Verna 1.4 CRDi,2016,710000,40000,1,24.8,1396.0,88.7,5.0,1.0,0.0,0.0,1.0,0.0,1.0,9,Verna,4444.444444444444,1,0.06353868194842408,360000,2199.76,0,0,1,0,0,0,0,0,0,0
Ford Figo 1.5D Base MT,2017,430000,113000,1,25.83,1498.0,99.0,5.0,1.0,0.0,0.0,1.0,0.0,1.0,8,Figo,14125.0,2,0.06608811748998665,904000,2557.1699999999996,1,0,0,0,0,0,0,0,0,0
Maruti Swift Vdi BSIII,2011,305000,188000,2,17.8,1248.0,75.0,5.0,1.0,0.0,0.0,1.0,0.0,1.0,14,Swift,13428.57142857143,2,0.06009615384615385,2632000,1335.0,0,0,0,1,0,0,0,0,0,0
Ford Figo Diesel Titanium,2011,220000,100000,1,20.0,1399.0,68.0,5.0,1.0,0.0,0.0,1.0,0.0,1.0,14,Figo,7142.857142857143,2,0.04860614724803431,1400000,1360.0,1,0,0,0,0,0,0,0,0,0
Chevrolet Beat Diesel LT Option,2011,140000,70000,4,25.44,936.0,57.6,5.0,1.0,0.0,0.0,1.0,0.0,1.0,14,Beat,5000.0,1,0.06153846153846154,980000,1465.344,0,0,0,0,0,0,0,0,0,0
Volkswagen Ameo 1.5 TDI Comfortline AT,2017,625000,34000,1,22.0,1498.0,108.495,5.0,1.0,0.0,0.0,1.0,0.0,0.0,8,Ameo,4250.0,1,0.07242656875834447,272000,2386.8900000000003,0,0,0,0,0,0,0,0,0,1
Honda City 1.5 GXI,2004,198000,110000,3,12.8,1493.0,100.0,5.0,0.0,0.0,1.0,1.0,0.0,1.0,21,City,5238.0952380952385,2,0.06697923643670463,2310000,1280.0,0,1,0,0,0,0,0,0,0,0
Maruti Wagon R LXI,2005,130000,140000,2,18.9,998.0,67.1,5.0,0.0,0.0,1.0,1.0,0.0,1.0,20,Wagon,7000.0,2,0.06723446893787574,2800000,1268.1899999999998,0,0,0,1,0,0,0,0,0,0
Honda City Corporate Edition,2012,540000,100000,2,16.8,1497.0,116.3,5.0,0.0,0.0,1.0,1.0,0.0,1.0,13,City,7692.307692307692,2,0.07768871075484302,1300000,1953.8400000000001,0,1,0,0,0,0,0,0,0,0
Hyundai Grand i10 1.2 Kappa Sportz AT,2017,550000,10000,1,18.9,1197.0,81.86,5.0,0.0,0.0,1.0,1.0,0.0,0.0,8,Grand,1250.0,1,0.0683876357560568,80000,1547.1539999999998,0,0,1,0,0,0,0,0,0,0
Maruti Celerio ZXI Optional,2018,475000,30000,1,21.63,998.0,67.04,5.0,0.0,0.0,1.0,1.0,0.0,1.0,7,Celerio,4285.714285714285,1,0.06717434869739479,210000,1450.0752,0,0,0,1,0,0,0,0,0,0
Hyundai Santro Asta BSIV,2018,540000,7000,1,20.3,1086.0,68.0,5.0,0.0,0.0,1.0,0.0,0.0,1.0,7,Santro,1000.0,1,0.06261510128913444,49000,1380.4,0,0,1,0,0,0,0,0,0,0
Maruti Celerio VXI,2019,484999,4875,1,21.63,998.0,67.04,5.0,0.0,0.0,1.0,0.0,0.0,1.0,6,Celerio,812.5,1,0.06717434869739479,29250,1450.0752,0,0,0,1,0,0,0,0,0,0
Maruti Vitara Brezza ZDi,2018,950000,58511,1,24.3,1248.0,88.5,5.0,1.0,0.0,0.0,0.0,0.0,1.0,7,Vitara,8358.714285714286,2,0.07091346153846154,409577,2150.55,0,0,0,1,0,0,0,0,0,0
Ford Figo 1.5D Titanium MT,2015,365000,105000,1,25.83,1498.0,99.0,5.0,1.0,0.0,0.0,0.0,0.0,1.0,10,Figo,10500.0,2,0.06608811748998665,1050000,2557.1699999999996,1,0,0,0,0,0,0,0,0,0
Tata Nexon 1.5 Revotorq XZ Plus,2017,919999,26766,1,21.5,1497.0,108.5,5.0,1.0,0.0,0.0,0.0,0.0,1.0,8,Nexon,3345.75,1,0.07247828991315965,214128,2332.75,0,0,0,0,0,0,0,1,0,0
Maruti Swift VXI Optional,2017,600000,24522,1,20.4,1197.0,81.8,5.0,0.0,0.0,1.0,0.0,0.0,1.0,8,Swift,3065.25,1,0.0683375104427736,196176,1668.7199999999998,0,0,0,1,0,0,0,0,0,0
Maruti Vitara Brezza ZDi Plus,2016,839000,63000,1,24.3,1248.0,88.5,5.0,1.0,0.0,0.0,0.0,0.0,1.0,9,Vitara,7000.0,2,0.07091346153846154,567000,2150.55,0,0,0,1,0,0,0,0,0,0
Volkswagen Polo 1.2 MPI Comfortline,2019,635000,2000,1,16.2,1199.0,74.0,5.0,0.0,0.0,1.0,0.0,0.0,1.0,6,Polo,333.3333333333333,1,0.061718098415346125,12000,1198.8,0,0,0,0,0,0,0,0,0,1
Mahindra Logan Diesel 1.5 DLE,2011,180000,190000,3,19.2,1461.0,65.0,5.0,1.0,0.0,0.0,1.0,0.0,1.0,14,Logan,13571.42857142857,2,0.044490075290896644,2660000,1248.0,0,0,0,0,0,1,0,0,0,0
Honda City i DTEC E,2015,650000,80000,1,26.0,1498.0,98.6,5.0,1.0,0.0,0.0,1.0,0.0,1.0,10,City,8000.0,2,0.06582109479305741,800000,2563.6,0,1,0,0,0,0,0,0,0,0
Honda Jazz Select Edition Active,2011,350000,80000,2,16.0,1198.0,90.0,5.0,0.0,0.0,1.0,1.0,0.0,1.0,14,Jazz,5714.285714285715,2,0.07512520868113523,1120000,1440.0,0,1,0,0,0,0,0,0,0,0
Maruti Alto K10 LXI,2015,265000,54000,1,23.95,998.0,67.05,5.0,0.0,0.0,1.0,1.0,0.0,1.0,10,Alto,5400.0,2,0.06718436873747495,540000,1605.8474999999999,0,0,0,1,0,0,0,0,0,0
Renault KWID 1.0 RXT Optional,2018,330000,30000,1,23.01,999.0,67.0,5.0,0.0,0.0,1.0,1.0,0.0,1.0,7,KWID,4285.714285714285,1,0.06706706706706707,210000,1541.67,0,0,0,0,0,0,1,0,0,0
Ford Figo Diesel Titanium,2012,300000,90000,1,20.0,1399.0,68.0,5.0,1.0,0.0,0.0,1.0,0.0,1.0,13,Figo,6923.076923076923,2,0.04860614724803431,1170000,1360.0,1,0,0,0,0,0,0,0,0,0
Volkswagen Polo GT TDI,2014,425000,80000,2,15.11,1598.0,103.6,5.0,1.0,0.0,0.0,1.0,0.0,1.0,11,Polo,7272.727272727273,2,0.06483103879849812,880000,1565.396,0,0,0,0,0,0,0,0,0,1
Tata Indigo CS LX (TDI) BS-III,2015,250000,80000,2,19.09,1405.0,69.01,5.0,1.0,0.0,0.0,1.0,0.0,1.0,10,Indigo,8000.0,2,0.04911743772241993,800000,1317.4009,0,0,0,0,0,0,0,1,0,0
Chevrolet Sail 1.2 LS ABS,2014,300000,50000,1,18.2,1199.0,82.4,5.0,0.0,0.0,1.0,1.0,0.0,1.0,11,Sail,4545.454545454545,1,0.06872393661384488,550000,1499.68,0,0,0,0,0,0,0,0,0,0
Ford EcoSport 1.5 TDCi Titanium BSIV,2018,950000,27620,1,22.77,1498.0,98.59,5.0,1.0,0.0,0.0,0.0,0.0,1.0,7,EcoSport,3945.714285714286,1,0.06581441922563418,193340,2244.8943,1,0,0,0,0,0,0,0,0,0
Hyundai i20 Active 1.2 S,2015,500000,58000,1,17.19,1197.0,81.86,5.0,0.0,0.0,1.0,1.0,0.0,1.0,10,i20,5800.0,2,0.0683876357560568,580000,1407.1734000000001,0,0,1,0,0,0,0,0,0,0
Nissan Sunny XV,2012,350000,50000,1,16.95,1498.0,97.7,5.0,0.0,0.0,1.0,1.0,0.0,1.0,13,Sunny,3846.153846153846,1,0.06522029372496663,650000,1656.0149999999999,0,0,0,0,1,0,0,0,0,0
Maruti Ignis 1.2 AMT Alpha BSIV,2017,550000,40000,1,20.89,1197.0,81.8,5.0,0.0,0.0,1.0,1.0,0.0,0.0,8,Ignis,5000.0,1,0.0683375104427736,320000,1708.802,0,0,0,1,0,0,0,0,0,0
Honda WR-V i-VTEC VX,2018,850000,7800,1,17.5,1199.0,88.7,5.0,0.0,0.0,1.0,1.0,0.0,1.0,7,WR-V,1114.2857142857142,1,0.07397831526271893,54600,1552.25,0,1,0,0,0,0,0,0,0,0
Maruti Alto 800 LXI,2016,240000,50000,1,22.74,796.0,47.3,5.0,0.0,0.0,1.0,1.0,0.0,1.0,9,Alto,5555.555555555556,2,0.059422110552763814,450000,1075.6019999999999,0,0,0,1,0,0,0,0,0,0
Tata Indigo GLS,2005,90000,74000,2,12.8,1396.0,85.0,5.0,0.0,0.0,1.0,1.0,0.0,1.0,20,Indigo,3700.0,1,0.06088825214899714,1480000,1088.0,0,0,0,0,0,0,0,1,0,0
Maruti A-Star Vxi,2011,170000,70000,3,19.0,998.0,66.1,5.0,0.0,0.0,1.0,1.0,0.0,1.0,14,A-Star,5000.0,1,0.06623246492985971,980000,1255.8999999999999,0,0,0,1,0,0,0,0,0,0
Ford Figo Aspire 1.2 Ti-VCT Titanium Plus,2015,450000,70000,1,18.16,1196.0,86.8,5.0,0.0,0.0,1.0,1.0,0.0,1.0,10,Figo,7000.0,2,0.0725752508361204,700000,1576.288,1,0,0,0,0,0,0,0,0,0
Hyundai i10 Magna,2009,150000,110000,2,20.36,1197.0,78.9,5.0,0.0,0.0,1.0,1.0,0.0,1.0,16,i10,6875.0,2,0.06591478696741855,1760000,1606.404,0,0,1,0,0,0,0,0,0,0
Hyundai Santro LP zipPlus,2002,75000,80000,3,19.5,1248.0,81.83,5.0,0.0,0.0,1.0,1.0,0.0,1.0,23,Santro,3478.2608695652175,1,0.06556891025641025,1840000,1595.685,0,0,1,0,0,0,0,0,0,0
Hyundai i20 Sportz 1.4 CRDi,2016,511000,80000,1,22.54,1396.0,88.73,5.0,1.0,0.0,0.0,1.0,0.0,1.0,9,i20,8888.888888888889,2,0.06356017191977077,720000,1999.9742,0,0,1,0,0,0,0,0,0,0
Tata Indica V2 eLS,2018,250000,110000,1,25.0,1396.0,69.0,5.0,1.0,0.0,0.0,1.0,0.0,1.0,7,Indica,15714.285714285714,3,0.0494269340974212,770000,1725.0,0,0,0,0,0,0,0,1,0,0
Maruti Celerio ZXI,2020,420000,25000,1,21.63,998.0,67.04,5.0,0.0,0.0,1.0,1.0,0.0,1.0,5,Celerio,5000.0,1,0.06717434869739479,125000,1450.0752,0,0,0,1,0,0,0,0,0,0
Maruti Alto 800 LXI,2014,180000,55000,1,22.74,796.0,47.3,5.0,0.0,0.0,1.0,1.0,0.0,1.0,11,Alto,5000.0,1,0.059422110552763814,605000,1075.6019999999999,0,0,0,1,0,0,0,0,0,0
Maruti Celerio ZDi,2015,400000,25000,1,27.62,793.0,47.0,5.0,1.0,0.0,0.0,1.0,0.0,1.0,10,Celerio,2500.0,1,0.05926860025220681,250000,1298.14,0,0,0,1,0,0,0,0,0,0
Ford Figo 1.5D Titanium MT,2016,500000,143200,1,25.83,1498.0,99.0,5.0,1.0,0.0,0.0,1.0,0.0,1.0,9,Figo,15911.111111111111,3,0.06608811748998665,1288800,2557.1699999999996,1,0,0,0,0,0,0,0,0,0
Nissan Micra Diesel XV Premium,2012,204999,120000,1,23.08,1461.0,63.1,5.0,1.0,0.0,0.0,1.0,0.0,1.0,13,Micra,9230.76923076923,2,0.0431895961670089,1560000,1456.348,0,0,0,0,1,0,0,0,0,0
Maruti Ciaz VDi Plus,2014,459999,145000,2,26.21,1248.0,88.5,5.0,1.0,0.0,0.0,1.0,0.0,1.0,11,Ciaz,13181.818181818182,2,0.07091346153846154,1595000,2319.585,0,0,0,1,0,0,0,0,0,0
Hyundai i20 2015-2017 Magna 1.2,2017,600000,30000,1,18.6,1197.0,81.83,5.0,0.0,0.0,1.0,1.0,0.0,1.0,8,i20,3750.0,1,0.06836257309941521,240000,1522.038,0,0,1,0,0,0,0,0,0,0
Hyundai Grand i10 1.2 Kappa Sportz Dual Tone,2019,585000,8000,1,18.9,1197.0,81.86,5.0,0.0,0.0,1.0,1.0,0.0,1.0,6,Grand,1333.3333333333333,1,0.0683876357560568,48000,1547.1539999999998,0,0,1,0,0,0,0,0,0,0
Maruti Swift Dzire LDI,2013,525000,100000,1,23.4,1248.0,74.0,5.0,1.0,0.0,0.0,1.0,0.0,1.0,12,Swift,8333.333333333334,2,0.05929487179487179,1200000,1731.6,0,0,0,1,0,0,0,0,0,0
Maruti Omni 8 Seater BSIV,2012,160000,62000,1,14.0,796.0,35.0,5.0,0.0,0.0,1.0,1.0,0.0,1.0,13,Omni,4769.2307692307695,1,0.04396984924623116,806000,490.0,0,0,0,1,0,0,0,0,0,0
Hyundai Santro Xing GL CNG,2007,127000,137000,1,19.5,1248.0,81.83,5.0,0.0,0.0,0.0,1.0,0.0,1.0,18,Santro,7611.111111111111,2,0.06556891025641025,2466000,1595.685,0,0,1,0,0,0,0,0,0,0
Maruti Zen Base,2002,65000,80000,2,17.3,993.0,60.0,5.0,0.0,0.0,1.0,1.0,0.0,1.0,23,Zen,3478.2608695652175,1,0.06042296072507553,1840000,1038.0,0,0,0,1,0,0,0,0,0,0
Maruti Swift Dzire VDI,2013,550000,100000,1,23.4,1248.0,74.0,5.0,1.0,0.0,0.0,1.0,0.0,1.0,12,Swift,8333.333333333334,2,0.05929487179487179,1200000,1731.6,0,0,0,1,0,0,0,0,0,0
Maruti Swift Dzire VDI,2019,750000,24000,1,28.4,1248.0,74.02,5.0,1.0,0.0,0.0,1.0,0.0,1.0,6,Swift,4000.0,1,0.05931089743589743,144000,2102.1679999999997,0,0,0,1,0,0,0,0,0,0
Maruti Wagon R LXI,2003,50000,147000,4,18.9,998.0,67.1,5.0,0.0,0.0,1.0,1.0,0.0,1.0,22,Wagon,6681.818181818182,2,0.06723446893787574,3234000,1268.1899999999998,0,0,0,1,0,0,0,0,0,0
Chevrolet Spark 1.0 LS,2011,150000,80000,1,18.0,995.0,62.0,5.0,0.0,0.0,1.0,1.0,0.0,1.0,14,Spark,5714.285714285715,2,0.062311557788944726,1120000,1116.0,0,0,0,0,0,0,0,0,0,0
Maruti Alto 800 LXI,2016,245000,50000,1,22.74,796.0,47.3,5.0,0.0,0.0,1.0,1.0,0.0,1.0,9,Alto,5555.555555555556,2,0.059422110552763814,450000,1075.6019999999999,0,0,0,1,0,0,0,0,0,0
Tata Manza Club Class Quadrajet90 VX,2013,260000,189000,1,21.02,1248.0,88.76,5.0,1.0,0.0,0.0,1.0,0.0,1.0,12,Manza,15750.0,3,0.07112179487179487,2268000,1865.7352,0,0,0,0,0,0,0,1,0,0
Volkswagen Vento 1.5 TDI Highline AT,2014,411000,90000,2,21.21,1498.0,103.2,5.0,1.0,0.0,0.0,1.0,0.0,0.0,11,Vento,8181.818181818182,2,0.06889185580774367,990000,2188.8720000000003,0,0,0,0,0,0,0,0,0,1
Hyundai i20 Sportz 1.4 CRDi,2014,450000,56000,1,21.9,1396.0,88.76,5.0,1.0,0.0,0.0,1.0,0.0,1.0,11,i20,5090.909090909091,2,0.06358166189111748,616000,1943.844,0,0,1,0,0,0,0,0,0,0
Maruti Celerio VXI,2016,351000,60000,1,23.1,998.0,67.04,5.0,0.0,0.0,1.0,1.0,0.0,1.0,9,Celerio,6666.666666666667,2,0.06717434869739479,540000,1548.6240000000003,0,0,0,1,0,0,0,0,0,0
Nissan Terrano XE 85 PS,2016,750000,35000,1,20.45,1461.0,83.8,5.0,1.0,0.0,0.0,1.0,0.0,1.0,9,Terrano,3888.8888888888887,1,0.05735797399041752,315000,1713.7099999999998,0,0,0,0,1,0,0,0,0,0
Nissan Terrano XL 85 PS,2015,800000,35000,1,20.45,1461.0,83.8,5.0,1.0,0.0,0.0,1.0,0.0,1.0,10,Terrano,3500.0,1,0.05735797399041752,350000,1713.7099999999998,0,0,0,0,1,0,0,0,0,0
Maruti Alto 800 LX,2013,200000,90000,1,22.74,796.0,47.3,5.0,0.0,0.0,1.0,1.0,0.0,1.0,12,Alto,7500.0,2,0.059422110552763814,1080000,1075.6019999999999,0,0,0,1,0,0,0,0,0,0
Tata Indigo LS,2008,150000,60000,3,17.0,1405.0,70.0,5.0,1.0,0.0,0.0,1.0,0.0,1.0,17,Indigo,3529.4117647058824,1,0.0498220640569395,1020000,1190.0,0,0,0,0,0,0,0,1,0,0
Nissan Terrano XL 110 PS,2016,800000,36000,1,19.01,1461.0,108.5,5.0,1.0,0.0,0.0,1.0,0.0,1.0,9,Terrano,4000.0,1,0.07426420260095824,324000,2062.585,0,0,0,0,1,0,0,0,0,0
Hyundai EON Era Plus Sports Edition,2017,350000,20000,2,21.1,814.0,55.2,5.0,0.0,0.0,1.0,1.0,0.0,1.0,8,EON,2500.0,1,0.06781326781326781,160000,1164.72,0,0,1,0,0,0,0,0,0,0
Tata Indica Vista Terra 1.4 TDI,2010,170000,110000,2,17.0,1405.0,71.0,5.0,1.0,0.0,0.0,1.0,0.0,1.0,15,Indica,7333.333333333333,2,0.050533807829181494,1650000,1207.0,0,0,0,0,0,0,0,1,0,0
Renault KWID RXT Optional,2018,395000,10800,1,25.17,799.0,53.3,5.0,0.0,0.0,1.0,1.0,0.0,1.0,7,KWID,1542.857142857143,1,0.06670838548185232,75600,1341.561,0,0,0,0,0,0,1,0,0,0
Maruti Ignis 1.2 Delta BSIV,2019,500000,15000,1,20.89,1197.0,81.8,5.0,0.0,0.0,1.0,1.0,0.0,1.0,6,Ignis,2500.0,1,0.0683375104427736,90000,1708.802,0,0,0,1,0,0,0,0,0,0
Maruti Alto 800 LXI,2012,254999,30000,1,22.74,796.0,47.3,5.0,0.0,0.0,1.0,1.0,0.0,1.0,13,Alto,2307.6923076923076,1,0.059422110552763814,390000,1075.6019999999999,0,0,0,1,0,0,0,0,0,0
Maruti Alto LXi,2011,180000,60000,1,19.7,796.0,46.3,5.0,0.0,0.0,1.0,1.0,0.0,1.0,14,Alto,4285.714285714285,1,0.05816582914572864,840000,912.1099999999999,0,0,0,1,0,0,0,0,0,0
Maruti Alto 800 LXI,2015,270000,49900,2,22.74,796.0,47.3,5.0,0.0,0.0,1.0,1.0,0.0,1.0,10,Alto,4990.0,1,0.059422110552763814,499000,1075.6019999999999,0,0,0,1,0,0,0,0,0,0
Tata Manza Aura Quadrajet BS IV,2012,310000,86000,1,21.12,1248.0,88.8,5.0,1.0,0.0,0.0,1.0,0.0,1.0,13,Manza,6615.384615384615,2,0.07115384615384615,1118000,1875.4560000000001,0,0,0,0,0,0,0,1,0,0
Datsun GO T BSIV,2015,225000,71850,1,20.63,1198.0,67.0,5.0,0.0,0.0,1.0,1.0,0.0,1.0,10,GO,7185.0,2,0.055926544240400666,718500,1382.21,0,0,0,0,0,1,0,0,0,0
Fiat Grande Punto EVO 1.3 Dynamic,2015,300000,95000,3,21.2,1248.0,75.0,5.0,1.0,0.0,0.0,1.0,0.0,1.0,10,Grande,9500.0,2,0.06009615384615385,950000,1590.0,0,0,0,0,0,1,0,0,0,0
Maruti Swift Dzire VXi,2008,250000,70000,4,17.5,1298.0,85.8,5.0,0.0,0.0,1.0,1.0,0.0,1.0,17,Swift,4117.64705882353,1,0.06610169491525424,1190000,1501.5,0,0,0,1,0,0,0,0,0,0
Hyundai EON Sportz,2011,180000,35000,1,21.1,814.0,55.2,5.0,0.0,0.0,1.0,1.0,0.0,1.0,14,EON,2500.0,1,0.06781326781326781,490000,1164.72,0,0,1,0,0,0,0,0,0,0
Maruti Swift Dzire VXI,2015,550000,50000,1,20.85,1197.0,83.14,5.0,0.0,0.0,1.0,1.0,0.0,1.0,10,Swift,5000.0,1,0.06945697577276524,500000,1733.469,0,0,0,1,0,0,0,0,0,0
Tata Sumo EX BS IV,2012,254999,190000,3,19.5,1248.0,81.83,5.0,1.0,0.0,0.0,1.0,0.0,1.0,13,Sumo,14615.384615384615,2,0.06556891025641025,2470000,1595.685,0,0,0,0,0,0,0,1,0,0
Maruti Baleno Delta 1.3,2015,590000,110000,1,27.39,1248.0,74.0,5.0,1.0,0.0,0.0,1.0,0.0,1.0,10,Baleno,11000.0,2,0.05929487179487179,1100000,2026.8600000000001,0,0,0,1,0,0,0,0,0,0
Maruti Wagon R LXI DUO BSIII,2008,170000,112000,2,23.355000000000004,1061.0,57.5,5.0,0.0,1.0,0.0,1.0,0.0,1.0,17,Wagon,6588.235294117647,2,0.05419415645617342,1904000,1342.9125000000001,0,0,0,1,0,0,0,0,0,0
Maruti Ritz VDi,2016,475000,110000,1,23.2,1248.0,73.94,5.0,1.0,0.0,0.0,1.0,0.0,1.0,9,Ritz,12222.222222222223,2,0.05924679487179487,990000,1715.408,0,0,0,1,0,0,0,0,0,0
Hyundai Grand i10 1.2 CRDi Asta,2018,700000,29000,1,24.0,1186.0,73.97,5.0,1.0,0.0,0.0,1.0,0.0,1.0,7,Grand,4142.857142857143,1,0.062369308600337264,203000,1775.28,0,0,1,0,0,0,0,0,0,0
Maruti Wagon R VXI BS IV,2011,376000,60000,1,18.9,998.0,67.1,5.0,0.0,0.0,1.0,1.0,0.0,1.0,14,Wagon,4285.714285714285,1,0.06723446893787574,840000,1268.1899999999998,0,0,0,1,0,0,0,0,0,0
Hyundai Santro GS zipDrive - Euro I,2002,100000,120000,4,19.5,1248.0,81.83,5.0,0.0,0.0,1.0,1.0,0.0,1.0,23,Santro,5217.391304347826,2,0.06556891025641025,2760000,1595.685,0,0,1,0,0,0,0,0,0,0
Maruti Wagon R VXI Optional,2016,390000,80000,1,20.51,998.0,67.04,5.0,0.0,0.0,1.0,1.0,0.0,1.0,9,Wagon,8888.888888888889,2,0.06717434869739479,720000,1374.9904000000001,0,0,0,1,0,0,0,0,0,0
Maruti Alto LXi,2010,170000,75000,2,19.7,796.0,46.3,5.0,0.0,0.0,1.0,1.0,0.0,1.0,15,Alto,5000.0,1,0.05816582914572864,1125000,912.1099999999999,0,0,0,1,0,0,0,0,0,0
Maruti Swift Dzire LDi,2010,215000,120000,3,19.3,1248.0,73.9,5.0,1.0,0.0,0.0,1.0,0.0,1.0,15,Swift,8000.0,2,0.059214743589743594,1800000,1426.2700000000002,0,0,0,1,0,0,0,0,0,0
Honda City 1.5 V Inspire,2010,350000,110000,3,17.0,1497.0,118.0,5.0,0.0,0.0,1.0,1.0,0.0,1.0,15,City,7333.333333333333,2,0.0788243152972612,1650000,2006.0,0,1,0,0,0,0,0,0,0,0
Chevrolet Spark 1.0 LS,2009,80000,80000,4,18.0,995.0,62.0,5.0,0.0,0.0,1.0,1.0,0.0,1.0,16,Spark,5000.0,1,0.062311557788944726,1280000,1116.0,0,0,0,0,0,0,0,0,0,0
Hyundai EON Magna Plus,2012,195000,80000,2,21.1,814.0,55.2,5.0,0.0,0.0,1.0,1.0,0.0,1.0,13,EON,6153.846153846154,2,0.06781326781326781,1040000,1164.72,0,0,1,0,0,0,0,0,0,0
Maruti Swift VDI BSIV W ABS,2011,280000,85000,1,19.5,1248.0,81.83,5.0,1.0,0.0,0.0,1.0,0.0,1.0,14,Swift,6071.428571428572,2,0.06556891025641025,1190000,1595.685,0,0,0,1,0,0,0,0,0,0
Nissan Sunny Diesel XL,2014,335000,71000,1,21.64,1461.0,84.8,5.0,1.0,0.0,0.0,0.0,0.0,1.0,11,Sunny,6454.545454545455,2,0.05804243668720054,781000,1835.072,0,0,0,0,1,0,0,0,0,0
Renault Duster 85PS Diesel RxL,2015,484999,75000,1,19.87,1461.0,83.8,5.0,1.0,0.0,0.0,0.0,0.0,1.0,10,Duster,7500.0,2,0.05735797399041752,750000,1665.106,0,0,0,0,0,0,1,0,0,0
Maruti Ciaz Delta BSIV,2018,650000,22000,2,21.56,1462.0,103.25,5.0,0.0,0.0,1.0,1.0,0.0,1.0,7,Ciaz,3142.8571428571427,1,0.07062243502051983,154000,2226.0699999999997,0,0,0,1,0,0,0,0,0,0
Hyundai i20 1.2 Asta,2018,700000,30000,2,18.6,1197.0,81.83,5.0,0.0,0.0,1.0,1.0,0.0,1.0,7,i20,4285.714285714285,1,0.06836257309941521,210000,1522.038,0,0,1,0,0,0,0,0,0,0
Volkswagen Polo Diesel Highline 1.2L,2013,350000,80000,1,22.07,1199.0,73.9,5.0,1.0,0.0,0.0,1.0,0.0,1.0,12,Polo,6666.666666666667,2,0.06163469557964971,960000,1630.9730000000002,0,0,0,0,0,0,0,0,0,1
Maruti Vitara Brezza VDi,2017,750000,51777,1,24.3,1248.0,88.5,5.0,1.0,0.0,0.0,0.0,0.0,1.0,8,Vitara,6472.125,2,0.07091346153846154,414216,2150.55,0,0,0,1,0,0,0,0,0,0
Honda Amaze V Petrol BSIV,2018,600000,20000,1,19.5,1199.0,88.76,5.0,0.0,0.0,1.0,1.0,0.0,1.0,7,Amaze,2857.1428571428573,1,0.07402835696413679,140000,1730.8200000000002,0,1,0,0,0,0,0,0,0,0
Volkswagen Polo 2015-2019 1.0 MPI Comfortline,2018,565000,19000,1,18.78,999.0,75.0,5.0,0.0,0.0,1.0,1.0,0.0,1.0,7,Polo,2714.285714285714,1,0.07507507507507508,133000,1408.5,0,0,0,0,0,0,0,0,0,1
Datsun GO T BSIV,2016,329000,19000,1,20.63,1198.0,67.0,5.0,0.0,0.0,1.0,1.0,0.0,1.0,9,GO,2111.1111111111113,1,0.055926544240400666,171000,1382.21,0,0,0,0,0,1,0,0,0,0
Ford EcoSport 1.5 TDCi Titanium Plus BSIV,2016,650000,50000,1,22.77,1498.0,98.59,5.0,1.0,0.0,0.0,1.0,0.0,1.0,9,EcoSport,5555.555555555556,2,0.06581441922563418,450000,2244.8943,1,0,0,0,0,0,0,0,0,0
Renault Duster 110PS Diesel RxL,2013,345000,100000,2,19.01,1461.0,108.45,5.0,1.0,0.0,0.0,1.0,0.0,1.0,12,Duster,8333.333333333334,2,0.0742299794661191,1200000,2061.6345,0,0,0,0,0,0,1,0,0,0
Maruti Swift VDI,2012,330000,50000,2,22.9,1248.0,74.0,5.0,1.0,0.0,0.0,1.0,0.0,1.0,13,Swift,3846.153846153846,1,0.05929487179487179,650000,1694.6,0,0,0,1,0,0,0,0,0,0
Maruti Wagon R Stingray VXI,2014,300000,74537,2,20.51,998.0,67.04,5.0,0.0,0.0,1.0,1.0,0.0,1.0,11,Wagon,6776.090909090909,2,0.06717434869739479,819907,1374.9904000000001,0,0,0,1,0,0,0,0,0,0
Maruti SX4 ZXI AT,2009,200000,90000,2,12.6,1586.0,103.3,5.0,0.0,0.0,1.0,1.0,0.0,0.0,16,SX4,5625.0,2,0.06513240857503153,1440000,1301.58,0,0,0,1,0,0,0,0,0,0
Tata Indica Vista Aqua 1.3 Quadrajet (ABS),2012,200000,80000,2,19.5,1248.0,81.83,5.0,1.0,0.0,0.0,1.0,0.0,1.0,13,Indica,6153.846153846154,2,0.06556891025641025,1040000,1595.685,0,0,0,0,0,0,0,1,0,0
Chevrolet Spark 1.0,2010,90000,70000,2,18.0,995.0,62.0,5.0,0.0,0.0,1.0,1.0,0.0,1.0,15,Spark,4666.666666666667,1,0.062311557788944726,1050000,1116.0,0,0,0,0,0,0,0,0,0,0
Maruti Wagon R VXI Minor,2010,200000,80000,2,18.9,1061.0,67.0,5.0,0.0,0.0,1.0,1.0,0.0,1.0,15,Wagon,5333.333333333333,2,0.06314797360980208,1200000,1266.3,0,0,0,1,0,0,0,0,0,0
Hyundai Xcent 1.1 CRDi SX,2016,550000,35000,1,24.4,1120.0,71.0,5.0,1.0,0.0,0.0,1.0,0.0,1.0,9,Xcent,3888.8888888888887,1,0.06339285714285714,315000,1732.3999999999999,0,0,1,0,0,0,0,0,0,0
Chevrolet Beat LT,2015,250000,23500,1,18.6,1199.0,76.8,5.0,0.0,0.0,1.0,1.0,0.0,1.0,10,Beat,2350.0,1,0.0640533778148457,235000,1428.48,0,0,0,0,0,0,0,0,0,0
Honda City i-DTEC VX,2017,975000,82000,1,25.6,1498.0,97.9,5.0,1.0,0.0,0.0,1.0,0.0,1.0,8,City,10250.0,2,0.06535380507343125,656000,2506.2400000000002,0,1,0,0,0,0,0,0,0,0
Hyundai i20 1.2 Spotz,2018,610000,15000,1,18.6,1197.0,81.83,5.0,0.0,0.0,1.0,1.0,0.0,1.0,7,i20,2142.8571428571427,1,0.06836257309941521,105000,1522.038,0,0,1,0,0,0,0,0,0,0
Maruti Baleno Zeta 1.3,2017,620000,30000,1,27.39,1248.0,74.0,5.0,1.0,0.0,0.0,1.0,0.0,1.0,8,Baleno,3750.0,1,0.05929487179487179,240000,2026.8600000000001,0,0,0,1,0,0,0,0,0,0
Hyundai Grand i10 Sportz,2016,400000,30000,1,18.9,1197.0,82.0,5.0,0.0,0.0,1.0,1.0,0.0,1.0,9,Grand,3333.3333333333335,1,0.06850459482038429,270000,1549.8,0,0,1,0,0,0,0,0,0,0
Maruti Celerio X ZXI BSIV,2019,500000,11000,1,21.63,998.0,67.0,5.0,0.0,0.0,1.0,1.0,0.0,1.0,6,Celerio,1833.3333333333333,1,0.06713426853707415,66000,1449.21,0,0,0,1,0,0,0,0,0,0
Tata Zest Quadrajet 1.3 XM,2016,360000,110000,1,23.0,1248.0,88.7,5.0,1.0,0.0,0.0,1.0,0.0,1.0,9,Zest,12222.222222222223,2,0.07107371794871795,990000,2040.1000000000001,0,0,0,0,0,0,0,1,0,0
Maruti Alto K10 2010-2014 VXI,2012,252000,48000,1,20.92,998.0,67.1,5.0,0.0,0.0,1.0,1.0,0.0,1.0,13,Alto,3692.3076923076924,1,0.06723446893787574,624000,1403.732,0,0,0,1,0,0,0,0,0,0
Maruti Swift VDI,2012,280000,70000,2,22.9,1248.0,74.0,5.0,1.0,0.0,0.0,1.0,0.0,1.0,13,Swift,5384.615384615385,2,0.05929487179487179,910000,1694.6,0,0,0,1,0,0,0,0,0,0
Maruti Swift VXI 2018,2018,509999,70000,2,22.0,1197.0,81.8,5.0,0.0,0.0,1.0,1.0,0.0,1.0,7,Swift,10000.0,2,0.0683375104427736,490000,1799.6,0,0,0,1,0,0,0,0,0,0
Maruti Wagon R LXI DUO BSIII,2010,200000,40000,4,23.355000000000004,1061.0,57.5,5.0,0.0,1.0,0.0,1.0,0.0,1.0,15,Wagon,2666.6666666666665,1,0.05419415645617342,600000,1342.9125000000001,0,0,0,1,0,0,0,0,0,0
Maruti Zen LXI,2005,60000,90000,2,17.3,993.0,60.0,5.0,0.0,0.0,1.0,1.0,0.0,1.0,20,Zen,4500.0,1,0.06042296072507553,1800000,1038.0,0,0,0,1,0,0,0,0,0,0
Maruti Vitara Brezza ZDi,2017,725000,60000,1,24.3,1248.0,88.5,5.0,1.0,0.0,0.0,1.0,0.0,1.0,8,Vitara,7500.0,2,0.07091346153846154,480000,2150.55,0,0,0,1,0,0,0,0,0,0
Tata Tiago 1.2 Revotron XZ,2017,430000,25000,1,23.84,1199.0,84.0,5.0,0.0,0.0,1.0,1.0,0.0,1.0,8,Tiago,3125.0,1,0.07005838198498748,200000,2002.56,0,0,0,0,0,0,0,1,0,0
Maruti Swift VDI,2011,235000,100000,2,22.9,1248.0,74.0,5.0,1.0,0.0,0.0,1.0,0.0,1.0,14,Swift,7142.857142857143,2,0.05929487179487179,1400000,1694.6,0,0,0,1,0,0,0,0,0,0
Maruti Swift Dzire VDi,2012,350000,52000,3,19.3,1248.0,73.9,5.0,1.0,0.0,0.0,1.0,0.0,1.0,13,Swift,4000.0,1,0.059214743589743594,676000,1426.2700000000002,0,0,0,1,0,0,0,0,0,0
Hyundai i10 Era 1.1,2010,131000,80000,3,19.81,1086.0,68.05,5.0,0.0,0.0,1.0,1.0,0.0,1.0,15,i10,5333.333333333333,2,0.06266114180478821,1200000,1348.0704999999998,0,0,1,0,0,0,0,0,0,0
Honda Amaze VX i-DTEC,2016,450000,85000,1,25.8,1498.0,98.6,5.0,1.0,0.0,0.0,1.0,0.0,1.0,9,Amaze,9444.444444444445,2,0.06582109479305741,765000,2543.88,0,1,0,0,0,0,0,0,0,0
Maruti Vitara Brezza ZDi Plus,2016,750000,83000,1,24.3,1248.0,88.5,5.0,1.0,0.0,0.0,1.0,0.0,1.0,9,Vitara,9222.222222222223,2,0.07091346153846154,747000,2150.55,0,0,0,1,0,0,0,0,0,0
Maruti Alto 800 LXI,2013,200000,50000,1,22.74,796.0,47.3,5.0,0.0,0.0,1.0,1.0,0.0,1.0,12,Alto,4166.666666666667,1,0.059422110552763814,600000,1075.6019999999999,0,0,0,1,0,0,0,0,0,0
Maruti Wagon R LXI Minor,2009,125000,120000,4,18.9,1061.0,67.0,5.0,0.0,0.0,1.0,1.0,0.0,1.0,16,Wagon,7500.0,2,0.06314797360980208,1920000,1266.3,0,0,0,1,0,0,0,0,0,0
Maruti Swift VDI,2012,380000,70000,3,22.9,1248.0,74.0,5.0,1.0,0.0,0.0,1.0,0.0,1.0,13,Swift,5384.615384615385,2,0.05929487179487179,910000,1694.6,0,0,0,1,0,0,0,0,0,0
Maruti Alto LXi,2008,128000,19000,1,19.7,796.0,46.3,5.0,0.0,0.0,1.0,1.0,0.0,1.0,17,Alto,1117.6470588235295,1,0.05816582914572864,323000,912.1099999999999,0,0,0,1,0,0,0,0,0,0
Honda City 1.5 S MT,2009,250000,68600,3,17.0,1497.0,118.0,5.0,0.0,0.0,1.0,1.0,0.0,1.0,16,City,4287.5,1,0.0788243152972612,1097600,2006.0,0,1,0,0,0,0,0,0,0,0
Honda City E,2012,560000,40000,2,16.8,1497.0,116.3,5.0,0.0,0.0,1.0,1.0,0.0,1.0,13,City,3076.923076923077,1,0.07768871075484302,520000,1953.8400000000001,0,1,0,0,0,0,0,0,0,0
Tata Indica Vista Aqua 1.3 Quadrajet (ABS),2012,120000,160000,2,19.5,1248.0,81.83,5.0,1.0,0.0,0.0,1.0,0.0,1.0,13,Indica,12307.692307692309,2,0.06556891025641025,2080000,1595.685,0,0,0,0,0,0,0,1,0,0
Maruti Celerio VXI,2016,400000,25000,1,23.1,998.0,67.04,5.0,0.0,0.0,1.0,1.0,0.0,1.0,9,Celerio,2777.777777777778,1,0.06717434869739479,225000,1548.6240000000003,0,0,0,1,0,0,0,0,0,0
Maruti Alto K10 LXI,2012,200000,29500,1,20.92,998.0,67.1,5.0,0.0,0.0,1.0,1.0,0.0,1.0,13,Alto,2269.230769230769,1,0.06723446893787574,383500,1403.732,0,0,0,1,0,0,0,0,0,0
Maruti Alto 800 VXI,2016,300000,50000,2,22.74,796.0,47.3,5.0,0.0,0.0,1.0,1.0,0.0,1.0,9,Alto,5555.555555555556,2,0.059422110552763814,450000,1075.6019999999999,0,0,0,1,0,0,0,0,0,0
Renault KWID RXL,2016,315000,30000,2,25.17,799.0,53.3,5.0,0.0,0.0,1.0,1.0,0.0,1.0,9,KWID,3333.3333333333335,1,0.06670838548185232,270000,1341.561,0,0,0,0,0,0,1,0,0,0
Maruti Alto 800 LXI,2012,220000,100000,1,22.74,796.0,47.3,5.0,0.0,0.0,1.0,1.0,0.0,1.0,13,Alto,7692.307692307692,2,0.059422110552763814,1300000,1075.6019999999999,0,0,0,1,0,0,0,0,0,0
Chevrolet Aveo 1.4 LS,2011,130000,60000,2,14.49,1399.0,92.7,5.0,0.0,0.0,1.0,1.0,0.0,1.0,14,Aveo,4285.714285714285,1,0.06626161543959971,840000,1343.223,0,0,0,0,0,0,0,0,0,0
Hyundai i20 Sportz Option 1.4 CRDi,2016,595000,60000,2,22.54,1396.0,88.73,5.0,1.0,0.0,0.0,1.0,0.0,1.0,9,i20,6666.666666666667,2,0.06356017191977077,540000,1999.9742,0,0,1,0,0,0,0,0,0,0
Tata Indica Vista TDI LS,2011,110000,120000,1,19.4,1405.0,70.0,5.0,1.0,0.0,0.0,1.0,0.0,1.0,14,Indica,8571.42857142857,2,0.0498220640569395,1680000,1358.0,0,0,0,0,0,0,0,1,0,0
Fiat Grande Punto Active (Diesel),2013,280000,52000,1,20.3,1248.0,75.0,5.0,1.0,0.0,0.0,1.0,0.0,1.0,12,Grande,4333.333333333333,1,0.06009615384615385,624000,1522.5,0,0,0,0,0,1,0,0,0,0
Maruti Baleno Delta 1.2,2017,530000,30000,2,21.4,1197.0,83.1,5.0,0.0,0.0,1.0,1.0,0.0,1.0,8,Baleno,3750.0,1,0.06942355889724311,240000,1778.3399999999997,0,0,0,1,0,0,0,0,0,0
Hyundai Xcent 1.2 Kappa SX Option,2017,610000,14000,1,19.1,1197.0,82.0,5.0,0.0,0.0,1.0,1.0,0.0,1.0,8,Xcent,1750.0,1,0.06850459482038429,112000,1566.2,0,0,1,0,0,0,0,0,0,0
Tata Tigor 1.05 Revotorq XM,2018,500000,50000,1,24.7,1047.0,69.0,5.0,1.0,0.0,0.0,1.0,0.0,1.0,7,Tigor,7142.857142857143,2,0.0659025787965616,350000,1704.3,0,0,0,0,0,0,0,1,0,0
Hyundai EON Magna Plus,2018,325000,10000,1,21.1,814.0,55.2,5.0,0.0,0.0,1.0,1.0,0.0,1.0,7,EON,1428.5714285714287,1,0.06781326781326781,70000,1164.72,0,0,1,0,0,0,0,0,0,0
Maruti Baleno Delta 1.2,2018,550000,10000,1,21.4,1197.0,83.1,5.0,0.0,0.0,1.0,1.0,0.0,1.0,7,Baleno,1428.5714285714287,1,0.06942355889724311,70000,1778.3399999999997,0,0,0,1,0,0,0,0,0,0
Maruti Ciaz 1.4 Alpha,2018,720000,25000,1,20.73,1373.0,91.1,5.0,0.0,0.0,1.0,1.0,0.0,1.0,7,Ciaz,3571.4285714285716,1,0.0663510560815732,175000,1888.503,0,0,0,1,0,0,0,0,0,0
Maruti Swift VDI,2013,350000,60000,1,22.9,1248.0,74.0,5.0,1.0,0.0,0.0,1.0,0.0,1.0,12,Swift,5000.0,1,0.05929487179487179,720000,1694.6,0,0,0,1,0,0,0,0,0,0
Hyundai Grand i10 1.2 Kappa Sportz Option,2018,500000,40000,1,18.9,1197.0,81.86,5.0,0.0,0.0,1.0,1.0,0.0,1.0,7,Grand,5714.285714285715,2,0.0683876357560568,280000,1547.1539999999998,0,0,1,0,0,0,0,0,0,0
Maruti Swift Dzire VDi,2012,380000,60000,1,19.3,1248.0,73.9,5.0,1.0,0.0,0.0,1.0,0.0,1.0,13,Swift,4615.384615384615,1,0.059214743589743594,780000,1426.2700000000002,0,0,0,1,0,0,0,0,0,0
Hyundai Xcent 1.2 Kappa AT SX Option,2015,380000,50000,1,16.9,1197.0,82.0,5.0,0.0,0.0,1.0,1.0,0.0,0.0,10,Xcent,5000.0,1,0.06850459482038429,500000,1385.8,0,0,1,0,0,0,0,0,0,0
Maruti Alto 800 VXI,2017,295000,35000,1,24.7,796.0,47.3,5.0,0.0,0.0,1.0,1.0,0.0,1.0,8,Alto,4375.0,1,0.059422110552763814,280000,1168.31,0,0,0,1,0,0,0,0,0,0
Maruti Ciaz VDi Plus SHVS,2016,640000,40000,1,28.09,1248.0,88.5,5.0,1.0,0.0,0.0,1.0,0.0,1.0,9,Ciaz,4444.444444444444,1,0.07091346153846154,360000,2485.965,0,0,0,1,0,0,0,0,0,0
Tata Nexon 1.5 Revotorq XZ Plus,2018,790000,60000,1,21.5,1497.0,108.5,5.0,1.0,0.0,0.0,1.0,0.0,1.0,7,Nexon,8571.42857142857,2,0.07247828991315965,420000,2332.75,0,0,0,0,0,0,0,1,0,0
Maruti Alto K10 VXI,2015,315000,29000,1,23.95,998.0,67.05,5.0,0.0,0.0,1.0,1.0,0.0,1.0,10,Alto,2900.0,1,0.06718436873747495,290000,1605.8474999999999,0,0,0,1,0,0,0,0,0,0
Mahindra XUV300 W6 Diesel BSIV,2019,950000,17000,1,20.0,1497.0,115.0,5.0,1.0,0.0,0.0,1.0,0.0,1.0,6,XUV300,2833.3333333333335,1,0.07682030728122913,102000,2300.0,0,0,0,0,0,1,0,0,0,0
Maruti Wagon R VXI Plus Optional,2017,400000,50000,1,20.51,998.0,67.04,5.0,0.0,0.0,1.0,1.0,0.0,1.0,8,Wagon,6250.0,2,0.06717434869739479,400000,1374.9904000000001,0,0,0,1,0,0,0,0,0,0
Hyundai i20 1.4 Magna AT,2018,700000,42000,1,18.6,1368.0,98.63,5.0,0.0,0.0,1.0,1.0,0.0,0.0,7,i20,6000.0,2,0.07209795321637427,294000,1834.518,0,0,1,0,0,0,0,0,0,0
Mahindra Verito 1.5 D4 BSIV,2012,260000,110000,1,21.03,1461.0,65.0,5.0,1.0,0.0,0.0,1.0,0.0,1.0,13,Verito,8461.538461538461,2,0.044490075290896644,1430000,1366.95,0,0,0,0,0,1,0,0,0,0
Tata Indigo CR4,2012,200000,90000,1,23.57,1396.0,70.0,5.0,1.0,0.0,0.0,1.0,0.0,1.0,13,Indigo,6923.076923076923,2,0.050143266475644696,1170000,1649.9,0,0,0,0,0,0,0,1,0,0
Maruti Dzire VXI,2020,580000,70000,1,23.26,1197.0,88.5,5.0,0.0,0.0,1.0,1.0,0.0,1.0,5,Dzire,14000.0,2,0.07393483709273183,350000,2058.51,0,0,0,1,0,0,0,0,0,0
Volkswagen Vento IPL II Diesel Trendline,2011,330000,66000,2,20.5,1598.0,105.0,5.0,1.0,0.0,0.0,1.0,0.0,1.0,14,Vento,4714.285714285715,1,0.06570713391739674,924000,2152.5,0,0,0,0,0,0,0,0,0,1
Hyundai Verna Transform CRDi VGT SX ABS,2011,400000,70000,3,16.2,1493.0,110.0,5.0,1.0,0.0,0.0,1.0,0.0,1.0,14,Verna,5000.0,1,0.07367716008037509,980000,1782.0,0,0,1,0,0,0,0,0,0,0
Mahindra Verito 1.5 D4 BSIV,2014,250000,50000,2,21.03,1461.0,65.0,5.0,1.0,0.0,0.0,1.0,0.0,1.0,11,Verito,4545.454545454545,1,0.044490075290896644,550000,1366.95,0,0,0,0,0,1,0,0,0,0
Skoda Rapid 1.6 MPI Ambition BSIV,2019,725000,25000,1,15.41,1598.0,103.2,5.0,0.0,0.0,1.0,1.0,0.0,1.0,6,Rapid,4166.666666666667,1,0.06458072590738423,150000,1590.3120000000001,0,0,0,0,0,1,0,0,0,0
Maruti Swift Dzire Tour LDI,2013,300000,70000,1,23.4,1248.0,74.0,5.0,1.0,0.0,0.0,1.0,0.0,1.0,12,Swift,5833.333333333333,2,0.05929487179487179,840000,1731.6,0,0,0,1,0,0,0,0,0,0
Tata Indica Vista TDI LX,2014,400000,45000,1,19.1,1405.0,70.0,5.0,1.0,0.0,0.0,1.0,0.0,1.0,11,Indica,4090.909090909091,1,0.0498220640569395,495000,1337.0,0,0,0,0,0,0,0,1,0,0
Tata Indigo LX,2005,140000,90000,3,16.1,1405.0,70.0,5.0,1.0,0.0,0.0,1.0,0.0,1.0,20,Indigo,4500.0,1,0.0498220640569395,1800000,1127.0,0,0,0,0,0,0,0,1,0,0
Ford Ikon 1.3 CLXi,2003,110000,83000,2,13.8,1299.0,70.0,5.0,0.0,0.0,1.0,1.0,0.0,1.0,22,Ikon,3772.7272727272725,1,0.05388760585065435,1826000,966.0,1,0,0,0,0,0,0,0,0,0
Chevrolet Aveo U-VA 1.2 LS,2008,150000,60000,4,15.26,1150.0,74.9,5.0,0.0,0.0,1.0,1.0,0.0,1.0,17,Aveo,3529.4117647058824,1,0.0651304347826087,1020000,1142.9740000000002,0,0,0,0,0,0,0,0,0,0
Hyundai i20 1.2 Asta,2011,300000,138000,3,17.0,1197.0,80.0,5.0,0.0,0.0,1.0,1.0,0.0,1.0,14,i20,9857.142857142857,2,0.06683375104427736,1932000,1360.0,0,0,1,0,0,0,0,0,0,0
Maruti Alto 800 LXI,2015,280000,80000,1,22.74,796.0,47.3,5.0,0.0,0.0,1.0,1.0,0.0,1.0,10,Alto,8000.0,2,0.059422110552763814,800000,1075.6019999999999,0,0,0,1,0,0,0,0,0,0
Hyundai Getz GLS,2005,130000,50000,2,15.3,1341.0,83.0,5.0,0.0,0.0,1.0,1.0,0.0,1.0,20,Getz,2500.0,1,0.061894108873974646,1000000,1269.9,0,0,1,0,0,0,0,0,0,0
Chevrolet Sail 1.2 LS ABS,2015,350000,50000,1,18.2,1199.0,82.4,5.0,0.0,0.0,1.0,1.0,0.0,1.0,10,Sail,5000.0,1,0.06872393661384488,500000,1499.68,0,0,0,0,0,0,0,0,0,0
Maruti Ritz VXi,2009,200000,120000,1,18.5,1197.0,85.8,5.0,0.0,0.0,1.0,1.0,0.0,1.0,16,Ritz,7500.0,2,0.07167919799498747,1920000,1587.3,0,0,0,1,0,0,0,0,0,0
Maruti Swift VXI,2018,550000,24400,1,22.0,1197.0,81.8,5.0,0.0,0.0,1.0,1.0,0.0,1.0,7,Swift,3485.714285714286,1,0.0683375104427736,170800,1799.6,0,0,0,1,0,0,0,0,0,0
Maruti Ritz VXi (ABS) BS IV,2010,170000,120000,2,18.5,1197.0,85.8,5.0,0.0,0.0,1.0,1.0,0.0,1.0,15,Ritz,8000.0,2,0.07167919799498747,1800000,1587.3,0,0,0,1,0,0,0,0,0,0
Hyundai Verna 1.4 CRDi,2015,600000,60000,2,24.8,1396.0,88.7,5.0,1.0,0.0,0.0,1.0,0.0,1.0,10,Verna,6000.0,2,0.06353868194842408,600000,2199.76,0,0,1,0,0,0,0,0,0,0
Maruti Alto LXi,2011,130000,100000,2,19.7,796.0,46.3,5.0,0.0,0.0,1.0,1.0,0.0,1.0,14,Alto,7142.857142857143,2,0.05816582914572864,1400000,912.1099999999999,0,0,0,1,0,0,0,0,0,0
Hyundai Santro Xing GL PLUS CNG,2007,120000,60000,2,19.5,1248.0,81.83,5.0,0.0,0.0,0.0,1.0,0.0,1.0,18,Santro,3333.3333333333335,1,0.06556891025641025,1080000,1595.685,0,0,1,0,0,0,0,0,0,0
Renault KWID RXT,2016,310000,27500,1,25.17,799.0,53.3,5.0,0.0,0.0,1.0,1.0,0.0,1.0,9,KWID,3055.5555555555557,1,0.06670838548185232,247500,1341.561,0,0,0,0,0,0,1,0,0,0
Hyundai i20 Magna,2010,200000,120000,3,18.5,1197.0,80.0,5.0,0.0,0.0,1.0,1.0,0.0,1.0,15,i20,8000.0,2,0.06683375104427736,1800000,1480.0,0,0,1,0,0,0,0,0,0,0
Maruti Swift VDI BSIV,2009,270000,70000,2,19.5,1248.0,81.83,5.0,1.0,0.0,0.0,1.0,0.0,1.0,16,Swift,4375.0,1,0.06556891025641025,1120000,1595.685,0,0,0,1,0,0,0,0,0,0
Hyundai i20 Sportz 1.4 CRDi,2015,650000,80000,1,22.54,1396.0,88.73,5.0,1.0,0.0,0.0,1.0,0.0,1.0,10,i20,8000.0,2,0.06356017191977077,800000,1999.9742,0,0,1,0,0,0,0,0,0,0
Tata Indigo eCS GLS,2013,210000,120000,1,15.64,1193.0,64.1,5.0,0.0,0.0,1.0,1.0,0.0,1.0,12,Indigo,10000.0,2,0.053730092204526396,1440000,1002.524,0,0,0,0,0,0,0,1,0,0
Hyundai Xcent 1.1 CRDi S Option,2015,509999,90000,1,24.4,1120.0,71.01,5.0,1.0,0.0,0.0,1.0,0.0,1.0,10,Xcent,9000.0,2,0.06340178571428572,900000,1732.644,0,0,1,0,0,0,0,0,0,0
Ford Figo Diesel Celebration Edition,2013,229999,70000,1,20.0,1399.0,68.1,5.0,1.0,0.0,0.0,1.0,0.0,1.0,12,Figo,5833.333333333333,2,0.04867762687634024,840000,1362.0,1,0,0,0,0,0,0,0,0,0
Renault Duster 110PS Diesel RxZ,2014,409999,188000,2,19.01,1461.0,108.45,5.0,1.0,0.0,0.0,1.0,0.0,1.0,11,Duster,17090.909090909092,3,0.0742299794661191,2068000,2061.6345,0,0,0,0,0,0,1,0,0,0
Chevrolet Spark 1.0 LT,2011,130000,67840,1,18.0,995.0,62.0,5.0,0.0,0.0,1.0,1.0,0.0,1.0,14,Spark,4845.714285714285,1,0.062311557788944726,949760,1116.0,0,0,0,0,0,0,0,0,0,0
Maruti Alto 800 LXI,2016,225000,35000,2,22.74,796.0,47.3,5.0,0.0,0.0,1.0,1.0,0.0,1.0,9,Alto,3888.8888888888887,1,0.059422110552763814,315000,1075.6019999999999,0,0,0,1,0,0,0,0,0,0
Maruti Swift VDI BSIV,2010,256999,150000,2,19.5,1248.0,81.83,5.0,1.0,0.0,0.0,1.0,0.0,1.0,15,Swift,10000.0,2,0.06556891025641025,2250000,1595.685,0,0,0,1,0,0,0,0,0,0
Maruti Vitara Brezza VDi Option,2017,775000,100000,1,24.3,1248.0,88.5,5.0,1.0,0.0,0.0,1.0,0.0,1.0,8,Vitara,12500.0,2,0.07091346153846154,800000,2150.55,0,0,0,1,0,0,0,0,0,0
Maruti Wagon R VXI BS IV,2017,420000,30000,1,20.51,998.0,67.04,5.0,0.0,0.0,1.0,1.0,0.0,1.0,8,Wagon,3750.0,1,0.06717434869739479,240000,1374.9904000000001,0,0,0,1,0,0,0,0,0,0
Hyundai Grand i10 Sportz Celebration Edition,2016,480000,70000,1,18.9,1197.0,82.0,5.0,0.0,0.0,1.0,1.0,0.0,1.0,9,Grand,7777.777777777777,2,0.06850459482038429,630000,1549.8,0,0,1,0,0,0,0,0,0,0
Toyota Qualis GS G1,2003,200000,149032,1,19.5,1248.0,81.83,5.0,1.0,0.0,0.0,1.0,0.0,1.0,22,Qualis,6774.181818181818,2,0.06556891025641025,3278704,1595.685,0,0,0,0,0,0,0,0,1,0
Toyota Etios Liva G,2011,210000,84050,1,19.5,1248.0,81.83,5.0,0.0,0.0,1.0,1.0,0.0,1.0,14,Etios,6003.571428571428,2,0.06556891025641025,1176700,1595.685,0,0,0,0,0,0,0,0,1,0
Volkswagen Polo 2015-2019 1.2 MPI Highline Plus,2018,600000,15000,1,16.2,1199.0,74.0,5.0,0.0,0.0,1.0,1.0,0.0,1.0,7,Polo,2142.8571428571427,1,0.061718098415346125,105000,1198.8,0,0,0,0,0,0,0,0,0,1
Ford Ikon 1.4 TDCi DuraTorq,2009,140000,140000,2,13.8,1399.0,68.0,5.0,1.0,0.0,0.0,1.0,0.0,1.0,16,Ikon,8750.0,2,0.04860614724803431,2240000,938.4000000000001,1,0,0,0,0,0,0,0,0,0
Maruti Swift VDI BSIV,2007,195000,112880,1,25.2,1248.0,74.0,5.0,1.0,0.0,0.0,0.0,0.0,1.0,18,Swift,6271.111111111111,2,0.05929487179487179,2031840,1864.8,0,0,0,1,0,0,0,0,0,0
Tata Indica Vista TDI LS,2013,210000,135000,2,19.4,1405.0,70.0,5.0,1.0,0.0,0.0,0.0,0.0,1.0,12,Indica,11250.0,2,0.0498220640569395,1620000,1358.0,0,0,0,0,0,0,0,1,0,0
Maruti Wagon R LX,2006,130000,80000,3,18.9,998.0,67.1,5.0,0.0,0.0,1.0,1.0,0.0,1.0,19,Wagon,4210.526315789473,1,0.06723446893787574,1520000,1268.1899999999998,0,0,0,1,0,0,0,0,0,0
Chevrolet Beat LT,2012,141000,128000,3,18.6,1199.0,79.4,5.0,0.0,0.0,1.0,1.0,0.0,1.0,13,Beat,9846.153846153846,2,0.06622185154295246,1664000,1476.8400000000001,0,0,0,0,0,0,0,0,0,0
Maruti SX4 ZXI AT Leather,2010,350000,30000,1,12.6,1586.0,103.2,5.0,0.0,0.0,1.0,1.0,0.0,0.0,15,SX4,2000.0,1,0.06506935687263557,450000,1300.32,0,0,0,1,0,0,0,0,0,0
Tata Nexon 1.2 Revotron XM,2018,575000,70000,1,17.0,1198.0,108.5,5.0,0.0,0.0,1.0,1.0,0.0,1.0,7,Nexon,10000.0,2,0.09056761268781302,490000,1844.5,0,0,0,0,0,0,0,1,0,0
Hyundai i20 Sportz Option 1.2,2015,550000,41000,1,18.6,1197.0,81.83,5.0,0.0,0.0,1.0,1.0,0.0,1.0,10,i20,4100.0,1,0.06836257309941521,410000,1522.038,0,0,1,0,0,0,0,0,0,0
Toyota Etios V,2011,420000,28100,1,19.5,1248.0,81.83,5.0,0.0,0.0,1.0,1.0,0.0,1.0,14,Etios,2007.142857142857,1,0.06556891025641025,393400,1595.685,0,0,0,0,0,0,0,0,1,0
Maruti Alto LX,2006,120000,30000,2,19.7,796.0,46.3,5.0,0.0,0.0,1.0,1.0,0.0,1.0,19,Alto,1578.9473684210527,1,0.05816582914572864,570000,912.1099999999999,0,0,0,1,0,0,0,0,0,0
Maruti Alto K10 VXI,2015,320000,30000,1,23.95,998.0,67.05,5.0,0.0,0.0,1.0,1.0,0.0,1.0,10,Alto,3000.0,1,0.06718436873747495,300000,1605.8474999999999,0,0,0,1,0,0,0,0,0,0
Hyundai Accent Executive,2011,250000,35000,1,16.36,1495.0,93.7,5.0,0.0,0.0,1.0,1.0,0.0,1.0,14,Accent,2500.0,1,0.06267558528428094,490000,1532.932,0,0,1,0,0,0,0,0,0,0
Maruti SX4 Zxi BSIII,2010,300000,22000,1,15.0,1586.0,104.68,5.0,0.0,0.0,1.0,1.0,0.0,1.0,15,SX4,1466.6666666666667,1,0.06600252206809584,330000,1570.2,0,0,0,1,0,0,0,0,0,0
Maruti Wagon R VXI,2006,250000,70000,1,18.9,998.0,67.1,5.0,0.0,0.0,1.0,1.0,0.0,1.0,19,Wagon,3684.2105263157896,1,0.06723446893787574,1330000,1268.1899999999998,0,0,0,1,0,0,0,0,0,0
Maruti Omni E 8 Str STD,2005,120000,100000,2,19.5,1248.0,81.83,5.0,0.0,0.0,1.0,1.0,0.0,1.0,20,Omni,5000.0,1,0.06556891025641025,2000000,1595.685,0,0,0,1,0,0,0,0,0,0
Maruti Ignis 1.2 Zeta BSIV,2019,577000,3000,1,20.89,1197.0,81.8,5.0,0.0,0.0,1.0,1.0,0.0,1.0,6,Ignis,500.0,1,0.0683375104427736,18000,1708.802,0,0,0,1,0,0,0,0,0,0
Maruti Alto K10 2010-2014 VXI,2012,229999,50000,1,20.92,998.0,67.1,5.0,0.0,0.0,1.0,1.0,0.0,1.0,13,Alto,3846.153846153846,1,0.06723446893787574,650000,1403.732,0,0,0,1,0,0,0,0,0,0
Honda Jazz VX CVT,2019,840000,1500,1,18.2,1199.0,88.7,5.0,0.0,0.0,1.0,1.0,0.0,0.0,6,Jazz,250.0,1,0.07397831526271893,9000,1614.34,0,1,0,0,0,0,0,0,0,0
Volkswagen Vento 1.5 TDI Highline,2017,900000,74000,1,22.27,1498.0,108.6,5.0,1.0,0.0,0.0,1.0,0.0,1.0,8,Vento,9250.0,2,0.07249666221628838,592000,2418.522,0,0,0,0,0,0,0,0,0,1
Honda Jazz 1.2 V i VTEC,2017,650000,25000,1,18.7,1199.0,88.7,5.0,0.0,0.0,1.0,1.0,0.0,1.0,8,Jazz,3125.0,1,0.07397831526271893,200000,1658.69,0,1,0,0,0,0,0,0,0,0
Honda Jazz 1.5 VX i DTEC,2016,650000,61915,1,27.3,1498.0,98.6,5.0,1.0,0.0,0.0,1.0,0.0,1.0,9,Jazz,6879.444444444444,2,0.06582109479305741,557235,2691.7799999999997,0,1,0,0,0,0,0,0,0,0
Hyundai EON Era Plus,2016,250000,110000,1,21.1,814.0,55.2,5.0,0.0,0.0,1.0,1.0,0.0,1.0,9,EON,12222.222222222223,2,0.06781326781326781,990000,1164.72,0,0,1,0,0,0,0,0,0,0
Volkswagen Polo 1.5 TDI Comfortline,2016,550000,70000,1,20.14,1498.0,88.0,5.0,1.0,0.0,0.0,1.0,0.0,1.0,9,Polo,7777.777777777777,2,0.05874499332443257,630000,1772.3200000000002,0,0,0,0,0,0,0,0,0,1
Maruti Swift Ldi BSIII,2007,250000,150000,4,17.8,1248.0,75.0,5.0,1.0,0.0,0.0,1.0,0.0,1.0,18,Swift,8333.333333333334,2,0.06009615384615385,2700000,1335.0,0,0,0,1,0,0,0,0,0,0
Chevrolet Beat Diesel LT,2014,185000,90000,2,25.44,936.0,56.3,5.0,1.0,0.0,0.0,1.0,0.0,1.0,11,Beat,8181.818181818182,2,0.060149572649572644,990000,1432.272,0,0,0,0,0,0,0,0,0,0
Ford Figo Petrol Titanium,2010,229999,120000,3,15.6,1196.0,70.0,5.0,0.0,0.0,1.0,1.0,0.0,1.0,15,Figo,8000.0,2,0.05852842809364549,1800000,1092.0,1,0,0,0,0,0,0,0,0,0
Maruti Wagon R VXI 1.2,2019,490000,10000,1,20.52,1197.0,81.8,5.0,0.0,0.0,1.0,1.0,0.0,1.0,6,Wagon,1666.6666666666667,1,0.0683375104427736,60000,1678.5359999999998,0,0,0,1,0,0,0,0,0,0
Hyundai i10 Sportz,2009,150000,80000,2,20.36,1197.0,78.9,5.0,0.0,0.0,1.0,1.0,0.0,1.0,16,i10,5000.0,1,0.06591478696741855,1280000,1606.404,0,0,1,0,0,0,0,0,0,0
Maruti Zen LXi - BS III,2005,60000,70000,2,17.3,993.0,60.0,5.0,0.0,0.0,1.0,1.0,0.0,1.0,20,Zen,3500.0,1,0.06042296072507553,1400000,1038.0,0,0,0,1,0,0,0,0,0,0
Maruti SX4 Zxi with Leather BSIII,2008,150000,89000,2,15.6,1586.0,104.68,5.0,0.0,0.0,1.0,1.0,0.0,1.0,17,SX4,5235.294117647059,2,0.06600252206809584,1513000,1633.008,0,0,0,1,0,0,0,0,0,0
Maruti Swift VDI,2013,525000,69000,2,22.9,1248.0,74.0,5.0,1.0,0.0,0.0,1.0,0.0,1.0,12,Swift,5750.0,2,0.05929487179487179,828000,1694.6,0,0,0,1,0,0,0,0,0,0
Tata Indica V2 eLX,2012,83000,90000,2,25.0,1396.0,69.0,5.0,1.0,0.0,0.0,1.0,0.0,1.0,13,Indica,6923.076923076923,2,0.0494269340974212,1170000,1725.0,0,0,0,0,0,0,0,1,0,0
Hyundai EON Era Plus,2017,300000,8000,1,21.1,814.0,55.2,5.0,0.0,0.0,1.0,1.0,0.0,1.0,8,EON,1000.0,1,0.06781326781326781,64000,1164.72,0,0,1,0,0,0,0,0,0,0
Hyundai i20 1.2 Sportz,2012,350000,35000,1,17.0,1197.0,80.0,5.0,0.0,0.0,1.0,1.0,0.0,1.0,13,i20,2692.3076923076924,1,0.06683375104427736,455000,1360.0,0,0,1,0,0,0,0,0,0,0
Hyundai i20 1.2 Sportz,2011,300000,45000,1,17.0,1197.0,80.0,5.0,0.0,0.0,1.0,1.0,0.0,1.0,14,i20,3214.285714285714,1,0.06683375104427736,630000,1360.0,0,0,1,0,0,0,0,0,0,0
Fiat Linea 1.3 Active,2011,250000,30000,1,20.4,1248.0,91.2,5.0,1.0,0.0,0.0,1.0,0.0,1.0,14,Linea,2142.8571428571427,1,0.07307692307692308,420000,1860.48,0,0,0,0,0,1,0,0,0,0
Maruti Celerio X ZXI,2020,250000,120000,2,21.63,998.0,67.0,5.0,0.0,0.0,1.0,1.0,0.0,1.0,5,Celerio,24000.0,3,0.06713426853707415,600000,1449.21,0,0,0,1,0,0,0,0,0,0
Maruti Wagon R LXI BS IV,2016,350000,70000,1,20.51,998.0,67.04,5.0,0.0,0.0,1.0,1.0,0.0,1.0,9,Wagon,7777.777777777777,2,0.06717434869739479,630000,1374.9904000000001,0,0,0,1,0,0,0,0,0,0
Hyundai Santro Xing XG,2004,70000,158000,1,19.5,1248.0,81.83,5.0,0.0,0.0,1.0,1.0,0.0,1.0,21,Santro,7523.809523809524,2,0.06556891025641025,3318000,1595.685,0,0,1,0,0,0,0,0,0,0
Chevrolet Spark 1.0 LS,2007,90000,93000,3,18.0,995.0,62.0,5.0,0.0,0.0,1.0,1.0,0.0,1.0,18,Spark,5166.666666666667,2,0.062311557788944726,1674000,1116.0,0,0,0,0,0,0,0,0,0,0
Maruti Alto LX,2007,135000,57000,1,19.7,796.0,46.3,5.0,0.0,0.0,1.0,1.0,0.0,1.0,18,Alto,3166.6666666666665,1,0.05816582914572864,1026000,912.1099999999999,0,0,0,1,0,0,0,0,0,0
Hyundai Accent GLE,2005,150000,120000,1,13.2,1495.0,94.0,5.0,0.0,0.0,1.0,1.0,0.0,1.0,20,Accent,6000.0,2,0.06287625418060201,2400000,1240.8,0,0,1,0,0,0,0,0,0,0
Maruti Swift Dzire VXi,2009,240000,120000,1,17.5,1298.0,85.8,5.0,0.0,0.0,1.0,1.0,0.0,1.0,16,Swift,7500.0,2,0.06610169491525424,1920000,1501.5,0,0,0,1,0,0,0,0,0,0
Hyundai Creta 1.4 E Plus,2018,946000,60000,1,22.1,1396.0,88.7,5.0,1.0,0.0,0.0,1.0,0.0,1.0,7,Creta,8571.42857142857,2,0.06353868194842408,420000,1960.2700000000002,0,0,1,0,0,0,0,0,0,0
Tata Indigo eCS LX BSIV,2011,215000,70000,1,23.03,1396.0,69.0,5.0,1.0,0.0,0.0,1.0,0.0,1.0,14,Indigo,5000.0,1,0.0494269340974212,980000,1589.0700000000002,0,0,0,0,0,0,0,1,0,0
Honda Amaze S i-Dtech,2013,310000,100000,1,25.8,1498.0,98.6,5.0,1.0,0.0,0.0,1.0,0.0,1.0,12,Amaze,8333.333333333334,2,0.06582109479305741,1200000,2543.88,0,1,0,0,0,0,0,0,0,0
Hyundai i10 Magna,2008,220000,35000,1,20.36,1197.0,78.9,5.0,0.0,0.0,1.0,1.0,0.0,1.0,17,i10,2058.823529411765,1,0.06591478696741855,595000,1606.404,0,0,1,0,0,0,0,0,0,0
Maruti Swift Vdi BSIII,2008,195000,90000,3,17.8,1248.0,75.0,5.0,1.0,0.0,0.0,1.0,0.0,1.0,17,Swift,5294.117647058823,2,0.06009615384615385,1530000,1335.0,0,0,0,1,0,0,0,0,0,0
Hyundai i20 Active 1.2 S,2015,650000,50000,1,17.19,1197.0,81.86,5.0,0.0,0.0,1.0,1.0,0.0,1.0,10,i20,5000.0,1,0.0683876357560568,500000,1407.1734000000001,0,0,1,0,0,0,0,0,0,0
Hyundai i20 1.2 Magna,2011,350000,98000,1,18.5,1197.0,80.0,5.0,0.0,0.0,1.0,1.0,0.0,1.0,14,i20,7000.0,2,0.06683375104427736,1372000,1480.0,0,0,1,0,0,0,0,0,0,0
Hyundai i20 Asta 1.2,2013,360000,30000,1,18.5,1197.0,82.85,5.0,0.0,0.0,1.0,1.0,0.0,1.0,12,i20,2500.0,1,0.06921470342522974,360000,1532.725,0,0,1,0,0,0,0,0,0,0
Hyundai Grand i10 Sportz,2016,490000,26000,1,18.9,1197.0,82.0,5.0,0.0,0.0,1.0,1.0,0.0,1.0,9,Grand,2888.8888888888887,1,0.06850459482038429,234000,1549.8,0,0,1,0,0,0,0,0,0,0
Maruti Alto LXi,2011,195000,46000,2,19.7,796.0,46.3,5.0,0.0,0.0,1.0,1.0,0.0,1.0,14,Alto,3285.714285714286,1,0.05816582914572864,644000,912.1099999999999,0,0,0,1,0,0,0,0,0,0
Maruti Alto LX,2010,125000,80000,4,19.7,796.0,46.3,5.0,0.0,0.0,1.0,1.0,0.0,1.0,15,Alto,5333.333333333333,2,0.05816582914572864,1200000,912.1099999999999,0,0,0,1,0,0,0,0,0,0
Tata Tiago 1.2 Revotron XZ,2019,459999,10000,1,23.84,1199.0,84.0,5.0,0.0,0.0,1.0,1.0,0.0,1.0,6,Tiago,1666.6666666666667,1,0.07005838198498748,60000,2002.56,0,0,0,0,0,0,0,1,0,0
Maruti Alto 800 LXI,2015,275000,16700,1,22.74,796.0,47.3,5.0,0.0,0.0,1.0,1.0,0.0,1.0,10,Alto,1670.0,1,0.059422110552763814,167000,1075.6019999999999,0,0,0,1,0,0,0,0,0,0
Maruti Swift Dzire VDI,2018,680000,70000,1,28.4,1248.0,74.02,5.0,1.0,0.0,0.0,1.0,0.0,1.0,7,Swift,10000.0,2,0.05931089743589743,490000,2102.1679999999997,0,0,0,1,0,0,0,0,0,0
Maruti Swift Dzire ZXI,2015,600000,7967,1,20.85,1197.0,83.14,5.0,0.0,0.0,1.0,1.0,0.0,1.0,10,Swift,796.7,1,0.06945697577276524,79670,1733.469,0,0,0,1,0,0,0,0,0,0
Maruti Swift ZXI Plus,2018,720000,20000,1,22.0,1197.0,81.8,5.0,0.0,0.0,1.0,1.0,0.0,1.0,7,Swift,2857.1428571428573,1,0.0683375104427736,140000,1799.6,0,0,0,1,0,0,0,0,0,0
Maruti Swift VDI BSIV,2011,295000,50000,1,19.5,1248.0,81.83,5.0,1.0,0.0,0.0,1.0,0.0,1.0,14,Swift,3571.4285714285716,1,0.06556891025641025,700000,1595.685,0,0,0,1,0,0,0,0,0,0
Renault KWID RXT Optional,2016,356000,9656,1,25.17,799.0,53.3,5.0,0.0,0.0,1.0,1.0,0.0,1.0,9,KWID,1072.888888888889,1,0.06670838548185232,86904,1341.561,0,0,0,0,0,0,1,0,0,0
Hyundai i10 Era,2011,225000,50000,1,19.81,1086.0,68.05,5.0,0.0,0.0,1.0,1.0,0.0,1.0,14,i10,3571.4285714285716,1,0.06266114180478821,700000,1348.0704999999998,0,0,1,0,0,0,0,0,0,0
Ford Freestyle Titanium Diesel BSIV,2019,725000,17000,1,24.4,1498.0,98.63,5.0,1.0,0.0,0.0,1.0,0.0,1.0,6,Freestyle,2833.3333333333335,1,0.0658411214953271,102000,2406.5719999999997,1,0,0,0,0,0,0,0,0,0
Chevrolet Spark 1.0 LT,2010,130000,50000,1,18.0,995.0,62.0,5.0,0.0,0.0,1.0,1.0,0.0,1.0,15,Spark,3333.3333333333335,1,0.062311557788944726,750000,1116.0,0,0,0,0,0,0,0,0,0,0
Renault KWID RXT,2015,300000,10000,1,25.17,799.0,53.3,5.0,0.0,0.0,1.0,1.0,0.0,1.0,10,KWID,1000.0,1,0.06670838548185232,100000,1341.561,0,0,0,0,0,0,1,0,0,0
Hyundai i20 Sportz 1.2,2013,400000,43000,2,18.5,1197.0,82.85,5.0,0.0,0.0,1.0,1.0,0.0,1.0,12,i20,3583.3333333333335,1,0.06921470342522974,516000,1532.725,0,0,1,0,0,0,0,0,0,0
Hyundai Verna 1.4 CX,2013,550000,50000,1,23.5,1396.0,88.7,5.0,1.0,0.0,0.0,1.0,0.0,1.0,12,Verna,4166.666666666667,1,0.06353868194842408,600000,2084.4500000000003,0,0,1,0,0,0,0,0,0,0
Maruti Wagon R PRIMEA,2006,120000,90000,2,18.9,998.0,67.0,5.0,0.0,0.0,1.0,1.0,0.0,1.0,19,Wagon,4736.8421052631575,1,0.06713426853707415,1710000,1266.3,0,0,0,1,0,0,0,0,0,0
Maruti Swift VXI,2019,610000,5000,1,21.21,1197.0,81.8,5.0,0.0,0.0,1.0,1.0,0.0,1.0,6,Swift,833.3333333333334,1,0.0683375104427736,30000,1734.978,0,0,0,1,0,0,0,0,0,0
Ford Ecosport 1.5 DV5 MT Trend,2016,515000,68609,1,22.7,1498.0,89.84,5.0,1.0,0.0,0.0,0.0,0.0,1.0,9,Ecosport,7623.222222222223,2,0.05997329773030708,617481,2039.368,1,0,0,0,0,0,0,0,0,0
Ford EcoSport 1.5 TDCi Titanium BE BSIV,2018,925000,33360,1,22.77,1498.0,98.59,5.0,1.0,0.0,0.0,0.0,0.0,1.0,7,EcoSport,4765.714285714285,1,0.06581441922563418,233520,2244.8943,1,0,0,0,0,0,0,0,0,0
Nissan Kicks XL BSIV,2019,860000,14317,1,14.23,1498.0,104.55,5.0,0.0,0.0,1.0,0.0,0.0,1.0,6,Kicks,2386.1666666666665,1,0.06979305740987984,85902,1487.7465,0,0,0,0,1,0,0,0,0,0
Ford Figo Diesel Titanium,2012,225000,87237,2,20.0,1399.0,68.05,5.0,1.0,0.0,0.0,0.0,0.0,1.0,13,Figo,6710.538461538462,2,0.04864188706218728,1134081,1361.0,1,0,0,0,0,0,0,0,0,0
Ford Figo 1.5D Trend MT,2017,500000,62960,1,25.83,1498.0,99.0,5.0,1.0,0.0,0.0,0.0,0.0,1.0,8,Figo,7870.0,2,0.06608811748998665,503680,2557.1699999999996,1,0,0,0,0,0,0,0,0,0
Maruti Swift Dzire AMT VXI,2017,600000,26634,1,21.21,1197.0,81.8,5.0,0.0,0.0,1.0,0.0,0.0,0.0,8,Swift,3329.25,1,0.0683375104427736,213072,1734.978,0,0,0,1,0,0,0,0,0,0
Ford Figo Diesel EXI Option,2012,195000,163720,1,18.5,1399.0,68.0,5.0,1.0,0.0,0.0,0.0,0.0,1.0,13,Figo,12593.846153846154,2,0.04860614724803431,2128360,1258.0,1,0,0,0,0,0,0,0,0,0
Maruti Wagon R LXI BS IV,2012,265000,67998,1,18.9,998.0,67.1,5.0,0.0,0.0,1.0,0.0,0.0,1.0,13,Wagon,5230.615384615385,2,0.06723446893787574,883974,1268.1899999999998,0,0,0,1,0,0,0,0,0,0
Ford Freestyle Trend Diesel,2018,650000,20706,1,23.8,1499.0,98.63,5.0,1.0,0.0,0.0,0.0,0.0,1.0,7,Freestyle,2958.0,1,0.06579719813208805,144942,2347.394,1,0,0,0,0,0,0,0,0,0
Ford Figo Aspire 1.5 TDCi Trend,2015,415000,100581,1,25.83,1498.0,99.0,5.0,1.0,0.0,0.0,0.0,0.0,1.0,10,Figo,10058.1,2,0.06608811748998665,1005810,2557.1699999999996,1,0,0,0,0,0,0,0,0,0
Renault Duster 85PS Diesel RxE Adventure,2015,600000,67303,1,20.45,1461.0,83.8,5.0,1.0,0.0,0.0,0.0,0.0,1.0,10,Duster,6730.3,2,0.05735797399041752,673030,1713.7099999999998,0,0,0,0,0,0,1,0,0,0
Maruti Ritz VXi,2013,340000,79139,1,18.5,1197.0,85.8,5.0,0.0,0.0,1.0,0.0,0.0,1.0,12,Ritz,6594.916666666667,2,0.07167919799498747,949668,1587.3,0,0,0,1,0,0,0,0,0,0
Hyundai Grand i10 CRDi Sportz,2014,350000,84784,1,24.0,1120.0,70.0,5.0,1.0,0.0,0.0,0.0,0.0,1.0,11,Grand,7707.636363636364,2,0.0625,932624,1680.0,0,0,1,0,0,0,0,0,0,0
Maruti Ritz LDi,2012,265000,130376,2,23.2,1248.0,73.94,5.0,1.0,0.0,0.0,0.0,0.0,1.0,13,Ritz,10028.923076923076,2,0.05924679487179487,1694888,1715.408,0,0,0,1,0,0,0,0,0,0
Hyundai Verna CRDi SX,2008,245000,127000,2,16.8,1493.0,110.0,5.0,1.0,0.0,0.0,1.0,0.0,1.0,17,Verna,7470.588235294118,2,0.07367716008037509,2159000,1848.0,0,0,1,0,0,0,0,0,0,0
Maruti Swift VDI BSIV,2014,395000,120000,1,25.2,1248.0,74.0,5.0,1.0,0.0,0.0,1.0,0.0,1.0,11,Swift,10909.09090909091,2,0.05929487179487179,1320000,1864.8,0,0,0,1,0,0,0,0,0,0
Fiat Punto 1.3 Emotion,2010,190000,120000,2,19.5,1248.0,81.83,5.0,1.0,0.0,0.0,1.0,0.0,1.0,15,Punto,8000.0,2,0.06556891025641025,1800000,1595.685,0,0,0,0,0,1,0,0,0,0
Hyundai Xcent 1.1 CRDi S,2014,490000,100000,1,24.4,1120.0,71.0,5.0,1.0,0.0,0.0,1.0,0.0,1.0,11,Xcent,9090.90909090909,2,0.06339285714285714,1100000,1732.3999999999999,0,0,1,0,0,0,0,0,0,0
Toyota Etios GD,2012,450000,148000,2,19.5,1248.0,81.83,5.0,1.0,0.0,0.0,1.0,0.0,1.0,13,Etios,11384.615384615385,2,0.06556891025641025,1924000,1595.685,0,0,0,0,0,0,0,0,1,0
Maruti Swift Dzire VDI,2013,525000,110000,1,23.4,1248.0,74.0,5.0,1.0,0.0,0.0,1.0,0.0,1.0,12,Swift,9166.666666666666,2,0.05929487179487179,1320000,1731.6,0,0,0,1,0,0,0,0,0,0
Tata Tigor 1.2 Revotron XZ Option,2017,550000,30000,1,20.3,1199.0,84.0,5.0,0.0,0.0,1.0,1.0,0.0,1.0,8,Tigor,3750.0,1,0.07005838198498748,240000,1705.2,0,0,0,0,0,0,0,1,0,0
Tata Indica Vista TDI LX,2014,200000,120000,2,19.1,1405.0,70.0,5.0,1.0,0.0,0.0,1.0,0.0,1.0,11,Indica,10909.09090909091,2,0.0498220640569395,1320000,1337.0,0,0,0,0,0,0,0,1,0,0
Ford Figo Aspire 1.2 Ti-VCT Trend,2017,500000,15000,1,18.16,1196.0,86.8,5.0,0.0,0.0,1.0,1.0,0.0,1.0,8,Figo,1875.0,1,0.0725752508361204,120000,1576.288,1,0,0,0,0,0,0,0,0,0
Maruti SX4 S Cross 2015-2017 DDiS 200 Zeta,2016,825000,33500,1,23.65,1248.0,88.5,5.0,1.0,0.0,0.0,1.0,0.0,1.0,9,SX4,3722.222222222222,1,0.07091346153846154,301500,2093.025,0,0,0,1,0,0,0,0,0,0
Toyota Etios Cross 1.2L G,2015,600000,10000,1,18.16,1197.0,78.8,5.0,0.0,0.0,1.0,1.0,0.0,1.0,10,Etios,1000.0,1,0.0658312447786132,100000,1431.008,0,0,0,0,0,0,0,0,1,0
Ford Aspire Trend Diesel BSIV,2018,530000,80000,1,26.1,1498.0,99.23,5.0,1.0,0.0,0.0,1.0,0.0,1.0,7,Aspire,11428.57142857143,2,0.06624165554072096,560000,2589.9030000000002,1,0,0,0,0,0,0,0,0,0
Honda Brio V MT,2012,310000,50000,2,19.4,1198.0,86.8,5.0,0.0,0.0,1.0,1.0,0.0,1.0,13,Brio,3846.153846153846,1,0.07245409015025041,650000,1683.9199999999998,0,1,0,0,0,0,0,0,0,0
Tata Tiago 1.2 Revotron XZ,2017,390000,20000,1,23.84,1199.0,84.0,5.0,0.0,0.0,1.0,1.0,0.0,1.0,8,Tiago,2500.0,1,0.07005838198498748,160000,2002.56,0,0,0,0,0,0,0,1,0,0
Hyundai i10 Sportz 1.1L,2010,200000,70000,2,19.81,1086.0,68.05,5.0,0.0,0.0,1.0,1.0,0.0,1.0,15,i10,4666.666666666667,1,0.06266114180478821,1050000,1348.0704999999998,0,0,1,0,0,0,0,0,0,0
Honda City i DTEC SV,2014,580000,97000,1,26.0,1498.0,98.6,5.0,1.0,0.0,0.0,1.0,0.0,1.0,11,City,8818.181818181818,2,0.06582109479305741,1067000,2563.6,0,1,0,0,0,0,0,0,0,0
Hyundai EON Era Plus,2014,200000,60000,2,21.1,814.0,55.2,5.0,0.0,0.0,1.0,1.0,0.0,1.0,11,EON,5454.545454545455,2,0.06781326781326781,660000,1164.72,0,0,1,0,0,0,0,0,0,0
Chevrolet Sail Hatchback Petrol LS ABS,2013,245000,25000,1,18.2,1199.0,84.8,5.0,0.0,0.0,1.0,1.0,0.0,1.0,12,Sail,2083.3333333333335,1,0.0707256046705588,300000,1543.36,0,0,0,0,0,0,0,0,0,0
Hyundai i10 Sportz,2010,210000,94000,2,20.36,1197.0,78.9,5.0,0.0,0.0,1.0,1.0,0.0,1.0,15,i10,6266.666666666667,2,0.06591478696741855,1410000,1606.404,0,0,1,0,0,0,0,0,0,0
Maruti Baleno LXI,2005,50000,90000,2,15.4,1590.0,94.0,5.0,0.0,0.0,1.0,1.0,0.0,1.0,20,Baleno,4500.0,1,0.05911949685534591,1800000,1447.6000000000001,0,0,0,1,0,0,0,0,0,0
Tata Bolt Quadrajet XE,2019,660000,35000,1,22.95,1248.0,74.0,5.0,1.0,0.0,0.0,1.0,0.0,1.0,6,Bolt,5833.333333333333,2,0.05929487179487179,210000,1698.3,0,0,0,0,0,0,0,1,0,0
Honda City i VTEC V,2015,630000,117500,2,17.4,1497.0,117.3,5.0,0.0,0.0,1.0,1.0,0.0,1.0,10,City,11750.0,2,0.0783567134268537,1175000,2041.0199999999998,0,1,0,0,0,0,0,0,0,0
Hyundai i20 1.2 Asta Dual Tone,2018,740000,8000,1,18.6,1197.0,81.83,5.0,0.0,0.0,1.0,1.0,0.0,1.0,7,i20,1142.857142857143,1,0.06836257309941521,56000,1522.038,0,0,1,0,0,0,0,0,0,0
Ford Figo Aspire 1.2 Ti-VCT Sports Edition,2017,570000,25000,1,18.12,1196.0,86.8,5.0,0.0,0.0,1.0,1.0,0.0,1.0,8,Figo,3125.0,1,0.0725752508361204,200000,1572.816,1,0,0,0,0,0,0,0,0,0
Datsun RediGO 1.0 T Option,2019,390000,10000,1,22.5,999.0,67.0,5.0,0.0,0.0,1.0,1.0,0.0,1.0,6,RediGO,1666.6666666666667,1,0.06706706706706707,60000,1507.5,0,0,0,0,0,1,0,0,0,0
Ford Ikon 1.6 Nxt,2009,180000,70000,2,14.2,1597.0,92.0,5.0,0.0,0.0,1.0,1.0,0.0,1.0,16,Ikon,4375.0,1,0.057608015028177834,1120000,1306.3999999999999,1,0,0,0,0,0,0,0,0,0
Honda City 2017-2020 GXi,2006,270000,70000,2,17.7,1497.0,78.0,5.0,0.0,0.0,1.0,1.0,0.0,1.0,19,City,3684.2105263157896,1,0.052104208416833664,1330000,1380.6,0,1,0,0,0,0,0,0,0,0
Hyundai Verna 1.6 Xi ABS,2006,170000,90000,3,13.9,1599.0,103.2,5.0,0.0,0.0,1.0,1.0,0.0,1.0,19,Verna,4736.8421052631575,1,0.06454033771106941,1710000,1434.48,0,0,1,0,0,0,0,0,0,0
Tata Tiago 1.2 Revotron XM,2018,490000,25000,1,23.84,1199.0,84.0,5.0,0.0,0.0,1.0,1.0,0.0,1.0,7,Tiago,3571.4285714285716,1,0.07005838198498748,175000,2002.56,0,0,0,0,0,0,0,1,0,0
Ford Fiesta Diesel Style,2012,280000,60000,2,23.5,1498.0,88.7,5.0,1.0,0.0,0.0,1.0,0.0,1.0,13,Fiesta,4615.384615384615,1,0.05921228304405875,780000,2084.4500000000003,1,0,0,0,0,0,0,0,0,0
Tata Tiago 1.2 Revotron XM,2018,390000,25000,1,23.84,1199.0,84.0,5.0,0.0,0.0,1.0,1.0,0.0,1.0,7,Tiago,3571.4285714285716,1,0.07005838198498748,175000,2002.56,0,0,0,0,0,0,0,1,0,0
Maruti Alto 800 VXI,2013,170000,60000,4,22.74,796.0,47.3,5.0,0.0,0.0,1.0,1.0,0.0,1.0,12,Alto,5000.0,1,0.059422110552763814,720000,1075.6019999999999,0,0,0,1,0,0,0,0,0,0
Chevrolet Spark 1.0,2008,45000,70000,1,18.0,995.0,62.0,5.0,0.0,0.0,1.0,1.0,0.0,1.0,17,Spark,4117.64705882353,1,0.062311557788944726,1190000,1116.0,0,0,0,0,0,0,0,0,0,0
Ford Fusion Plus 1.4 TDCi Diesel,2008,90000,110000,2,17.7,1399.0,68.0,5.0,1.0,0.0,0.0,1.0,0.0,1.0,17,Fusion,6470.588235294118,2,0.04860614724803431,1870000,1203.6,1,0,0,0,0,0,0,0,0,0
Maruti Swift VXI,2019,630000,4000,1,21.21,1197.0,81.8,5.0,0.0,0.0,1.0,1.0,0.0,1.0,6,Swift,666.6666666666666,1,0.0683375104427736,24000,1734.978,0,0,0,1,0,0,0,0,0,0
Hyundai i10 Sportz,2011,250000,50000,1,20.36,1197.0,78.9,5.0,0.0,0.0,1.0,1.0,0.0,1.0,14,i10,3571.4285714285716,1,0.06591478696741855,700000,1606.404,0,0,1,0,0,0,0,0,0,0
Hyundai Grand i10 Sportz,2016,330000,70000,4,18.9,1197.0,82.0,5.0,0.0,0.0,1.0,1.0,0.0,1.0,9,Grand,7777.777777777777,2,0.06850459482038429,630000,1549.8,0,0,1,0,0,0,0,0,0,0
Hyundai i10 Magna,2009,180000,70000,2,20.36,1197.0,78.9,5.0,0.0,0.0,1.0,1.0,0.0,1.0,16,i10,4375.0,1,0.06591478696741855,1120000,1606.404,0,0,1,0,0,0,0,0,0,0
Hyundai i20 Magna,2010,210000,50000,2,18.5,1197.0,80.0,5.0,0.0,0.0,1.0,1.0,0.0,1.0,15,i20,3333.3333333333335,1,0.06683375104427736,750000,1480.0,0,0,1,0,0,0,0,0,0,0
Maruti Swift Dzire ZDI,2016,550000,55000,1,26.59,1248.0,74.0,5.0,1.0,0.0,0.0,1.0,0.0,1.0,9,Swift,6111.111111111111,2,0.05929487179487179,495000,1967.66,0,0,0,1,0,0,0,0,0,0
Tata Nexon 1.2 Revotron XZA Plus,2020,950000,5000,1,17.0,1198.0,108.5,5.0,0.0,0.0,1.0,1.0,0.0,0.0,5,Nexon,1000.0,1,0.09056761268781302,25000,1844.5,0,0,0,0,0,0,0,1,0,0
Hyundai i10 Sportz,2014,348000,23000,2,20.36,1197.0,78.9,5.0,0.0,0.0,1.0,1.0,0.0,1.0,11,i10,2090.909090909091,1,0.06591478696741855,253000,1606.404,0,0,1,0,0,0,0,0,0,0
Maruti Alto 800 LX,2014,196000,60000,2,22.74,796.0,47.3,5.0,0.0,0.0,1.0,1.0,0.0,1.0,11,Alto,5454.545454545455,2,0.059422110552763814,660000,1075.6019999999999,0,0,0,1,0,0,0,0,0,0
Maruti Wagon R LXI Minor,2010,150000,70000,2,18.9,1061.0,67.0,5.0,0.0,0.0,1.0,1.0,0.0,1.0,15,Wagon,4666.666666666667,1,0.06314797360980208,1050000,1266.3,0,0,0,1,0,0,0,0,0,0
Hyundai Santro Xing XS eRLX Euro III,2005,90000,82000,4,19.5,1248.0,81.83,5.0,0.0,0.0,1.0,1.0,0.0,1.0,20,Santro,4100.0,1,0.06556891025641025,1640000,1595.685,0,0,1,0,0,0,0,0,0,0
Maruti Wagon R LXI Minor,2009,150000,60000,2,18.9,1061.0,67.0,5.0,0.0,0.0,1.0,1.0,0.0,1.0,16,Wagon,3750.0,1,0.06314797360980208,960000,1266.3,0,0,0,1,0,0,0,0,0,0
Tata Indica V2 eXeta GLS,2006,110000,53523,1,16.84,1193.0,64.4,5.0,0.0,0.0,1.0,0.0,0.0,1.0,19,Indica,2817.0,1,0.0539815590947192,1016937,1084.496,0,0,0,0,0,0,0,1,0,0
Chevrolet Beat Diesel LT,2012,175000,56365,1,25.44,936.0,56.3,5.0,1.0,0.0,0.0,0.0,0.0,1.0,13,Beat,4335.7692307692305,1,0.060149572649572644,732745,1432.272,0,0,0,0,0,0,0,0,0,0
Chevrolet Spark 1.0 LT,2011,160000,49563,1,16.2,995.0,62.1,5.0,0.0,0.0,1.0,0.0,0.0,1.0,14,Spark,3540.214285714286,1,0.06241206030150754,693882,1006.02,0,0,0,0,0,0,0,0,0,0
Maruti Alto LXi BSIII,2007,120000,53512,2,19.7,796.0,46.3,5.0,0.0,0.0,1.0,0.0,0.0,1.0,18,Alto,2972.8888888888887,1,0.05816582914572864,963216,912.1099999999999,0,0,0,1,0,0,0,0,0,0
Hyundai Santro Xing XG,2005,110000,53563,2,19.5,1248.0,81.83,5.0,0.0,0.0,1.0,0.0,0.0,1.0,20,Santro,2678.15,1,0.06556891025641025,1071260,1595.685,0,0,1,0,0,0,0,0,0,0
Maruti Wagon R LXI BS IV,2010,220000,46533,1,18.9,998.0,67.1,5.0,0.0,0.0,1.0,0.0,0.0,1.0,15,Wagon,3102.2,1,0.06723446893787574,697995,1268.1899999999998,0,0,0,1,0,0,0,0,0,0
Maruti Omni E 8 Str STD,2005,105000,59635,2,19.5,1248.0,81.83,5.0,0.0,0.0,1.0,0.0,0.0,1.0,20,Omni,2981.75,1,0.06556891025641025,1192700,1595.685,0,0,0,1,0,0,0,0,0,0
Maruti Omni 8 Seater BSIV,2008,114999,58632,2,14.0,796.0,35.0,5.0,0.0,0.0,1.0,0.0,0.0,1.0,17,Omni,3448.9411764705883,1,0.04396984924623116,996744,490.0,0,0,0,1,0,0,0,0,0,0
Maruti Omni LPG STD BSIV,2008,110000,58632,2,19.5,1248.0,81.83,5.0,0.0,1.0,0.0,0.0,0.0,1.0,17,Omni,3448.9411764705883,1,0.06556891025641025,996744,1595.685,0,0,0,1,0,0,0,0,0,0
Renault KWID 1.0 RXT Optional,2017,265000,90000,1,23.01,999.0,67.0,5.0,0.0,0.0,1.0,1.0,0.0,1.0,8,KWID,11250.0,2,0.06706706706706707,720000,1541.67,0,0,0,0,0,0,1,0,0,0
Ford Classic 1.6 Duratec Titanium,2014,450000,110000,2,14.09,1596.0,99.6,5.0,0.0,0.0,1.0,1.0,0.0,1.0,11,Classic,10000.0,2,0.06240601503759398,1210000,1403.3639999999998,1,0,0,0,0,0,0,0,0,0
Maruti Swift VXI with ABS,2009,270000,80000,1,16.6,1197.0,85.0,5.0,0.0,0.0,1.0,1.0,0.0,1.0,16,Swift,5000.0,1,0.07101086048454469,1280000,1411.0000000000002,0,0,0,1,0,0,0,0,0,0
Maruti Alto LX,2007,130000,78000,1,19.7,796.0,46.3,5.0,0.0,0.0,1.0,1.0,0.0,1.0,18,Alto,4333.333333333333,1,0.05816582914572864,1404000,912.1099999999999,0,0,0,1,0,0,0,0,0,0
Maruti Alto K10 VXI,2015,240000,50000,2,23.95,998.0,67.05,5.0,0.0,0.0,1.0,1.0,0.0,1.0,10,Alto,5000.0,1,0.06718436873747495,500000,1605.8474999999999,0,0,0,1,0,0,0,0,0,0
Maruti Alto 800 LXI,2017,275000,58000,1,24.7,796.0,47.3,5.0,0.0,0.0,1.0,1.0,0.0,1.0,8,Alto,7250.0,2,0.059422110552763814,464000,1168.31,0,0,0,1,0,0,0,0,0,0
Chevrolet Aveo U-VA 1.2,2007,65000,30000,2,14.7,1150.0,76.0,5.0,0.0,0.0,1.0,1.0,0.0,1.0,18,Aveo,1666.6666666666667,1,0.06608695652173913,540000,1117.2,0,0,0,0,0,0,0,0,0,0
Hyundai i20 1.2 Magna Executive,2018,555000,25000,2,18.6,1197.0,81.83,5.0,0.0,0.0,1.0,1.0,0.0,1.0,7,i20,3571.4285714285716,1,0.06836257309941521,175000,1522.038,0,0,1,0,0,0,0,0,0,0
Hyundai Santro Xing GLS LPG,2010,150000,70000,3,18.1575,1086.0,62.1,5.0,0.0,1.0,0.0,1.0,0.0,1.0,15,Santro,4666.666666666667,1,0.057182320441988954,1050000,1127.5807499999999,0,0,1,0,0,0,0,0,0,0
Maruti Swift Dzire VDi,2009,185000,138000,2,19.3,1248.0,73.9,5.0,1.0,0.0,0.0,1.0,0.0,1.0,16,Swift,8625.0,2,0.059214743589743594,2208000,1426.2700000000002,0,0,0,1,0,0,0,0,0,0
Hyundai i10 Magna,2010,180000,70000,2,20.36,1197.0,78.9,5.0,0.0,0.0,1.0,1.0,0.0,1.0,15,i10,4666.666666666667,1,0.06591478696741855,1050000,1606.404,0,0,1,0,0,0,0,0,0,0
Maruti Alto LXi,2010,160000,48000,2,19.7,796.0,46.3,5.0,0.0,0.0,1.0,1.0,0.0,1.0,15,Alto,3200.0,1,0.05816582914572864,720000,912.1099999999999,0,0,0,1,0,0,0,0,0,0
Maruti Swift VDI BSIV,2014,375000,88000,2,25.2,1248.0,74.0,5.0,1.0,0.0,0.0,1.0,0.0,1.0,11,Swift,8000.0,2,0.05929487179487179,968000,1864.8,0,0,0,1,0,0,0,0,0,0
Hyundai Grand i10 Sportz,2017,459999,70000,1,18.9,1197.0,82.0,5.0,0.0,0.0,1.0,1.0,0.0,1.0,8,Grand,8750.0,2,0.06850459482038429,560000,1549.8,0,0,1,0,0,0,0,0,0,0
Renault Duster 85PS Diesel RxL,2014,480000,80000,1,20.45,1461.0,83.8,5.0,1.0,0.0,0.0,1.0,0.0,1.0,11,Duster,7272.727272727273,2,0.05735797399041752,880000,1713.7099999999998,0,0,0,0,0,0,1,0,0,0
Maruti Swift VDI,2013,320000,100000,3,22.9,1248.0,74.0,5.0,1.0,0.0,0.0,1.0,0.0,1.0,12,Swift,8333.333333333334,2,0.05929487179487179,1200000,1694.6,0,0,0,1,0,0,0,0,0,0
Maruti Swift VDI,2013,370000,96000,2,22.9,1248.0,74.0,5.0,1.0,0.0,0.0,1.0,0.0,1.0,12,Swift,8000.0,2,0.05929487179487179,1152000,1694.6,0,0,0,1,0,0,0,0,0,0
Hyundai Santro Xing Base,2005,80000,123219,3,19.5,1248.0,81.83,5.0,0.0,0.0,1.0,1.0,0.0,1.0,20,Santro,6160.95,2,0.06556891025641025,2464380,1595.685,0,0,1,0,0,0,0,0,0,0
Maruti Zen LX,2002,75000,30000,3,17.3,993.0,60.0,5.0,0.0,0.0,1.0,1.0,0.0,1.0,23,Zen,1304.3478260869565,1,0.06042296072507553,690000,1038.0,0,0,0,1,0,0,0,0,0,0
Maruti Ritz LDi,2016,400000,60000,3,23.2,1248.0,73.94,5.0,1.0,0.0,0.0,1.0,0.0,1.0,9,Ritz,6666.666666666667,2,0.05924679487179487,540000,1715.408,0,0,0,1,0,0,0,0,0,0
Honda City 1.5 GXI CVT,2005,250000,90000,2,19.5,1248.0,81.83,5.0,0.0,0.0,1.0,1.0,0.0,0.0,20,City,4500.0,1,0.06556891025641025,1800000,1595.685,0,1,0,0,0,0,0,0,0,0
Maruti Swift VDI BSIV,2014,425000,65000,1,25.2,1248.0,74.0,5.0,1.0,0.0,0.0,1.0,0.0,1.0,11,Swift,5909.090909090909,2,0.05929487179487179,715000,1864.8,0,0,0,1,0,0,0,0,0,0
Maruti Celerio ZXI,2014,325000,48000,1,23.1,998.0,67.04,5.0,0.0,0.0,1.0,1.0,0.0,1.0,11,Celerio,4363.636363636364,1,0.06717434869739479,528000,1548.6240000000003,0,0,0,1,0,0,0,0,0,0
Hyundai Grand i10 Magna,2016,350000,65300,2,18.9,1197.0,82.0,5.0,0.0,0.0,1.0,1.0,0.0,1.0,9,Grand,7255.555555555556,2,0.06850459482038429,587700,1549.8,0,0,1,0,0,0,0,0,0,0
Hyundai i20 1.2 Asta Dual Tone,2018,600000,40000,1,18.6,1197.0,81.83,5.0,0.0,0.0,1.0,1.0,0.0,1.0,7,i20,5714.285714285715,2,0.06836257309941521,280000,1522.038,0,0,1,0,0,0,0,0,0,0
Chevrolet Beat Diesel,2012,120000,60000,2,25.44,936.0,57.6,5.0,1.0,0.0,0.0,1.0,0.0,1.0,13,Beat,4615.384615384615,1,0.06153846153846154,780000,1465.344,0,0,0,0,0,0,0,0,0,0
Maruti Alto K10 2010-2014 VXI,2012,200000,70000,2,20.92,998.0,67.1,5.0,0.0,0.0,1.0,1.0,0.0,1.0,13,Alto,5384.615384615385,2,0.06723446893787574,910000,1403.732,0,0,0,1,0,0,0,0,0,0
Maruti Alto LXi BSIII,2008,100000,70000,3,19.7,796.0,46.3,5.0,0.0,0.0,1.0,1.0,0.0,1.0,17,Alto,4117.64705882353,1,0.05816582914572864,1190000,912.1099999999999,0,0,0,1,0,0,0,0,0,0
Hyundai Grand i10 CRDi Asta,2014,350000,70000,2,24.0,1120.0,70.0,5.0,1.0,0.0,0.0,1.0,0.0,1.0,11,Grand,6363.636363636364,2,0.0625,770000,1680.0,0,0,1,0,0,0,0,0,0,0
Maruti Alto LXi,2006,85000,150000,2,19.7,796.0,46.3,5.0,0.0,0.0,1.0,1.0,0.0,1.0,19,Alto,7894.736842105263,2,0.05816582914572864,2850000,912.1099999999999,0,0,0,1,0,0,0,0,0,0
Maruti Alto K10 VXI Optional,2019,399000,10000,1,23.95,998.0,67.05,5.0,0.0,0.0,1.0,1.0,0.0,1.0,6,Alto,1666.6666666666667,1,0.06718436873747495,60000,1605.8474999999999,0,0,0,1,0,0,0,0,0,0
Datsun RediGO T Option,2017,290000,30000,1,22.7,799.0,53.64,5.0,0.0,0.0,1.0,1.0,0.0,1.0,8,RediGO,3750.0,1,0.06713391739674593,240000,1217.628,0,0,0,0,0,1,0,0,0,0
Hyundai Grand i10 Magna,2014,380000,50000,2,18.9,1197.0,82.0,5.0,0.0,0.0,1.0,1.0,0.0,1.0,11,Grand,4545.454545454545,1,0.06850459482038429,550000,1549.8,0,0,1,0,0,0,0,0,0,0
Ford Figo Diesel EXI,2010,200000,120000,1,20.0,1399.0,68.0,5.0,1.0,0.0,0.0,1.0,0.0,1.0,15,Figo,8000.0,2,0.04860614724803431,1800000,1360.0,1,0,0,0,0,0,0,0,0,0
Hyundai Grand i10 1.2 Kappa Asta,2017,500000,27500,1,18.9,1197.0,81.86,5.0,0.0,0.0,1.0,1.0,0.0,1.0,8,Grand,3437.5,1,0.0683876357560568,220000,1547.1539999999998,0,0,1,0,0,0,0,0,0,0
Maruti Swift Dzire VDI,2017,650000,75000,1,26.59,1248.0,74.0,5.0,1.0,0.0,0.0,1.0,0.0,1.0,8,Swift,9375.0,2,0.05929487179487179,600000,1967.66,0,0,0,1,0,0,0,0,0,0
Renault KWID Climber 1.0 MT,2018,380000,5000,1,23.01,999.0,67.0,5.0,0.0,0.0,1.0,1.0,0.0,1.0,7,KWID,714.2857142857143,1,0.06706706706706707,35000,1541.67,0,0,0,0,0,0,1,0,0,0
Maruti Swift Dzire VDI,2015,520000,70000,1,26.59,1248.0,74.0,5.0,1.0,0.0,0.0,1.0,0.0,1.0,10,Swift,7000.0,2,0.05929487179487179,700000,1967.66,0,0,0,1,0,0,0,0,0,0
Maruti Swift Dzire VDI,2015,610000,60000,1,26.59,1248.0,74.0,5.0,1.0,0.0,0.0,1.0,0.0,1.0,10,Swift,6000.0,2,0.05929487179487179,600000,1967.66,0,0,0,1,0,0,0,0,0,0
Maruti Wagon R LXI,2004,85000,110000,1,18.9,998.0,67.1,5.0,0.0,0.0,1.0,1.0,0.0,1.0,21,Wagon,5238.0952380952385,2,0.06723446893787574,2310000,1268.1899999999998,0,0,0,1,0,0,0,0,0,0
Renault Duster 85PS Diesel RxL Optional,2013,490000,95000,1,20.46,1461.0,83.8,5.0,1.0,0.0,0.0,1.0,0.0,1.0,12,Duster,7916.666666666667,2,0.05735797399041752,1140000,1714.548,0,0,0,0,0,0,1,0,0,0
Hyundai EON Era Plus,2015,229999,34000,2,21.1,814.0,55.2,5.0,0.0,0.0,1.0,1.0,0.0,1.0,10,EON,3400.0,1,0.06781326781326781,340000,1164.72,0,0,1,0,0,0,0,0,0,0
Hyundai Grand i10 Sportz,2015,411000,25000,1,18.9,1197.0,82.0,5.0,0.0,0.0,1.0,1.0,0.0,1.0,10,Grand,2500.0,1,0.06850459482038429,250000,1549.8,0,0,1,0,0,0,0,0,0,0
Maruti Eeco CNG 5 Seater AC BSIV,2019,362000,120000,2,29.619000000000003,1196.0,61.7,5.0,0.0,0.0,0.0,1.0,0.0,1.0,6,Eeco,20000.0,3,0.051588628762541805,720000,1827.4923000000003,0,0,0,1,0,0,0,0,0,0
Toyota Etios Cross 1.4L GD,2014,550000,31000,1,23.59,1364.0,67.06,5.0,1.0,0.0,0.0,1.0,0.0,1.0,11,Etios,2818.181818181818,1,0.04916422287390029,341000,1581.9454,0,0,0,0,0,0,0,0,1,0
Maruti Ritz VXi (ABS) BS IV,2011,190000,47000,1,18.5,1197.0,85.8,5.0,0.0,0.0,1.0,1.0,0.0,1.0,14,Ritz,3357.1428571428573,1,0.07167919799498747,658000,1587.3,0,0,0,1,0,0,0,0,0,0
Hyundai Santro Magna AMT BSIV,2019,499000,5000,1,20.3,1086.0,68.0,5.0,0.0,0.0,1.0,1.0,0.0,0.0,6,Santro,833.3333333333334,1,0.06261510128913444,30000,1380.4,0,0,1,0,0,0,0,0,0,0
Toyota Etios Diesel TRD Sportivo,2012,278000,120000,2,23.59,1364.0,67.1,5.0,1.0,0.0,0.0,1.0,0.0,1.0,13,Etios,9230.76923076923,2,0.04919354838709677,1560000,1582.889,0,0,0,0,0,0,0,0,1,0
Fiat Grande Punto EVO 1.3 Active,2014,320000,39395,1,21.2,1248.0,75.0,5.0,1.0,0.0,0.0,1.0,0.0,1.0,11,Grande,3581.3636363636365,1,0.06009615384615385,433345,1590.0,0,0,0,0,0,1,0,0,0,0
Renault Fluence 1.5,2013,580000,67000,2,20.4,1461.0,108.5,5.0,1.0,0.0,0.0,1.0,0.0,1.0,12,Fluence,5583.333333333333,2,0.07426420260095824,804000,2213.3999999999996,0,0,0,0,0,0,1,0,0,0
Honda Amaze VX i-DTEC,2018,825000,40000,1,25.8,1498.0,98.6,5.0,1.0,0.0,0.0,1.0,0.0,1.0,7,Amaze,5714.285714285715,2,0.06582109479305741,280000,2543.88,0,1,0,0,0,0,0,0,0,0
Hyundai Santro Sportz BSIV,2018,490000,7000,1,20.3,1086.0,68.0,5.0,0.0,0.0,1.0,1.0,0.0,1.0,7,Santro,1000.0,1,0.06261510128913444,49000,1380.4,0,0,1,0,0,0,0,0,0,0
Chevrolet Beat LT,2016,210000,50000,1,18.6,1199.0,76.8,5.0,0.0,0.0,1.0,1.0,0.0,1.0,9,Beat,5555.555555555556,2,0.0640533778148457,450000,1428.48,0,0,0,0,0,0,0,0,0,0
Maruti Swift VDI,2012,320000,120000,2,22.9,1248.0,74.0,5.0,1.0,0.0,0.0,1.0,0.0,1.0,13,Swift,9230.76923076923,2,0.05929487179487179,1560000,1694.6,0,0,0,1,0,0,0,0,0,0
Maruti Ritz VDi,2013,320000,120000,1,23.2,1248.0,73.94,5.0,1.0,0.0,0.0,1.0,0.0,1.0,12,Ritz,10000.0,2,0.05924679487179487,1440000,1715.408,0,0,0,1,0,0,0,0,0,0
Toyota Corolla Altis Diesel D4DG,2012,600000,85000,1,21.43,1364.0,87.2,5.0,1.0,0.0,0.0,1.0,0.0,1.0,13,Corolla,6538.461538461538,2,0.06392961876832845,1105000,1868.6960000000001,0,0,0,0,0,0,0,0,1,0
Maruti Alto K10 2010-2014 VXI,2012,275000,50000,1,20.92,998.0,67.1,5.0,0.0,0.0,1.0,1.0,0.0,1.0,13,Alto,3846.153846153846,1,0.06723446893787574,650000,1403.732,0,0,0,1,0,0,0,0,0,0
Maruti Alto LXi,2009,170000,59000,2,19.7,796.0,46.3,5.0,0.0,0.0,1.0,1.0,0.0,1.0,16,Alto,3687.5,1,0.05816582914572864,944000,912.1099999999999,0,0,0,1,0,0,0,0,0,0
Chevrolet Beat Diesel LT,2012,155000,98000,1,25.44,936.0,57.6,5.0,1.0,0.0,0.0,1.0,0.0,1.0,13,Beat,7538.461538461538,2,0.06153846153846154,1274000,1465.344,0,0,0,0,0,0,0,0,0,0
Maruti Swift VDI BSIV,2011,320000,120000,2,19.5,1248.0,81.83,5.0,1.0,0.0,0.0,1.0,0.0,1.0,14,Swift,8571.42857142857,2,0.06556891025641025,1680000,1595.685,0,0,0,1,0,0,0,0,0,0
Renault Duster 85PS Diesel RxL Plus,2015,620000,140000,2,20.45,1461.0,83.8,5.0,1.0,0.0,0.0,1.0,0.0,1.0,10,Duster,14000.0,2,0.05735797399041752,1400000,1713.7099999999998,0,0,0,0,0,0,1,0,0,0
Hyundai Grand i10 1.2 Kappa Sportz Option,2017,530000,50000,1,18.9,1197.0,81.86,5.0,0.0,0.0,1.0,1.0,0.0,1.0,8,Grand,6250.0,2,0.0683876357560568,400000,1547.1539999999998,0,0,1,0,0,0,0,0,0,0
Toyota Etios Liva VD,2015,550000,40000,1,23.59,1364.0,67.04,5.0,1.0,0.0,0.0,1.0,0.0,1.0,10,Etios,4000.0,1,0.04914956011730206,400000,1581.4736,0,0,0,0,0,0,0,0,1,0
Honda City i DTEC SV,2014,600000,90000,1,26.0,1498.0,98.6,5.0,1.0,0.0,0.0,1.0,0.0,1.0,11,City,8181.818181818182,2,0.06582109479305741,990000,2563.6,0,1,0,0,0,0,0,0,0,0
Honda City i DTEC SV,2014,625000,90000,1,26.0,1498.0,98.6,5.0,1.0,0.0,0.0,1.0,0.0,1.0,11,City,8181.818181818182,2,0.06582109479305741,990000,2563.6,0,1,0,0,0,0,0,0,0,0
Chevrolet Spark 1.0 PS,2010,125000,70000,1,16.0,995.0,63.0,5.0,0.0,0.0,1.0,1.0,0.0,1.0,15,Spark,4666.666666666667,1,0.06331658291457286,1050000,1008.0,0,0,0,0,0,0,0,0,0,0
Maruti SX4 ZXI MT BSIV Leather,2010,285000,155000,2,15.5,1586.0,103.3,5.0,0.0,0.0,1.0,1.0,0.0,1.0,15,SX4,10333.333333333334,2,0.06513240857503153,2325000,1601.1499999999999,0,0,0,1,0,0,0,0,0,0
Tata Indica Vista Terra 1.4 TDI,2010,180000,120000,1,17.0,1405.0,71.0,5.0,1.0,0.0,0.0,1.0,0.0,1.0,15,Indica,8000.0,2,0.050533807829181494,1800000,1207.0,0,0,0,0,0,0,0,1,0,0
Chevrolet Beat LS,2010,120000,40000,2,18.6,1199.0,79.4,5.0,0.0,0.0,1.0,1.0,0.0,1.0,15,Beat,2666.6666666666665,1,0.06622185154295246,600000,1476.8400000000001,0,0,0,0,0,0,0,0,0,0
Tata Manza Aura (ABS) Quadrajet BS IV,2012,300000,110000,2,21.12,1248.0,88.8,5.0,1.0,0.0,0.0,1.0,0.0,1.0,13,Manza,8461.538461538461,2,0.07115384615384615,1430000,1875.4560000000001,0,0,0,0,0,0,0,1,0,0
Maruti Alto K10 2010-2014 VXI,2011,190000,92500,2,20.92,998.0,67.1,5.0,0.0,0.0,1.0,1.0,0.0,1.0,14,Alto,6607.142857142857,2,0.06723446893787574,1295000,1403.732,0,0,0,1,0,0,0,0,0,0
Maruti Alto 800 LXI,2017,310000,20000,1,24.7,796.0,47.3,5.0,0.0,0.0,1.0,1.0,0.0,1.0,8,Alto,2500.0,1,0.059422110552763814,160000,1168.31,0,0,0,1,0,0,0,0,0,0
Renault KWID RXL,2019,380000,15000,1,25.17,799.0,53.3,5.0,0.0,0.0,1.0,1.0,0.0,1.0,6,KWID,2500.0,1,0.06670838548185232,90000,1341.561,0,0,0,0,0,0,1,0,0,0
Datsun RediGO T Option,2016,260000,35000,1,22.7,799.0,53.64,5.0,0.0,0.0,1.0,1.0,0.0,1.0,9,RediGO,3888.8888888888887,1,0.06713391739674593,315000,1217.628,0,0,0,0,0,1,0,0,0,0
Maruti Alto K10 VXI,2017,320000,32000,2,23.95,998.0,67.05,5.0,0.0,0.0,1.0,1.0,0.0,1.0,8,Alto,4000.0,1,0.06718436873747495,256000,1605.8474999999999,0,0,0,1,0,0,0,0,0,0
Maruti Swift Dzire VXI 1.2 BS IV,2018,650000,35000,1,22.0,1197.0,81.8,5.0,0.0,0.0,1.0,1.0,0.0,1.0,7,Swift,5000.0,1,0.0683375104427736,245000,1799.6,0,0,0,1,0,0,0,0,0,0
Maruti Swift Dzire VDI,2017,651000,32500,2,28.4,1248.0,74.02,5.0,1.0,0.0,0.0,1.0,0.0,1.0,8,Swift,4062.5,1,0.05931089743589743,260000,2102.1679999999997,0,0,0,1,0,0,0,0,0,0
Maruti Alto K10 VXI AGS,2019,380000,14000,1,23.95,998.0,67.05,5.0,0.0,0.0,1.0,1.0,0.0,0.0,6,Alto,2333.3333333333335,1,0.06718436873747495,84000,1605.8474999999999,0,0,0,1,0,0,0,0,0,0
Chevrolet Beat Diesel LT,2014,160000,70000,3,25.44,936.0,56.3,5.0,1.0,0.0,0.0,1.0,0.0,1.0,11,Beat,6363.636363636364,2,0.060149572649572644,770000,1432.272,0,0,0,0,0,0,0,0,0,0
Maruti Swift VDI Optional,2015,405000,100000,1,25.2,1248.0,74.0,5.0,1.0,0.0,0.0,1.0,0.0,1.0,10,Swift,10000.0,2,0.05929487179487179,1000000,1864.8,0,0,0,1,0,0,0,0,0,0
Hyundai Xcent 1.2 Kappa SX Option,2014,426999,80000,1,19.1,1197.0,82.0,5.0,0.0,0.0,1.0,1.0,0.0,1.0,11,Xcent,7272.727272727273,2,0.06850459482038429,880000,1566.2,0,0,1,0,0,0,0,0,0,0
Maruti Vitara Brezza VDi Option,2016,700000,86000,1,24.3,1248.0,88.5,5.0,1.0,0.0,0.0,1.0,0.0,1.0,9,Vitara,9555.555555555555,2,0.07091346153846154,774000,2150.55,0,0,0,1,0,0,0,0,0,0
Nissan Sunny Diesel XV,2012,300000,90000,1,21.64,1461.0,84.8,5.0,1.0,0.0,0.0,1.0,0.0,1.0,13,Sunny,6923.076923076923,2,0.05804243668720054,1170000,1835.072,0,0,0,0,1,0,0,0,0,0
Hyundai Grand i10 CRDi Sportz,2015,345000,60000,1,24.0,1120.0,70.0,5.0,1.0,0.0,0.0,1.0,0.0,1.0,10,Grand,6000.0,2,0.0625,600000,1680.0,0,0,1,0,0,0,0,0,0,0
Honda Amaze S i-Vtech,2015,390000,50000,1,18.0,1198.0,86.7,5.0,0.0,0.0,1.0,1.0,0.0,1.0,10,Amaze,5000.0,1,0.07237061769616027,500000,1560.6000000000001,0,1,0,0,0,0,0,0,0,0
Datsun GO T Option BSIV,2015,275000,20000,1,20.63,1198.0,67.0,5.0,0.0,0.0,1.0,1.0,0.0,1.0,10,GO,2000.0,1,0.055926544240400666,200000,1382.21,0,0,0,0,0,1,0,0,0,0
Chevrolet Sail 1.2 LS ABS,2014,310000,35000,1,18.2,1199.0,82.4,5.0,0.0,0.0,1.0,1.0,0.0,1.0,11,Sail,3181.818181818182,1,0.06872393661384488,385000,1499.68,0,0,0,0,0,0,0,0,0,0
Hyundai Grand i10 1.2 Kappa Sportz Dual Tone,2017,500000,20000,1,18.9,1197.0,81.86,5.0,0.0,0.0,1.0,1.0,0.0,1.0,8,Grand,2500.0,1,0.0683876357560568,160000,1547.1539999999998,0,0,1,0,0,0,0,0,0,0
Chevrolet Sail Hatchback LT ABS,2013,200000,70000,1,22.1,1248.0,76.9,5.0,1.0,0.0,0.0,1.0,0.0,1.0,12,Sail,5833.333333333333,2,0.06161858974358975,840000,1699.4900000000002,0,0,0,0,0,0,0,0,0,0
Volkswagen Polo 2015-2019 1.5 TDI Highline Plus,2018,650000,53000,1,20.14,1498.0,88.0,5.0,1.0,0.0,0.0,1.0,0.0,1.0,7,Polo,7571.428571428572,2,0.05874499332443257,371000,1772.3200000000002,0,0,0,0,0,0,0,0,0,1
Honda City i-DTEC VX,2018,1031000,60000,1,25.6,1498.0,97.9,5.0,1.0,0.0,0.0,1.0,0.0,1.0,7,City,8571.42857142857,2,0.06535380507343125,420000,2506.2400000000002,0,1,0,0,0,0,0,0,0,0
Hyundai EON 1.0 Era Plus,2018,330000,70000,1,20.3,998.0,68.05,5.0,0.0,0.0,1.0,1.0,0.0,1.0,7,EON,10000.0,2,0.06818637274549098,490000,1381.415,0,0,1,0,0,0,0,0,0,0
Hyundai Santro Era,2019,399000,4000,1,20.3,1086.0,68.0,5.0,0.0,0.0,1.0,1.0,0.0,1.0,6,Santro,666.6666666666666,1,0.06261510128913444,24000,1380.4,0,0,1,0,0,0,0,0,0,0
Hyundai i10 Magna,2012,250000,103000,1,20.36,1197.0,78.9,5.0,0.0,0.0,1.0,1.0,0.0,1.0,13,i10,7923.076923076923,2,0.06591478696741855,1339000,1606.404,0,0,1,0,0,0,0,0,0,0
Hyundai Grand i10 1.2 CRDi Sportz Option,2017,600000,20000,1,24.0,1186.0,73.97,5.0,1.0,0.0,0.0,1.0,0.0,1.0,8,Grand,2500.0,1,0.062369308600337264,160000,1775.28,0,0,1,0,0,0,0,0,0,0
Maruti Swift VDI,2013,375000,77000,1,22.9,1248.0,74.0,5.0,1.0,0.0,0.0,1.0,0.0,1.0,12,Swift,6416.666666666667,2,0.05929487179487179,924000,1694.6,0,0,0,1,0,0,0,0,0,0
Volkswagen Vento Diesel Highline,2012,375000,90000,1,20.54,1598.0,103.6,5.0,1.0,0.0,0.0,1.0,0.0,1.0,13,Vento,6923.076923076923,2,0.06483103879849812,1170000,2127.944,0,0,0,0,0,0,0,0,0,1
Maruti Wagon R LXI,2003,55000,167000,2,18.9,998.0,67.1,5.0,0.0,0.0,1.0,1.0,0.0,1.0,22,Wagon,7590.909090909091,2,0.06723446893787574,3674000,1268.1899999999998,0,0,0,1,0,0,0,0,0,0
Hyundai i20 2015-2017 Asta 1.4 CRDi,2016,611000,77000,1,22.54,1396.0,88.73,5.0,1.0,0.0,0.0,1.0,0.0,1.0,9,i20,8555.555555555555,2,0.06356017191977077,693000,1999.9742,0,0,1,0,0,0,0,0,0,0
Hyundai Verna 1.4 CRDi,2014,459999,110000,2,24.8,1396.0,88.7,5.0,1.0,0.0,0.0,1.0,0.0,1.0,11,Verna,10000.0,2,0.06353868194842408,1210000,2199.76,0,0,1,0,0,0,0,0,0,0
Ford Fiesta EXi 1.4 TDCi Ltd,2011,275000,120000,2,17.8,1399.0,68.0,5.0,1.0,0.0,0.0,1.0,0.0,1.0,14,Fiesta,8571.42857142857,2,0.04860614724803431,1680000,1210.4,1,0,0,0,0,0,0,0,0,0
Hyundai Santro Xing GLS CNG,2011,185000,170000,1,16.038000000000004,1086.0,62.1,5.0,0.0,0.0,0.0,1.0,0.0,1.0,14,Santro,12142.857142857143,2,0.057182320441988954,2380000,995.9598000000003,0,0,1,0,0,0,0,0,0,0
Chevrolet Spark 1.0 LT,2007,72000,40000,2,18.0,995.0,62.0,5.0,0.0,0.0,1.0,1.0,0.0,1.0,18,Spark,2222.222222222222,1,0.062311557788944726,720000,1116.0,0,0,0,0,0,0,0,0,0,0
Tata Indica V2 DL BSIII,2007,90000,50000,1,17.88,1396.0,52.8,5.0,1.0,0.0,0.0,1.0,0.0,1.0,18,Indica,2777.777777777778,1,0.03782234957020057,900000,944.0639999999999,0,0,0,0,0,0,0,1,0,0
Toyota Etios GD,2015,500000,125000,1,23.59,1364.0,67.05,5.0,1.0,0.0,0.0,1.0,0.0,1.0,10,Etios,12500.0,2,0.04915689149560117,1250000,1581.7095,0,0,0,0,0,0,0,0,1,0
Hyundai Grand i10 Sportz,2015,511000,30000,1,18.9,1197.0,82.0,5.0,0.0,0.0,1.0,1.0,0.0,1.0,10,Grand,3000.0,1,0.06850459482038429,300000,1549.8,0,0,1,0,0,0,0,0,0,0
Fiat Grande Punto 1.4 Emotion,2009,150000,55000,1,14.6,1368.0,88.7,5.0,0.0,0.0,1.0,1.0,0.0,1.0,16,Grande,3437.5,1,0.06483918128654971,880000,1295.02,0,0,0,0,0,1,0,0,0,0
Maruti Alto 800 LXI,2013,185000,80000,2,22.74,796.0,47.3,5.0,0.0,0.0,1.0,1.0,0.0,1.0,12,Alto,6666.666666666667,2,0.059422110552763814,960000,1075.6019999999999,0,0,0,1,0,0,0,0,0,0
Maruti Baleno Delta 1.2,2018,550000,30000,1,21.4,1197.0,83.1,5.0,0.0,0.0,1.0,1.0,0.0,1.0,7,Baleno,4285.714285714285,1,0.06942355889724311,210000,1778.3399999999997,0,0,0,1,0,0,0,0,0,0
Maruti Alto K10 VXI,2017,325000,3564,1,23.95,998.0,67.05,5.0,0.0,0.0,1.0,1.0,0.0,1.0,8,Alto,445.5,1,0.06718436873747495,28512,1605.8474999999999,0,0,0,1,0,0,0,0,0,0
Maruti Swift Dzire VDI Optional,2015,525000,80000,1,26.59,1248.0,74.0,5.0,1.0,0.0,0.0,1.0,0.0,1.0,10,Swift,8000.0,2,0.05929487179487179,800000,1967.66,0,0,0,1,0,0,0,0,0,0
Tata Indigo CS eVX,2012,300000,120000,1,25.0,1396.0,69.0,5.0,1.0,0.0,0.0,1.0,0.0,1.0,13,Indigo,9230.76923076923,2,0.0494269340974212,1560000,1725.0,0,0,0,0,0,0,0,1,0,0
Chevrolet Beat LT,2011,120000,90000,1,18.6,1199.0,79.4,5.0,0.0,0.0,1.0,1.0,0.0,1.0,14,Beat,6428.571428571428,2,0.06622185154295246,1260000,1476.8400000000001,0,0,0,0,0,0,0,0,0,0
Hyundai Santro Xing GLS,2011,170000,50000,3,17.92,1086.0,62.1,5.0,0.0,0.0,1.0,1.0,0.0,1.0,14,Santro,3571.4285714285716,1,0.057182320441988954,700000,1112.832,0,0,1,0,0,0,0,0,0,0
Tata Indigo CS eLX BS IV,2010,320000,42000,1,23.03,1396.0,69.0,5.0,1.0,0.0,0.0,1.0,0.0,1.0,15,Indigo,2800.0,1,0.0494269340974212,630000,1589.0700000000002,0,0,0,0,0,0,0,1,0,0
Maruti Celerio ZXI AT,2016,350000,17000,1,23.1,998.0,67.04,5.0,0.0,0.0,1.0,1.0,0.0,0.0,9,Celerio,1888.888888888889,1,0.06717434869739479,153000,1548.6240000000003,0,0,0,1,0,0,0,0,0,0
Maruti Swift AMT VXI,2018,500000,40000,1,22.0,1197.0,81.8,5.0,0.0,0.0,1.0,1.0,0.0,0.0,7,Swift,5714.285714285715,2,0.0683375104427736,280000,1799.6,0,0,0,1,0,0,0,0,0,0
Tata Indigo LS,2009,135000,137000,2,17.0,1405.0,70.0,5.0,1.0,0.0,0.0,1.0,0.0,1.0,16,Indigo,8562.5,2,0.0498220640569395,2192000,1190.0,0,0,0,0,0,0,0,1,0,0
Renault KWID RXL,2018,340000,20000,1,25.17,799.0,53.3,5.0,0.0,0.0,1.0,1.0,0.0,1.0,7,KWID,2857.1428571428573,1,0.06670838548185232,140000,1341.561,0,0,0,0,0,0,1,0,0,0
Hyundai Grand i10 Sportz,2020,330000,70000,2,18.9,1197.0,81.86,5.0,0.0,0.0,1.0,1.0,0.0,1.0,5,Grand,14000.0,2,0.0683876357560568,350000,1547.1539999999998,0,0,1,0,0,0,0,0,0,0
Maruti SX4 Vxi BSIV,2011,350000,48756,2,15.5,1586.0,103.3,5.0,0.0,0.0,1.0,1.0,0.0,1.0,14,SX4,3482.5714285714284,1,0.06513240857503153,682584,1601.1499999999999,0,0,0,1,0,0,0,0,0,0
Hyundai Xcent 1.1 CRDi SX,2016,400000,110000,1,24.4,1120.0,71.0,5.0,1.0,0.0,0.0,1.0,0.0,1.0,9,Xcent,12222.222222222223,2,0.06339285714285714,990000,1732.3999999999999,0,0,1,0,0,0,0,0,0,0
Ford Fiesta Classic 1.4 Duratorq CLXI,2014,325000,80322,1,17.8,1399.0,67.0,5.0,1.0,0.0,0.0,0.0,0.0,1.0,11,Fiesta,7302.0,2,0.04789135096497498,883542,1192.6000000000001,1,0,0,0,0,0,0,0,0,0
Maruti SX4 ZDI Leather,2012,350000,70000,2,21.5,1248.0,88.8,5.0,1.0,0.0,0.0,1.0,0.0,1.0,13,SX4,5384.615384615385,2,0.07115384615384615,910000,1909.2,0,0,0,1,0,0,0,0,0,0
Toyota Etios GD,2012,500000,90000,1,19.5,1248.0,81.83,5.0,1.0,0.0,0.0,1.0,0.0,1.0,13,Etios,6923.076923076923,2,0.06556891025641025,1170000,1595.685,0,0,0,0,0,0,0,0,1,0
Hyundai i20 Active 1.2 SX,2015,500000,36000,1,17.19,1197.0,81.86,5.0,0.0,0.0,1.0,1.0,0.0,1.0,10,i20,3600.0,1,0.0683876357560568,360000,1407.1734000000001,0,0,1,0,0,0,0,0,0,0
Hyundai Creta 1.4 CRDi S,2019,1050000,27000,1,21.38,1396.0,88.7,5.0,1.0,0.0,0.0,1.0,0.0,1.0,6,Creta,4500.0,1,0.06353868194842408,162000,1896.406,0,0,1,0,0,0,0,0,0,0
Maruti Swift Dzire VDI,2014,490000,50000,1,23.4,1248.0,74.0,5.0,1.0,0.0,0.0,1.0,0.0,1.0,11,Swift,4545.454545454545,1,0.05929487179487179,550000,1731.6,0,0,0,1,0,0,0,0,0,0
Maruti Eeco 5 Seater AC BSIV,2020,415000,15000,1,15.37,1196.0,73.0,5.0,0.0,0.0,1.0,1.0,0.0,1.0,5,Eeco,3000.0,1,0.061036789297658864,75000,1122.01,0,0,0,1,0,0,0,0,0,0
Maruti Alto 800 LXI Anniversary Edition,2013,190000,60000,2,22.74,796.0,47.3,5.0,0.0,0.0,1.0,1.0,0.0,1.0,12,Alto,5000.0,1,0.059422110552763814,720000,1075.6019999999999,0,0,0,1,0,0,0,0,0,0
Maruti Swift Dzire VDI,2018,680000,120000,1,28.4,1248.0,74.02,5.0,1.0,0.0,0.0,1.0,0.0,1.0,7,Swift,17142.85714285714,3,0.05931089743589743,840000,2102.1679999999997,0,0,0,1,0,0,0,0,0,0
Maruti Alto 800 LXI Airbag,2013,190000,60000,2,22.74,796.0,47.3,5.0,0.0,0.0,1.0,1.0,0.0,1.0,12,Alto,5000.0,1,0.059422110552763814,720000,1075.6019999999999,0,0,0,1,0,0,0,0,0,0
Maruti Alto 800 LXI,2016,270000,60000,2,22.74,796.0,47.3,5.0,0.0,0.0,1.0,1.0,0.0,1.0,9,Alto,6666.666666666667,2,0.059422110552763814,540000,1075.6019999999999,0,0,0,1,0,0,0,0,0,0
Hyundai i10 Era,2008,170000,70000,3,19.81,1086.0,68.05,5.0,0.0,0.0,1.0,1.0,0.0,1.0,17,i10,4117.64705882353,1,0.06266114180478821,1190000,1348.0704999999998,0,0,1,0,0,0,0,0,0,0
Maruti Ciaz 1.4 Alpha,2018,764000,25000,1,20.73,1373.0,91.1,5.0,0.0,0.0,1.0,1.0,0.0,1.0,7,Ciaz,3571.4285714285716,1,0.0663510560815732,175000,1888.503,0,0,0,1,0,0,0,0,0,0
Maruti Alto 800 VXI,2017,310000,35000,1,24.7,796.0,47.3,5.0,0.0,0.0,1.0,1.0,0.0,1.0,8,Alto,4375.0,1,0.059422110552763814,280000,1168.31,0,0,0,1,0,0,0,0,0,0
Hyundai EON Sportz,2017,280000,31000,2,21.1,814.0,55.2,5.0,0.0,0.0,1.0,1.0,0.0,1.0,8,EON,3875.0,1,0.06781326781326781,248000,1164.72,0,0,1,0,0,0,0,0,0,0
Hyundai Grand i10 Asta Option,2016,450000,40000,1,18.9,1197.0,82.0,5.0,0.0,0.0,1.0,1.0,0.0,1.0,9,Grand,4444.444444444444,1,0.06850459482038429,360000,1549.8,0,0,1,0,0,0,0,0,0,0
Ford Fiesta Classic 1.6 SXI Duratec,2008,285000,60000,2,15.3,1596.0,99.6,5.0,0.0,0.0,1.0,1.0,0.0,1.0,17,Fiesta,3529.4117647058824,1,0.06240601503759398,1020000,1523.8799999999999,1,0,0,0,0,0,0,0,0,0
Volkswagen Vento Diesel Highline,2011,350000,110000,2,20.54,1598.0,103.6,5.0,1.0,0.0,0.0,1.0,0.0,1.0,14,Vento,7857.142857142857,2,0.06483103879849812,1540000,2127.944,0,0,0,0,0,0,0,0,0,1
Maruti Baleno Delta 1.2,2017,570000,35000,1,21.4,1197.0,83.1,5.0,0.0,0.0,1.0,1.0,0.0,1.0,8,Baleno,4375.0,1,0.06942355889724311,280000,1778.3399999999997,0,0,0,1,0,0,0,0,0,0
Maruti Alto K10 VXI,2016,325000,20000,1,23.95,998.0,67.05,5.0,0.0,0.0,1.0,1.0,0.0,1.0,9,Alto,2222.222222222222,1,0.06718436873747495,180000,1605.8474999999999,0,0,0,1,0,0,0,0,0,0
Hyundai i20 2015-2017 Sportz Option 1.2,2015,480000,60000,1,18.6,1197.0,81.83,5.0,0.0,0.0,1.0,1.0,0.0,1.0,10,i20,6000.0,2,0.06836257309941521,600000,1522.038,0,0,1,0,0,0,0,0,0,0
Maruti Alto 800 Base,2014,185000,10300,1,22.74,796.0,47.3,5.0,0.0,0.0,1.0,1.0,0.0,1.0,11,Alto,936.3636363636364,1,0.059422110552763814,113300,1075.6019999999999,0,0,0,1,0,0,0,0,0,0
Maruti Baleno Alpha,2019,760000,3000,1,21.01,1197.0,81.8,5.0,0.0,0.0,1.0,1.0,0.0,1.0,6,Baleno,500.0,1,0.0683375104427736,18000,1718.6180000000002,0,0,0,1,0,0,0,0,0,0
Volkswagen Polo 2015-2019 1.0 MPI Trendline,2019,570000,5000,1,18.78,999.0,75.0,5.0,0.0,0.0,1.0,1.0,0.0,1.0,6,Polo,833.3333333333334,1,0.07507507507507508,30000,1408.5,0,0,0,0,0,0,0,0,0,1
Ford Fiesta 1.6 SXI ABS Duratec,2006,130000,145000,1,19.5,1248.0,81.83,5.0,0.0,0.0,1.0,1.0,0.0,1.0,19,Fiesta,7631.578947368421,2,0.06556891025641025,2755000,1595.685,1,0,0,0,0,0,0,0,0,0
Maruti Baleno Alpha 1.2,2018,700000,13000,1,21.4,1197.0,83.1,5.0,0.0,0.0,1.0,1.0,0.0,1.0,7,Baleno,1857.142857142857,1,0.06942355889724311,91000,1778.3399999999997,0,0,0,1,0,0,0,0,0,0
Ford EcoSport 1.5 Ti VCT AT Titanium BSIV,2015,775000,30000,1,15.63,1499.0,110.4,5.0,0.0,0.0,1.0,1.0,0.0,0.0,10,EcoSport,3000.0,1,0.07364909939959974,300000,1725.5520000000001,1,0,0,0,0,0,0,0,0,0
Chevrolet Spark 1.0 LS,2010,140000,100000,2,18.0,995.0,62.0,5.0,0.0,0.0,1.0,1.0,0.0,1.0,15,Spark,6666.666666666667,2,0.062311557788944726,1500000,1116.0,0,0,0,0,0,0,0,0,0,0
Maruti Alto 800 Base,2016,220000,40000,1,22.74,796.0,47.3,5.0,0.0,0.0,1.0,1.0,0.0,1.0,9,Alto,4444.444444444444,1,0.059422110552763814,360000,1075.6019999999999,0,0,0,1,0,0,0,0,0,0
Hyundai i20 2015-2017 Sportz 1.2,2017,440000,50000,2,18.6,1197.0,81.83,5.0,0.0,0.0,1.0,1.0,0.0,1.0,8,i20,6250.0,2,0.06836257309941521,400000,1522.038,0,0,1,0,0,0,0,0,0,0
Hyundai i20 Active 1.4 SX,2017,650000,80000,1,21.19,1396.0,88.73,5.0,1.0,0.0,0.0,1.0,0.0,1.0,8,i20,10000.0,2,0.06356017191977077,640000,1880.1887000000002,0,0,1,0,0,0,0,0,0,0
Maruti Eeco CNG 5 Seater AC BSIV,2017,380000,30000,1,29.619000000000003,1196.0,61.7,5.0,0.0,0.0,0.0,1.0,0.0,1.0,8,Eeco,3750.0,1,0.051588628762541805,240000,1827.4923000000003,0,0,0,1,0,0,0,0,0,0
Toyota Corolla Altis Diesel D4DG,2012,415000,125000,2,21.43,1364.0,87.2,5.0,1.0,0.0,0.0,1.0,0.0,1.0,13,Corolla,9615.384615384615,2,0.06392961876832845,1625000,1868.6960000000001,0,0,0,0,0,0,0,0,1,0
Hyundai i10 Magna 1.1L,2012,225000,110000,1,19.81,1086.0,68.05,5.0,0.0,0.0,1.0,1.0,0.0,1.0,13,i10,8461.538461538461,2,0.06266114180478821,1430000,1348.0704999999998,0,0,1,0,0,0,0,0,0,0
Hyundai Grand i10 Magna,2016,400000,80000,2,18.9,1197.0,82.0,5.0,0.0,0.0,1.0,1.0,0.0,1.0,9,Grand,8888.888888888889,2,0.06850459482038429,720000,1549.8,0,0,1,0,0,0,0,0,0,0
Maruti Wagon R LX,2005,110000,110000,1,18.9,998.0,67.1,5.0,0.0,0.0,1.0,1.0,0.0,1.0,20,Wagon,5500.0,2,0.06723446893787574,2200000,1268.1899999999998,0,0,0,1,0,0,0,0,0,0
Tata Indica Vista TDI LS,2012,119000,95000,2,19.4,1405.0,70.0,5.0,1.0,0.0,0.0,1.0,0.0,1.0,13,Indica,7307.692307692308,2,0.0498220640569395,1235000,1358.0,0,0,0,0,0,0,0,1,0,0
Honda Amaze S i-Dtech,2015,600000,25000,1,25.8,1498.0,98.6,5.0,1.0,0.0,0.0,1.0,0.0,1.0,10,Amaze,2500.0,1,0.06582109479305741,250000,2543.88,0,1,0,0,0,0,0,0,0,0
Tata Zest Quadrajet 1.3 XMS,2014,280000,60000,2,23.0,1248.0,88.7,5.0,1.0,0.0,0.0,1.0,0.0,1.0,11,Zest,5454.545454545455,2,0.07107371794871795,660000,2040.1000000000001,0,0,0,0,0,0,0,1,0,0
Skoda Rapid 1.6 MPI Ambition,2013,375000,100000,1,15.0,1598.0,105.0,5.0,0.0,0.0,1.0,1.0,0.0,1.0,12,Rapid,8333.333333333334,2,0.06570713391739674,1200000,1575.0,0,0,0,0,0,1,0,0,0,0
Hyundai Xcent 1.2 CRDi SX Option,2017,620000,31000,1,25.4,1186.0,73.97,5.0,1.0,0.0,0.0,1.0,0.0,1.0,8,Xcent,3875.0,1,0.062369308600337264,248000,1878.838,0,0,1,0,0,0,0,0,0,0
Maruti Swift Dzire VDI,2017,570000,120000,1,26.59,1248.0,74.0,5.0,1.0,0.0,0.0,1.0,0.0,1.0,8,Swift,15000.0,2,0.05929487179487179,960000,1967.66,0,0,0,1,0,0,0,0,0,0
Maruti Swift Dzire VDi,2012,290000,105000,2,19.3,1248.0,73.9,5.0,1.0,0.0,0.0,1.0,0.0,1.0,13,Swift,8076.923076923077,2,0.059214743589743594,1365000,1426.2700000000002,0,0,0,1,0,0,0,0,0,0
Maruti Swift VDI,2012,370000,60000,1,22.9,1248.0,74.0,5.0,1.0,0.0,0.0,1.0,0.0,1.0,13,Swift,4615.384615384615,1,0.05929487179487179,780000,1694.6,0,0,0,1,0,0,0,0,0,0
Maruti Dzire LXI,2020,550000,15000,1,23.26,1197.0,88.5,5.0,0.0,0.0,1.0,1.0,0.0,1.0,5,Dzire,3000.0,1,0.07393483709273183,75000,2058.51,0,0,0,1,0,0,0,0,0,0
Maruti Swift VXI,2013,325000,150000,2,18.6,1197.0,85.8,5.0,0.0,0.0,1.0,1.0,0.0,1.0,12,Swift,12500.0,2,0.07167919799498747,1800000,1595.88,0,0,0,1,0,0,0,0,0,0
Honda Amaze VX Diesel BSIV,2018,670000,93000,1,27.4,1498.0,98.63,5.0,1.0,0.0,0.0,1.0,0.0,1.0,7,Amaze,13285.714285714286,2,0.0658411214953271,651000,2702.4619999999995,0,1,0,0,0,0,0,0,0,0
Hyundai i10 Magna 1.1L,2017,385000,42000,2,19.81,1086.0,68.05,5.0,0.0,0.0,1.0,1.0,0.0,1.0,8,i10,5250.0,2,0.06266114180478821,336000,1348.0704999999998,0,0,1,0,0,0,0,0,0,0
Hyundai Santro Xing GLS,2008,114999,80000,2,17.92,1086.0,62.1,5.0,0.0,0.0,1.0,1.0,0.0,1.0,17,Santro,4705.882352941177,1,0.057182320441988954,1360000,1112.832,0,0,1,0,0,0,0,0,0,0
Hyundai Santro Xing GLS,2010,200000,90000,1,17.92,1086.0,62.1,5.0,0.0,0.0,1.0,1.0,0.0,1.0,15,Santro,6000.0,2,0.057182320441988954,1350000,1112.832,0,0,1,0,0,0,0,0,0,0
Maruti Vitara Brezza VDi AMT,2019,860000,6500,1,24.3,1248.0,88.5,5.0,1.0,0.0,0.0,1.0,0.0,0.0,6,Vitara,1083.3333333333333,1,0.07091346153846154,39000,2150.55,0,0,0,1,0,0,0,0,0,0
Maruti Baleno Delta 1.3,2018,600000,60000,1,27.39,1248.0,74.0,5.0,1.0,0.0,0.0,1.0,0.0,1.0,7,Baleno,8571.42857142857,2,0.05929487179487179,420000,2026.8600000000001,0,0,0,1,0,0,0,0,0,0
Maruti Alto K10 VXI,2016,265000,110000,1,23.95,998.0,67.05,5.0,0.0,0.0,1.0,1.0,0.0,1.0,9,Alto,12222.222222222223,2,0.06718436873747495,990000,1605.8474999999999,0,0,0,1,0,0,0,0,0,0
Maruti S-Cross 2017-2020 Delta DDiS 200 SH,2019,900000,60000,1,25.1,1248.0,88.5,5.0,1.0,0.0,0.0,1.0,0.0,1.0,6,S-Cross,10000.0,2,0.07091346153846154,360000,2221.35,0,0,0,1,0,0,0,0,0,0
Maruti Alto 800 LXI,2012,180000,80000,1,22.74,796.0,47.3,5.0,0.0,0.0,1.0,1.0,0.0,1.0,13,Alto,6153.846153846154,2,0.059422110552763814,1040000,1075.6019999999999,0,0,0,1,0,0,0,0,0,0
Hyundai EON Magna Plus,2013,200000,57000,1,21.1,814.0,55.2,5.0,0.0,0.0,1.0,1.0,0.0,1.0,12,EON,4750.0,1,0.06781326781326781,684000,1164.72,0,0,1,0,0,0,0,0,0,0
Hyundai i10 Magna 1.1L,2014,300000,100000,1,19.81,1086.0,68.05,5.0,0.0,0.0,1.0,1.0,0.0,1.0,11,i10,9090.90909090909,2,0.06266114180478821,1100000,1348.0704999999998,0,0,1,0,0,0,0,0,0,0
Maruti Alto 800 LXI,2014,267000,40000,1,22.74,796.0,47.3,5.0,0.0,0.0,1.0,1.0,0.0,1.0,11,Alto,3636.3636363636365,1,0.059422110552763814,440000,1075.6019999999999,0,0,0,1,0,0,0,0,0,0
Hyundai Grand i10 Sportz,2014,400000,90000,2,18.9,1197.0,82.0,5.0,0.0,0.0,1.0,1.0,0.0,1.0,11,Grand,8181.818181818182,2,0.06850459482038429,990000,1549.8,0,0,1,0,0,0,0,0,0,0
Ford Classic 1.6 Duratec Titanium,2013,350000,120000,1,14.09,1596.0,99.6,5.0,0.0,0.0,1.0,1.0,0.0,1.0,12,Classic,10000.0,2,0.06240601503759398,1440000,1403.3639999999998,1,0,0,0,0,0,0,0,0,0
Maruti Alto K10 VXI,2014,240000,80000,2,23.95,998.0,67.05,5.0,0.0,0.0,1.0,1.0,0.0,1.0,11,Alto,7272.727272727273,2,0.06718436873747495,880000,1605.8474999999999,0,0,0,1,0,0,0,0,0,0
Tata Indigo CS LX (TDI) BS-III,2014,185000,80000,2,19.09,1405.0,69.01,5.0,1.0,0.0,0.0,1.0,0.0,1.0,11,Indigo,7272.727272727273,2,0.04911743772241993,880000,1317.4009,0,0,0,0,0,0,0,1,0,0
Hyundai EON Era Plus,2017,250000,50000,1,21.1,814.0,55.2,5.0,0.0,0.0,1.0,1.0,0.0,1.0,8,EON,6250.0,2,0.06781326781326781,400000,1164.72,0,0,1,0,0,0,0,0,0,0
Maruti Alto LXi,2009,135000,100000,1,19.7,796.0,46.3,5.0,0.0,0.0,1.0,1.0,0.0,1.0,16,Alto,6250.0,2,0.05816582914572864,1600000,912.1099999999999,0,0,0,1,0,0,0,0,0,0
Tata Tiago 1.2 Revotron XT,2017,328000,68000,2,23.84,1199.0,84.0,5.0,0.0,0.0,1.0,1.0,0.0,1.0,8,Tiago,8500.0,2,0.07005838198498748,544000,2002.56,0,0,0,0,0,0,0,1,0,0
Maruti Wagon R LXI Minor,2008,105000,100000,3,18.9,1061.0,67.0,5.0,0.0,0.0,1.0,1.0,0.0,1.0,17,Wagon,5882.35294117647,2,0.06314797360980208,1700000,1266.3,0,0,0,1,0,0,0,0,0,0
Maruti Alto LXi BSIII,2008,112999,80000,3,19.7,796.0,46.3,5.0,0.0,0.0,1.0,1.0,0.0,1.0,17,Alto,4705.882352941177,1,0.05816582914572864,1360000,912.1099999999999,0,0,0,1,0,0,0,0,0,0
Tata Indica Vista TDI LS,2015,229999,120000,2,19.1,1405.0,70.0,5.0,1.0,0.0,0.0,1.0,0.0,1.0,10,Indica,12000.0,2,0.0498220640569395,1200000,1337.0,0,0,0,0,0,0,0,1,0,0
Ford Figo Diesel ZXI,2012,325000,150000,1,20.0,1399.0,68.0,5.0,1.0,0.0,0.0,1.0,0.0,1.0,13,Figo,11538.461538461539,2,0.04860614724803431,1950000,1360.0,1,0,0,0,0,0,0,0,0,0
Hyundai i20 1.2 Spotz,2017,650000,20000,1,18.6,1197.0,81.83,5.0,0.0,0.0,1.0,1.0,0.0,1.0,8,i20,2500.0,1,0.06836257309941521,160000,1522.038,0,0,1,0,0,0,0,0,0,0
Tata Indigo LX,2009,85000,80000,2,17.0,1405.0,70.0,5.0,1.0,0.0,0.0,1.0,0.0,1.0,16,Indigo,5000.0,1,0.0498220640569395,1280000,1190.0,0,0,0,0,0,0,0,1,0,0
Maruti Swift VDI BSIV,2015,525000,134000,1,25.2,1248.0,74.0,5.0,1.0,0.0,0.0,1.0,0.0,1.0,10,Swift,13400.0,2,0.05929487179487179,1340000,1864.8,0,0,0,1,0,0,0,0,0,0
Hyundai i20 Magna,2013,350000,90000,2,18.5,1197.0,82.85,5.0,0.0,0.0,1.0,1.0,0.0,1.0,12,i20,7500.0,2,0.06921470342522974,1080000,1532.725,0,0,1,0,0,0,0,0,0,0
Maruti Swift VXI with ABS,2007,250000,60000,1,16.6,1197.0,85.0,5.0,0.0,0.0,1.0,1.0,0.0,1.0,18,Swift,3333.3333333333335,1,0.07101086048454469,1080000,1411.0000000000002,0,0,0,1,0,0,0,0,0,0
Hyundai i20 2015-2017 Asta 1.4 CRDi,2017,650000,22200,1,22.54,1396.0,88.73,5.0,1.0,0.0,0.0,1.0,0.0,1.0,8,i20,2775.0,1,0.06356017191977077,177600,1999.9742,0,0,1,0,0,0,0,0,0,0
Hyundai Grand i10 1.2 Kappa Sportz Option,2018,520000,6000,1,18.9,1197.0,81.86,5.0,0.0,0.0,1.0,1.0,0.0,1.0,7,Grand,857.1428571428571,1,0.0683876357560568,42000,1547.1539999999998,0,0,1,0,0,0,0,0,0,0
Maruti Swift VXI Deca,2016,500000,32000,1,20.4,1197.0,81.8,5.0,0.0,0.0,1.0,1.0,0.0,1.0,9,Swift,3555.5555555555557,1,0.0683375104427736,288000,1668.7199999999998,0,0,0,1,0,0,0,0,0,0
Renault KWID RXL,2016,220000,90000,1,25.17,799.0,53.3,5.0,0.0,0.0,1.0,1.0,0.0,1.0,9,KWID,10000.0,2,0.06670838548185232,810000,1341.561,0,0,0,0,0,0,1,0,0,0
Maruti Ciaz 1.3 Alpha,2017,650000,78000,3,28.09,1248.0,88.5,5.0,1.0,0.0,0.0,1.0,0.0,1.0,8,Ciaz,9750.0,2,0.07091346153846154,624000,2485.965,0,0,0,1,0,0,0,0,0,0
Honda WR-V i-VTEC VX,2017,819999,12000,1,17.5,1199.0,88.7,5.0,0.0,0.0,1.0,1.0,0.0,1.0,8,WR-V,1500.0,1,0.07397831526271893,96000,1552.25,0,1,0,0,0,0,0,0,0,0
Renault Duster 85PS Diesel RxL Explore,2016,645000,120000,1,19.87,1461.0,83.8,5.0,1.0,0.0,0.0,1.0,0.0,1.0,9,Duster,13333.333333333334,2,0.05735797399041752,1080000,1665.106,0,0,0,0,0,0,1,0,0,0
Honda City 2017-2020 EXi,2008,215000,110000,2,17.7,1497.0,78.0,5.0,0.0,0.0,1.0,1.0,0.0,1.0,17,City,6470.588235294118,2,0.052104208416833664,1870000,1380.6,0,1,0,0,0,0,0,0,0,0
Maruti Alto LX,2011,114999,10000,1,19.7,796.0,46.3,5.0,0.0,0.0,1.0,1.0,0.0,1.0,14,Alto,714.2857142857143,1,0.05816582914572864,140000,912.1099999999999,0,0,0,1,0,0,0,0,0,0
Tata Indica V2 LSi,2012,75000,12000,1,16.84,1193.0,64.4,5.0,0.0,0.0,1.0,1.0,0.0,1.0,13,Indica,923.0769230769231,1,0.0539815590947192,156000,1084.496,0,0,0,0,0,0,0,1,0,0
Chevrolet Beat LT,2011,120000,60000,1,18.6,1199.0,79.4,5.0,0.0,0.0,1.0,1.0,0.0,1.0,14,Beat,4285.714285714285,1,0.06622185154295246,840000,1476.8400000000001,0,0,0,0,0,0,0,0,0,0
Renault KWID RXT Optional,2016,250000,41000,1,25.17,799.0,53.3,5.0,0.0,0.0,1.0,1.0,0.0,1.0,9,KWID,4555.555555555556,1,0.06670838548185232,369000,1341.561,0,0,0,0,0,0,1,0,0,0
Hyundai Xcent 1.2 Kappa S,2015,380000,30000,1,19.1,1197.0,82.0,5.0,0.0,0.0,1.0,1.0,0.0,1.0,10,Xcent,3000.0,1,0.06850459482038429,300000,1566.2,0,0,1,0,0,0,0,0,0,0
Honda Amaze S Option i-DTEC,2018,560000,50000,1,25.8,1498.0,98.6,5.0,1.0,0.0,0.0,1.0,0.0,1.0,7,Amaze,7142.857142857143,2,0.06582109479305741,350000,2543.88,0,1,0,0,0,0,0,0,0,0
Maruti Ignis 1.2 Zeta BSIV,2018,575000,10000,1,20.89,1197.0,81.8,5.0,0.0,0.0,1.0,1.0,0.0,1.0,7,Ignis,1428.5714285714287,1,0.0683375104427736,70000,1708.802,0,0,0,1,0,0,0,0,0,0
Maruti Swift Dzire VDI,2017,635000,40000,1,26.59,1248.0,74.0,5.0,1.0,0.0,0.0,1.0,0.0,1.0,8,Swift,5000.0,1,0.05929487179487179,320000,1967.66,0,0,0,1,0,0,0,0,0,0
Renault Duster Adventure Edition RXZ AWD,2016,650000,80000,1,19.72,1461.0,108.45,5.0,1.0,0.0,0.0,1.0,0.0,1.0,9,Duster,8888.888888888889,2,0.0742299794661191,720000,2138.634,0,0,0,0,0,0,1,0,0,0
Ford Figo Aspire 1.5 TDCi Titanium Opt,2017,550000,70000,2,25.83,1498.0,99.0,5.0,1.0,0.0,0.0,1.0,0.0,1.0,8,Figo,8750.0,2,0.06608811748998665,560000,2557.1699999999996,1,0,0,0,0,0,0,0,0,0
Maruti Ritz VDi,2009,145000,150000,3,21.1,1248.0,73.9,5.0,1.0,0.0,0.0,1.0,0.0,1.0,16,Ritz,9375.0,2,0.059214743589743594,2400000,1559.2900000000002,0,0,0,1,0,0,0,0,0,0
Tata Indigo LS,2007,130000,100000,3,16.1,1405.0,70.0,5.0,1.0,0.0,0.0,1.0,0.0,1.0,18,Indigo,5555.555555555556,2,0.0498220640569395,1800000,1127.0,0,0,0,0,0,0,0,1,0,0
Maruti Vitara Brezza ZDi,2018,875000,50000,1,24.3,1248.0,88.5,5.0,1.0,0.0,0.0,0.0,0.0,1.0,7,Vitara,7142.857142857143,2,0.07091346153846154,350000,2150.55,0,0,0,1,0,0,0,0,0,0
Maruti Ciaz ZDi Plus SHVS,2016,650000,81000,2,28.09,1248.0,88.5,5.0,1.0,0.0,0.0,0.0,0.0,1.0,9,Ciaz,9000.0,2,0.07091346153846154,729000,2485.965,0,0,0,1,0,0,0,0,0,0
Chevrolet Sail 1.3 LS,2013,246000,56000,1,22.1,1248.0,74.0,5.0,1.0,0.0,0.0,0.0,0.0,1.0,12,Sail,4666.666666666667,1,0.05929487179487179,672000,1635.4,0,0,0,0,0,0,0,0,0,0
Honda Amaze S Diesel,2013,325000,60000,2,24.7,1498.0,98.63,5.0,1.0,0.0,0.0,0.0,0.0,1.0,12,Amaze,5000.0,1,0.0658411214953271,720000,2436.1609999999996,0,1,0,0,0,0,0,0,0,0
Volkswagen Vento 1.5 TDI Comfortline,2015,560000,43001,1,22.27,1498.0,108.6,5.0,1.0,0.0,0.0,0.0,0.0,1.0,10,Vento,4300.1,1,0.07249666221628838,430010,2418.522,0,0,0,0,0,0,0,0,0,1
Maruti Celerio VXi AMT,2019,470000,9000,1,21.63,998.0,67.04,5.0,0.0,0.0,1.0,0.0,0.0,0.0,6,Celerio,1500.0,1,0.06717434869739479,54000,1450.0752,0,0,0,1,0,0,0,0,0,0
Tata Indigo CS LS (TDI) BS-III,2014,221000,65000,1,19.09,1405.0,69.01,5.0,1.0,0.0,0.0,0.0,0.0,1.0,11,Indigo,5909.090909090909,2,0.04911743772241993,715000,1317.4009,0,0,0,0,0,0,0,1,0,0
Renault Duster 85PS Diesel RxL Optional,2013,550000,100600,3,20.46,1461.0,83.8,5.0,1.0,0.0,0.0,1.0,0.0,1.0,12,Duster,8383.333333333334,2,0.05735797399041752,1207200,1714.548,0,0,0,0,0,0,1,0,0,0
Maruti Swift Dzire VDI,2013,480000,105000,3,23.4,1248.0,74.0,5.0,1.0,0.0,0.0,1.0,0.0,1.0,12,Swift,8750.0,2,0.05929487179487179,1260000,1731.6,0,0,0,1,0,0,0,0,0,0
Maruti Ritz VXI,2010,320000,60000,2,21.1,1197.0,85.8,5.0,0.0,0.0,1.0,1.0,0.0,1.0,15,Ritz,4000.0,1,0.07167919799498747,900000,1810.38,0,0,0,1,0,0,0,0,0,0
Maruti Ritz ZXi,2012,360000,100000,2,18.5,1197.0,85.8,5.0,0.0,0.0,1.0,1.0,0.0,1.0,13,Ritz,7692.307692307692,2,0.07167919799498747,1300000,1587.3,0,0,0,1,0,0,0,0,0,0
Hyundai Santro Xing XG AT,2004,130000,100000,2,19.5,1248.0,81.83,5.0,0.0,0.0,1.0,1.0,0.0,0.0,21,Santro,4761.9047619047615,1,0.06556891025641025,2100000,1595.685,0,0,1,0,0,0,0,0,0,0
Hyundai i20 2015-2017 Asta Option 1.4 CRDi,2016,725000,120000,1,22.54,1396.0,88.73,5.0,1.0,0.0,0.0,1.0,0.0,1.0,9,i20,13333.333333333334,2,0.06356017191977077,1080000,1999.9742,0,0,1,0,0,0,0,0,0,0
Fiat Linea Classic 1.3 Multijet,2014,280000,185000,3,19.5,1248.0,75.0,5.0,1.0,0.0,0.0,1.0,0.0,1.0,11,Linea,16818.18181818182,3,0.06009615384615385,2035000,1462.5,0,0,0,0,0,1,0,0,0,0
Volkswagen Polo Diesel Highline 1.2L,2011,325000,134000,2,22.07,1199.0,73.9,5.0,1.0,0.0,0.0,1.0,0.0,1.0,14,Polo,9571.42857142857,2,0.06163469557964971,1876000,1630.9730000000002,0,0,0,0,0,0,0,0,0,1
Ford Figo Diesel ZXI,2014,320000,120000,3,20.0,1399.0,68.05,5.0,1.0,0.0,0.0,1.0,0.0,1.0,11,Figo,10909.09090909091,2,0.04864188706218728,1320000,1361.0,1,0,0,0,0,0,0,0,0,0
Hyundai Grand i10 1.2 Kappa Sportz BSIV,2018,500000,120000,1,18.9,1197.0,81.86,5.0,0.0,0.0,1.0,1.0,0.0,1.0,7,Grand,17142.85714285714,3,0.0683876357560568,840000,1547.1539999999998,0,0,1,0,0,0,0,0,0,0
Maruti Ritz LDi,2016,350000,120000,3,23.2,1248.0,73.94,5.0,1.0,0.0,0.0,1.0,0.0,1.0,9,Ritz,13333.333333333334,2,0.05924679487179487,1080000,1715.408,0,0,0,1,0,0,0,0,0,0
Hyundai i20 1.4 CRDi Sportz,2011,470000,89000,1,23.0,1396.0,90.0,5.0,1.0,0.0,0.0,1.0,0.0,1.0,14,i20,6357.142857142857,2,0.06446991404011461,1246000,2070.0,0,0,1,0,0,0,0,0,0,0
Mahindra Renault Logan 1.5 DLE Diesel,2009,125000,120000,3,19.2,1461.0,65.0,5.0,1.0,0.0,0.0,1.0,0.0,1.0,16,Renault,7500.0,2,0.044490075290896644,1920000,1248.0,0,0,0,0,0,1,0,0,0,0
Honda Amaze VX i-DTEC,2013,484999,50000,1,25.8,1498.0,98.6,5.0,1.0,0.0,0.0,1.0,0.0,1.0,12,Amaze,4166.666666666667,1,0.06582109479305741,600000,2543.88,0,1,0,0,0,0,0,0,0,0
Maruti Alto 800 LXI,2018,308000,15000,1,24.7,796.0,47.3,5.0,0.0,0.0,1.0,1.0,0.0,1.0,7,Alto,2142.8571428571427,1,0.059422110552763814,105000,1168.31,0,0,0,1,0,0,0,0,0,0
Hyundai Grand i10 1.2 Kappa Sportz BSIV,2019,570000,13000,1,18.9,1197.0,81.86,5.0,0.0,0.0,1.0,1.0,0.0,1.0,6,Grand,2166.6666666666665,1,0.0683876357560568,78000,1547.1539999999998,0,0,1,0,0,0,0,0,0,0
Mahindra Jeep MM 550 XDB,2005,400000,30000,2,19.5,1248.0,81.83,5.0,1.0,0.0,0.0,1.0,0.0,1.0,20,Jeep,1500.0,1,0.06556891025641025,600000,1595.685,0,0,0,0,0,1,0,0,0,0
Maruti Swift Dzire AMT VXI,2018,680000,28000,1,21.21,1197.0,81.8,5.0,0.0,0.0,1.0,1.0,0.0,0.0,7,Swift,4000.0,1,0.0683375104427736,196000,1734.978,0,0,0,1,0,0,0,0,0,0
Maruti Swift Dzire ZDI,2017,700000,70000,1,28.4,1248.0,74.02,5.0,1.0,0.0,0.0,1.0,0.0,1.0,8,Swift,8750.0,2,0.05931089743589743,560000,2102.1679999999997,0,0,0,1,0,0,0,0,0,0
Hyundai EON Era Plus,2014,280000,90000,1,21.1,814.0,55.2,5.0,0.0,0.0,1.0,1.0,0.0,1.0,11,EON,8181.818181818182,2,0.06781326781326781,990000,1164.72,0,0,1,0,0,0,0,0,0,0
Tata Indica Vista Aqua 1.4 TDI,2010,125000,120000,2,17.0,1405.0,71.0,5.0,1.0,0.0,0.0,1.0,0.0,1.0,15,Indica,8000.0,2,0.050533807829181494,1800000,1207.0,0,0,0,0,0,0,0,1,0,0
Ford Fiesta 1.4 SXi TDCi,2009,130000,100000,3,19.5,1248.0,81.83,5.0,1.0,0.0,0.0,1.0,0.0,1.0,16,Fiesta,6250.0,2,0.06556891025641025,1600000,1595.685,1,0,0,0,0,0,0,0,0,0
Volkswagen Vento Diesel Highline,2013,400000,120000,2,20.54,1598.0,103.6,5.0,1.0,0.0,0.0,1.0,0.0,1.0,12,Vento,10000.0,2,0.06483103879849812,1440000,2127.944,0,0,0,0,0,0,0,0,0,1
Hyundai i20 Asta 1.4 CRDi,2014,475000,83000,2,22.54,1396.0,88.73,5.0,1.0,0.0,0.0,1.0,0.0,1.0,11,i20,7545.454545454545,2,0.06356017191977077,913000,1999.9742,0,0,1,0,0,0,0,0,0,0
Ford Ikon 1.6 EXi NXt,2003,150000,40000,3,14.2,1597.0,92.0,5.0,0.0,0.0,1.0,1.0,0.0,1.0,22,Ikon,1818.1818181818182,1,0.057608015028177834,880000,1306.3999999999999,1,0,0,0,0,0,0,0,0,0
Maruti Alto 800 LXI,2017,285000,25000,2,24.7,796.0,47.3,5.0,0.0,0.0,1.0,1.0,0.0,1.0,8,Alto,3125.0,1,0.059422110552763814,200000,1168.31,0,0,0,1,0,0,0,0,0,0
Hyundai Grand i10 1.2 CRDi Asta,2018,650000,50000,1,24.0,1186.0,73.97,5.0,1.0,0.0,0.0,1.0,0.0,1.0,7,Grand,7142.857142857143,2,0.062369308600337264,350000,1775.28,0,0,1,0,0,0,0,0,0,0
Maruti A-Star Vxi,2012,275000,60000,1,19.0,998.0,66.1,5.0,0.0,0.0,1.0,1.0,0.0,1.0,13,A-Star,4615.384615384615,1,0.06623246492985971,780000,1255.8999999999999,0,0,0,1,0,0,0,0,0,0
Mahindra Logan Diesel 1.5 DLS,2011,229999,105000,2,19.2,1461.0,65.0,5.0,1.0,0.0,0.0,1.0,0.0,1.0,14,Logan,7500.0,2,0.044490075290896644,1470000,1248.0,0,0,0,0,0,1,0,0,0,0
Maruti Alto K10 LX,2015,300000,20000,1,23.95,998.0,67.05,5.0,0.0,0.0,1.0,1.0,0.0,1.0,10,Alto,2000.0,1,0.06718436873747495,200000,1605.8474999999999,0,0,0,1,0,0,0,0,0,0
Maruti Ciaz ZDi,2015,600000,120000,2,26.21,1248.0,88.5,5.0,1.0,0.0,0.0,1.0,0.0,1.0,10,Ciaz,12000.0,2,0.07091346153846154,1200000,2319.585,0,0,0,1,0,0,0,0,0,0
Maruti Baleno Alpha 1.3,2017,800000,70000,1,27.39,1248.0,74.0,5.0,1.0,0.0,0.0,1.0,0.0,1.0,8,Baleno,8750.0,2,0.05929487179487179,560000,2026.8600000000001,0,0,0,1,0,0,0,0,0,0
Nissan Sunny XV D,2017,580000,90000,2,22.71,1461.0,84.8,5.0,1.0,0.0,0.0,1.0,0.0,1.0,8,Sunny,11250.0,2,0.05804243668720054,720000,1925.808,0,0,0,0,1,0,0,0,0,0
Tata Tigor 1.2 Revotron XT,2018,450000,75000,1,20.3,1199.0,84.0,5.0,0.0,0.0,1.0,1.0,0.0,1.0,7,Tigor,10714.285714285714,2,0.07005838198498748,525000,1705.2,0,0,0,0,0,0,0,1,0,0
Honda Amaze VX i-DTEC,2014,530000,110000,1,25.8,1498.0,98.6,5.0,1.0,0.0,0.0,1.0,0.0,1.0,11,Amaze,10000.0,2,0.06582109479305741,1210000,2543.88,0,1,0,0,0,0,0,0,0,0
Hyundai Verna CRDi 1.4 EX,2019,960000,20000,1,24.0,1396.0,88.76,5.0,1.0,0.0,0.0,1.0,0.0,1.0,6,Verna,3333.3333333333335,1,0.06358166189111748,120000,2130.2400000000002,0,0,1,0,0,0,0,0,0,0
Honda City 1.5 S MT,2009,290000,110000,3,17.0,1497.0,118.0,5.0,0.0,0.0,1.0,1.0,0.0,1.0,16,City,6875.0,2,0.0788243152972612,1760000,2006.0,0,1,0,0,0,0,0,0,0,0
Maruti Celerio X ZXI Option BSIV,2017,400000,52000,1,21.63,998.0,67.0,5.0,0.0,0.0,1.0,1.0,0.0,1.0,8,Celerio,6500.0,2,0.06713426853707415,416000,1449.21,0,0,0,1,0,0,0,0,0,0
Maruti Vitara Brezza LDi Option,2017,700000,90000,1,24.3,1248.0,88.5,5.0,1.0,0.0,0.0,1.0,0.0,1.0,8,Vitara,11250.0,2,0.07091346153846154,720000,2150.55,0,0,0,1,0,0,0,0,0,0
Volkswagen Vento Diesel Highline,2012,361000,90000,1,20.54,1598.0,103.6,5.0,1.0,0.0,0.0,1.0,0.0,1.0,13,Vento,6923.076923076923,2,0.06483103879849812,1170000,2127.944,0,0,0,0,0,0,0,0,0,1
Hyundai i20 Magna 1.4 CRDi (Diesel),2013,390000,53000,2,21.9,1396.0,88.76,5.0,1.0,0.0,0.0,1.0,0.0,1.0,12,i20,4416.666666666667,1,0.06358166189111748,636000,1943.844,0,0,1,0,0,0,0,0,0,0
Tata Indica Vista Aqua 1.3 Quadrajet BSIV,2012,200000,180000,1,18.4,1248.0,75.0,5.0,1.0,0.0,0.0,1.0,0.0,1.0,13,Indica,13846.153846153846,2,0.06009615384615385,2340000,1380.0,0,0,0,0,0,0,0,1,0,0
Maruti Swift VDI,2013,500000,53000,1,22.9,1248.0,74.0,5.0,1.0,0.0,0.0,1.0,0.0,1.0,12,Swift,4416.666666666667,1,0.05929487179487179,636000,1694.6,0,0,0,1,0,0,0,0,0,0
Maruti Alto LXi,2011,200000,50600,1,19.7,796.0,46.3,5.0,0.0,0.0,1.0,1.0,0.0,1.0,14,Alto,3614.285714285714,1,0.05816582914572864,708400,912.1099999999999,0,0,0,1,0,0,0,0,0,0
Ford EcoSport 1.5 Ti VCT MT Titanium BSIV,2015,680000,50000,1,15.85,1499.0,110.4,5.0,0.0,0.0,1.0,1.0,0.0,1.0,10,EcoSport,5000.0,1,0.07364909939959974,500000,1749.8400000000001,1,0,0,0,0,0,0,0,0,0
Maruti Alto 800 LXI,2013,235000,52000,1,24.7,796.0,47.3,5.0,0.0,0.0,1.0,0.0,0.0,1.0,12,Alto,4333.333333333333,1,0.059422110552763814,624000,1168.31,0,0,0,1,0,0,0,0,0,0
Honda City i DTEC VX,2014,630000,56000,2,25.1,1498.0,98.6,5.0,1.0,0.0,0.0,1.0,0.0,1.0,11,City,5090.909090909091,2,0.06582109479305741,616000,2474.86,0,1,0,0,0,0,0,0,0,0
Ford Figo Aspire 1.5 TDCi Trend,2018,640000,82000,1,25.83,1498.0,99.0,5.0,1.0,0.0,0.0,1.0,0.0,1.0,7,Figo,11714.285714285714,2,0.06608811748998665,574000,2557.1699999999996,1,0,0,0,0,0,0,0,0,0
Hyundai Xcent 1.2 Kappa S,2014,355000,121000,1,19.1,1197.0,82.0,5.0,0.0,0.0,1.0,0.0,0.0,1.0,11,Xcent,11000.0,2,0.06850459482038429,1331000,1566.2,0,0,1,0,0,0,0,0,0,0
Maruti Swift Dzire Tour LDI,2018,580000,120000,1,23.4,1248.0,74.0,5.0,1.0,0.0,0.0,1.0,0.0,1.0,7,Swift,17142.85714285714,3,0.05929487179487179,840000,1731.6,0,0,0,1,0,0,0,0,0,0
Ford Figo Diesel EXI Option,2010,185000,85568,1,18.5,1399.0,68.0,5.0,1.0,0.0,0.0,0.0,0.0,1.0,15,Figo,5704.533333333334,2,0.04860614724803431,1283520,1258.0,1,0,0,0,0,0,0,0,0,0
Maruti Baleno Zeta Automatic,2019,660000,10000,1,21.4,1197.0,83.1,5.0,0.0,0.0,1.0,1.0,0.0,0.0,6,Baleno,1666.6666666666667,1,0.06942355889724311,60000,1778.3399999999997,0,0,0,1,0,0,0,0,0,0
Hyundai EON 1.0 Kappa Magna Plus,2014,220000,10000,1,20.3,998.0,68.05,5.0,0.0,0.0,1.0,1.0,0.0,1.0,11,EON,909.0909090909091,1,0.06818637274549098,110000,1381.415,0,0,1,0,0,0,0,0,0,0
Hyundai Santro Xing GLS,2007,150000,60000,4,17.92,1086.0,62.1,5.0,0.0,0.0,1.0,1.0,0.0,1.0,18,Santro,3333.3333333333335,1,0.057182320441988954,1080000,1112.832,0,0,1,0,0,0,0,0,0,0
Maruti Swift LXI,2019,509999,10000,1,21.21,1197.0,81.8,5.0,0.0,0.0,1.0,1.0,0.0,1.0,6,Swift,1666.6666666666667,1,0.0683375104427736,60000,1734.978,0,0,0,1,0,0,0,0,0,0
Maruti Alto K10 VXI,2018,375000,11500,1,23.95,998.0,67.05,5.0,0.0,0.0,1.0,1.0,0.0,1.0,7,Alto,1642.857142857143,1,0.06718436873747495,80500,1605.8474999999999,0,0,0,1,0,0,0,0,0,0
Hyundai Creta 1.4 E Plus,2019,950000,15000,1,22.1,1396.0,88.7,5.0,1.0,0.0,0.0,1.0,0.0,1.0,6,Creta,2500.0,1,0.06353868194842408,90000,1960.2700000000002,0,0,1,0,0,0,0,0,0,0
Maruti Swift Dzire ZDI,2015,615000,32000,1,26.59,1248.0,74.0,5.0,1.0,0.0,0.0,1.0,0.0,1.0,10,Swift,3200.0,1,0.05929487179487179,320000,1967.66,0,0,0,1,0,0,0,0,0,0
Maruti Swift LXI,2011,275000,50000,1,18.6,1197.0,85.8,5.0,0.0,0.0,1.0,1.0,0.0,1.0,14,Swift,3571.4285714285716,1,0.07167919799498747,700000,1595.88,0,0,0,1,0,0,0,0,0,0
Maruti Eeco 5 Seater AC BSIV,2017,400000,10000,1,15.37,1196.0,73.0,5.0,0.0,0.0,1.0,1.0,0.0,1.0,8,Eeco,1250.0,1,0.061036789297658864,80000,1122.01,0,0,0,1,0,0,0,0,0,0
Maruti S-Cross 2017-2020 Zeta DDiS 200 SH,2019,930000,15000,1,25.1,1248.0,88.5,5.0,1.0,0.0,0.0,1.0,0.0,1.0,6,S-Cross,2500.0,1,0.07091346153846154,90000,2221.35,0,0,0,1,0,0,0,0,0,0
Maruti Swift Dzire VXI,2012,310000,100000,1,19.1,1197.0,85.8,5.0,0.0,0.0,1.0,1.0,0.0,1.0,13,Swift,7692.307692307692,2,0.07167919799498747,1300000,1638.78,0,0,0,1,0,0,0,0,0,0
Toyota Etios GD,2012,320000,120000,1,19.5,1248.0,81.83,5.0,1.0,0.0,0.0,1.0,0.0,1.0,13,Etios,9230.76923076923,2,0.06556891025641025,1560000,1595.685,0,0,0,0,0,0,0,0,1,0
Maruti Swift Dzire LDI,2013,356000,70000,2,23.4,1248.0,74.0,5.0,1.0,0.0,0.0,1.0,0.0,1.0,12,Swift,5833.333333333333,2,0.05929487179487179,840000,1731.6,0,0,0,1,0,0,0,0,0,0
Honda City V MT,2013,500000,32000,1,16.8,1497.0,116.3,5.0,0.0,0.0,1.0,1.0,0.0,1.0,12,City,2666.6666666666665,1,0.07768871075484302,384000,1953.8400000000001,0,1,0,0,0,0,0,0,0,0
Tata Tiago 1.2 Revotron XT,2018,409999,35000,2,23.84,1199.0,84.0,5.0,0.0,0.0,1.0,1.0,0.0,1.0,7,Tiago,5000.0,1,0.07005838198498748,245000,2002.56,0,0,0,0,0,0,0,1,0,0
Maruti Vitara Brezza ZDi Plus,2019,980000,50000,1,24.3,1248.0,88.5,5.0,1.0,0.0,0.0,1.0,0.0,1.0,6,Vitara,8333.333333333334,2,0.07091346153846154,300000,2150.55,0,0,0,1,0,0,0,0,0,0
Honda Jazz VX CVT,2019,750000,3100,1,18.2,1199.0,88.7,5.0,0.0,0.0,1.0,1.0,0.0,0.0,6,Jazz,516.6666666666666,1,0.07397831526271893,18600,1614.34,0,1,0,0,0,0,0,0,0,0
Maruti Swift VDI,2013,355000,170000,1,22.9,1248.0,74.0,5.0,1.0,0.0,0.0,1.0,0.0,1.0,12,Swift,14166.666666666666,2,0.05929487179487179,2040000,1694.6,0,0,0,1,0,0,0,0,0,0
Tata Indica Vista Aqua TDI BSIII,2011,200000,50000,2,17.0,1405.0,71.0,5.0,1.0,0.0,0.0,1.0,0.0,1.0,14,Indica,3571.4285714285716,1,0.050533807829181494,700000,1207.0,0,0,0,0,0,0,0,1,0,0
Hyundai Xcent 1.2 Kappa SX Option,2015,450000,20000,1,19.1,1197.0,82.0,5.0,0.0,0.0,1.0,1.0,0.0,1.0,10,Xcent,2000.0,1,0.06850459482038429,200000,1566.2,0,0,1,0,0,0,0,0,0,0
Hyundai Grand i10 Sportz,2015,486000,10000,1,18.9,1197.0,82.0,5.0,0.0,0.0,1.0,1.0,0.0,1.0,10,Grand,1000.0,1,0.06850459482038429,100000,1549.8,0,0,1,0,0,0,0,0,0,0
Maruti SX4 Celebration Diesel,2011,242000,120000,1,21.5,1248.0,88.8,5.0,1.0,0.0,0.0,1.0,0.0,1.0,14,SX4,8571.42857142857,2,0.07115384615384615,1680000,1909.2,0,0,0,1,0,0,0,0,0,0
Hyundai Grand i10 1.2 Kappa Asta,2018,580000,25000,1,18.9,1197.0,81.86,5.0,0.0,0.0,1.0,1.0,0.0,1.0,7,Grand,3571.4285714285716,1,0.0683876357560568,175000,1547.1539999999998,0,0,1,0,0,0,0,0,0,0
Ford EcoSport 1.5 TDCi Titanium BSIV,2014,500000,130000,2,22.77,1498.0,98.59,5.0,1.0,0.0,0.0,1.0,0.0,1.0,11,EcoSport,11818.181818181818,2,0.06581441922563418,1430000,2244.8943,1,0,0,0,0,0,0,0,0,0
Toyota Premio Base,2004,170000,120000,2,19.5,1248.0,81.83,5.0,0.0,0.0,1.0,1.0,0.0,1.0,21,Premio,5714.285714285715,2,0.06556891025641025,2520000,1595.685,0,0,0,0,0,0,0,0,1,0
Skoda Fabia 1.2 TDI Ambition Plus,2012,220000,70000,3,20.86,1199.0,75.0,5.0,1.0,0.0,0.0,1.0,0.0,1.0,13,Fabia,5384.615384615385,2,0.06255212677231026,910000,1564.5,0,0,0,0,0,1,0,0,0,0
Maruti Swift AMT VXI,2020,654000,1000,1,21.21,1197.0,81.8,5.0,0.0,0.0,1.0,1.0,0.0,0.0,5,Swift,200.0,1,0.0683375104427736,5000,1734.978,0,0,0,1,0,0,0,0,0,0
Skoda Rapid 1.6 MPI AT Ambition BSIV,2019,835000,10000,1,14.84,1598.0,103.2,5.0,0.0,0.0,1.0,1.0,0.0,0.0,6,Rapid,1666.6666666666667,1,0.06458072590738423,60000,1531.488,0,0,0,0,0,1,0,0,0,0
Ford Fiesta 1.6 ZXi ABS,2010,250000,47000,1,15.3,1596.0,101.0,5.0,0.0,0.0,1.0,1.0,0.0,1.0,15,Fiesta,3133.3333333333335,1,0.06328320802005012,705000,1545.3000000000002,1,0,0,0,0,0,0,0,0,0
Maruti Swift VXI,2019,600000,18000,1,21.21,1197.0,81.8,5.0,0.0,0.0,1.0,1.0,0.0,1.0,6,Swift,3000.0,1,0.0683375104427736,108000,1734.978,0,0,0,1,0,0,0,0,0,0
Maruti Swift Dzire VXI,2016,459999,60000,1,20.85,1197.0,83.14,5.0,0.0,0.0,1.0,1.0,0.0,1.0,9,Swift,6666.666666666667,2,0.06945697577276524,540000,1733.469,0,0,0,1,0,0,0,0,0,0
Renault KWID 1.0 RXL,2018,275000,20000,1,23.01,999.0,67.0,5.0,0.0,0.0,1.0,1.0,0.0,1.0,7,KWID,2857.1428571428573,1,0.06706706706706707,140000,1541.67,0,0,0,0,0,0,1,0,0,0
Ford Figo 1.2P Titanium MT,2017,408000,60000,1,18.16,1196.0,86.8,5.0,0.0,0.0,1.0,1.0,0.0,1.0,8,Figo,7500.0,2,0.0725752508361204,480000,1576.288,1,0,0,0,0,0,0,0,0,0
Hyundai Xcent 1.2 Kappa S Option,2014,375000,52000,1,19.1,1197.0,81.86,5.0,0.0,0.0,1.0,1.0,0.0,1.0,11,Xcent,4727.272727272727,1,0.0683876357560568,572000,1563.526,0,0,1,0,0,0,0,0,0,0
Maruti Alto LXi,2006,94500,44000,1,19.7,796.0,46.3,5.0,0.0,0.0,1.0,1.0,0.0,1.0,19,Alto,2315.7894736842104,1,0.05816582914572864,836000,912.1099999999999,0,0,0,1,0,0,0,0,0,0
Volkswagen Polo Petrol Comfortline 1.2L,2011,300000,17000,1,16.47,1198.0,73.9,5.0,0.0,0.0,1.0,1.0,0.0,1.0,14,Polo,1214.2857142857142,1,0.06168614357262104,238000,1217.133,0,0,0,0,0,0,0,0,0,1
Honda City 1.5 E MT,2009,350000,35000,1,17.0,1497.0,118.0,5.0,0.0,0.0,1.0,1.0,0.0,1.0,16,City,2187.5,1,0.0788243152972612,560000,2006.0,0,1,0,0,0,0,0,0,0,0
Hyundai i20 Asta 1.2,2015,600000,100000,1,18.6,1197.0,81.83,5.0,0.0,0.0,1.0,1.0,0.0,1.0,10,i20,10000.0,2,0.06836257309941521,1000000,1522.038,0,0,1,0,0,0,0,0,0,0
Renault KWID RXT,2016,240000,59300,1,25.17,799.0,53.3,5.0,0.0,0.0,1.0,1.0,0.0,1.0,9,KWID,6588.888888888889,2,0.06670838548185232,533700,1341.561,0,0,0,0,0,0,1,0,0,0
Tata Zest Quadrajet 1.3 75PS XE,2015,350000,60000,1,22.95,1248.0,74.0,5.0,1.0,0.0,0.0,1.0,0.0,1.0,10,Zest,6000.0,2,0.05929487179487179,600000,1698.3,0,0,0,0,0,0,0,1,0,0
Volkswagen Vento Petrol Highline,2012,360000,60000,3,15.04,1598.0,103.6,5.0,0.0,0.0,1.0,1.0,0.0,1.0,13,Vento,4615.384615384615,1,0.06483103879849812,780000,1558.1439999999998,0,0,0,0,0,0,0,0,0,1
Ford Figo Petrol ZXI,2010,250000,80000,2,15.6,1196.0,70.0,5.0,0.0,0.0,1.0,1.0,0.0,1.0,15,Figo,5333.333333333333,2,0.05852842809364549,1200000,1092.0,1,0,0,0,0,0,0,0,0,0
Maruti Swift VXI,2019,550000,11500,1,21.21,1197.0,81.8,5.0,0.0,0.0,1.0,1.0,0.0,1.0,6,Swift,1916.6666666666667,1,0.0683375104427736,69000,1734.978,0,0,0,1,0,0,0,0,0,0
Hyundai EON Magna Plus,2012,180000,56000,1,21.1,814.0,55.2,5.0,0.0,0.0,1.0,1.0,0.0,1.0,13,EON,4307.692307692308,1,0.06781326781326781,728000,1164.72,0,0,1,0,0,0,0,0,0,0
Honda Jazz 1.5 E i DTEC,2016,425000,68000,1,27.3,1498.0,98.6,5.0,1.0,0.0,0.0,1.0,0.0,1.0,9,Jazz,7555.555555555556,2,0.06582109479305741,612000,2691.7799999999997,0,1,0,0,0,0,0,0,0,0
Tata Tiago 1.2 Revotron XT,2019,409999,25000,1,23.84,1199.0,84.0,5.0,0.0,0.0,1.0,1.0,0.0,1.0,6,Tiago,4166.666666666667,1,0.07005838198498748,150000,2002.56,0,0,0,0,0,0,0,1,0,0
Tata Tiago 1.2 Revotron XT,2018,438999,25000,1,23.84,1199.0,84.0,5.0,0.0,0.0,1.0,1.0,0.0,1.0,7,Tiago,3571.4285714285716,1,0.07005838198498748,175000,2002.56,0,0,0,0,0,0,0,1,0,0
Nissan Micra Active XL Petrol,2014,225000,100000,1,19.49,1198.0,67.04,5.0,0.0,0.0,1.0,1.0,0.0,1.0,11,Micra,9090.90909090909,2,0.05595993322203673,1100000,1306.6096,0,0,0,0,1,0,0,0,0,0
Maruti Swift Dzire VXi,2008,200000,100000,1,17.5,1298.0,85.8,5.0,0.0,0.0,1.0,1.0,0.0,1.0,17,Swift,5882.35294117647,2,0.06610169491525424,1700000,1501.5,0,0,0,1,0,0,0,0,0,0
Hyundai Santro Xing Base,2006,75000,90000,2,19.5,1248.0,81.83,5.0,0.0,0.0,1.0,1.0,0.0,1.0,19,Santro,4736.8421052631575,1,0.06556891025641025,1710000,1595.685,0,0,1,0,0,0,0,0,0,0
Fiat Grande Punto 1.3 Dynamic (Diesel),2013,250000,47000,1,20.3,1248.0,75.0,5.0,1.0,0.0,0.0,1.0,0.0,1.0,12,Grande,3916.6666666666665,1,0.06009615384615385,564000,1522.5,0,0,0,0,0,1,0,0,0,0
Maruti Ritz LDi,2011,170000,175000,2,21.1,1248.0,73.9,5.0,1.0,0.0,0.0,1.0,0.0,1.0,14,Ritz,12500.0,2,0.059214743589743594,2450000,1559.2900000000002,0,0,0,1,0,0,0,0,0,0
Maruti Swift Dzire 1.2 Vxi BSIV,2010,300000,60000,2,17.5,1197.0,85.8,5.0,0.0,0.0,1.0,1.0,0.0,1.0,15,Swift,4000.0,1,0.07167919799498747,900000,1501.5,0,0,0,1,0,0,0,0,0,0
Maruti Swift Dzire VDI,2014,409999,150000,3,23.4,1248.0,74.0,5.0,1.0,0.0,0.0,1.0,0.0,1.0,11,Swift,13636.363636363636,2,0.05929487179487179,1650000,1731.6,0,0,0,1,0,0,0,0,0,0
Hyundai i20 1.4 CRDi Asta,2012,350000,110000,3,23.0,1396.0,90.0,5.0,1.0,0.0,0.0,1.0,0.0,1.0,13,i20,8461.538461538461,2,0.06446991404011461,1430000,2070.0,0,0,1,0,0,0,0,0,0,0
Renault KWID RXL,2019,310000,25000,1,25.17,799.0,53.3,5.0,0.0,0.0,1.0,1.0,0.0,1.0,6,KWID,4166.666666666667,1,0.06670838548185232,150000,1341.561,0,0,0,0,0,0,1,0,0,0
Maruti Alto LXi,2010,135000,95000,3,19.7,796.0,46.3,5.0,0.0,0.0,1.0,1.0,0.0,1.0,15,Alto,6333.333333333333,2,0.05816582914572864,1425000,912.1099999999999,0,0,0,1,0,0,0,0,0,0
Maruti Ritz VDi,2010,220000,100000,1,21.1,1248.0,73.9,5.0,1.0,0.0,0.0,1.0,0.0,1.0,15,Ritz,6666.666666666667,2,0.059214743589743594,1500000,1559.2900000000002,0,0,0,1,0,0,0,0,0,0
Hyundai Grand i10 1.2 Kappa Sportz BSIV,2017,570000,20000,1,18.9,1197.0,81.86,5.0,0.0,0.0,1.0,1.0,0.0,1.0,8,Grand,2500.0,1,0.0683876357560568,160000,1547.1539999999998,0,0,1,0,0,0,0,0,0,0
Maruti Swift Dzire VDI,2014,500000,84000,1,23.4,1248.0,74.0,5.0,1.0,0.0,0.0,1.0,0.0,1.0,11,Swift,7636.363636363636,2,0.05929487179487179,924000,1731.6,0,0,0,1,0,0,0,0,0,0
Hyundai i20 2015-2017 Asta Option 1.4 CRDi,2016,875000,40000,1,22.54,1396.0,88.73,5.0,1.0,0.0,0.0,1.0,0.0,1.0,9,i20,4444.444444444444,1,0.06356017191977077,360000,1999.9742,0,0,1,0,0,0,0,0,0,0
Tata Indica Vista TDI LX,2011,210000,100000,1,19.1,1405.0,70.0,5.0,1.0,0.0,0.0,1.0,0.0,1.0,14,Indica,7142.857142857143,2,0.0498220640569395,1400000,1337.0,0,0,0,0,0,0,0,1,0,0
Tata Indica Vista TDI LX,2011,210000,120000,1,19.4,1405.0,70.0,5.0,1.0,0.0,0.0,1.0,0.0,1.0,14,Indica,8571.42857142857,2,0.0498220640569395,1680000,1358.0,0,0,0,0,0,0,0,1,0,0
Hyundai Santro Xing GLS LPG,2010,200000,80000,2,18.1575,1086.0,62.1,5.0,0.0,1.0,0.0,1.0,0.0,1.0,15,Santro,5333.333333333333,2,0.057182320441988954,1200000,1127.5807499999999,0,0,1,0,0,0,0,0,0,0
Maruti Alto LX,2011,175000,175000,2,19.7,796.0,46.3,5.0,0.0,0.0,1.0,1.0,0.0,1.0,14,Alto,12500.0,2,0.05816582914572864,2450000,912.1099999999999,0,0,0,1,0,0,0,0,0,0
Hyundai i20 1.2 Asta Option,2017,700000,30000,1,18.6,1197.0,81.83,5.0,0.0,0.0,1.0,1.0,0.0,1.0,8,i20,3750.0,1,0.06836257309941521,240000,1522.038,0,0,1,0,0,0,0,0,0,0
Hyundai Grand i10 1.2 Kappa Magna AT,2019,550000,28000,1,18.9,1197.0,81.86,5.0,0.0,0.0,1.0,1.0,0.0,0.0,6,Grand,4666.666666666667,1,0.0683876357560568,168000,1547.1539999999998,0,0,1,0,0,0,0,0,0,0
Hyundai Santro Era,2019,420000,20000,2,20.3,1086.0,68.0,5.0,0.0,0.0,1.0,1.0,0.0,1.0,6,Santro,3333.3333333333335,1,0.06261510128913444,120000,1380.4,0,0,1,0,0,0,0,0,0,0
Hyundai i20 Asta,2009,210000,89322,2,17.0,1197.0,80.0,5.0,0.0,0.0,1.0,1.0,0.0,1.0,16,i20,5582.625,2,0.06683375104427736,1429152,1360.0,0,0,1,0,0,0,0,0,0,0
Chevrolet Beat Diesel LT,2013,175000,76000,1,25.44,936.0,57.6,5.0,1.0,0.0,0.0,1.0,0.0,1.0,12,Beat,6333.333333333333,2,0.06153846153846154,912000,1465.344,0,0,0,0,0,0,0,0,0,0
Maruti Alto LXi,2012,180000,70000,2,19.7,796.0,46.3,5.0,0.0,0.0,1.0,1.0,0.0,1.0,13,Alto,5384.615384615385,2,0.05816582914572864,910000,912.1099999999999,0,0,0,1,0,0,0,0,0,0
Maruti Alto LX BSIII,2007,118000,110000,2,19.7,796.0,46.3,5.0,0.0,0.0,1.0,1.0,0.0,1.0,18,Alto,6111.111111111111,2,0.05816582914572864,1980000,912.1099999999999,0,0,0,1,0,0,0,0,0,0
Hyundai Verna CRDi,2007,170000,120000,2,16.8,1493.0,110.0,5.0,1.0,0.0,0.0,1.0,0.0,1.0,18,Verna,6666.666666666667,2,0.07367716008037509,2160000,1848.0,0,0,1,0,0,0,0,0,0,0
Maruti Zen Estilo 1.1 LX BSIII,2009,120000,110000,2,18.2,1061.0,64.0,5.0,0.0,0.0,1.0,1.0,0.0,1.0,16,Zen,6875.0,2,0.060320452403393024,1760000,1164.8,0,0,0,1,0,0,0,0,0,0
Maruti Alto LXi,2009,170000,90000,3,19.7,796.0,46.3,5.0,0.0,0.0,1.0,1.0,0.0,1.0,16,Alto,5625.0,2,0.05816582914572864,1440000,912.1099999999999,0,0,0,1,0,0,0,0,0,0
Maruti Swift ZDI Plus,2018,700000,60000,1,28.4,1248.0,74.0,5.0,1.0,0.0,0.0,1.0,0.0,1.0,7,Swift,8571.42857142857,2,0.05929487179487179,420000,2101.6,0,0,0,1,0,0,0,0,0,0
Maruti Wagon R AX Minor,2007,80000,63000,3,18.9,1061.0,67.0,5.0,0.0,0.0,1.0,1.0,0.0,0.0,18,Wagon,3500.0,1,0.06314797360980208,1134000,1266.3,0,0,0,1,0,0,0,0,0,0
Honda City 2017-2020 EXi,2008,105000,110000,2,17.7,1497.0,78.0,5.0,0.0,0.0,1.0,1.0,0.0,1.0,17,City,6470.588235294118,2,0.052104208416833664,1870000,1380.6,0,1,0,0,0,0,0,0,0,0
Maruti Swift Dzire LDI,2016,425000,120000,3,26.59,1248.0,74.0,5.0,1.0,0.0,0.0,1.0,0.0,1.0,9,Swift,13333.333333333334,2,0.05929487179487179,1080000,1967.66,0,0,0,1,0,0,0,0,0,0
Hyundai i20 2015-2017 Sportz 1.2,2017,625000,23511,1,18.6,1197.0,81.83,5.0,0.0,0.0,1.0,1.0,0.0,1.0,8,i20,2938.875,1,0.06836257309941521,188088,1522.038,0,0,1,0,0,0,0,0,0,0
Hyundai i20 1.2 Spotz,2017,640000,22512,1,18.6,1197.0,81.83,5.0,0.0,0.0,1.0,1.0,0.0,1.0,8,i20,2814.0,1,0.06836257309941521,180096,1522.038,0,0,1,0,0,0,0,0,0,0
Hyundai i10 Magna 1.2 iTech SE,2010,180000,120000,1,20.36,1197.0,78.9,5.0,0.0,0.0,1.0,1.0,0.0,1.0,15,i10,8000.0,2,0.06591478696741855,1800000,1606.404,0,0,1,0,0,0,0,0,0,0
Maruti Ritz VDi,2009,155000,120000,1,21.1,1248.0,73.9,5.0,1.0,0.0,0.0,1.0,0.0,1.0,16,Ritz,7500.0,2,0.059214743589743594,1920000,1559.2900000000002,0,0,0,1,0,0,0,0,0,0
Maruti Wagon R LX Minor,2007,85000,100000,3,18.9,1061.0,67.0,5.0,0.0,0.0,1.0,1.0,0.0,1.0,18,Wagon,5555.555555555556,2,0.06314797360980208,1800000,1266.3,0,0,0,1,0,0,0,0,0,0
Hyundai i10 Magna 1.2 iTech SE,2011,250000,70000,1,20.36,1197.0,78.9,5.0,0.0,0.0,1.0,1.0,0.0,1.0,14,i10,5000.0,1,0.06591478696741855,980000,1606.404,0,0,1,0,0,0,0,0,0,0
Datsun GO A EPS,2016,350000,16500,1,20.63,1198.0,67.0,5.0,0.0,0.0,1.0,1.0,0.0,1.0,9,GO,1833.3333333333333,1,0.055926544240400666,148500,1382.21,0,0,0,0,0,1,0,0,0,0
Maruti Swift Dzire ZDI,2018,740000,50000,1,28.4,1248.0,74.02,5.0,1.0,0.0,0.0,1.0,0.0,1.0,7,Swift,7142.857142857143,2,0.05931089743589743,350000,2102.1679999999997,0,0,0,1,0,0,0,0,0,0
Datsun RediGO 1.0 S,2018,300000,19000,1,22.5,999.0,67.0,5.0,0.0,0.0,1.0,1.0,0.0,1.0,7,RediGO,2714.285714285714,1,0.06706706706706707,133000,1507.5,0,0,0,0,0,1,0,0,0,0
Volkswagen Ameo 1.5 TDI Comfortline,2017,550000,50000,1,21.66,1498.0,108.62,5.0,1.0,0.0,0.0,1.0,0.0,1.0,8,Ameo,6250.0,2,0.07251001335113486,400000,2352.7092000000002,0,0,0,0,0,0,0,0,0,1
Hyundai i10 Sportz 1.1L LPG,2015,375000,60000,1,25.92,1086.0,68.05,5.0,0.0,1.0,0.0,1.0,0.0,1.0,10,i10,6000.0,2,0.06266114180478821,600000,1763.856,0,0,1,0,0,0,0,0,0,0
Maruti Swift VDI,2013,380000,76000,2,22.9,1248.0,74.0,5.0,1.0,0.0,0.0,1.0,0.0,1.0,12,Swift,6333.333333333333,2,0.05929487179487179,912000,1694.6,0,0,0,1,0,0,0,0,0,0
Maruti Swift VDI,2013,350000,85000,1,22.9,1248.0,74.0,5.0,1.0,0.0,0.0,1.0,0.0,1.0,12,Swift,7083.333333333333,2,0.05929487179487179,1020000,1694.6,0,0,0,1,0,0,0,0,0,0
Maruti Vitara Brezza ZDi AMT,2018,911999,25000,1,24.3,1248.0,88.5,5.0,1.0,0.0,0.0,1.0,0.0,0.0,7,Vitara,3571.4285714285716,1,0.07091346153846154,175000,2150.55,0,0,0,1,0,0,0,0,0,0
Maruti Swift Dzire VXI 1.2,2018,650000,15000,1,21.21,1197.0,81.8,5.0,0.0,0.0,1.0,1.0,0.0,1.0,7,Swift,2142.8571428571427,1,0.0683375104427736,105000,1734.978,0,0,0,1,0,0,0,0,0,0
Maruti Swift Dzire VXi,2012,350000,30000,1,17.5,1298.0,85.8,5.0,0.0,0.0,1.0,1.0,0.0,1.0,13,Swift,2307.6923076923076,1,0.06610169491525424,390000,1501.5,0,0,0,1,0,0,0,0,0,0
Volkswagen Jetta 2.0 TDI Comfortline,2011,350000,120000,2,15.0,1896.0,105.0,5.0,1.0,0.0,0.0,1.0,0.0,1.0,14,Jetta,8571.42857142857,2,0.055379746835443035,1680000,1575.0,0,0,0,0,0,0,0,0,0,1
Hyundai Santro Xing GLS,2010,180000,55000,4,17.92,1086.0,62.1,5.0,0.0,0.0,1.0,1.0,0.0,1.0,15,Santro,3666.6666666666665,1,0.057182320441988954,825000,1112.832,0,0,1,0,0,0,0,0,0,0
Toyota Etios GD,2011,375000,80000,1,19.5,1248.0,81.83,5.0,1.0,0.0,0.0,1.0,0.0,1.0,14,Etios,5714.285714285715,2,0.06556891025641025,1120000,1595.685,0,0,0,0,0,0,0,0,1,0
Honda Brio E MT,2012,229999,110000,1,19.4,1198.0,86.8,5.0,0.0,0.0,1.0,1.0,0.0,1.0,13,Brio,8461.538461538461,2,0.07245409015025041,1430000,1683.9199999999998,0,1,0,0,0,0,0,0,0,0
Maruti Wagon R VXI,2006,135000,62900,1,18.9,998.0,67.1,5.0,0.0,0.0,1.0,1.0,0.0,1.0,19,Wagon,3310.5263157894738,1,0.06723446893787574,1195100,1268.1899999999998,0,0,0,1,0,0,0,0,0,0
Maruti Swift Dzire LDI,2017,455000,60000,1,28.4,1248.0,74.02,5.0,1.0,0.0,0.0,1.0,0.0,1.0,8,Swift,7500.0,2,0.05931089743589743,480000,2102.1679999999997,0,0,0,1,0,0,0,0,0,0
Maruti Wagon R VXI Optional,2015,320000,60000,1,20.51,998.0,67.04,5.0,0.0,0.0,1.0,1.0,0.0,1.0,10,Wagon,6000.0,2,0.06717434869739479,600000,1374.9904000000001,0,0,0,1,0,0,0,0,0,0
Hyundai Elite i20 Sportz Plus BSIV,2019,693000,4000,1,18.6,1197.0,81.86,5.0,0.0,0.0,1.0,1.0,0.0,1.0,6,Elite,666.6666666666666,1,0.0683876357560568,24000,1522.596,0,0,1,0,0,0,0,0,0,0
Maruti Vitara Brezza ZDi Plus,2017,830000,35000,1,24.3,1248.0,88.5,5.0,1.0,0.0,0.0,1.0,0.0,1.0,8,Vitara,4375.0,1,0.07091346153846154,280000,2150.55,0,0,0,1,0,0,0,0,0,0
Hyundai Grand i10 Sportz,2016,470000,13500,1,18.9,1197.0,82.0,5.0,0.0,0.0,1.0,1.0,0.0,1.0,9,Grand,1500.0,1,0.06850459482038429,121500,1549.8,0,0,1,0,0,0,0,0,0,0
Honda City i VTEC CVT VX,2017,1100000,26000,1,18.0,1497.0,117.3,5.0,0.0,0.0,1.0,1.0,0.0,0.0,8,City,3250.0,1,0.0783567134268537,208000,2111.4,0,1,0,0,0,0,0,0,0,0
Tata Zest Quadrajet 1.3 XM,2016,325000,50000,1,23.0,1248.0,88.7,5.0,1.0,0.0,0.0,1.0,0.0,1.0,9,Zest,5555.555555555556,2,0.07107371794871795,450000,2040.1000000000001,0,0,0,0,0,0,0,1,0,0
Hyundai EON Magna Plus,2014,215000,50000,1,21.1,814.0,55.2,5.0,0.0,0.0,1.0,1.0,0.0,1.0,11,EON,4545.454545454545,1,0.06781326781326781,550000,1164.72,0,0,1,0,0,0,0,0,0,0
Maruti Swift VXI,2018,560000,25000,1,22.0,1197.0,81.8,5.0,0.0,0.0,1.0,1.0,0.0,1.0,7,Swift,3571.4285714285716,1,0.0683375104427736,175000,1799.6,0,0,0,1,0,0,0,0,0,0
Maruti Celerio VXI AT,2017,400000,30000,2,23.1,998.0,67.04,5.0,0.0,0.0,1.0,1.0,0.0,0.0,8,Celerio,3750.0,1,0.06717434869739479,240000,1548.6240000000003,0,0,0,1,0,0,0,0,0,0
Ford EcoSport 1.5 Diesel Titanium Plus BSIV,2017,725000,45000,1,23.0,1498.0,98.96,5.0,1.0,0.0,0.0,1.0,0.0,1.0,8,EcoSport,5625.0,2,0.06606141522029373,360000,2276.08,1,0,0,0,0,0,0,0,0,0
Honda Brio 1.2 VX MT,2014,325000,52442,2,18.5,1198.0,86.8,5.0,0.0,0.0,1.0,0.0,1.0,1.0,11,Brio,4767.454545454545,1,0.07245409015025041,576862,1605.8,0,1,0,0,0,0,0,0,0,0
Hyundai i10 Magna,2013,229999,39000,1,20.36,1197.0,78.9,5.0,0.0,0.0,1.0,0.0,0.0,1.0,12,i10,3250.0,1,0.06591478696741855,468000,1606.404,0,0,1,0,0,0,0,0,0,0
Volkswagen Polo 1.2 MPI Highline,2015,449000,34156,1,16.47,1198.0,74.0,5.0,0.0,0.0,1.0,0.0,0.0,1.0,10,Polo,3415.6,1,0.06176961602671119,341560,1218.78,0,0,0,0,0,0,0,0,0,1
Hyundai Grand i10 1.2 Kappa Sportz BSIV,2017,455000,34152,1,18.9,1197.0,81.86,5.0,0.0,0.0,1.0,0.0,0.0,1.0,8,Grand,4269.0,1,0.0683876357560568,273216,1547.1539999999998,0,0,1,0,0,0,0,0,0,0
Hyundai i20 1.2 Magna Executive,2018,650000,62841,1,18.6,1197.0,81.83,5.0,0.0,0.0,1.0,0.0,1.0,1.0,7,i20,8977.285714285714,2,0.06836257309941521,439887,1522.038,0,0,1,0,0,0,0,0,0,0
Maruti Swift Dzire AMT ZDI Plus,2018,698000,27654,1,28.4,1248.0,74.02,5.0,1.0,0.0,0.0,0.0,0.0,0.0,7,Swift,3950.5714285714284,1,0.05931089743589743,193578,2102.1679999999997,0,0,0,1,0,0,0,0,0,0
Maruti Wagon R VXI AMT 1.2,2018,445000,32995,1,20.52,1197.0,81.8,5.0,0.0,0.0,1.0,0.0,0.0,0.0,7,Wagon,4713.571428571428,1,0.0683375104427736,230965,1678.5359999999998,0,0,0,1,0,0,0,0,0,0
Tata Zest Quadrajet 1.3 75PS XM,2018,539000,60000,1,22.95,1248.0,74.0,5.0,1.0,0.0,0.0,1.0,0.0,1.0,7,Zest,8571.42857142857,2,0.05929487179487179,420000,1698.3,0,0,0,0,0,0,0,1,0,0
Maruti Swift Vdi BSIII,2010,350000,110000,4,17.8,1248.0,75.0,5.0,1.0,0.0,0.0,1.0,0.0,1.0,15,Swift,7333.333333333333,2,0.06009615384615385,1650000,1335.0,0,0,0,1,0,0,0,0,0,0
Renault Duster 85PS Diesel RxE,2015,550000,130000,2,20.45,1461.0,83.8,5.0,1.0,0.0,0.0,1.0,0.0,1.0,10,Duster,13000.0,2,0.05735797399041752,1300000,1713.7099999999998,0,0,0,0,0,0,1,0,0,0
Volkswagen Polo Diesel Highline 1.2L,2011,330000,120000,1,22.07,1199.0,73.9,5.0,1.0,0.0,0.0,1.0,0.0,1.0,14,Polo,8571.42857142857,2,0.06163469557964971,1680000,1630.9730000000002,0,0,0,0,0,0,0,0,0,1
Hyundai EON Era Plus,2014,220000,80000,3,21.1,814.0,55.2,5.0,0.0,0.0,1.0,1.0,0.0,1.0,11,EON,7272.727272727273,2,0.06781326781326781,880000,1164.72,0,0,1,0,0,0,0,0,0,0
Maruti Ritz ZXi,2013,415000,60000,2,18.5,1197.0,85.8,5.0,0.0,0.0,1.0,1.0,0.0,1.0,12,Ritz,5000.0,1,0.07167919799498747,720000,1587.3,0,0,0,1,0,0,0,0,0,0
Maruti Alto LX BSIII,2007,150000,75000,1,19.7,796.0,46.3,5.0,0.0,0.0,1.0,1.0,0.0,1.0,18,Alto,4166.666666666667,1,0.05816582914572864,1350000,912.1099999999999,0,0,0,1,0,0,0,0,0,0
Hyundai Getz GLS,2005,150000,89000,2,15.3,1341.0,83.0,5.0,0.0,0.0,1.0,1.0,0.0,1.0,20,Getz,4450.0,1,0.061894108873974646,1780000,1269.9,0,0,1,0,0,0,0,0,0,0
Hyundai Verna CRDi ABS,2007,240000,110000,1,18.1,1493.0,110.0,5.0,1.0,0.0,0.0,1.0,0.0,1.0,18,Verna,6111.111111111111,2,0.07367716008037509,1980000,1991.0000000000002,0,0,1,0,0,0,0,0,0,0
Maruti Alto LX BSIII,2009,170000,90000,2,19.7,796.0,46.3,5.0,0.0,0.0,1.0,1.0,0.0,1.0,16,Alto,5625.0,2,0.05816582914572864,1440000,912.1099999999999,0,0,0,1,0,0,0,0,0,0
Maruti Ciaz ZDi Plus SHVS,2015,550000,40000,3,28.09,1248.0,88.5,5.0,1.0,0.0,0.0,1.0,0.0,1.0,10,Ciaz,4000.0,1,0.07091346153846154,400000,2485.965,0,0,0,1,0,0,0,0,0,0
Nissan Micra Fashion Edition XL CVT,2017,500000,26000,1,19.34,1198.0,76.0,5.0,0.0,0.0,1.0,1.0,0.0,0.0,8,Micra,3250.0,1,0.06343906510851419,208000,1469.84,0,0,0,0,1,0,0,0,0,0
Maruti Swift Dzire VXI,2014,400000,120000,1,19.1,1197.0,85.8,5.0,0.0,0.0,1.0,1.0,0.0,1.0,11,Swift,10909.09090909091,2,0.07167919799498747,1320000,1638.78,0,0,0,1,0,0,0,0,0,0
Hyundai Accent GLE,2009,120000,70000,2,13.2,1495.0,94.0,5.0,0.0,0.0,1.0,1.0,0.0,1.0,16,Accent,4375.0,1,0.06287625418060201,1120000,1240.8,0,0,1,0,0,0,0,0,0,0
Maruti Vitara Brezza ZDi Plus Dual Tone,2016,765000,100000,2,24.3,1248.0,88.5,5.0,1.0,0.0,0.0,1.0,0.0,1.0,9,Vitara,11111.111111111111,2,0.07091346153846154,900000,2150.55,0,0,0,1,0,0,0,0,0,0
Maruti Vitara Brezza ZDi Plus Dual Tone,2016,919999,90150,1,24.3,1248.0,88.5,5.0,1.0,0.0,0.0,1.0,0.0,1.0,9,Vitara,10016.666666666666,2,0.07091346153846154,811350,2150.55,0,0,0,1,0,0,0,0,0,0
Toyota Platinum Etios 1.4 GXD,2018,730000,90000,1,23.59,1364.0,67.05,5.0,1.0,0.0,0.0,1.0,0.0,1.0,7,Platinum,12857.142857142857,2,0.04915689149560117,630000,1581.7095,0,0,0,0,0,0,0,0,1,0
Tata Zest Quadrajet 1.3 75PS XM,2016,320000,120000,1,22.95,1248.0,74.0,5.0,1.0,0.0,0.0,1.0,0.0,1.0,9,Zest,13333.333333333334,2,0.05929487179487179,1080000,1698.3,0,0,0,0,0,0,0,1,0,0
Honda Amaze S i-Dtech,2015,455000,90000,2,25.8,1498.0,98.6,5.0,1.0,0.0,0.0,1.0,0.0,1.0,10,Amaze,9000.0,2,0.06582109479305741,900000,2543.88,0,1,0,0,0,0,0,0,0,0
Datsun GO T Option BSIV,2015,350000,50000,1,20.63,1198.0,67.0,5.0,0.0,0.0,1.0,1.0,0.0,1.0,10,GO,5000.0,1,0.055926544240400666,500000,1382.21,0,0,0,0,0,1,0,0,0,0
Tata Indigo LS,2011,175000,85700,2,17.0,1405.0,70.0,5.0,1.0,0.0,0.0,1.0,0.0,1.0,14,Indigo,6121.428571428572,2,0.0498220640569395,1199800,1190.0,0,0,0,0,0,0,0,1,0,0
Tata Indigo CS GLS BSIII,2011,120000,70000,2,15.2,1193.0,65.0,5.0,0.0,0.0,1.0,1.0,0.0,1.0,14,Indigo,5000.0,1,0.054484492875104776,980000,988.0,0,0,0,0,0,0,0,1,0,0
Hyundai i10 Sportz,2014,300000,30000,2,20.36,1197.0,78.9,5.0,0.0,0.0,1.0,1.0,0.0,1.0,11,i10,2727.2727272727275,1,0.06591478696741855,330000,1606.404,0,0,1,0,0,0,0,0,0,0
Honda City i DTEC E,2015,500000,100000,1,26.0,1498.0,98.6,5.0,1.0,0.0,0.0,1.0,0.0,1.0,10,City,10000.0,2,0.06582109479305741,1000000,2563.6,0,1,0,0,0,0,0,0,0,0
Maruti Baleno Delta 1.2,2016,562000,25339,1,21.4,1197.0,83.1,5.0,0.0,0.0,1.0,1.0,0.0,1.0,9,Baleno,2815.4444444444443,1,0.06942355889724311,228051,1778.3399999999997,0,0,0,1,0,0,0,0,0,0
Hyundai EON Magna Plus,2014,250000,10000,1,21.1,814.0,55.2,5.0,0.0,0.0,1.0,1.0,0.0,1.0,11,EON,909.0909090909091,1,0.06781326781326781,110000,1164.72,0,0,1,0,0,0,0,0,0,0
Tata Zest Quadrajet 1.3 XT,2017,484999,35000,1,20.65,1248.0,88.7,5.0,1.0,0.0,0.0,1.0,0.0,1.0,8,Zest,4375.0,1,0.07107371794871795,280000,1831.655,0,0,0,0,0,0,0,1,0,0
Hyundai i10 Sportz,2013,280000,35000,2,20.36,1197.0,78.9,5.0,0.0,0.0,1.0,1.0,0.0,1.0,12,i10,2916.6666666666665,1,0.06591478696741855,420000,1606.404,0,0,1,0,0,0,0,0,0,0
Maruti Swift VXI,2013,400000,40000,1,18.6,1197.0,85.8,5.0,0.0,0.0,1.0,1.0,0.0,1.0,12,Swift,3333.3333333333335,1,0.07167919799498747,480000,1595.88,0,0,0,1,0,0,0,0,0,0
Tata Indigo CS LS (TDI) BS-III,2015,295000,120000,2,19.09,1405.0,69.01,5.0,1.0,0.0,0.0,1.0,0.0,1.0,10,Indigo,12000.0,2,0.04911743772241993,1200000,1317.4009,0,0,0,0,0,0,0,1,0,0
Mahindra Bolero LX,2006,210000,120000,1,19.5,1248.0,81.83,5.0,1.0,0.0,0.0,1.0,0.0,1.0,19,Bolero,6315.789473684211,2,0.06556891025641025,2280000,1595.685,0,0,0,0,0,1,0,0,0,0
Ford Figo Petrol EXI,2011,250000,25000,1,15.6,1196.0,70.0,5.0,0.0,0.0,1.0,1.0,0.0,1.0,14,Figo,1785.7142857142858,1,0.05852842809364549,350000,1092.0,1,0,0,0,0,0,0,0,0,0
Tata Indica Vista Quadrajet VX,2012,175000,60000,1,22.3,1248.0,74.0,5.0,1.0,0.0,0.0,1.0,0.0,1.0,13,Indica,4615.384615384615,1,0.05929487179487179,780000,1650.2,0,0,0,0,0,0,0,1,0,0
Ford Figo Diesel Titanium,2011,204999,70000,2,20.0,1399.0,68.0,5.0,1.0,0.0,0.0,1.0,0.0,1.0,14,Figo,5000.0,1,0.04860614724803431,980000,1360.0,1,0,0,0,0,0,0,0,0,0
Maruti Swift Dzire VDI Optional,2017,589000,41232,1,26.59,1248.0,74.0,5.0,1.0,0.0,0.0,0.0,0.0,1.0,8,Swift,5154.0,2,0.05929487179487179,329856,1967.66,0,0,0,1,0,0,0,0,0,0
Maruti Swift VDI BSIV,2017,525000,38000,2,19.5,1248.0,81.83,5.0,1.0,0.0,0.0,0.0,0.0,1.0,8,Swift,4750.0,1,0.06556891025641025,304000,1595.685,0,0,0,1,0,0,0,0,0,0
Maruti Wagon R VXI,2010,200000,35000,1,18.9,998.0,67.1,5.0,0.0,0.0,1.0,0.0,0.0,1.0,15,Wagon,2333.3333333333335,1,0.06723446893787574,525000,1268.1899999999998,0,0,0,1,0,0,0,0,0,0
Maruti Swift Dzire LXI,2018,611000,9000,1,19.1,1197.0,85.8,5.0,0.0,0.0,1.0,0.0,0.0,1.0,7,Swift,1285.7142857142858,1,0.07167919799498747,63000,1638.78,0,0,0,1,0,0,0,0,0,0
Hyundai Creta 1.4 CRDi S,2016,825000,39000,1,21.38,1396.0,88.7,5.0,1.0,0.0,0.0,0.0,0.0,1.0,9,Creta,4333.333333333333,1,0.06353868194842408,351000,1896.406,0,0,1,0,0,0,0,0,0,0
Ford Ecosport 1.5 Diesel Titanium,2015,599000,92651,1,21.7,1498.0,98.96,5.0,1.0,0.0,0.0,0.0,0.0,1.0,10,Ecosport,9265.1,2,0.06606141522029373,926510,2147.432,1,0,0,0,0,0,0,0,0,0
Maruti Swift LXi BSIV,2018,490000,28000,1,16.1,1197.0,85.0,5.0,0.0,0.0,1.0,0.0,0.0,1.0,7,Swift,4000.0,1,0.07101086048454469,196000,1368.5000000000002,0,0,0,1,0,0,0,0,0,0
Tata Zest Revotron 1.2 XT,2020,500000,40000,1,17.57,1193.0,88.7,5.0,0.0,0.0,1.0,1.0,0.0,1.0,5,Zest,8000.0,2,0.07435037720033529,200000,1558.459,0,0,0,0,0,0,0,1,0,0
Ford Aspire Titanium BSIV,2019,675000,7000,1,19.4,1194.0,94.93,5.0,0.0,0.0,1.0,1.0,0.0,1.0,6,Aspire,1166.6666666666667,1,0.07950586264656617,42000,1841.642,1,0,0,0,0,0,0,0,0,0
Hyundai Grand i10 1.2 Kappa Sportz Dual Tone,2018,570000,20000,1,18.9,1197.0,81.86,5.0,0.0,0.0,1.0,1.0,0.0,1.0,7,Grand,2857.1428571428573,1,0.0683876357560568,140000,1547.1539999999998,0,0,1,0,0,0,0,0,0,0
Hyundai Grand i10 1.2 CRDi Asta,2017,455000,50000,1,24.0,1186.0,73.97,5.0,1.0,0.0,0.0,1.0,0.0,1.0,8,Grand,6250.0,2,0.062369308600337264,400000,1775.28,0,0,1,0,0,0,0,0,0,0
Hyundai EON Era Plus,2013,165000,45000,2,21.1,814.0,55.2,5.0,0.0,0.0,1.0,1.0,0.0,1.0,12,EON,3750.0,1,0.06781326781326781,540000,1164.72,0,0,1,0,0,0,0,0,0,0
Honda City i VTEC VX Option BL,2016,925000,22000,1,17.8,1497.0,117.3,5.0,0.0,0.0,1.0,1.0,0.0,1.0,9,City,2444.4444444444443,1,0.0783567134268537,198000,2087.94,0,1,0,0,0,0,0,0,0,0
Tata Indigo CS eLX BS IV,2014,215000,100000,2,25.0,1396.0,69.01,5.0,1.0,0.0,0.0,1.0,0.0,1.0,11,Indigo,9090.90909090909,2,0.04943409742120344,1100000,1725.2500000000002,0,0,0,0,0,0,0,1,0,0
Maruti Swift VXI Optional,2016,470000,23700,1,20.4,1197.0,81.8,5.0,0.0,0.0,1.0,1.0,0.0,1.0,9,Swift,2633.3333333333335,1,0.0683375104427736,213300,1668.7199999999998,0,0,0,1,0,0,0,0,0,0
Maruti Swift VXI Deca,2016,470000,23700,1,20.4,1197.0,81.8,5.0,0.0,0.0,1.0,1.0,0.0,1.0,9,Swift,2633.3333333333335,1,0.0683375104427736,213300,1668.7199999999998,0,0,0,1,0,0,0,0,0,0
Maruti Ciaz ZDi Plus SHVS,2017,650000,60000,1,28.09,1248.0,88.5,5.0,1.0,0.0,0.0,1.0,0.0,1.0,8,Ciaz,7500.0,2,0.07091346153846154,480000,2485.965,0,0,0,1,0,0,0,0,0,0
Renault Captur 1.5 Diesel RXT,2017,900000,50000,1,20.37,1461.0,108.45,5.0,1.0,0.0,0.0,1.0,0.0,1.0,8,Captur,6250.0,2,0.0742299794661191,400000,2209.1265000000003,0,0,0,0,0,0,1,0,0,0
Ford Fiesta 1.6 SXI ABS Duratec,2011,325000,53287,1,19.5,1248.0,81.83,5.0,0.0,0.0,1.0,0.0,0.0,1.0,14,Fiesta,3806.214285714286,1,0.06556891025641025,746018,1595.685,1,0,0,0,0,0,0,0,0,0
Ford Fiesta Classic 1.4 SXI Duratorq,2009,190000,100000,2,17.8,1399.0,67.0,5.0,1.0,0.0,0.0,1.0,0.0,1.0,16,Fiesta,6250.0,2,0.04789135096497498,1600000,1192.6000000000001,1,0,0,0,0,0,0,0,0,0
Hyundai i20 Active 1.4 SX with AVN,2017,715000,60000,1,21.19,1396.0,88.73,5.0,1.0,0.0,0.0,1.0,0.0,1.0,8,i20,7500.0,2,0.06356017191977077,480000,1880.1887000000002,0,0,1,0,0,0,0,0,0,0
Tata Indigo CS eVX,2013,227999,60000,2,25.0,1396.0,69.01,5.0,1.0,0.0,0.0,1.0,0.0,1.0,12,Indigo,5000.0,1,0.04943409742120344,720000,1725.2500000000002,0,0,0,0,0,0,0,1,0,0
Chevrolet Beat Diesel LT,2015,200000,40000,1,25.44,936.0,56.3,5.0,1.0,0.0,0.0,1.0,0.0,1.0,10,Beat,4000.0,1,0.060149572649572644,400000,1432.272,0,0,0,0,0,0,0,0,0,0
Ford Figo Diesel Titanium,2014,300000,80000,1,20.0,1399.0,68.05,5.0,1.0,0.0,0.0,1.0,0.0,1.0,11,Figo,7272.727272727273,2,0.04864188706218728,880000,1361.0,1,0,0,0,0,0,0,0,0,0
Datsun GO T BSIV,2014,225000,33000,1,20.63,1198.0,67.0,5.0,0.0,0.0,1.0,1.0,0.0,1.0,11,GO,3000.0,1,0.055926544240400666,363000,1382.21,0,0,0,0,0,1,0,0,0,0
Hyundai i10 Magna 1.1L,2016,380000,80000,1,19.81,1086.0,68.05,5.0,0.0,0.0,1.0,1.0,0.0,1.0,9,i10,8888.888888888889,2,0.06266114180478821,720000,1348.0704999999998,0,0,1,0,0,0,0,0,0,0
Hyundai Elite i20 Magna Plus BSIV,2019,630000,5000,1,18.6,1197.0,81.86,5.0,0.0,0.0,1.0,1.0,0.0,1.0,6,Elite,833.3333333333334,1,0.0683876357560568,30000,1522.596,0,0,1,0,0,0,0,0,0,0
Hyundai i10 Magna 1.2 iTech SE,2014,351000,25000,1,20.36,1197.0,78.9,5.0,0.0,0.0,1.0,1.0,0.0,1.0,11,i10,2272.7272727272725,1,0.06591478696741855,275000,1606.404,0,0,1,0,0,0,0,0,0,0
Skoda Fabia 1.2 TDI Active Plus,2012,199000,50000,2,20.86,1199.0,75.0,5.0,1.0,0.0,0.0,1.0,0.0,1.0,13,Fabia,3846.153846153846,1,0.06255212677231026,650000,1564.5,0,0,0,0,0,1,0,0,0,0
Tata Indica Vista Terra Quadrajet 1.3L,2010,105000,120000,2,18.0,1248.0,75.0,5.0,1.0,0.0,0.0,1.0,0.0,1.0,15,Indica,8000.0,2,0.06009615384615385,1800000,1350.0,0,0,0,0,0,0,0,1,0,0
Tata Manza Aura (ABS) Quadrajet,2010,300000,120000,3,18.8,1248.0,90.0,5.0,1.0,0.0,0.0,1.0,0.0,1.0,15,Manza,8000.0,2,0.07211538461538461,1800000,1692.0,0,0,0,0,0,0,0,1,0,0
Hyundai Grand i10 1.2 CRDi Sportz,2018,540000,30000,1,24.0,1186.0,73.97,5.0,1.0,0.0,0.0,1.0,0.0,1.0,7,Grand,4285.714285714285,1,0.062369308600337264,210000,1775.28,0,0,1,0,0,0,0,0,0,0
Hyundai Santro Xing GL LPG,2012,175000,60000,2,24.03,1086.0,63.0,5.0,0.0,1.0,0.0,1.0,0.0,1.0,13,Santro,4615.384615384615,1,0.058011049723756904,780000,1513.89,0,0,1,0,0,0,0,0,0,0
Maruti Alto 800 LXI,2020,350000,5000,1,22.05,796.0,47.3,5.0,0.0,0.0,1.0,1.0,0.0,1.0,5,Alto,1000.0,1,0.059422110552763814,25000,1042.965,0,0,0,1,0,0,0,0,0,0
Hyundai Elite i20 Petrol Asta Option,2019,690000,18000,1,18.6,1197.0,81.86,5.0,0.0,0.0,1.0,1.0,0.0,1.0,6,Elite,3000.0,1,0.0683876357560568,108000,1522.596,0,0,1,0,0,0,0,0,0,0
Hyundai i20 Asta 1.4 CRDi,2015,535000,80000,1,22.54,1396.0,88.73,5.0,1.0,0.0,0.0,1.0,0.0,1.0,10,i20,8000.0,2,0.06356017191977077,800000,1999.9742,0,0,1,0,0,0,0,0,0,0
Maruti Vitara Brezza ZDi Plus,2016,730000,100000,1,24.3,1248.0,88.5,5.0,1.0,0.0,0.0,1.0,0.0,1.0,9,Vitara,11111.111111111111,2,0.07091346153846154,900000,2150.55,0,0,0,1,0,0,0,0,0,0
Hyundai EON Era Plus,2016,280000,19000,1,21.1,814.0,55.2,5.0,0.0,0.0,1.0,1.0,0.0,1.0,9,EON,2111.1111111111113,1,0.06781326781326781,171000,1164.72,0,0,1,0,0,0,0,0,0,0
Maruti Swift AMT ZXI,2019,650000,33000,1,21.21,1197.0,81.8,5.0,0.0,0.0,1.0,1.0,0.0,0.0,6,Swift,5500.0,2,0.0683375104427736,198000,1734.978,0,0,0,1,0,0,0,0,0,0
Hyundai Xcent 1.2 VTVT E,2020,360000,65000,2,20.14,1197.0,81.86,5.0,0.0,0.0,1.0,1.0,0.0,1.0,5,Xcent,13000.0,2,0.0683876357560568,325000,1648.6604,0,0,1,0,0,0,0,0,0,0
Maruti Swift Dzire Vdi BSIV,2011,250000,170000,1,19.3,1248.0,73.9,5.0,1.0,0.0,0.0,1.0,0.0,1.0,14,Swift,12142.857142857143,2,0.059214743589743594,2380000,1426.2700000000002,0,0,0,1,0,0,0,0,0,0
Volkswagen Ameo 1.5 TDI Trendline,2017,575000,40000,1,21.66,1498.0,108.62,5.0,1.0,0.0,0.0,1.0,0.0,1.0,8,Ameo,5000.0,1,0.07251001335113486,320000,2352.7092000000002,0,0,0,0,0,0,0,0,0,1
Tata Indigo CS LS (TDI) BS III,2012,170000,120000,3,19.09,1396.0,69.0,5.0,1.0,0.0,0.0,1.0,0.0,1.0,13,Indigo,9230.76923076923,2,0.0494269340974212,1560000,1317.21,0,0,0,0,0,0,0,1,0,0
Maruti Vitara Brezza LDi Option,2017,711000,53000,1,24.3,1248.0,88.5,5.0,1.0,0.0,0.0,1.0,0.0,1.0,8,Vitara,6625.0,2,0.07091346153846154,424000,2150.55,0,0,0,1,0,0,0,0,0,0
Maruti Wagon R VXI BSIII,2013,250000,90000,1,18.9,998.0,67.1,5.0,0.0,0.0,1.0,1.0,0.0,1.0,12,Wagon,7500.0,2,0.06723446893787574,1080000,1268.1899999999998,0,0,0,1,0,0,0,0,0,0
Maruti Swift Dzire VDI Optional,2017,675000,35000,1,26.59,1248.0,74.0,5.0,1.0,0.0,0.0,1.0,0.0,1.0,8,Swift,4375.0,1,0.05929487179487179,280000,1967.66,0,0,0,1,0,0,0,0,0,0
Maruti Wagon R VXI BS IV,2016,325000,50000,1,20.51,998.0,67.04,5.0,0.0,0.0,1.0,1.0,0.0,1.0,9,Wagon,5555.555555555556,2,0.06717434869739479,450000,1374.9904000000001,0,0,0,1,0,0,0,0,0,0
Maruti Alto 800 LXI,2016,250000,20000,1,22.74,796.0,47.3,5.0,0.0,0.0,1.0,1.0,0.0,1.0,9,Alto,2222.222222222222,1,0.059422110552763814,180000,1075.6019999999999,0,0,0,1,0,0,0,0,0,0
Maruti Swift AMT ZDI,2019,740000,38000,1,28.4,1248.0,74.0,5.0,1.0,0.0,0.0,1.0,0.0,0.0,6,Swift,6333.333333333333,2,0.05929487179487179,228000,2101.6,0,0,0,1,0,0,0,0,0,0
Maruti Ciaz 1.3 Alpha,2017,800000,28050,1,28.09,1248.0,88.5,5.0,1.0,0.0,0.0,0.0,0.0,1.0,8,Ciaz,3506.25,1,0.07091346153846154,224400,2485.965,0,0,0,1,0,0,0,0,0,0
Renault Duster 85PS Diesel RxZ,2014,425000,69000,1,19.87,1461.0,83.8,5.0,1.0,0.0,0.0,0.0,0.0,1.0,11,Duster,6272.727272727273,2,0.05735797399041752,759000,1665.106,0,0,0,0,0,0,1,0,0,0
Maruti Swift VXI Deca,2016,500000,22947,1,20.4,1197.0,81.8,5.0,0.0,0.0,1.0,1.0,0.0,1.0,9,Swift,2549.6666666666665,1,0.0683375104427736,206523,1668.7199999999998,0,0,0,1,0,0,0,0,0,0
Hyundai i10 Sportz,2013,300000,30000,2,20.36,1197.0,78.9,5.0,0.0,0.0,1.0,1.0,0.0,1.0,12,i10,2500.0,1,0.06591478696741855,360000,1606.404,0,0,1,0,0,0,0,0,0,0
Hyundai EON D Lite Plus,2016,270000,7672,1,21.1,814.0,55.2,5.0,0.0,0.0,1.0,1.0,0.0,1.0,9,EON,852.4444444444445,1,0.06781326781326781,69048,1164.72,0,0,1,0,0,0,0,0,0,0
Maruti Alto LXi,2010,160000,36659,1,19.7,796.0,46.3,5.0,0.0,0.0,1.0,1.0,0.0,1.0,15,Alto,2443.9333333333334,1,0.05816582914572864,549885,912.1099999999999,0,0,0,1,0,0,0,0,0,0
Maruti Zen Estilo Sports,2010,150000,39000,1,16.9,1061.0,64.9,5.0,0.0,0.0,1.0,1.0,0.0,1.0,15,Zen,2600.0,1,0.061168708765315744,585000,1096.81,0,0,0,1,0,0,0,0,0,0
Maruti Alto LXi,2009,160000,70000,3,19.7,796.0,46.3,5.0,0.0,0.0,1.0,1.0,0.0,1.0,16,Alto,4375.0,1,0.05816582914572864,1120000,912.1099999999999,0,0,0,1,0,0,0,0,0,0
Ford Figo Diesel EXI,2012,220000,100000,2,20.0,1399.0,68.0,5.0,1.0,0.0,0.0,1.0,0.0,1.0,13,Figo,7692.307692307692,2,0.04860614724803431,1300000,1360.0,1,0,0,0,0,0,0,0,0,0
Hyundai i20 1.4 Asta Option,2017,670000,48000,1,22.54,1396.0,88.73,5.0,1.0,0.0,0.0,1.0,0.0,1.0,8,i20,6000.0,2,0.06356017191977077,384000,1999.9742,0,0,1,0,0,0,0,0,0,0
Hyundai i20 1.4 Sportz,2018,780000,35000,1,22.54,1396.0,88.73,5.0,1.0,0.0,0.0,1.0,0.0,1.0,7,i20,5000.0,1,0.06356017191977077,245000,1999.9742,0,0,1,0,0,0,0,0,0,0
Maruti Baleno Sigma 1.2,2017,515000,23000,1,21.4,1197.0,83.1,5.0,0.0,0.0,1.0,1.0,0.0,1.0,8,Baleno,2875.0,1,0.06942355889724311,184000,1778.3399999999997,0,0,0,1,0,0,0,0,0,0
Hyundai i20 2015-2017 Asta 1.4 CRDi,2017,800000,14000,1,22.54,1396.0,88.73,5.0,1.0,0.0,0.0,1.0,0.0,1.0,8,i20,1750.0,1,0.06356017191977077,112000,1999.9742,0,0,1,0,0,0,0,0,0,0
Hyundai EON Era Plus,2013,200000,60000,2,21.1,814.0,55.2,5.0,0.0,0.0,1.0,1.0,0.0,1.0,12,EON,5000.0,1,0.06781326781326781,720000,1164.72,0,0,1,0,0,0,0,0,0,0
Skoda Fabia 1.4 TDI Ambiente,2008,140000,150000,3,19.4,1422.0,70.0,5.0,1.0,0.0,0.0,1.0,0.0,1.0,17,Fabia,8823.529411764706,2,0.04922644163150492,2550000,1358.0,0,0,0,0,0,1,0,0,0,0
Maruti Alto K10 2010-2014 VXI,2013,250000,35000,1,20.92,998.0,67.1,5.0,0.0,0.0,1.0,1.0,0.0,1.0,12,Alto,2916.6666666666665,1,0.06723446893787574,420000,1403.732,0,0,0,1,0,0,0,0,0,0
Maruti S-Cross 2017-2020 Zeta DDiS 200 SH,2017,800000,44500,1,25.1,1248.0,88.5,5.0,1.0,0.0,0.0,1.0,0.0,1.0,8,S-Cross,5562.5,2,0.07091346153846154,356000,2221.35,0,0,0,1,0,0,0,0,0,0
Maruti Ciaz ZDi Plus,2015,600000,60000,3,26.21,1248.0,88.5,5.0,1.0,0.0,0.0,1.0,0.0,1.0,10,Ciaz,6000.0,2,0.07091346153846154,600000,2319.585,0,0,0,1,0,0,0,0,0,0
Renault Fluence Diesel E4,2012,250000,120000,3,21.8,1461.0,78.0,5.0,1.0,0.0,0.0,1.0,0.0,1.0,13,Fluence,9230.76923076923,2,0.053388090349075976,1560000,1700.4,0,0,0,0,0,0,1,0,0,0
Honda Amaze S i-DTEC,2016,500000,80000,2,25.8,1498.0,98.6,5.0,1.0,0.0,0.0,1.0,0.0,1.0,9,Amaze,8888.888888888889,2,0.06582109479305741,720000,2543.88,0,1,0,0,0,0,0,0,0,0
Maruti Swift ZDi,2014,650000,68000,1,22.9,1248.0,74.0,5.0,1.0,0.0,0.0,1.0,0.0,1.0,11,Swift,6181.818181818182,2,0.05929487179487179,748000,1694.6,0,0,0,1,0,0,0,0,0,0
Toyota Etios Liva G,2012,350000,40000,3,19.5,1248.0,81.83,5.0,0.0,0.0,1.0,1.0,0.0,1.0,13,Etios,3076.923076923077,1,0.06556891025641025,520000,1595.685,0,0,0,0,0,0,0,0,1,0
Hyundai Grand i10 1.2 Kappa Sportz Dual Tone,2019,640000,10000,1,18.9,1197.0,81.86,5.0,0.0,0.0,1.0,1.0,0.0,1.0,6,Grand,1666.6666666666667,1,0.0683876357560568,60000,1547.1539999999998,0,0,1,0,0,0,0,0,0,0
Maruti A-Star Vxi,2011,347000,30000,1,19.0,998.0,66.1,5.0,0.0,0.0,1.0,1.0,0.0,1.0,14,A-Star,2142.8571428571427,1,0.06623246492985971,420000,1255.8999999999999,0,0,0,1,0,0,0,0,0,0
Hyundai EON Sportz,2016,300000,35000,1,21.1,814.0,55.2,5.0,0.0,0.0,1.0,1.0,0.0,1.0,9,EON,3888.8888888888887,1,0.06781326781326781,315000,1164.72,0,0,1,0,0,0,0,0,0,0
Tata Tigor 1.2 Revotron XZ,2017,493000,40000,1,20.3,1199.0,84.0,5.0,0.0,0.0,1.0,1.0,0.0,1.0,8,Tigor,5000.0,1,0.07005838198498748,320000,1705.2,0,0,0,0,0,0,0,1,0,0
Hyundai Grand i10 Magna,2014,370000,60000,1,18.9,1197.0,82.0,5.0,0.0,0.0,1.0,1.0,0.0,1.0,11,Grand,5454.545454545455,2,0.06850459482038429,660000,1549.8,0,0,1,0,0,0,0,0,0,0
Maruti Swift Dzire ZDi,2008,250000,90000,4,19.3,1248.0,73.9,5.0,1.0,0.0,0.0,1.0,0.0,1.0,17,Swift,5294.117647058823,2,0.059214743589743594,1530000,1426.2700000000002,0,0,0,1,0,0,0,0,0,0
Datsun RediGO 1.0 T Option,2017,300000,20000,1,22.5,999.0,67.0,5.0,0.0,0.0,1.0,1.0,0.0,1.0,8,RediGO,2500.0,1,0.06706706706706707,160000,1507.5,0,0,0,0,0,1,0,0,0,0
Renault KWID Climber 1.0 AMT,2017,450000,40000,1,24.04,999.0,67.0,5.0,0.0,0.0,1.0,1.0,0.0,0.0,8,KWID,5000.0,1,0.06706706706706707,320000,1610.6799999999998,0,0,0,0,0,0,1,0,0,0
Ford Figo Diesel Titanium,2010,185000,124316,2,20.0,1399.0,68.0,5.0,1.0,0.0,0.0,0.0,0.0,1.0,15,Figo,8287.733333333334,2,0.04860614724803431,1864740,1360.0,1,0,0,0,0,0,0,0,0,0
Mahindra XUV300 W8 Option Dual Tone Diesel BSIV,2019,1225000,6544,1,20.0,1497.0,115.0,5.0,1.0,0.0,0.0,1.0,0.0,1.0,6,XUV300,1090.6666666666667,1,0.07682030728122913,39264,2300.0,0,0,0,0,0,1,0,0,0,0
Hyundai i20 Magna 1.2,2016,600000,10000,1,18.6,1197.0,81.83,5.0,0.0,0.0,1.0,1.0,0.0,1.0,9,i20,1111.111111111111,1,0.06836257309941521,90000,1522.038,0,0,1,0,0,0,0,0,0,0
Hyundai Grand i10 SportZ Edition,2015,360000,30000,2,18.9,1197.0,81.86,5.0,0.0,0.0,1.0,1.0,0.0,1.0,10,Grand,3000.0,1,0.0683876357560568,300000,1547.1539999999998,0,0,1,0,0,0,0,0,0,0
Maruti Swift Dzire VXi,2012,285000,69000,1,17.5,1298.0,85.8,5.0,0.0,0.0,1.0,1.0,0.0,1.0,13,Swift,5307.692307692308,2,0.06610169491525424,897000,1501.5,0,0,0,1,0,0,0,0,0,0
Hyundai i10 Era,2008,130000,30000,2,19.81,1086.0,68.05,5.0,0.0,0.0,1.0,1.0,0.0,1.0,17,i10,1764.7058823529412,1,0.06266114180478821,510000,1348.0704999999998,0,0,1,0,0,0,0,0,0,0
Hyundai i20 Asta (o),2010,350000,80000,1,17.0,1197.0,80.0,5.0,0.0,0.0,1.0,1.0,0.0,1.0,15,i20,5333.333333333333,2,0.06683375104427736,1200000,1360.0,0,0,1,0,0,0,0,0,0,0
Maruti Baleno Delta Automatic,2019,685000,19000,1,21.4,1197.0,83.1,5.0,0.0,0.0,1.0,1.0,0.0,0.0,6,Baleno,3166.6666666666665,1,0.06942355889724311,114000,1778.3399999999997,0,0,0,1,0,0,0,0,0,0
Maruti Eeco CNG 5 Seater AC BSIV,2020,399000,5000,1,29.619000000000003,1196.0,61.7,5.0,0.0,0.0,0.0,1.0,0.0,1.0,5,Eeco,1000.0,1,0.051588628762541805,25000,1827.4923000000003,0,0,0,1,0,0,0,0,0,0
Hyundai Grand i10 1.2 Kappa Magna BSIV,2017,525000,10000,1,18.9,1197.0,81.86,5.0,0.0,0.0,1.0,1.0,0.0,1.0,8,Grand,1250.0,1,0.0683876357560568,80000,1547.1539999999998,0,0,1,0,0,0,0,0,0,0
Maruti Swift VDI,2012,450000,97000,3,22.9,1248.0,74.0,5.0,1.0,0.0,0.0,1.0,0.0,1.0,13,Swift,7461.538461538462,2,0.05929487179487179,1261000,1694.6,0,0,0,1,0,0,0,0,0,0
Nissan Micra Active XV,2014,390000,30000,1,19.69,1198.0,67.04,5.0,0.0,0.0,1.0,1.0,0.0,1.0,11,Micra,2727.2727272727275,1,0.05595993322203673,330000,1320.0176000000001,0,0,0,0,1,0,0,0,0,0
Renault Duster 110PS Diesel RxZ,2013,650000,120000,2,19.01,1461.0,108.45,5.0,1.0,0.0,0.0,1.0,0.0,1.0,12,Duster,10000.0,2,0.0742299794661191,1440000,2061.6345,0,0,0,0,0,0,1,0,0,0
Ford Figo Diesel Titanium,2012,320000,103994,4,20.0,1399.0,68.0,5.0,1.0,0.0,0.0,1.0,0.0,1.0,13,Figo,7999.538461538462,2,0.04860614724803431,1351922,1360.0,1,0,0,0,0,0,0,0,0,0
Ford Figo Aspire 1.5 TDCi Titanium,2017,670000,70000,1,25.83,1498.0,99.0,5.0,1.0,0.0,0.0,1.0,0.0,1.0,8,Figo,8750.0,2,0.06608811748998665,560000,2557.1699999999996,1,0,0,0,0,0,0,0,0,0
Maruti SX4 ZDI Leather,2011,350000,115000,4,21.5,1248.0,88.8,5.0,1.0,0.0,0.0,1.0,0.0,1.0,14,SX4,8214.285714285714,2,0.07115384615384615,1610000,1909.2,0,0,0,1,0,0,0,0,0,0
Tata Indica Vista Quadrajet VX,2012,285000,178000,2,22.3,1248.0,74.0,5.0,1.0,0.0,0.0,1.0,0.0,1.0,13,Indica,13692.307692307691,2,0.05929487179487179,2314000,1650.2,0,0,0,0,0,0,0,1,0,0
Maruti Zen Estilo LX BSIV,2011,300000,40000,3,19.0,998.0,67.1,5.0,0.0,0.0,1.0,1.0,0.0,1.0,14,Zen,2857.1428571428573,1,0.06723446893787574,560000,1274.8999999999999,0,0,0,1,0,0,0,0,0,0
Ford Figo Diesel EXI,2011,300000,80000,1,20.0,1399.0,68.0,5.0,1.0,0.0,0.0,1.0,0.0,1.0,14,Figo,5714.285714285715,2,0.04860614724803431,1120000,1360.0,1,0,0,0,0,0,0,0,0,0
Tata Indica V2 DLS TC,2009,90000,118000,2,16.8,1405.0,62.0,5.0,1.0,0.0,0.0,1.0,0.0,1.0,16,Indica,7375.0,2,0.04412811387900356,1888000,1041.6000000000001,0,0,0,0,0,0,0,1,0,0
Maruti Alto LX,2004,100000,100000,2,19.7,796.0,46.3,5.0,0.0,0.0,1.0,1.0,0.0,1.0,21,Alto,4761.9047619047615,1,0.05816582914572864,2100000,912.1099999999999,0,0,0,1,0,0,0,0,0,0
Tata Indica V2 2001-2011 DLS BSIII,2009,90000,120000,2,17.88,1396.0,52.8,5.0,1.0,0.0,0.0,1.0,0.0,1.0,16,Indica,7500.0,2,0.03782234957020057,1920000,944.0639999999999,0,0,0,0,0,0,0,1,0,0
Maruti Wagon R AX BSIV,2011,250000,65000,2,18.9,998.0,67.1,5.0,0.0,0.0,1.0,1.0,0.0,1.0,14,Wagon,4642.857142857143,1,0.06723446893787574,910000,1268.1899999999998,0,0,0,1,0,0,0,0,0,0
Hyundai i10 Asta,2012,300000,41000,2,20.36,1197.0,78.9,5.0,0.0,0.0,1.0,1.0,0.0,1.0,13,i10,3153.846153846154,1,0.06591478696741855,533000,1606.404,0,0,1,0,0,0,0,0,0,0
Maruti Swift ZXI ABS,2005,130000,120000,2,16.1,1298.0,88.2,5.0,0.0,0.0,1.0,1.0,0.0,1.0,20,Swift,6000.0,2,0.0679506933744222,2400000,1420.0200000000002,0,0,0,1,0,0,0,0,0,0
Maruti Alto K10 LXI,2011,199000,70000,3,20.92,998.0,67.1,5.0,0.0,0.0,1.0,1.0,0.0,1.0,14,Alto,5000.0,1,0.06723446893787574,980000,1403.732,0,0,0,1,0,0,0,0,0,0
Renault Duster 85PS Diesel RxL Optional,2012,545000,90000,2,20.46,1461.0,83.8,5.0,1.0,0.0,0.0,1.0,0.0,1.0,13,Duster,6923.076923076923,2,0.05735797399041752,1170000,1714.548,0,0,0,0,0,0,1,0,0,0
Honda City 2017-2020 VTEC,2006,150000,120000,2,16.9,1497.0,100.0,5.0,0.0,0.0,1.0,1.0,0.0,1.0,19,City,6315.789473684211,2,0.06680026720106881,2280000,1689.9999999999998,0,1,0,0,0,0,0,0,0,0
Maruti Alto STD,2009,114999,100000,1,19.7,796.0,46.3,5.0,0.0,0.0,1.0,1.0,0.0,1.0,16,Alto,6250.0,2,0.05816582914572864,1600000,912.1099999999999,0,0,0,1,0,0,0,0,0,0
Tata Tigor 1.2 Revotron XT,2018,450000,35000,1,20.3,1199.0,84.0,5.0,0.0,0.0,1.0,1.0,0.0,1.0,7,Tigor,5000.0,1,0.07005838198498748,245000,1705.2,0,0,0,0,0,0,0,1,0,0
Maruti Vitara Brezza VDi Option,2016,610000,110000,1,24.3,1248.0,88.5,5.0,1.0,0.0,0.0,1.0,0.0,1.0,9,Vitara,12222.222222222223,2,0.07091346153846154,990000,2150.55,0,0,0,1,0,0,0,0,0,0
Hyundai i20 1.2 Asta Option,2017,690000,20000,1,18.6,1197.0,81.83,5.0,0.0,0.0,1.0,1.0,0.0,1.0,8,i20,2500.0,1,0.06836257309941521,160000,1522.038,0,0,1,0,0,0,0,0,0,0
Tata Nexon 1.2 Revotron XZ Plus,2018,790000,15000,1,17.0,1198.0,108.5,5.0,0.0,0.0,1.0,1.0,0.0,1.0,7,Nexon,2142.8571428571427,1,0.09056761268781302,105000,1844.5,0,0,0,0,0,0,0,1,0,0
Maruti Alto K10 2010-2014 VXI,2014,254999,40000,2,20.92,998.0,67.1,5.0,0.0,0.0,1.0,1.0,0.0,1.0,11,Alto,3636.3636363636365,1,0.06723446893787574,440000,1403.732,0,0,0,1,0,0,0,0,0,0
Honda Jazz 1.2 V i VTEC,2016,500000,41000,1,18.7,1199.0,88.7,5.0,0.0,0.0,1.0,1.0,0.0,1.0,9,Jazz,4555.555555555556,1,0.07397831526271893,369000,1658.69,0,1,0,0,0,0,0,0,0,0
Ford Fiesta Classic 1.4 Duratorq CLXI,2012,340000,120000,3,17.8,1399.0,67.0,5.0,1.0,0.0,0.0,1.0,0.0,1.0,13,Fiesta,9230.76923076923,2,0.04789135096497498,1560000,1192.6000000000001,1,0,0,0,0,0,0,0,0,0
Maruti Wagon R LXI,2008,221000,35008,1,21.79,998.0,67.05,5.0,0.0,0.0,1.0,0.0,0.0,1.0,17,Wagon,2059.294117647059,1,0.06718436873747495,595136,1461.0194999999999,0,0,0,1,0,0,0,0,0,0
Datsun RediGO T,2017,270000,31100,1,22.7,799.0,53.64,5.0,0.0,0.0,1.0,0.0,0.0,1.0,8,RediGO,3887.5,1,0.06713391739674593,248800,1217.628,0,0,0,0,0,1,0,0,0,0
Hyundai Xcent 1.1 CRDi Base,2014,455000,42312,1,24.4,1120.0,71.0,5.0,1.0,0.0,0.0,0.0,0.0,1.0,11,Xcent,3846.5454545454545,1,0.06339285714285714,465432,1732.3999999999999,0,0,1,0,0,0,0,0,0,0
Toyota Etios G Safety,2011,300000,72000,1,17.6,1496.0,88.7,5.0,0.0,0.0,1.0,0.0,0.0,1.0,14,Etios,5142.857142857143,2,0.059291443850267384,1008000,1561.1200000000001,0,0,0,0,0,0,0,0,1,0
Toyota Etios Liva 1.4 GD,2014,480000,54891,1,23.59,1364.0,67.04,5.0,1.0,0.0,0.0,0.0,0.0,1.0,11,Etios,4990.090909090909,1,0.04914956011730206,603801,1581.4736,0,0,0,0,0,0,0,0,1,0
Renault Pulse RxZ Optional,2012,245000,100000,1,23.08,1461.0,63.1,5.0,1.0,0.0,0.0,0.0,0.0,1.0,13,Pulse,7692.307692307692,2,0.0431895961670089,1300000,1456.348,0,0,0,0,0,0,1,0,0,0
Hyundai Grand i10 Magna AT,2019,625000,4337,1,18.9,1197.0,82.0,5.0,0.0,0.0,1.0,0.0,0.0,0.0,6,Grand,722.8333333333334,1,0.06850459482038429,26022,1549.8,0,0,1,0,0,0,0,0,0,0
Volkswagen Polo 2015-2019 1.0 MPI Trendline,2018,560000,14495,1,18.78,999.0,75.0,5.0,0.0,0.0,1.0,0.0,0.0,1.0,7,Polo,2070.714285714286,1,0.07507507507507508,101465,1408.5,0,0,0,0,0,0,0,0,0,1
Toyota Corolla Altis Diesel D4DG,2010,425000,83585,1,21.43,1364.0,87.2,5.0,1.0,0.0,0.0,0.0,0.0,1.0,15,Corolla,5572.333333333333,2,0.06392961876832845,1253775,1868.6960000000001,0,0,0,0,0,0,0,0,1,0
Volkswagen Polo GT TSI,2014,550000,31000,2,17.21,1197.0,103.6,5.0,0.0,0.0,1.0,0.0,0.0,0.0,11,Polo,2818.181818181818,1,0.08654970760233918,341000,1782.956,0,0,0,0,0,0,0,0,0,1
Renault Duster 85PS Diesel RxL,2017,750000,48406,1,19.87,1461.0,83.8,5.0,1.0,0.0,0.0,0.0,0.0,1.0,8,Duster,6050.75,2,0.05735797399041752,387248,1665.106,0,0,0,0,0,0,1,0,0,0
Hyundai i20 Era 1.4 CRDi,2016,570000,56239,1,22.54,1396.0,88.73,5.0,1.0,0.0,0.0,0.0,0.0,1.0,9,i20,6248.777777777777,2,0.06356017191977077,506151,1999.9742,0,0,1,0,0,0,0,0,0,0
Maruti Baleno Delta 1.2,2015,585000,33243,1,21.4,1197.0,83.1,5.0,0.0,0.0,1.0,0.0,0.0,1.0,10,Baleno,3324.3,1,0.06942355889724311,332430,1778.3399999999997,0,0,0,1,0,0,0,0,0,0
Honda Jazz 1.2 S AT i VTEC,2016,600000,26000,1,19.0,1199.0,88.7,5.0,0.0,0.0,1.0,0.0,0.0,0.0,9,Jazz,2888.8888888888887,1,0.07397831526271893,234000,1685.3,0,1,0,0,0,0,0,0,0,0
Toyota Etios GD,2012,415000,90000,1,19.5,1248.0,81.83,5.0,1.0,0.0,0.0,1.0,0.0,1.0,13,Etios,6923.076923076923,2,0.06556891025641025,1170000,1595.685,0,0,0,0,0,0,0,0,1,0
Hyundai i20 Active 1.2 SX with AVN,2016,530000,120000,2,17.19,1197.0,81.86,5.0,0.0,0.0,1.0,1.0,0.0,1.0,9,i20,13333.333333333334,2,0.0683876357560568,1080000,1407.1734000000001,0,0,1,0,0,0,0,0,0,0
Ford Ikon 1.3 Flair,2005,150000,15858,1,13.8,1299.0,70.0,5.0,0.0,0.0,1.0,1.0,0.0,1.0,20,Ikon,792.9,1,0.05388760585065435,317160,966.0,1,0,0,0,0,0,0,0,0,0
Maruti Alto 800 LXI,2017,310000,15000,1,24.7,796.0,47.3,5.0,0.0,0.0,1.0,1.0,0.0,1.0,8,Alto,1875.0,1,0.059422110552763814,120000,1168.31,0,0,0,1,0,0,0,0,0,0
Chevrolet Beat Diesel,2013,200000,60000,2,25.44,936.0,57.6,5.0,1.0,0.0,0.0,1.0,0.0,1.0,12,Beat,5000.0,1,0.06153846153846154,720000,1465.344,0,0,0,0,0,0,0,0,0,0
Maruti Swift LXI Optional-O,2015,400000,50000,1,20.4,1197.0,83.11,5.0,0.0,0.0,1.0,1.0,0.0,1.0,10,Swift,5000.0,1,0.06943191311612364,500000,1695.444,0,0,0,1,0,0,0,0,0,0
Maruti Swift VDI,2015,480000,87847,1,28.4,1248.0,74.0,5.0,1.0,0.0,0.0,0.0,0.0,1.0,10,Swift,8784.7,2,0.05929487179487179,878470,2101.6,0,0,0,1,0,0,0,0,0,0
Maruti Alto LXi,2009,140000,35000,1,19.7,796.0,46.3,5.0,0.0,0.0,1.0,1.0,0.0,1.0,16,Alto,2187.5,1,0.05816582914572864,560000,912.1099999999999,0,0,0,1,0,0,0,0,0,0
Maruti Swift VXI 2018,2018,550000,5000,1,22.0,1197.0,81.8,5.0,0.0,0.0,1.0,1.0,0.0,1.0,7,Swift,714.2857142857143,1,0.0683375104427736,35000,1799.6,0,0,0,1,0,0,0,0,0,0
Maruti Wagon R AMT VXI,2017,380000,29000,1,20.51,998.0,67.0,5.0,0.0,0.0,1.0,1.0,0.0,0.0,8,Wagon,3625.0,1,0.06713426853707415,232000,1374.17,0,0,0,1,0,0,0,0,0,0
Tata Indigo CS LS (TDI) BS-III,2016,440000,20000,1,19.09,1405.0,69.01,5.0,1.0,0.0,0.0,1.0,0.0,1.0,9,Indigo,2222.222222222222,1,0.04911743772241993,180000,1317.4009,0,0,0,0,0,0,0,1,0,0
Maruti Swift Dzire VXI 1.2,2018,630000,15000,1,21.21,1197.0,81.8,5.0,0.0,0.0,1.0,1.0,0.0,1.0,7,Swift,2142.8571428571427,1,0.0683375104427736,105000,1734.978,0,0,0,1,0,0,0,0,0,0
Renault KWID RXL,2017,250000,40000,1,25.17,799.0,53.3,5.0,0.0,0.0,1.0,1.0,0.0,1.0,8,KWID,5000.0,1,0.06670838548185232,320000,1341.561,0,0,0,0,0,0,1,0,0,0
Maruti Alto LX,2009,120000,17000,1,19.7,796.0,46.3,5.0,0.0,0.0,1.0,1.0,0.0,1.0,16,Alto,1062.5,1,0.05816582914572864,272000,912.1099999999999,0,0,0,1,0,0,0,0,0,0
Tata Manza Aura Quadrajet BS IV,2012,287000,120000,1,21.12,1248.0,88.8,5.0,1.0,0.0,0.0,1.0,0.0,1.0,13,Manza,9230.76923076923,2,0.07115384615384615,1560000,1875.4560000000001,0,0,0,0,0,0,0,1,0,0
Maruti Baleno Delta 1.2,2016,550000,45000,1,21.4,1197.0,83.1,5.0,0.0,0.0,1.0,1.0,0.0,1.0,9,Baleno,5000.0,1,0.06942355889724311,405000,1778.3399999999997,0,0,0,1,0,0,0,0,0,0
Ford Fiesta 1.5 TDCi Trend,2015,501000,80000,2,25.01,1498.0,89.75,5.0,1.0,0.0,0.0,1.0,0.0,1.0,10,Fiesta,8000.0,2,0.059913217623497994,800000,2244.6475,1,0,0,0,0,0,0,0,0,0
Maruti Alto 800 LXI,2016,300000,25000,1,22.74,796.0,47.3,5.0,0.0,0.0,1.0,1.0,0.0,1.0,9,Alto,2777.777777777778,1,0.059422110552763814,225000,1075.6019999999999,0,0,0,1,0,0,0,0,0,0
Maruti Wagon R VXI BS IV,2015,300000,50000,3,20.51,998.0,67.04,5.0,0.0,0.0,1.0,1.0,0.0,1.0,10,Wagon,5000.0,1,0.06717434869739479,500000,1374.9904000000001,0,0,0,1,0,0,0,0,0,0
Toyota Etios Liva GD,2012,280000,100000,2,19.5,1248.0,81.83,5.0,1.0,0.0,0.0,1.0,0.0,1.0,13,Etios,7692.307692307692,2,0.06556891025641025,1300000,1595.685,0,0,0,0,0,0,0,0,1,0
Chevrolet Sail 1.2 LS ABS,2016,550000,15000,1,18.2,1199.0,82.4,5.0,0.0,0.0,1.0,1.0,0.0,1.0,9,Sail,1666.6666666666667,1,0.06872393661384488,135000,1499.68,0,0,0,0,0,0,0,0,0,0
Tata Indigo CS eGLX BS IV,2011,181000,70000,1,15.64,1193.0,64.1,5.0,0.0,0.0,1.0,1.0,0.0,1.0,14,Indigo,5000.0,1,0.053730092204526396,980000,1002.524,0,0,0,0,0,0,0,1,0,0
Hyundai Santro Xing XO eRLX Euro II,2006,150000,9558,1,19.5,1248.0,81.83,5.0,0.0,0.0,1.0,1.0,0.0,1.0,19,Santro,503.05263157894734,1,0.06556891025641025,181602,1595.685,0,0,1,0,0,0,0,0,0,0
Maruti Alto K10 VXI AGS Optional,2017,400000,10000,1,23.95,998.0,67.1,5.0,0.0,0.0,1.0,1.0,0.0,0.0,8,Alto,1250.0,1,0.06723446893787574,80000,1607.0449999999998,0,0,0,1,0,0,0,0,0,0
Hyundai i10 Sportz,2010,210000,110000,1,20.36,1197.0,78.9,5.0,0.0,0.0,1.0,1.0,0.0,1.0,15,i10,7333.333333333333,2,0.06591478696741855,1650000,1606.404,0,0,1,0,0,0,0,0,0,0
Tata Zest Revotron 1.2 XT,2017,550000,120000,1,17.57,1193.0,88.7,5.0,0.0,0.0,1.0,1.0,0.0,1.0,8,Zest,15000.0,2,0.07435037720033529,960000,1558.459,0,0,0,0,0,0,0,1,0,0
Hyundai i20 Asta 1.4 CRDi,2013,459999,60000,2,21.27,1396.0,88.76,5.0,1.0,0.0,0.0,1.0,0.0,1.0,12,i20,5000.0,1,0.06358166189111748,720000,1887.9252000000001,0,0,1,0,0,0,0,0,0,0
Maruti Alto 800 LXI,2015,310000,18000,1,22.74,796.0,47.3,5.0,0.0,0.0,1.0,1.0,0.0,1.0,10,Alto,1800.0,1,0.059422110552763814,180000,1075.6019999999999,0,0,0,1,0,0,0,0,0,0
Tata Zest Quadrajet 1.3 75PS XMS,2018,775000,80000,1,22.95,1248.0,74.0,5.0,1.0,0.0,0.0,1.0,0.0,1.0,7,Zest,11428.57142857143,2,0.05929487179487179,560000,1698.3,0,0,0,0,0,0,0,1,0,0
Maruti Alto LXI,2004,105000,96000,3,19.7,796.0,46.3,5.0,0.0,0.0,1.0,1.0,0.0,1.0,21,Alto,4571.428571428572,1,0.05816582914572864,2016000,912.1099999999999,0,0,0,1,0,0,0,0,0,0
Honda Amaze S i-Dtech,2015,430000,97000,2,25.8,1498.0,98.6,5.0,1.0,0.0,0.0,1.0,0.0,1.0,10,Amaze,9700.0,2,0.06582109479305741,970000,2543.88,0,1,0,0,0,0,0,0,0,0
Volkswagen Vento Diesel Breeze,2012,400000,60000,3,20.5,1598.0,105.0,5.0,1.0,0.0,0.0,1.0,0.0,1.0,13,Vento,4615.384615384615,1,0.06570713391739674,780000,2152.5,0,0,0,0,0,0,0,0,0,1
Maruti Swift Dzire ZDI,2014,600000,90000,1,23.4,1248.0,74.0,5.0,1.0,0.0,0.0,1.0,0.0,1.0,11,Swift,8181.818181818182,2,0.05929487179487179,990000,1731.6,0,0,0,1,0,0,0,0,0,0
Honda WR-V i-VTEC VX,2019,580000,35000,1,17.5,1199.0,88.7,5.0,0.0,0.0,1.0,1.0,0.0,1.0,6,WR-V,5833.333333333333,2,0.07397831526271893,210000,1552.25,0,1,0,0,0,0,0,0,0,0
Mahindra Verito 1.5 D2 BSIV,2012,140000,120000,2,21.03,1461.0,65.0,5.0,1.0,0.0,0.0,1.0,0.0,1.0,13,Verito,9230.76923076923,2,0.044490075290896644,1560000,1366.95,0,0,0,0,0,1,0,0,0,0
Tata Indigo TDI,2008,210000,100000,1,19.61,1405.0,70.0,5.0,1.0,0.0,0.0,1.0,0.0,1.0,17,Indigo,5882.35294117647,2,0.0498220640569395,1700000,1372.7,0,0,0,0,0,0,0,1,0,0
Hyundai Grand i10 Asta Option,2017,550000,20000,1,18.9,1197.0,82.0,5.0,0.0,0.0,1.0,1.0,0.0,1.0,8,Grand,2500.0,1,0.06850459482038429,160000,1549.8,0,0,1,0,0,0,0,0,0,0
Chevrolet Sail Hatchback Petrol LS ABS,2013,120000,110000,2,18.2,1199.0,84.8,5.0,0.0,0.0,1.0,1.0,0.0,1.0,12,Sail,9166.666666666666,2,0.0707256046705588,1320000,1543.36,0,0,0,0,0,0,0,0,0,0
Honda WR-V i-DTEC VX,2018,1035000,15000,1,25.5,1498.0,98.6,5.0,1.0,0.0,0.0,1.0,0.0,1.0,7,WR-V,2142.8571428571427,1,0.06582109479305741,105000,2514.2999999999997,0,1,0,0,0,0,0,0,0,0
Maruti Ciaz VDi Plus,2015,625000,90000,1,26.21,1248.0,88.5,5.0,1.0,0.0,0.0,1.0,0.0,1.0,10,Ciaz,9000.0,2,0.07091346153846154,900000,2319.585,0,0,0,1,0,0,0,0,0,0
Hyundai i10 Magna,2008,200000,40000,1,20.36,1197.0,78.9,5.0,0.0,0.0,1.0,1.0,0.0,1.0,17,i10,2352.9411764705883,1,0.06591478696741855,680000,1606.404,0,0,1,0,0,0,0,0,0,0
Tata Manza Club Class Quadrajet90 EX,2013,316000,140000,1,21.02,1248.0,88.76,5.0,1.0,0.0,0.0,1.0,0.0,1.0,12,Manza,11666.666666666666,2,0.07112179487179487,1680000,1865.7352,0,0,0,0,0,0,0,1,0,0
Maruti Vitara Brezza ZDi,2017,813000,110000,1,24.3,1248.0,88.5,5.0,1.0,0.0,0.0,1.0,0.0,1.0,8,Vitara,13750.0,2,0.07091346153846154,880000,2150.55,0,0,0,1,0,0,0,0,0,0
Ford Figo Aspire 1.5 TDCi Trend,2015,459999,32000,2,25.83,1498.0,99.0,5.0,1.0,0.0,0.0,1.0,0.0,1.0,10,Figo,3200.0,1,0.06608811748998665,320000,2557.1699999999996,1,0,0,0,0,0,0,0,0,0
Nissan Sunny Diesel XV,2012,290000,112072,1,21.64,1461.0,84.8,5.0,1.0,0.0,0.0,1.0,0.0,1.0,13,Sunny,8620.923076923076,2,0.05804243668720054,1456936,1835.072,0,0,0,0,1,0,0,0,0,0
Ford Figo Diesel EXI,2014,400000,30000,1,20.0,1399.0,68.05,5.0,1.0,0.0,0.0,1.0,0.0,1.0,11,Figo,2727.2727272727275,1,0.04864188706218728,330000,1361.0,1,0,0,0,0,0,0,0,0,0
Maruti Swift VDI BSIV,2016,565000,70000,2,25.2,1248.0,74.0,5.0,1.0,0.0,0.0,1.0,0.0,1.0,9,Swift,7777.777777777777,2,0.05929487179487179,630000,1864.8,0,0,0,1,0,0,0,0,0,0
Chevrolet Spark 1.0 LS,2009,150000,80000,2,18.0,995.0,62.0,5.0,0.0,0.0,1.0,1.0,0.0,1.0,16,Spark,5000.0,1,0.062311557788944726,1280000,1116.0,0,0,0,0,0,0,0,0,0,0
Maruti Zen Estilo 1.1 LX BSIII,2007,70000,80000,2,18.2,1061.0,64.0,5.0,0.0,0.0,1.0,1.0,0.0,1.0,18,Zen,4444.444444444444,1,0.060320452403393024,1440000,1164.8,0,0,0,1,0,0,0,0,0,0
Hyundai Santro GLS I - Euro II,2006,140000,100000,2,19.5,1248.0,81.83,5.0,0.0,0.0,1.0,1.0,0.0,1.0,19,Santro,5263.1578947368425,2,0.06556891025641025,1900000,1595.685,0,0,1,0,0,0,0,0,0,0
Ford EcoSport 1.5 Diesel Titanium Plus BSIV,2018,900000,19000,1,23.0,1498.0,98.96,5.0,1.0,0.0,0.0,1.0,0.0,1.0,7,EcoSport,2714.285714285714,1,0.06606141522029373,133000,2276.08,1,0,0,0,0,0,0,0,0,0
Hyundai i20 Sportz Option 1.4 CRDi,2015,600000,40000,1,22.54,1396.0,88.73,5.0,1.0,0.0,0.0,1.0,0.0,1.0,10,i20,4000.0,1,0.06356017191977077,400000,1999.9742,0,0,1,0,0,0,0,0,0,0
Maruti Omni E 8 Str STD,2009,120000,140000,1,19.5,1248.0,81.83,5.0,0.0,0.0,1.0,1.0,0.0,1.0,16,Omni,8750.0,2,0.06556891025641025,2240000,1595.685,0,0,0,1,0,0,0,0,0,0
Maruti Omni E 8 Str STD,2010,120000,170000,2,19.5,1248.0,81.83,5.0,0.0,0.0,1.0,1.0,0.0,1.0,15,Omni,11333.333333333334,2,0.06556891025641025,2550000,1595.685,0,0,0,1,0,0,0,0,0,0
Hyundai i20 Magna,2009,229999,60000,3,18.5,1197.0,80.0,5.0,0.0,0.0,1.0,1.0,0.0,1.0,16,i20,3750.0,1,0.06683375104427736,960000,1480.0,0,0,1,0,0,0,0,0,0,0
Honda Amaze i-VTEC Privilege Edition,2017,570000,15780,1,17.8,1198.0,86.7,5.0,0.0,0.0,1.0,1.0,0.0,1.0,8,Amaze,1972.5,1,0.07237061769616027,126240,1543.2600000000002,0,1,0,0,0,0,0,0,0,0
Volkswagen Vento Diesel Highline,2012,280000,80000,3,20.54,1598.0,103.6,5.0,1.0,0.0,0.0,1.0,0.0,1.0,13,Vento,6153.846153846154,2,0.06483103879849812,1040000,2127.944,0,0,0,0,0,0,0,0,0,1
Hyundai i20 Active 1.4 SX Dual Tone,2015,580000,74000,2,21.19,1396.0,88.73,5.0,1.0,0.0,0.0,1.0,0.0,1.0,10,i20,7400.0,2,0.06356017191977077,740000,1880.1887000000002,0,0,1,0,0,0,0,0,0,0
Maruti Ciaz ZDi,2015,700000,60000,1,26.21,1248.0,88.5,5.0,1.0,0.0,0.0,1.0,0.0,1.0,10,Ciaz,6000.0,2,0.07091346153846154,600000,2319.585,0,0,0,1,0,0,0,0,0,0
Ford Figo 1.2P Titanium MT,2016,388000,50000,2,18.16,1196.0,86.8,5.0,0.0,0.0,1.0,1.0,0.0,1.0,9,Figo,5555.555555555556,2,0.0725752508361204,450000,1576.288,1,0,0,0,0,0,0,0,0,0
Hyundai i10 Sportz,2011,225000,80000,2,20.36,1197.0,78.9,5.0,0.0,0.0,1.0,1.0,0.0,1.0,14,i10,5714.285714285715,2,0.06591478696741855,1120000,1606.404,0,0,1,0,0,0,0,0,0,0
Tata Indigo CS eGLX BS IV,2011,90000,90000,2,15.64,1193.0,64.08,5.0,0.0,0.0,1.0,1.0,0.0,1.0,14,Indigo,6428.571428571428,2,0.053713327745180214,1260000,1002.2112,0,0,0,0,0,0,0,1,0,0
Renault Duster 110PS Diesel RxZ,2014,600000,114000,1,19.01,1461.0,108.45,5.0,1.0,0.0,0.0,1.0,0.0,1.0,11,Duster,10363.636363636364,2,0.0742299794661191,1254000,2061.6345,0,0,0,0,0,0,1,0,0,0
Hyundai i20 Magna,2009,235000,100000,1,18.5,1197.0,80.0,5.0,0.0,0.0,1.0,1.0,0.0,1.0,16,i20,6250.0,2,0.06683375104427736,1600000,1480.0,0,0,1,0,0,0,0,0,0,0
Hyundai i20 1.4 CRDi Asta,2011,350000,100000,2,23.0,1396.0,90.0,5.0,1.0,0.0,0.0,1.0,0.0,1.0,14,i20,7142.857142857143,2,0.06446991404011461,1400000,2070.0,0,0,1,0,0,0,0,0,0,0
Hyundai i10 Sportz,2011,235000,80000,2,20.36,1197.0,78.9,5.0,0.0,0.0,1.0,1.0,0.0,1.0,14,i10,5714.285714285715,2,0.06591478696741855,1120000,1606.404,0,0,1,0,0,0,0,0,0,0
Maruti Alto LXi,2010,190000,35000,1,19.7,796.0,46.3,5.0,0.0,0.0,1.0,1.0,0.0,1.0,15,Alto,2333.3333333333335,1,0.05816582914572864,525000,912.1099999999999,0,0,0,1,0,0,0,0,0,0
Tata Manza Aura (ABS) Quadrajet BS IV,2011,325000,79000,1,21.12,1248.0,88.8,5.0,1.0,0.0,0.0,1.0,0.0,1.0,14,Manza,5642.857142857143,2,0.07115384615384615,1106000,1875.4560000000001,0,0,0,0,0,0,0,1,0,0
Volkswagen Vento Diesel Highline,2011,300000,120000,3,20.54,1598.0,103.6,5.0,1.0,0.0,0.0,1.0,0.0,1.0,14,Vento,8571.42857142857,2,0.06483103879849812,1680000,2127.944,0,0,0,0,0,0,0,0,0,1
Tata Tigor 1.2 Revotron XT,2017,550000,10000,1,20.3,1199.0,84.0,5.0,0.0,0.0,1.0,1.0,0.0,1.0,8,Tigor,1250.0,1,0.07005838198498748,80000,1705.2,0,0,0,0,0,0,0,1,0,0
Nissan Micra XE,2011,110000,110000,1,18.06,1198.0,75.0,5.0,0.0,0.0,1.0,1.0,0.0,1.0,14,Micra,7857.142857142857,2,0.06260434056761269,1540000,1354.5,0,0,0,0,1,0,0,0,0,0
Maruti Alto 800 VXI,2018,310000,10000,1,24.7,796.0,47.3,5.0,0.0,0.0,1.0,1.0,0.0,1.0,7,Alto,1428.5714285714287,1,0.059422110552763814,70000,1168.31,0,0,0,1,0,0,0,0,0,0
Tata Indica Vista TDI LX,2012,260000,46000,1,19.4,1405.0,70.0,5.0,1.0,0.0,0.0,1.0,0.0,1.0,13,Indica,3538.4615384615386,1,0.0498220640569395,598000,1358.0,0,0,0,0,0,0,0,1,0,0
Hyundai Accent GLS,2002,55000,120000,4,13.2,1495.0,94.0,5.0,0.0,0.0,1.0,1.0,0.0,1.0,23,Accent,5217.391304347826,2,0.06287625418060201,2760000,1240.8,0,0,1,0,0,0,0,0,0,0
Maruti Swift VDI,2013,450000,108800,3,22.9,1248.0,74.0,5.0,1.0,0.0,0.0,1.0,0.0,1.0,12,Swift,9066.666666666666,2,0.05929487179487179,1305600,1694.6,0,0,0,1,0,0,0,0,0,0
Hyundai i10 Sportz Option,2009,199000,70000,2,20.36,1197.0,78.9,5.0,0.0,0.0,1.0,1.0,0.0,1.0,16,i10,4375.0,1,0.06591478696741855,1120000,1606.404,0,0,1,0,0,0,0,0,0,0
Ford Figo Diesel EXI,2011,240000,72000,1,20.0,1399.0,68.0,5.0,1.0,0.0,0.0,1.0,0.0,1.0,14,Figo,5142.857142857143,2,0.04860614724803431,1008000,1360.0,1,0,0,0,0,0,0,0,0,0
Renault KWID RXL,2018,350000,40000,1,25.17,799.0,53.3,5.0,0.0,0.0,1.0,1.0,0.0,1.0,7,KWID,5714.285714285715,2,0.06670838548185232,280000,1341.561,0,0,0,0,0,0,1,0,0,0
Chevrolet Spark 1.0 LS,2011,150000,35000,1,18.0,995.0,62.0,5.0,0.0,0.0,1.0,1.0,0.0,1.0,14,Spark,2500.0,1,0.062311557788944726,490000,1116.0,0,0,0,0,0,0,0,0,0,0
Hyundai Elite i20 Magna Plus BSIV,2019,625000,12500,1,18.6,1197.0,81.86,5.0,0.0,0.0,1.0,1.0,0.0,1.0,6,Elite,2083.3333333333335,1,0.0683876357560568,75000,1522.596,0,0,1,0,0,0,0,0,0,0
Hyundai Grand i10 Magna,2014,378000,80000,1,18.9,1197.0,82.0,5.0,0.0,0.0,1.0,1.0,0.0,1.0,11,Grand,7272.727272727273,2,0.06850459482038429,880000,1549.8,0,0,1,0,0,0,0,0,0,0
Maruti Swift Dzire VDI,2018,700000,100000,2,28.4,1248.0,74.02,5.0,1.0,0.0,0.0,1.0,0.0,1.0,7,Swift,14285.714285714286,2,0.05931089743589743,700000,2102.1679999999997,0,0,0,1,0,0,0,0,0,0
Hyundai Santro Xing GL Plus,2011,156000,110000,2,17.92,1086.0,62.1,5.0,0.0,0.0,1.0,1.0,0.0,1.0,14,Santro,7857.142857142857,2,0.057182320441988954,1540000,1112.832,0,0,1,0,0,0,0,0,0,0
Maruti Alto LX,2006,120000,100000,2,19.7,796.0,46.3,5.0,0.0,0.0,1.0,1.0,0.0,1.0,19,Alto,5263.1578947368425,2,0.05816582914572864,1900000,912.1099999999999,0,0,0,1,0,0,0,0,0,0
Honda Amaze S AT i-Vtech,2015,415000,45000,1,15.5,1198.0,86.7,5.0,0.0,0.0,1.0,1.0,0.0,0.0,10,Amaze,4500.0,1,0.07237061769616027,450000,1343.8500000000001,0,1,0,0,0,0,0,0,0,0
Honda Amaze S AT i-Vtech,2015,450000,45000,1,15.5,1198.0,86.7,5.0,0.0,0.0,1.0,1.0,0.0,0.0,10,Amaze,4500.0,1,0.07237061769616027,450000,1343.8500000000001,0,1,0,0,0,0,0,0,0,0
Honda Brio S MT,2014,325000,40000,3,19.4,1198.0,86.8,5.0,0.0,0.0,1.0,1.0,0.0,1.0,11,Brio,3636.3636363636365,1,0.07245409015025041,440000,1683.9199999999998,0,1,0,0,0,0,0,0,0,0
Hyundai EON Magna Plus,2017,265000,100000,1,21.1,814.0,55.2,5.0,0.0,0.0,1.0,1.0,0.0,1.0,8,EON,12500.0,2,0.06781326781326781,800000,1164.72,0,0,1,0,0,0,0,0,0,0
Tata Zest Quadrajet 1.3 XM,2015,400000,100000,1,23.0,1248.0,88.7,5.0,1.0,0.0,0.0,1.0,0.0,1.0,10,Zest,10000.0,2,0.07107371794871795,1000000,2040.1000000000001,0,0,0,0,0,0,0,1,0,0
Hyundai i20 Magna Optional 1.4 CRDi,2013,345000,40000,1,21.9,1396.0,88.8,5.0,1.0,0.0,0.0,1.0,0.0,1.0,12,i20,3333.3333333333335,1,0.06361031518624642,480000,1944.7199999999998,0,0,1,0,0,0,0,0,0,0
Maruti Ignis 1.2 AMT Zeta BSIV,2018,620000,15000,1,20.89,1197.0,81.8,5.0,0.0,0.0,1.0,1.0,0.0,0.0,7,Ignis,2142.8571428571427,1,0.0683375104427736,105000,1708.802,0,0,0,1,0,0,0,0,0,0
Maruti Baleno Alpha 1.2,2018,700000,10000,2,21.4,1197.0,83.1,5.0,0.0,0.0,1.0,1.0,0.0,1.0,7,Baleno,1428.5714285714287,1,0.06942355889724311,70000,1778.3399999999997,0,0,0,1,0,0,0,0,0,0
Tata Indica Vista Quadrajet VX,2012,200000,90000,1,22.3,1248.0,74.0,5.0,1.0,0.0,0.0,1.0,0.0,1.0,13,Indica,6923.076923076923,2,0.05929487179487179,1170000,1650.2,0,0,0,0,0,0,0,1,0,0
Tata Indica V2 DLE BSIII,2009,90000,60000,2,17.88,1396.0,52.8,5.0,1.0,0.0,0.0,1.0,0.0,1.0,16,Indica,3750.0,1,0.03782234957020057,960000,944.0639999999999,0,0,0,0,0,0,0,1,0,0
Ford Figo Petrol EXI,2010,160000,90000,2,15.6,1196.0,70.0,5.0,0.0,0.0,1.0,1.0,0.0,1.0,15,Figo,6000.0,2,0.05852842809364549,1350000,1092.0,1,0,0,0,0,0,0,0,0,0
Maruti Zen Estilo LX BSIV,2010,200000,35000,1,19.0,998.0,67.1,5.0,0.0,0.0,1.0,1.0,0.0,1.0,15,Zen,2333.3333333333335,1,0.06723446893787574,525000,1274.8999999999999,0,0,0,1,0,0,0,0,0,0
Toyota Corolla Altis Diesel D4DG,2011,365000,185000,2,21.43,1364.0,87.2,5.0,1.0,0.0,0.0,1.0,0.0,1.0,14,Corolla,13214.285714285714,2,0.06392961876832845,2590000,1868.6960000000001,0,0,0,0,0,0,0,0,1,0
Fiat Punto 1.2 Active,2009,140000,110000,2,15.7,1172.0,67.0,5.0,0.0,0.0,1.0,1.0,0.0,1.0,16,Punto,6875.0,2,0.05716723549488054,1760000,1051.8999999999999,0,0,0,0,0,1,0,0,0,0
Fiat Avventura Power Up 1.3 Active,2016,360000,100000,1,20.5,1248.0,91.72,5.0,1.0,0.0,0.0,1.0,0.0,1.0,9,Avventura,11111.111111111111,2,0.07349358974358974,900000,1880.26,0,0,0,0,0,1,0,0,0,0
Honda City 2017-2020 GXi,2008,200000,110000,2,17.7,1497.0,78.0,5.0,0.0,0.0,1.0,1.0,0.0,1.0,17,City,6470.588235294118,2,0.052104208416833664,1870000,1380.6,0,1,0,0,0,0,0,0,0,0
Skoda Laura Ambiente,2010,250000,100000,2,17.5,1896.0,106.0,5.0,1.0,0.0,0.0,1.0,0.0,1.0,15,Laura,6666.666666666667,2,0.05590717299578059,1500000,1855.0,0,0,0,0,0,1,0,0,0,0
Skoda Laura Ambiente 1.9 PD,2008,229999,110000,2,17.5,1896.0,106.0,5.0,1.0,0.0,0.0,1.0,0.0,1.0,17,Laura,6470.588235294118,2,0.05590717299578059,1870000,1855.0,0,0,0,0,0,1,0,0,0,0
Ford Fiesta 1.4 ZXi TDCi ABS,2011,320000,130000,2,17.8,1399.0,68.0,5.0,1.0,0.0,0.0,1.0,0.0,1.0,14,Fiesta,9285.714285714286,2,0.04860614724803431,1820000,1210.4,1,0,0,0,0,0,0,0,0,0
Hyundai Santro Xing XS eRLX Euro II,2003,85000,68300,3,19.5,1248.0,81.83,5.0,0.0,0.0,1.0,1.0,0.0,1.0,22,Santro,3104.5454545454545,1,0.06556891025641025,1502600,1595.685,0,0,1,0,0,0,0,0,0,0
Maruti Baleno Zeta Automatic,2018,740000,9000,1,21.4,1197.0,83.1,5.0,0.0,0.0,1.0,1.0,0.0,0.0,7,Baleno,1285.7142857142858,1,0.06942355889724311,63000,1778.3399999999997,0,0,0,1,0,0,0,0,0,0
Maruti Ignis 1.2 AMT Zeta BSIV,2019,570000,19000,2,20.89,1197.0,81.8,5.0,0.0,0.0,1.0,1.0,0.0,0.0,6,Ignis,3166.6666666666665,1,0.0683375104427736,114000,1708.802,0,0,0,1,0,0,0,0,0,0
Tata Indigo CR4,2013,250000,100000,1,23.57,1396.0,70.0,5.0,1.0,0.0,0.0,1.0,0.0,1.0,12,Indigo,8333.333333333334,2,0.050143266475644696,1200000,1649.9,0,0,0,0,0,0,0,1,0,0
Maruti Wagon R AMT VXI,2017,430000,20000,1,20.51,998.0,67.0,5.0,0.0,0.0,1.0,1.0,0.0,0.0,8,Wagon,2500.0,1,0.06713426853707415,160000,1374.17,0,0,0,1,0,0,0,0,0,0
Hyundai EON Era,2014,225000,35000,1,21.1,814.0,55.2,5.0,0.0,0.0,1.0,1.0,0.0,1.0,11,EON,3181.818181818182,1,0.06781326781326781,385000,1164.72,0,0,1,0,0,0,0,0,0,0
Hyundai i20 Sportz 1.4 CRDi,2014,440000,70000,2,22.54,1396.0,88.73,5.0,1.0,0.0,0.0,1.0,0.0,1.0,11,i20,6363.636363636364,2,0.06356017191977077,770000,1999.9742,0,0,1,0,0,0,0,0,0,0
Maruti Vitara Brezza ZDi Plus Dual Tone,2016,800000,70000,1,24.3,1248.0,88.5,5.0,1.0,0.0,0.0,1.0,0.0,1.0,9,Vitara,7777.777777777777,2,0.07091346153846154,630000,2150.55,0,0,0,1,0,0,0,0,0,0
Hyundai Grand i10 CRDi Sportz,2015,450000,53000,1,24.0,1120.0,70.0,5.0,1.0,0.0,0.0,1.0,0.0,1.0,10,Grand,5300.0,2,0.0625,530000,1680.0,0,0,1,0,0,0,0,0,0,0
Maruti Swift Dzire VDI,2013,420000,105000,2,23.4,1248.0,74.0,5.0,1.0,0.0,0.0,1.0,0.0,1.0,12,Swift,8750.0,2,0.05929487179487179,1260000,1731.6,0,0,0,1,0,0,0,0,0,0
Tata Tiago 1.2 Revotron XZ,2016,350000,15000,1,23.84,1199.0,84.0,5.0,0.0,0.0,1.0,1.0,0.0,1.0,9,Tiago,1666.6666666666667,1,0.07005838198498748,135000,2002.56,0,0,0,0,0,0,0,1,0,0
Renault Duster 85PS Diesel RxL Optional with Nav,2013,425000,152186,2,20.45,1461.0,83.8,5.0,1.0,0.0,0.0,0.0,0.0,1.0,12,Duster,12682.166666666666,2,0.05735797399041752,1826232,1713.7099999999998,0,0,0,0,0,0,1,0,0,0
Hyundai i10 Magna,2013,295000,82246,1,20.36,1197.0,78.9,5.0,0.0,0.0,1.0,0.0,0.0,1.0,12,i10,6853.833333333333,2,0.06591478696741855,986952,1606.404,0,0,1,0,0,0,0,0,0,0
Maruti Swift VXI Optional,2016,540000,20000,1,20.4,1197.0,81.8,5.0,0.0,0.0,1.0,1.0,0.0,1.0,9,Swift,2222.222222222222,1,0.0683375104427736,180000,1668.7199999999998,0,0,0,1,0,0,0,0,0,0
Maruti Swift Dzire ZDI,2017,754000,40000,1,28.4,1248.0,74.02,5.0,1.0,0.0,0.0,1.0,0.0,1.0,8,Swift,5000.0,1,0.05931089743589743,320000,2102.1679999999997,0,0,0,1,0,0,0,0,0,0
Ford Figo 1.2P Titanium MT,2019,675000,2789,1,18.16,1196.0,86.8,5.0,0.0,0.0,1.0,0.0,0.0,1.0,6,Figo,464.8333333333333,1,0.0725752508361204,16734,1576.288,1,0,0,0,0,0,0,0,0,0
Ford Freestyle Titanium Plus Diesel,2018,700000,35278,1,23.8,1499.0,98.97,5.0,1.0,0.0,0.0,0.0,0.0,1.0,7,Freestyle,5039.714285714285,2,0.06602401601067379,246946,2355.486,1,0,0,0,0,0,0,0,0,0
Ford Freestyle Titanium Diesel,2018,795000,2860,1,23.8,1499.0,98.97,5.0,1.0,0.0,0.0,0.0,0.0,1.0,7,Freestyle,408.57142857142856,1,0.06602401601067379,20020,2355.486,1,0,0,0,0,0,0,0,0,0
Hyundai Getz 1.1 GVS,2008,155000,60000,3,15.0,1086.0,66.6,5.0,0.0,0.0,1.0,1.0,0.0,1.0,17,Getz,3529.4117647058824,1,0.06132596685082872,1020000,998.9999999999999,0,0,1,0,0,0,0,0,0,0
Toyota Etios VXD,2011,350000,100000,2,23.59,1364.0,67.1,5.0,1.0,0.0,0.0,1.0,0.0,1.0,14,Etios,7142.857142857143,2,0.04919354838709677,1400000,1582.889,0,0,0,0,0,0,0,0,1,0
Ford Figo Diesel Titanium,2011,250000,78562,1,20.0,1399.0,68.0,5.0,1.0,0.0,0.0,0.0,0.0,1.0,14,Figo,5611.571428571428,2,0.04860614724803431,1099868,1360.0,1,0,0,0,0,0,0,0,0,0
Hyundai i20 Sportz 1.4 CRDi,2014,420000,50000,1,22.54,1396.0,88.73,5.0,1.0,0.0,0.0,1.0,0.0,1.0,11,i20,4545.454545454545,1,0.06356017191977077,550000,1999.9742,0,0,1,0,0,0,0,0,0,0
Toyota Etios Liva GD SP,2012,315000,100000,1,19.5,1248.0,81.83,5.0,1.0,0.0,0.0,1.0,0.0,1.0,13,Etios,7692.307692307692,2,0.06556891025641025,1300000,1595.685,0,0,0,0,0,0,0,0,1,0
Maruti S-Cross 2017-2020 Alpha DDiS 200 SH,2018,750000,40000,1,25.1,1248.0,88.5,5.0,1.0,0.0,0.0,1.0,0.0,1.0,7,S-Cross,5714.285714285715,2,0.07091346153846154,280000,2221.35,0,0,0,1,0,0,0,0,0,0
Datsun GO T Option,2020,450000,10000,1,19.02,1198.0,67.05,5.0,0.0,0.0,1.0,1.0,0.0,1.0,5,GO,2000.0,1,0.05596828046744574,50000,1275.291,0,0,0,0,0,1,0,0,0,0
Maruti Swift Vdi BSIII,2008,175000,60000,2,17.8,1248.0,75.0,5.0,1.0,0.0,0.0,1.0,0.0,1.0,17,Swift,3529.4117647058824,1,0.06009615384615385,1020000,1335.0,0,0,0,1,0,0,0,0,0,0
Hyundai i20 Active SX Petrol,2019,650000,10000,1,17.19,1197.0,81.86,5.0,0.0,0.0,1.0,1.0,0.0,1.0,6,i20,1666.6666666666667,1,0.0683876357560568,60000,1407.1734000000001,0,0,1,0,0,0,0,0,0,0
Ford Figo Aspire 1.5 TDCi Sports Edition,2017,620000,35000,1,24.29,1498.0,99.0,5.0,1.0,0.0,0.0,1.0,0.0,1.0,8,Figo,4375.0,1,0.06608811748998665,280000,2404.71,1,0,0,0,0,0,0,0,0,0
Maruti Wagon R LXI,2003,135000,40000,1,18.9,998.0,67.1,5.0,0.0,0.0,1.0,1.0,0.0,1.0,22,Wagon,1818.1818181818182,1,0.06723446893787574,880000,1268.1899999999998,0,0,0,1,0,0,0,0,0,0
Renault KWID RXL,2019,320000,10000,1,25.17,799.0,53.3,5.0,0.0,0.0,1.0,1.0,0.0,1.0,6,KWID,1666.6666666666667,1,0.06670838548185232,60000,1341.561,0,0,0,0,0,0,1,0,0,0
Maruti Alto K10 VXI,2016,320000,50000,1,23.95,998.0,67.05,5.0,0.0,0.0,1.0,1.0,0.0,1.0,9,Alto,5555.555555555556,2,0.06718436873747495,450000,1605.8474999999999,0,0,0,1,0,0,0,0,0,0
Maruti Swift Dzire Zdi BSIV,2012,400000,129000,1,19.3,1248.0,73.9,5.0,1.0,0.0,0.0,1.0,0.0,1.0,13,Swift,9923.076923076924,2,0.059214743589743594,1677000,1426.2700000000002,0,0,0,1,0,0,0,0,0,0
Maruti Alto 800 LXI,2018,310000,30000,1,24.7,796.0,47.3,5.0,0.0,0.0,1.0,1.0,0.0,1.0,7,Alto,4285.714285714285,1,0.059422110552763814,210000,1168.31,0,0,0,1,0,0,0,0,0,0
Tata Nexon 1.2 Revotron XM,2018,595000,28000,2,17.0,1198.0,108.5,5.0,0.0,0.0,1.0,1.0,0.0,1.0,7,Nexon,4000.0,1,0.09056761268781302,196000,1844.5,0,0,0,0,0,0,0,1,0,0
Mahindra Verito 1.6 G6 Executive BSIII,2013,350000,70000,1,13.87,1598.0,86.0,5.0,0.0,0.0,1.0,1.0,0.0,1.0,12,Verito,5833.333333333333,2,0.05381727158948686,840000,1192.82,0,0,0,0,0,1,0,0,0,0
Tata Indica Vista TDI LX,2013,275000,110000,1,19.1,1405.0,70.0,5.0,1.0,0.0,0.0,1.0,0.0,1.0,12,Indica,9166.666666666666,2,0.0498220640569395,1320000,1337.0,0,0,0,0,0,0,0,1,0,0
Maruti Eeco 5 Seater AC BSIV,2019,420000,10000,1,15.37,1196.0,73.0,5.0,0.0,0.0,1.0,1.0,0.0,1.0,6,Eeco,1666.6666666666667,1,0.061036789297658864,60000,1122.01,0,0,0,1,0,0,0,0,0,0
Hyundai Verna CRDi SX ABS,2008,250000,110000,2,18.1,1493.0,110.0,5.0,1.0,0.0,0.0,1.0,0.0,1.0,17,Verna,6470.588235294118,2,0.07367716008037509,1870000,1991.0000000000002,0,0,1,0,0,0,0,0,0,0
Maruti Swift Ldi BSIV,2007,250000,100000,2,17.8,1248.0,75.0,5.0,1.0,0.0,0.0,1.0,0.0,1.0,18,Swift,5555.555555555556,2,0.06009615384615385,1800000,1335.0,0,0,0,1,0,0,0,0,0,0
Hyundai Xcent 1.2 Kappa AT SX Option,2016,525000,60000,1,16.9,1197.0,82.0,5.0,0.0,0.0,1.0,1.0,0.0,0.0,9,Xcent,6666.666666666667,2,0.06850459482038429,540000,1385.8,0,0,1,0,0,0,0,0,0,0
Hyundai Santro Xing XL,2007,90000,64000,1,19.5,1248.0,81.83,5.0,0.0,0.0,1.0,1.0,0.0,1.0,18,Santro,3555.5555555555557,1,0.06556891025641025,1152000,1595.685,0,0,1,0,0,0,0,0,0,0
Maruti Celerio VXI,2017,430000,10000,1,23.1,998.0,67.04,5.0,0.0,0.0,1.0,1.0,0.0,1.0,8,Celerio,1250.0,1,0.06717434869739479,80000,1548.6240000000003,0,0,0,1,0,0,0,0,0,0
Maruti Baleno Zeta 1.2,2017,630000,35000,1,21.4,1197.0,83.1,5.0,0.0,0.0,1.0,1.0,0.0,1.0,8,Baleno,4375.0,1,0.06942355889724311,280000,1778.3399999999997,0,0,0,1,0,0,0,0,0,0
Tata Tigor 1.2 Revotron XZ Option,2018,550000,23000,1,20.3,1199.0,84.0,5.0,0.0,0.0,1.0,1.0,0.0,1.0,7,Tigor,3285.714285714286,1,0.07005838198498748,161000,1705.2,0,0,0,0,0,0,0,1,0,0
Maruti Swift VDI,2019,630000,15000,2,28.4,1248.0,74.0,5.0,1.0,0.0,0.0,1.0,0.0,1.0,6,Swift,2500.0,1,0.05929487179487179,90000,2101.6,0,0,0,1,0,0,0,0,0,0
Hyundai i20 Sportz 1.4 CRDi,2013,370000,80000,1,21.9,1396.0,88.76,5.0,1.0,0.0,0.0,1.0,0.0,1.0,12,i20,6666.666666666667,2,0.06358166189111748,960000,1943.844,0,0,1,0,0,0,0,0,0,0
Hyundai Grand i10 Sportz,2016,500000,50000,1,18.9,1197.0,82.0,5.0,0.0,0.0,1.0,1.0,0.0,1.0,9,Grand,5555.555555555556,2,0.06850459482038429,450000,1549.8,0,0,1,0,0,0,0,0,0,0
Tata Indica DLS,2005,95000,50000,2,19.5,1248.0,81.83,5.0,1.0,0.0,0.0,1.0,0.0,1.0,20,Indica,2500.0,1,0.06556891025641025,1000000,1595.685,0,0,0,0,0,0,0,1,0,0
Tata Indica Vista TDI LX,2012,140000,185000,2,19.4,1405.0,70.0,5.0,1.0,0.0,0.0,1.0,0.0,1.0,13,Indica,14230.76923076923,2,0.0498220640569395,2405000,1358.0,0,0,0,0,0,0,0,1,0,0
Maruti Swift VXI,2019,550000,40000,1,21.21,1197.0,81.8,5.0,0.0,0.0,1.0,1.0,0.0,1.0,6,Swift,6666.666666666667,2,0.0683375104427736,240000,1734.978,0,0,0,1,0,0,0,0,0,0
Renault KWID 1.0 RXT Optional,2017,300000,30000,1,23.01,999.0,67.0,5.0,0.0,0.0,1.0,1.0,0.0,1.0,8,KWID,3750.0,1,0.06706706706706707,240000,1541.67,0,0,0,0,0,0,1,0,0,0
Tata Indigo CS eLX BS IV,2011,150000,120000,1,23.03,1396.0,69.0,5.0,1.0,0.0,0.0,1.0,0.0,1.0,14,Indigo,8571.42857142857,2,0.0494269340974212,1680000,1589.0700000000002,0,0,0,0,0,0,0,1,0,0
Hyundai i20 Magna 1.4 CRDi,2016,550000,90000,2,22.54,1396.0,88.73,5.0,1.0,0.0,0.0,1.0,0.0,1.0,9,i20,10000.0,2,0.06356017191977077,810000,1999.9742,0,0,1,0,0,0,0,0,0,0
Hyundai Santro Xing XL,2006,70000,80000,2,19.5,1248.0,81.83,5.0,0.0,0.0,1.0,1.0,0.0,1.0,19,Santro,4210.526315789473,1,0.06556891025641025,1520000,1595.685,0,0,1,0,0,0,0,0,0,0
Maruti Swift VDI BSIV,2016,535000,70000,1,25.2,1248.0,74.0,5.0,1.0,0.0,0.0,1.0,0.0,1.0,9,Swift,7777.777777777777,2,0.05929487179487179,630000,1864.8,0,0,0,1,0,0,0,0,0,0
Hyundai Xcent 1.1 CRDi Base,2015,320000,91000,3,24.4,1120.0,71.0,5.0,1.0,0.0,0.0,1.0,0.0,1.0,10,Xcent,9100.0,2,0.06339285714285714,910000,1732.3999999999999,0,0,1,0,0,0,0,0,0,0
Hyundai i20 Sportz Option 1.4 CRDi,2015,500000,90000,1,22.54,1396.0,88.73,5.0,1.0,0.0,0.0,1.0,0.0,1.0,10,i20,9000.0,2,0.06356017191977077,900000,1999.9742,0,0,1,0,0,0,0,0,0,0
Renault KWID 1.0 RXT BSIV,2019,220000,90000,1,23.01,999.0,67.0,5.0,0.0,0.0,1.0,1.0,0.0,1.0,6,KWID,15000.0,2,0.06706706706706707,540000,1541.67,0,0,0,0,0,0,1,0,0,0
Tata Tiago 1.2 Revotron XT,2018,350000,50000,1,23.84,1199.0,84.0,5.0,0.0,0.0,1.0,1.0,0.0,1.0,7,Tiago,7142.857142857143,2,0.07005838198498748,350000,2002.56,0,0,0,0,0,0,0,1,0,0
Maruti Alto 800 LXI,2013,215000,35000,1,22.74,796.0,47.3,5.0,0.0,0.0,1.0,1.0,0.0,1.0,12,Alto,2916.6666666666665,1,0.059422110552763814,420000,1075.6019999999999,0,0,0,1,0,0,0,0,0,0
Volkswagen Vento Diesel Highline,2012,335000,100000,1,20.54,1598.0,103.6,5.0,1.0,0.0,0.0,1.0,0.0,1.0,13,Vento,7692.307692307692,2,0.06483103879849812,1300000,2127.944,0,0,0,0,0,0,0,0,0,1
Hyundai Xcent 1.1 CRDi Base,2015,320000,90000,2,24.4,1120.0,71.0,5.0,1.0,0.0,0.0,1.0,0.0,1.0,10,Xcent,9000.0,2,0.06339285714285714,900000,1732.3999999999999,0,0,1,0,0,0,0,0,0,0
Ford Figo Diesel LXI,2011,135000,120000,2,20.0,1399.0,68.0,5.0,1.0,0.0,0.0,1.0,0.0,1.0,14,Figo,8571.42857142857,2,0.04860614724803431,1680000,1360.0,1,0,0,0,0,0,0,0,0,0
Maruti A-Star Vxi,2009,175000,95000,2,19.0,998.0,66.1,5.0,0.0,0.0,1.0,1.0,0.0,1.0,16,A-Star,5937.5,2,0.06623246492985971,1520000,1255.8999999999999,0,0,0,1,0,0,0,0,0,0
Tata Indica GLS BS IV,2007,78000,38000,2,15.3,1193.0,65.3,5.0,0.0,0.0,1.0,1.0,0.0,1.0,18,Indica,2111.1111111111113,1,0.05473595976529757,684000,999.09,0,0,0,0,0,0,0,1,0,0
Honda City i VTEC VX,2014,565000,56000,2,17.4,1497.0,117.3,5.0,0.0,0.0,1.0,1.0,0.0,1.0,11,City,5090.909090909091,2,0.0783567134268537,616000,2041.0199999999998,0,1,0,0,0,0,0,0,0,0
Hyundai i20 2015-2017 Sportz 1.4 CRDi,2017,575000,50000,1,22.54,1396.0,88.73,5.0,1.0,0.0,0.0,1.0,0.0,1.0,8,i20,6250.0,2,0.06356017191977077,400000,1999.9742,0,0,1,0,0,0,0,0,0,0
Hyundai EON Era Plus,2014,170000,70000,2,21.1,814.0,55.2,5.0,0.0,0.0,1.0,1.0,0.0,1.0,11,EON,6363.636363636364,2,0.06781326781326781,770000,1164.72,0,0,1,0,0,0,0,0,0,0
Maruti Alto 800 VXI,2014,250999,30000,1,22.74,796.0,47.3,5.0,0.0,0.0,1.0,1.0,0.0,1.0,11,Alto,2727.2727272727275,1,0.059422110552763814,330000,1075.6019999999999,0,0,0,1,0,0,0,0,0,0
Honda City i VTEC E,2014,650000,60000,1,17.8,1497.0,117.3,5.0,0.0,0.0,1.0,1.0,0.0,1.0,11,City,5454.545454545455,2,0.0783567134268537,660000,2087.94,0,1,0,0,0,0,0,0,0,0
Maruti Alto 800 VXI,2020,250999,30000,1,22.05,796.0,47.3,5.0,0.0,0.0,1.0,1.0,0.0,1.0,5,Alto,6000.0,2,0.059422110552763814,150000,1042.965,0,0,0,1,0,0,0,0,0,0
Maruti Alto 800 LXI,2013,170000,60000,2,22.74,796.0,47.3,5.0,0.0,0.0,1.0,1.0,0.0,1.0,12,Alto,5000.0,1,0.059422110552763814,720000,1075.6019999999999,0,0,0,1,0,0,0,0,0,0
Tata Indigo CS LE (TDI) BS-III,2013,250000,30000,1,19.09,1396.0,69.0,5.0,1.0,0.0,0.0,1.0,0.0,1.0,12,Indigo,2500.0,1,0.0494269340974212,360000,1317.21,0,0,0,0,0,0,0,1,0,0
Maruti Alto 800 LXI,2014,250000,20000,1,22.74,796.0,47.3,5.0,0.0,0.0,1.0,1.0,0.0,1.0,11,Alto,1818.1818181818182,1,0.059422110552763814,220000,1075.6019999999999,0,0,0,1,0,0,0,0,0,0
Hyundai EON Magna Plus,2013,200000,80000,1,21.1,814.0,55.2,5.0,0.0,0.0,1.0,1.0,0.0,1.0,12,EON,6666.666666666667,2,0.06781326781326781,960000,1164.72,0,0,1,0,0,0,0,0,0,0
Hyundai EON D Lite Plus,2017,270000,50000,1,21.1,814.0,55.2,5.0,0.0,0.0,1.0,1.0,0.0,1.0,8,EON,6250.0,2,0.06781326781326781,400000,1164.72,0,0,1,0,0,0,0,0,0,0
Maruti Swift VDI,2018,630000,46000,1,28.4,1248.0,74.0,5.0,1.0,0.0,0.0,1.0,0.0,1.0,7,Swift,6571.428571428572,2,0.05929487179487179,322000,2101.6,0,0,0,1,0,0,0,0,0,0
Maruti SX4 S Cross 2015-2017 DDiS 200 Sigma,2017,650000,44000,1,23.65,1248.0,88.5,5.0,1.0,0.0,0.0,0.0,0.0,1.0,8,SX4,5500.0,2,0.07091346153846154,352000,2093.025,0,0,0,1,0,0,0,0,0,0
Maruti Ritz VDi,2010,217000,120000,1,21.1,1248.0,73.9,5.0,1.0,0.0,0.0,1.0,0.0,1.0,15,Ritz,8000.0,2,0.059214743589743594,1800000,1559.2900000000002,0,0,0,1,0,0,0,0,0,0
Maruti Swift ZXI,2012,280000,70000,2,18.6,1197.0,85.8,5.0,0.0,0.0,1.0,1.0,0.0,1.0,13,Swift,5384.615384615385,2,0.07167919799498747,910000,1595.88,0,0,0,1,0,0,0,0,0,0
Ford Classic 1.6 Duratec LXI,2013,350000,90000,1,14.09,1596.0,99.6,5.0,0.0,0.0,1.0,1.0,0.0,1.0,12,Classic,7500.0,2,0.06240601503759398,1080000,1403.3639999999998,1,0,0,0,0,0,0,0,0,0
Hyundai Grand i10 Magna,2016,420000,30000,2,18.9,1197.0,82.0,5.0,0.0,0.0,1.0,1.0,0.0,1.0,9,Grand,3333.3333333333335,1,0.06850459482038429,270000,1549.8,0,0,1,0,0,0,0,0,0,0
Maruti Ciaz 1.4 Alpha,2017,810000,80000,1,20.73,1373.0,91.1,5.0,0.0,0.0,1.0,1.0,0.0,1.0,8,Ciaz,10000.0,2,0.0663510560815732,640000,1888.503,0,0,0,1,0,0,0,0,0,0
Hyundai i20 1.2 Sportz,2011,290000,90000,3,17.0,1197.0,80.0,5.0,0.0,0.0,1.0,1.0,0.0,1.0,14,i20,6428.571428571428,2,0.06683375104427736,1260000,1360.0,0,0,1,0,0,0,0,0,0,0
Chevrolet Beat LT,2012,180000,60000,1,18.6,1199.0,79.4,5.0,0.0,0.0,1.0,1.0,0.0,1.0,13,Beat,4615.384615384615,1,0.06622185154295246,780000,1476.8400000000001,0,0,0,0,0,0,0,0,0,0
Maruti Eeco 5 Seater AC BSIV,2010,160000,162000,1,15.37,1196.0,73.0,5.0,0.0,0.0,1.0,1.0,0.0,1.0,15,Eeco,10800.0,2,0.061036789297658864,2430000,1122.01,0,0,0,1,0,0,0,0,0,0
Maruti Wagon R Stingray VXI,2015,369000,20000,2,20.51,998.0,67.04,5.0,0.0,0.0,1.0,1.0,0.0,1.0,10,Wagon,2000.0,1,0.06717434869739479,200000,1374.9904000000001,0,0,0,1,0,0,0,0,0,0
Hyundai i10 Asta Sunroof AT,2008,220000,120000,2,19.2,1197.0,80.0,5.0,0.0,0.0,1.0,1.0,0.0,0.0,17,i10,7058.823529411765,2,0.06683375104427736,2040000,1536.0,0,0,1,0,0,0,0,0,0,0
Maruti Swift Ldi BSIV,2009,221000,100000,2,17.8,1248.0,75.0,5.0,1.0,0.0,0.0,1.0,0.0,1.0,16,Swift,6250.0,2,0.06009615384615385,1600000,1335.0,0,0,0,1,0,0,0,0,0,0
Tata Zest Revotron 1.2 XT,2017,400000,35000,1,17.57,1193.0,88.7,5.0,0.0,0.0,1.0,1.0,0.0,1.0,8,Zest,4375.0,1,0.07435037720033529,280000,1558.459,0,0,0,0,0,0,0,1,0,0
Maruti Eeco 5 Seater AC BSIV,2012,190000,110000,1,15.37,1196.0,73.0,5.0,0.0,0.0,1.0,1.0,0.0,1.0,13,Eeco,8461.538461538461,2,0.061036789297658864,1430000,1122.01,0,0,0,1,0,0,0,0,0,0
Renault KWID RXT,2017,300000,60000,1,25.17,799.0,53.3,5.0,0.0,0.0,1.0,1.0,0.0,1.0,8,KWID,7500.0,2,0.06670838548185232,480000,1341.561,0,0,0,0,0,0,1,0,0,0
Hyundai i20 1.4 Asta Dual Tone,2017,750000,27000,1,22.54,1396.0,88.73,5.0,1.0,0.0,0.0,1.0,0.0,1.0,8,i20,3375.0,1,0.06356017191977077,216000,1999.9742,0,0,1,0,0,0,0,0,0,0
Maruti Swift Dzire VDI,2016,650000,50000,1,26.59,1248.0,74.0,5.0,1.0,0.0,0.0,1.0,0.0,1.0,9,Swift,5555.555555555556,2,0.05929487179487179,450000,1967.66,0,0,0,1,0,0,0,0,0,0
Honda Amaze i-VTEC Privilege Edition,2018,635000,40000,1,17.8,1198.0,86.7,5.0,0.0,0.0,1.0,1.0,0.0,1.0,7,Amaze,5714.285714285715,2,0.07237061769616027,280000,1543.2600000000002,0,1,0,0,0,0,0,0,0,0
Hyundai Elite i20 Diesel Sportz,2019,700000,60000,1,22.54,1396.0,88.76,5.0,1.0,0.0,0.0,1.0,0.0,1.0,6,Elite,10000.0,2,0.06358166189111748,360000,2000.6504,0,0,1,0,0,0,0,0,0,0
Maruti Swift LXI,2017,484999,26000,2,21.21,1197.0,81.8,5.0,0.0,0.0,1.0,1.0,0.0,1.0,8,Swift,3250.0,1,0.0683375104427736,208000,1734.978,0,0,0,1,0,0,0,0,0,0
Ford Fiesta 1.4 Durasport EXI,2007,120000,80000,2,16.6,1388.0,68.0,5.0,0.0,0.0,1.0,1.0,0.0,1.0,18,Fiesta,4444.444444444444,1,0.04899135446685879,1440000,1128.8000000000002,1,0,0,0,0,0,0,0,0,0
Hyundai EON Era Plus,2014,220000,60000,2,21.1,814.0,55.2,5.0,0.0,0.0,1.0,1.0,0.0,1.0,11,EON,5454.545454545455,2,0.06781326781326781,660000,1164.72,0,0,1,0,0,0,0,0,0,0
Hyundai i10 Magna,2014,320000,80000,2,20.36,1197.0,78.9,5.0,0.0,0.0,1.0,1.0,0.0,1.0,11,i10,7272.727272727273,2,0.06591478696741855,880000,1606.404,0,0,1,0,0,0,0,0,0,0
Maruti Swift VDI,2011,375000,90000,2,22.9,1248.0,74.0,5.0,1.0,0.0,0.0,1.0,0.0,1.0,14,Swift,6428.571428571428,2,0.05929487179487179,1260000,1694.6,0,0,0,1,0,0,0,0,0,0
Hyundai Grand i10 1.2 Kappa Magna AT,2019,550000,15000,1,18.9,1197.0,81.86,5.0,0.0,0.0,1.0,1.0,0.0,0.0,6,Grand,2500.0,1,0.0683876357560568,90000,1547.1539999999998,0,0,1,0,0,0,0,0,0,0
Maruti Swift ZDI BSIV,2017,640000,35000,2,25.2,1248.0,74.0,5.0,1.0,0.0,0.0,1.0,0.0,1.0,8,Swift,4375.0,1,0.05929487179487179,280000,1864.8,0,0,0,1,0,0,0,0,0,0
Toyota Etios GD,2014,420000,120000,1,23.59,1364.0,67.04,5.0,1.0,0.0,0.0,1.0,0.0,1.0,11,Etios,10909.09090909091,2,0.04914956011730206,1320000,1581.4736,0,0,0,0,0,0,0,0,1,0
Hyundai Grand i10 CRDi Sportz,2016,330000,63000,3,24.0,1120.0,70.0,5.0,1.0,0.0,0.0,1.0,0.0,1.0,9,Grand,7000.0,2,0.0625,567000,1680.0,0,0,1,0,0,0,0,0,0,0
Volkswagen Ameo 1.5 TDI Highline Plus,2019,800000,25000,1,21.66,1498.0,108.62,5.0,1.0,0.0,0.0,1.0,0.0,1.0,6,Ameo,4166.666666666667,1,0.07251001335113486,150000,2352.7092000000002,0,0,0,0,0,0,0,0,0,1
Maruti Wagon R LXI BS IV,2011,240000,64500,1,18.9,998.0,67.1,5.0,0.0,0.0,1.0,1.0,0.0,1.0,14,Wagon,4607.142857142857,1,0.06723446893787574,903000,1268.1899999999998,0,0,0,1,0,0,0,0,0,0
Hyundai i20 1.2 Magna Executive,2017,570000,15000,2,18.6,1197.0,81.83,5.0,0.0,0.0,1.0,1.0,0.0,1.0,8,i20,1875.0,1,0.06836257309941521,120000,1522.038,0,0,1,0,0,0,0,0,0,0
Toyota Etios Liva GD,2015,450000,25000,1,23.59,1364.0,67.04,5.0,1.0,0.0,0.0,1.0,0.0,1.0,10,Etios,2500.0,1,0.04914956011730206,250000,1581.4736,0,0,0,0,0,0,0,0,1,0
Maruti Ritz LXi,2016,270000,82000,3,18.5,1197.0,85.8,5.0,0.0,0.0,1.0,1.0,0.0,1.0,9,Ritz,9111.111111111111,2,0.07167919799498747,738000,1587.3,0,0,0,1,0,0,0,0,0,0
Maruti Alto K10 VXI,2015,240000,80000,2,23.95,998.0,67.05,5.0,0.0,0.0,1.0,1.0,0.0,1.0,10,Alto,8000.0,2,0.06718436873747495,800000,1605.8474999999999,0,0,0,1,0,0,0,0,0,0
Renault Duster 110PS Diesel RxZ,2012,320000,110000,3,19.01,1461.0,108.45,5.0,1.0,0.0,0.0,1.0,0.0,1.0,13,Duster,8461.538461538461,2,0.0742299794661191,1430000,2061.6345,0,0,0,0,0,0,1,0,0,0
Tata Manza Aura (ABS) Quadrajet BS IV,2011,149000,148000,2,21.12,1248.0,88.8,5.0,1.0,0.0,0.0,1.0,0.0,1.0,14,Manza,10571.42857142857,2,0.07115384615384615,2072000,1875.4560000000001,0,0,0,0,0,0,0,1,0,0
Hyundai Accent Executive,2011,180000,70000,1,16.36,1495.0,93.7,5.0,0.0,0.0,1.0,1.0,0.0,1.0,14,Accent,5000.0,1,0.06267558528428094,980000,1532.932,0,0,1,0,0,0,0,0,0,0
Hyundai Santro Xing GLS LPG,2012,185000,70000,2,18.1575,1086.0,62.1,5.0,0.0,1.0,0.0,1.0,0.0,1.0,13,Santro,5384.615384615385,2,0.057182320441988954,910000,1127.5807499999999,0,0,1,0,0,0,0,0,0,0
Tata Indigo LX,2010,130000,120000,1,17.0,1405.0,70.0,5.0,1.0,0.0,0.0,1.0,0.0,1.0,15,Indigo,8000.0,2,0.0498220640569395,1800000,1190.0,0,0,0,0,0,0,0,1,0,0
Ford Fiesta Classic 1.4 Duratorq CLXI,2012,330000,60000,1,17.8,1399.0,67.0,5.0,1.0,0.0,0.0,1.0,0.0,1.0,13,Fiesta,4615.384615384615,1,0.04789135096497498,780000,1192.6000000000001,1,0,0,0,0,0,0,0,0,0
Tata Manza Aura (ABS) Quadrajet,2011,190000,90000,1,18.8,1248.0,90.0,5.0,1.0,0.0,0.0,0.0,0.0,1.0,14,Manza,6428.571428571428,2,0.07211538461538461,1260000,1692.0,0,0,0,0,0,0,0,1,0,0
Maruti Swift VDI,2014,501000,68000,1,22.9,1248.0,74.0,5.0,1.0,0.0,0.0,0.0,0.0,1.0,11,Swift,6181.818181818182,2,0.05929487179487179,748000,1694.6,0,0,0,1,0,0,0,0,0,0
Honda Amaze S i-DTEC,2017,600000,24500,1,25.8,1498.0,98.6,5.0,1.0,0.0,0.0,0.0,0.0,1.0,8,Amaze,3062.5,1,0.06582109479305741,196000,2543.88,0,1,0,0,0,0,0,0,0,0
Honda Amaze VX O iDTEC,2015,450000,85000,1,25.8,1498.0,98.6,5.0,1.0,0.0,0.0,0.0,0.0,1.0,10,Amaze,8500.0,2,0.06582109479305741,850000,2543.88,0,1,0,0,0,0,0,0,0,0
Toyota Etios 1.5 V,2011,285000,45500,1,16.78,1496.0,88.73,5.0,0.0,0.0,1.0,0.0,0.0,1.0,14,Etios,3250.0,1,0.05931149732620321,637000,1488.8894000000003,0,0,0,0,0,0,0,0,1,0
Maruti Swift VDI,2014,490000,67000,1,28.4,1248.0,74.0,5.0,1.0,0.0,0.0,0.0,0.0,1.0,11,Swift,6090.909090909091,2,0.05929487179487179,737000,2101.6,0,0,0,1,0,0,0,0,0,0
Maruti Swift VDI,2014,500000,77000,1,28.4,1248.0,74.0,5.0,1.0,0.0,0.0,0.0,0.0,1.0,11,Swift,7000.0,2,0.05929487179487179,847000,2101.6,0,0,0,1,0,0,0,0,0,0
Hyundai EON Magna Plus,2016,275000,47000,1,21.1,814.0,55.2,5.0,0.0,0.0,1.0,0.0,0.0,1.0,9,EON,5222.222222222223,2,0.06781326781326781,423000,1164.72,0,0,1,0,0,0,0,0,0,0
Tata Tiago XT,2017,440000,57000,1,23.84,1199.0,84.48,5.0,0.0,0.0,1.0,0.0,0.0,1.0,8,Tiago,7125.0,2,0.07045871559633028,456000,2014.0032,0,0,0,0,0,0,0,1,0,0
Hyundai i20 1.4 Asta Option,2018,825000,71500,1,22.54,1396.0,88.73,5.0,1.0,0.0,0.0,0.0,0.0,1.0,7,i20,10214.285714285714,2,0.06356017191977077,500500,1999.9742,0,0,1,0,0,0,0,0,0,0
Toyota Etios Liva 1.4 GD,2012,411000,110000,1,23.59,1364.0,67.04,5.0,1.0,0.0,0.0,0.0,0.0,1.0,13,Etios,8461.538461538461,2,0.04914956011730206,1430000,1581.4736,0,0,0,0,0,0,0,0,1,0
Maruti Swift Dzire VDI,2013,470000,82000,2,26.59,1248.0,74.0,5.0,1.0,0.0,0.0,0.0,0.0,1.0,12,Swift,6833.333333333333,2,0.05929487179487179,984000,1967.66,0,0,0,1,0,0,0,0,0,0
Maruti Swift VDI,2013,445000,70000,2,28.4,1248.0,74.0,5.0,1.0,0.0,0.0,0.0,0.0,1.0,12,Swift,5833.333333333333,2,0.05929487179487179,840000,2101.6,0,0,0,1,0,0,0,0,0,0
Maruti Baleno Zeta Diesel,2017,752000,28000,1,27.39,1248.0,74.0,5.0,1.0,0.0,0.0,0.0,0.0,1.0,8,Baleno,3500.0,1,0.05929487179487179,224000,2026.8600000000001,0,0,0,1,0,0,0,0,0,0
Skoda Rapid 1.5 TDI Style Plus Black Package,2016,650000,125000,2,21.14,1498.0,103.52,5.0,1.0,0.0,0.0,0.0,0.0,1.0,9,Rapid,13888.888888888889,2,0.06910547396528705,1125000,2188.4128,0,0,0,0,0,1,0,0,0,0
Maruti Swift VDI,2013,450000,67000,2,28.4,1248.0,74.0,5.0,1.0,0.0,0.0,0.0,0.0,1.0,12,Swift,5583.333333333333,2,0.05929487179487179,804000,2101.6,0,0,0,1,0,0,0,0,0,0
Honda City 1.5 V MT,2011,350000,93500,3,17.0,1497.0,118.0,5.0,0.0,0.0,1.0,0.0,0.0,1.0,14,City,6678.571428571428,2,0.0788243152972612,1309000,2006.0,0,1,0,0,0,0,0,0,0,0
Maruti Swift VVT VXI,2012,511000,8500,1,22.0,1197.0,81.8,5.0,0.0,0.0,1.0,0.0,0.0,1.0,13,Swift,653.8461538461538,1,0.0683375104427736,110500,1799.6,0,0,0,1,0,0,0,0,0,0
Maruti Baleno Zeta 1.3,2016,700000,80000,1,27.39,1248.0,74.0,5.0,1.0,0.0,0.0,0.0,0.0,1.0,9,Baleno,8888.888888888889,2,0.05929487179487179,720000,2026.8600000000001,0,0,0,1,0,0,0,0,0,0
Ford Fiesta 1.4 Duratec EXI Limited Edition,2007,142000,97000,1,16.6,1388.0,68.0,5.0,0.0,0.0,1.0,1.0,0.0,1.0,18,Fiesta,5388.888888888889,2,0.04899135446685879,1746000,1128.8000000000002,1,0,0,0,0,0,0,0,0,0
Hyundai i20 1.2 Asta Option,2017,630000,30000,1,18.6,1197.0,81.83,5.0,0.0,0.0,1.0,1.0,0.0,1.0,8,i20,3750.0,1,0.06836257309941521,240000,1522.038,0,0,1,0,0,0,0,0,0,0
Hyundai i20 Sportz 1.2,2015,480000,50000,1,18.6,1197.0,81.83,5.0,0.0,0.0,1.0,1.0,0.0,1.0,10,i20,5000.0,1,0.06836257309941521,500000,1522.038,0,0,1,0,0,0,0,0,0,0
Maruti Alto K10 VXI,2016,330000,30000,1,23.95,998.0,67.05,5.0,0.0,0.0,1.0,1.0,0.0,1.0,9,Alto,3333.3333333333335,1,0.06718436873747495,270000,1605.8474999999999,0,0,0,1,0,0,0,0,0,0
Volkswagen Polo Diesel Highline 1.2L,2012,300000,60300,1,22.07,1199.0,73.9,5.0,1.0,0.0,0.0,1.0,0.0,1.0,13,Polo,4638.461538461538,1,0.06163469557964971,783900,1630.9730000000002,0,0,0,0,0,0,0,0,0,1
Tata Zest Quadrajet 1.3 XM,2015,400000,35000,1,23.0,1248.0,88.7,5.0,1.0,0.0,0.0,1.0,0.0,1.0,10,Zest,3500.0,1,0.07107371794871795,350000,2040.1000000000001,0,0,0,0,0,0,0,1,0,0
Hyundai i10 Magna 1.1L,2008,180000,44391,2,19.81,1086.0,68.05,5.0,0.0,0.0,1.0,1.0,0.0,1.0,17,i10,2611.235294117647,1,0.06266114180478821,754647,1348.0704999999998,0,0,1,0,0,0,0,0,0,0
Maruti Baleno Sigma 1.3,2016,530000,58000,1,27.39,1248.0,74.0,5.0,1.0,0.0,0.0,1.0,0.0,1.0,9,Baleno,6444.444444444444,2,0.05929487179487179,522000,2026.8600000000001,0,0,0,1,0,0,0,0,0,0
Honda City i DTec SV,2016,700000,110000,1,26.0,1498.0,98.6,5.0,1.0,0.0,0.0,1.0,0.0,1.0,9,City,12222.222222222223,2,0.06582109479305741,990000,2563.6,0,1,0,0,0,0,0,0,0,0
Chevrolet Beat Diesel,2013,175000,56315,1,25.44,936.0,57.6,5.0,1.0,0.0,0.0,1.0,0.0,1.0,12,Beat,4692.916666666667,1,0.06153846153846154,675780,1465.344,0,0,0,0,0,0,0,0,0,0
Toyota Etios Liva GD,2013,325000,120000,1,23.59,1364.0,67.06,5.0,1.0,0.0,0.0,1.0,0.0,1.0,12,Etios,10000.0,2,0.04916422287390029,1440000,1581.9454,0,0,0,0,0,0,0,0,1,0
Tata Zest Quadrajet 1.3 XM,2015,350000,90000,2,23.0,1248.0,88.7,5.0,1.0,0.0,0.0,1.0,0.0,1.0,10,Zest,9000.0,2,0.07107371794871795,900000,2040.1000000000001,0,0,0,0,0,0,0,1,0,0
Maruti Wagon R LXI DUO BSIII,2006,110000,120000,3,23.355000000000004,1061.0,57.5,5.0,0.0,1.0,0.0,1.0,0.0,1.0,19,Wagon,6315.789473684211,2,0.05419415645617342,2280000,1342.9125000000001,0,0,0,1,0,0,0,0,0,0
Maruti Zen Estilo LXI BSIII,2007,85000,160000,4,18.2,998.0,67.1,5.0,0.0,0.0,1.0,1.0,0.0,1.0,18,Zen,8888.888888888889,2,0.06723446893787574,2880000,1221.2199999999998,0,0,0,1,0,0,0,0,0,0
Maruti Swift Dzire VDi,2009,225000,120000,3,19.3,1248.0,73.9,5.0,1.0,0.0,0.0,1.0,0.0,1.0,16,Swift,7500.0,2,0.059214743589743594,1920000,1426.2700000000002,0,0,0,1,0,0,0,0,0,0
Tata Indica Vista Terra Quadrajet 1.3L,2010,111000,100000,2,18.0,1248.0,75.0,5.0,1.0,0.0,0.0,1.0,0.0,1.0,15,Indica,6666.666666666667,2,0.06009615384615385,1500000,1350.0,0,0,0,0,0,0,0,1,0,0
Maruti Wagon R VXI Minor,2007,150000,70000,3,18.9,1061.0,67.0,5.0,0.0,0.0,1.0,1.0,0.0,1.0,18,Wagon,3888.8888888888887,1,0.06314797360980208,1260000,1266.3,0,0,0,1,0,0,0,0,0,0
Hyundai EON Era Plus,2017,300000,15151,2,21.1,814.0,55.2,5.0,0.0,0.0,1.0,1.0,0.0,1.0,8,EON,1893.875,1,0.06781326781326781,121208,1164.72,0,0,1,0,0,0,0,0,0,0
Hyundai i10 Era,2011,206000,100000,1,19.81,1086.0,68.05,5.0,0.0,0.0,1.0,1.0,0.0,1.0,14,i10,7142.857142857143,2,0.06266114180478821,1400000,1348.0704999999998,0,0,1,0,0,0,0,0,0,0
Maruti Wagon R LXI,2006,70000,110000,4,18.9,998.0,67.1,5.0,0.0,0.0,1.0,1.0,0.0,1.0,19,Wagon,5789.473684210527,2,0.06723446893787574,2090000,1268.1899999999998,0,0,0,1,0,0,0,0,0,0
Hyundai Grand i10 1.2 Kappa Magna AT,2019,567000,7000,1,18.9,1197.0,81.86,5.0,0.0,0.0,1.0,1.0,0.0,0.0,6,Grand,1166.6666666666667,1,0.0683876357560568,42000,1547.1539999999998,0,0,1,0,0,0,0,0,0,0
Ford EcoSport 1.5 Ti VCT MT Titanium BSIV,2013,500000,70000,2,15.85,1499.0,110.4,5.0,0.0,0.0,1.0,1.0,0.0,1.0,12,EcoSport,5833.333333333333,2,0.07364909939959974,840000,1749.8400000000001,1,0,0,0,0,0,0,0,0,0
Hyundai Grand i10 Sportz,2015,400000,128000,1,18.9,1197.0,82.0,5.0,0.0,0.0,1.0,1.0,0.0,1.0,10,Grand,12800.0,2,0.06850459482038429,1280000,1549.8,0,0,1,0,0,0,0,0,0,0
Maruti Swift VDI BSIV,2011,340000,160000,2,19.5,1248.0,81.83,5.0,1.0,0.0,0.0,1.0,0.0,1.0,14,Swift,11428.57142857143,2,0.06556891025641025,2240000,1595.685,0,0,0,1,0,0,0,0,0,0
Maruti Swift VDI BSIV,2014,570000,15000,1,25.2,1248.0,74.0,5.0,1.0,0.0,0.0,1.0,0.0,1.0,11,Swift,1363.6363636363637,1,0.05929487179487179,165000,1864.8,0,0,0,1,0,0,0,0,0,0
Maruti Swift Dzire VDI,2017,699000,60000,1,28.4,1248.0,74.02,5.0,1.0,0.0,0.0,1.0,0.0,1.0,8,Swift,7500.0,2,0.05931089743589743,480000,2102.1679999999997,0,0,0,1,0,0,0,0,0,0
Honda Brio Exclusive Edition,2013,355000,80000,1,19.4,1198.0,86.8,5.0,0.0,0.0,1.0,1.0,0.0,1.0,12,Brio,6666.666666666667,2,0.07245409015025041,960000,1683.9199999999998,0,1,0,0,0,0,0,0,0,0
Maruti Swift Dzire VDI Optional,2016,690000,80000,1,26.59,1248.0,74.0,5.0,1.0,0.0,0.0,1.0,0.0,1.0,9,Swift,8888.888888888889,2,0.05929487179487179,720000,1967.66,0,0,0,1,0,0,0,0,0,0
Ford Fiesta 1.4 Duratorq ZXI,2006,180000,114321,2,17.8,1399.0,68.0,5.0,1.0,0.0,0.0,1.0,0.0,1.0,19,Fiesta,6016.894736842105,2,0.04860614724803431,2172099,1210.4,1,0,0,0,0,0,0,0,0,0
Tata Indica Vista TDI LX,2013,200000,120000,1,19.4,1405.0,70.0,5.0,1.0,0.0,0.0,1.0,0.0,1.0,12,Indica,10000.0,2,0.0498220640569395,1440000,1358.0,0,0,0,0,0,0,0,1,0,0
Toyota Etios Liva GD,2014,415000,146000,1,23.59,1364.0,67.06,5.0,1.0,0.0,0.0,1.0,0.0,1.0,11,Etios,13272.727272727272,2,0.04916422287390029,1606000,1581.9454,0,0,0,0,0,0,0,0,1,0
Hyundai i10 Magna LPG,2012,350000,30000,1,25.92,1086.0,68.05,5.0,0.0,1.0,0.0,1.0,0.0,1.0,13,i10,2307.6923076923076,1,0.06266114180478821,390000,1763.856,0,0,1,0,0,0,0,0,0,0
Hyundai EON D Lite Plus,2017,350000,20000,1,21.1,814.0,55.2,5.0,0.0,0.0,1.0,1.0,0.0,1.0,8,EON,2500.0,1,0.06781326781326781,160000,1164.72,0,0,1,0,0,0,0,0,0,0
Toyota Platinum Etios 1.4 GD,2017,632000,150000,1,23.59,1364.0,67.05,5.0,1.0,0.0,0.0,1.0,0.0,1.0,8,Platinum,18750.0,3,0.04915689149560117,1200000,1581.7095,0,0,0,0,0,0,0,0,1,0
Maruti Eeco CNG 5 Seater AC BSIV,2014,325000,70000,2,29.619000000000003,1196.0,61.7,5.0,0.0,0.0,0.0,1.0,0.0,1.0,11,Eeco,6363.636363636364,2,0.051588628762541805,770000,1827.4923000000003,0,0,0,1,0,0,0,0,0,0
Honda City 1.5 V MT,2010,300000,100000,3,17.0,1497.0,118.0,5.0,0.0,0.0,1.0,1.0,0.0,1.0,15,City,6666.666666666667,2,0.0788243152972612,1500000,2006.0,0,1,0,0,0,0,0,0,0,0
Maruti Wagon R LXI,2005,70000,188000,4,18.9,998.0,67.1,5.0,0.0,0.0,1.0,1.0,0.0,1.0,20,Wagon,9400.0,2,0.06723446893787574,3760000,1268.1899999999998,0,0,0,1,0,0,0,0,0,0
Hyundai i10 Sportz 1.1L,2008,180000,100000,3,19.81,1086.0,68.05,5.0,0.0,0.0,1.0,1.0,0.0,1.0,17,i10,5882.35294117647,2,0.06266114180478821,1700000,1348.0704999999998,0,0,1,0,0,0,0,0,0,0
Hyundai i20 1.2 Asta,2017,730000,37333,1,18.6,1197.0,81.83,5.0,0.0,0.0,1.0,1.0,0.0,1.0,8,i20,4666.625,1,0.06836257309941521,298664,1522.038,0,0,1,0,0,0,0,0,0,0
Toyota Etios GD,2016,509999,80000,2,23.59,1364.0,67.05,5.0,1.0,0.0,0.0,1.0,0.0,1.0,9,Etios,8888.888888888889,2,0.04915689149560117,720000,1581.7095,0,0,0,0,0,0,0,0,1,0
Maruti Swift VDI BSIV,2010,240000,134000,2,19.5,1248.0,81.83,5.0,1.0,0.0,0.0,1.0,0.0,1.0,15,Swift,8933.333333333334,2,0.06556891025641025,2010000,1595.685,0,0,0,1,0,0,0,0,0,0
Maruti Alto LX,2011,140000,72000,2,19.7,796.0,46.3,5.0,0.0,0.0,1.0,1.0,0.0,1.0,14,Alto,5142.857142857143,2,0.05816582914572864,1008000,912.1099999999999,0,0,0,1,0,0,0,0,0,0
Maruti Ritz LXi,2015,300000,80000,2,18.5,1197.0,85.8,5.0,0.0,0.0,1.0,1.0,0.0,1.0,10,Ritz,8000.0,2,0.07167919799498747,800000,1587.3,0,0,0,1,0,0,0,0,0,0
Maruti Swift Dzire VDi,2010,225000,120000,2,19.3,1248.0,73.9,5.0,1.0,0.0,0.0,1.0,0.0,1.0,15,Swift,8000.0,2,0.059214743589743594,1800000,1426.2700000000002,0,0,0,1,0,0,0,0,0,0
Renault Duster 85PS Diesel RxL Optional,2012,400000,100000,2,20.46,1461.0,83.8,5.0,1.0,0.0,0.0,1.0,0.0,1.0,13,Duster,7692.307692307692,2,0.05735797399041752,1300000,1714.548,0,0,0,0,0,0,1,0,0,0
Maruti Swift Dzire LXi,2009,190000,90000,3,17.5,1298.0,85.8,5.0,0.0,0.0,1.0,1.0,0.0,1.0,16,Swift,5625.0,2,0.06610169491525424,1440000,1501.5,0,0,0,1,0,0,0,0,0,0
Honda Amaze VX i-DTEC,2013,350000,140000,3,25.8,1498.0,98.6,5.0,1.0,0.0,0.0,1.0,0.0,1.0,12,Amaze,11666.666666666666,2,0.06582109479305741,1680000,2543.88,0,1,0,0,0,0,0,0,0,0
Chevrolet Spark 1.0 LS,2010,75000,120000,1,18.0,995.0,62.0,5.0,0.0,0.0,1.0,1.0,0.0,1.0,15,Spark,8000.0,2,0.062311557788944726,1800000,1116.0,0,0,0,0,0,0,0,0,0,0
Maruti Vitara Brezza VDi AMT,2019,860000,35000,1,24.3,1248.0,88.5,5.0,1.0,0.0,0.0,1.0,0.0,0.0,6,Vitara,5833.333333333333,2,0.07091346153846154,210000,2150.55,0,0,0,1,0,0,0,0,0,0
Maruti Alto K10 VXI,2014,250000,50000,2,23.95,998.0,67.05,5.0,0.0,0.0,1.0,1.0,0.0,1.0,11,Alto,4545.454545454545,1,0.06718436873747495,550000,1605.8474999999999,0,0,0,1,0,0,0,0,0,0
Hyundai Verna 1.4 CRDi,2017,700000,82000,1,24.8,1396.0,88.7,5.0,1.0,0.0,0.0,1.0,0.0,1.0,8,Verna,10250.0,2,0.06353868194842408,656000,2199.76,0,0,1,0,0,0,0,0,0,0
Maruti Swift VDI BSIV,2014,399000,70000,3,25.2,1248.0,74.0,5.0,1.0,0.0,0.0,1.0,0.0,1.0,11,Swift,6363.636363636364,2,0.05929487179487179,770000,1864.8,0,0,0,1,0,0,0,0,0,0
Maruti Ritz LXi,2016,320000,90000,1,18.5,1197.0,85.8,5.0,0.0,0.0,1.0,1.0,0.0,1.0,9,Ritz,10000.0,2,0.07167919799498747,810000,1587.3,0,0,0,1,0,0,0,0,0,0
Maruti Ciaz ZDi Plus SHVS,2017,750000,53000,1,28.09,1248.0,88.5,5.0,1.0,0.0,0.0,1.0,0.0,1.0,8,Ciaz,6625.0,2,0.07091346153846154,424000,2485.965,0,0,0,1,0,0,0,0,0,0
Nissan Micra XV CVT,2017,560000,21500,1,19.34,1198.0,76.0,5.0,0.0,0.0,1.0,1.0,0.0,0.0,8,Micra,2687.5,1,0.06343906510851419,172000,1469.84,0,0,0,0,1,0,0,0,0,0
Tata Tiago 1.05 Revotorq XZ WO Alloy,2017,450000,89000,1,27.28,1047.0,69.0,5.0,1.0,0.0,0.0,1.0,0.0,1.0,8,Tiago,11125.0,2,0.0659025787965616,712000,1882.3200000000002,0,0,0,0,0,0,0,1,0,0
Maruti Swift Dzire VXI,2013,459999,35000,2,19.1,1197.0,85.8,5.0,0.0,0.0,1.0,1.0,0.0,1.0,12,Swift,2916.6666666666665,1,0.07167919799498747,420000,1638.78,0,0,0,1,0,0,0,0,0,0
Maruti Zen Estilo LXI BS IV,2013,235000,43000,2,19.0,998.0,67.1,5.0,0.0,0.0,1.0,1.0,0.0,1.0,12,Zen,3583.3333333333335,1,0.06723446893787574,516000,1274.8999999999999,0,0,0,1,0,0,0,0,0,0
Hyundai Santro Xing GLS,2009,180000,80000,2,17.92,1086.0,62.1,5.0,0.0,0.0,1.0,1.0,0.0,1.0,16,Santro,5000.0,1,0.057182320441988954,1280000,1112.832,0,0,1,0,0,0,0,0,0,0
Hyundai Santro Xing XS,2007,140000,80000,2,17.8,1086.0,63.0,5.0,0.0,0.0,1.0,1.0,0.0,1.0,18,Santro,4444.444444444444,1,0.058011049723756904,1440000,1121.4,0,0,1,0,0,0,0,0,0,0
Hyundai i20 Asta 1.4 CRDi,2014,620000,110000,1,22.54,1396.0,88.73,5.0,1.0,0.0,0.0,1.0,0.0,1.0,11,i20,10000.0,2,0.06356017191977077,1210000,1999.9742,0,0,1,0,0,0,0,0,0,0
Hyundai EON Era,2012,190000,100000,1,21.1,814.0,55.2,5.0,0.0,0.0,1.0,1.0,0.0,1.0,13,EON,7692.307692307692,2,0.06781326781326781,1300000,1164.72,0,0,1,0,0,0,0,0,0,0
Hyundai EON Sportz,2018,380000,25000,1,21.1,814.0,55.2,5.0,0.0,0.0,1.0,1.0,0.0,1.0,7,EON,3571.4285714285716,1,0.06781326781326781,175000,1164.72,0,0,1,0,0,0,0,0,0,0
Ford EcoSport S Diesel BSIV,2019,1145000,20000,1,23.0,1498.0,98.96,5.0,1.0,0.0,0.0,1.0,0.0,1.0,6,EcoSport,3333.3333333333335,1,0.06606141522029373,120000,2276.08,1,0,0,0,0,0,0,0,0,0
Tata Zest Quadrajet 1.3 75PS XE,2017,540000,70000,1,22.95,1248.0,74.0,5.0,1.0,0.0,0.0,1.0,0.0,1.0,8,Zest,8750.0,2,0.05929487179487179,560000,1698.3,0,0,0,0,0,0,0,1,0,0
Maruti Wagon R LXI BSIII,2006,150000,100000,2,14.0,1061.0,64.0,5.0,0.0,0.0,1.0,1.0,0.0,1.0,19,Wagon,5263.1578947368425,2,0.060320452403393024,1900000,896.0,0,0,0,1,0,0,0,0,0,0
Maruti Esteem LX,2008,75000,86000,2,19.5,1248.0,81.83,5.0,0.0,0.0,1.0,1.0,0.0,1.0,17,Esteem,5058.823529411765,2,0.06556891025641025,1462000,1595.685,0,0,0,1,0,0,0,0,0,0
Maruti Alto LXi BSIII,2009,135000,50000,1,19.7,796.0,46.3,5.0,0.0,0.0,1.0,1.0,0.0,1.0,16,Alto,3125.0,1,0.05816582914572864,800000,912.1099999999999,0,0,0,1,0,0,0,0,0,0
Tata Tiago 1.2 Revotron XZ,2017,340000,40300,1,23.84,1199.0,84.0,5.0,0.0,0.0,1.0,1.0,0.0,1.0,8,Tiago,5037.5,2,0.07005838198498748,322400,2002.56,0,0,0,0,0,0,0,1,0,0
Maruti Celerio VXI,2016,411000,25000,2,23.1,998.0,67.04,5.0,0.0,0.0,1.0,1.0,0.0,1.0,9,Celerio,2777.777777777778,1,0.06717434869739479,225000,1548.6240000000003,0,0,0,1,0,0,0,0,0,0
Maruti Wagon R LXI Minor,2010,150000,155000,3,18.9,998.0,67.1,5.0,0.0,0.0,1.0,1.0,0.0,1.0,15,Wagon,10333.333333333334,2,0.06723446893787574,2325000,1268.1899999999998,0,0,0,1,0,0,0,0,0,0
Honda Jazz 1.2 V AT i VTEC,2015,575000,50000,1,19.0,1199.0,88.7,5.0,0.0,0.0,1.0,1.0,0.0,0.0,10,Jazz,5000.0,1,0.07397831526271893,500000,1685.3,0,1,0,0,0,0,0,0,0,0
Hyundai i20 Asta Option 1.2,2017,595000,30030,1,18.6,1197.0,81.83,5.0,0.0,0.0,1.0,0.0,0.0,1.0,8,i20,3753.75,1,0.06836257309941521,240240,1522.038,0,0,1,0,0,0,0,0,0,0
Hyundai Xcent 1.2 Kappa SX Option,2017,525000,29029,1,19.1,1197.0,82.0,5.0,0.0,0.0,1.0,0.0,0.0,1.0,8,Xcent,3628.625,1,0.06850459482038429,232232,1566.2,0,0,1,0,0,0,0,0,0,0
Maruti Ritz VDi,2012,335000,72072,1,21.1,1248.0,73.9,5.0,1.0,0.0,0.0,0.0,0.0,1.0,13,Ritz,5544.0,2,0.059214743589743594,936936,1559.2900000000002,0,0,0,1,0,0,0,0,0,0
Ford Figo Diesel EXI,2012,300000,54000,1,20.0,1399.0,68.0,5.0,1.0,0.0,0.0,1.0,0.0,1.0,13,Figo,4153.846153846154,1,0.04860614724803431,702000,1360.0,1,0,0,0,0,0,0,0,0,0
Hyundai i20 2015-2017 Sportz Option 1.4 CRDi,2012,415000,82082,1,22.54,1396.0,88.73,5.0,1.0,0.0,0.0,0.0,0.0,1.0,13,i20,6314.0,2,0.06356017191977077,1067066,1999.9742,0,0,1,0,0,0,0,0,0,0
Maruti Swift Dzire Vdi BSIV,2011,347000,80600,1,19.3,1248.0,73.9,5.0,1.0,0.0,0.0,1.0,0.0,1.0,14,Swift,5757.142857142857,2,0.059214743589743594,1128400,1426.2700000000002,0,0,0,1,0,0,0,0,0,0
Hyundai EON Magna Optional,2013,195000,58609,2,21.1,814.0,55.2,5.0,0.0,0.0,1.0,1.0,0.0,1.0,12,EON,4884.083333333333,1,0.06781326781326781,703308,1164.72,0,0,1,0,0,0,0,0,0,0
Fiat Punto Pure 1.2L FIRE,2016,265000,33003,1,15.7,1172.0,67.0,5.0,0.0,0.0,1.0,1.0,0.0,1.0,9,Punto,3667.0,1,0.05716723549488054,297027,1051.8999999999999,0,0,0,0,0,1,0,0,0,0
Hyundai i20 Magna 1.2,2016,590000,16500,1,18.6,1197.0,81.83,5.0,0.0,0.0,1.0,1.0,0.0,1.0,9,i20,1833.3333333333333,1,0.06836257309941521,148500,1522.038,0,0,1,0,0,0,0,0,0,0
Maruti Swift Dzire ZDi,2011,350000,120000,2,19.3,1248.0,73.9,5.0,1.0,0.0,0.0,1.0,0.0,1.0,14,Swift,8571.42857142857,2,0.059214743589743594,1680000,1426.2700000000002,0,0,0,1,0,0,0,0,0,0
Tata Nexon 1.5 Revotorq XM,2018,749000,30000,1,21.5,1497.0,108.5,5.0,1.0,0.0,0.0,1.0,0.0,1.0,7,Nexon,4285.714285714285,1,0.07247828991315965,210000,2332.75,0,0,0,0,0,0,0,1,0,0
Tata Indigo CS LS (TDI) BS III,2010,150000,70000,2,19.09,1396.0,69.0,5.0,1.0,0.0,0.0,1.0,0.0,1.0,15,Indigo,4666.666666666667,1,0.0494269340974212,1050000,1317.21,0,0,0,0,0,0,0,1,0,0
Maruti Zen LX,2003,58000,170000,3,17.3,993.0,60.0,5.0,0.0,0.0,1.0,1.0,0.0,1.0,22,Zen,7727.272727272727,2,0.06042296072507553,3740000,1038.0,0,0,0,1,0,0,0,0,0,0
Mahindra Verito 1.5 D2 BSIV,2011,200000,120000,3,21.0,1461.0,64.1,5.0,1.0,0.0,0.0,1.0,0.0,1.0,14,Verito,8571.42857142857,2,0.04387405886379192,1680000,1346.1,0,0,0,0,0,1,0,0,0,0
Tata Indica Vista Quadrajet LS,2014,240000,168000,2,22.3,1248.0,74.0,5.0,1.0,0.0,0.0,1.0,0.0,1.0,11,Indica,15272.727272727272,3,0.05929487179487179,1848000,1650.2,0,0,0,0,0,0,0,1,0,0
Honda Amaze E i-DTEC,2017,515000,60000,2,25.8,1498.0,98.6,5.0,1.0,0.0,0.0,1.0,0.0,1.0,8,Amaze,7500.0,2,0.06582109479305741,480000,2543.88,0,1,0,0,0,0,0,0,0,0
Maruti Alto LXi,2008,145000,120000,2,19.7,796.0,46.3,5.0,0.0,0.0,1.0,1.0,0.0,1.0,17,Alto,7058.823529411765,2,0.05816582914572864,2040000,912.1099999999999,0,0,0,1,0,0,0,0,0,0
Maruti Wagon R VXI Optional,2016,450000,5800,2,20.51,998.0,67.04,5.0,0.0,0.0,1.0,1.0,0.0,1.0,9,Wagon,644.4444444444445,1,0.06717434869739479,52200,1374.9904000000001,0,0,0,1,0,0,0,0,0,0
Maruti A-Star Lxi,2010,179000,68700,3,19.0,998.0,66.1,5.0,0.0,0.0,1.0,1.0,0.0,1.0,15,A-Star,4580.0,1,0.06623246492985971,1030500,1255.8999999999999,0,0,0,1,0,0,0,0,0,0
Hyundai Verna Xi (Petrol),2007,220000,108000,3,13.9,1599.0,103.2,5.0,0.0,0.0,1.0,1.0,0.0,1.0,18,Verna,6000.0,2,0.06454033771106941,1944000,1434.48,0,0,1,0,0,0,0,0,0,0
Volkswagen Polo Petrol Highline 1.2L,2011,270000,60000,2,16.47,1198.0,73.9,5.0,0.0,0.0,1.0,1.0,0.0,1.0,14,Polo,4285.714285714285,1,0.06168614357262104,840000,1217.133,0,0,0,0,0,0,0,0,0,1
Hyundai EON Magna Plus,2016,335000,17000,1,21.1,814.0,55.2,5.0,0.0,0.0,1.0,1.0,0.0,1.0,9,EON,1888.888888888889,1,0.06781326781326781,153000,1164.72,0,0,1,0,0,0,0,0,0,0
Maruti Wagon R VXI Optional,2018,459999,5000,1,20.51,998.0,67.04,5.0,0.0,0.0,1.0,1.0,0.0,1.0,7,Wagon,714.2857142857143,1,0.06717434869739479,35000,1374.9904000000001,0,0,0,1,0,0,0,0,0,0
Maruti Vitara Brezza LDi Option,2017,710000,60000,1,24.3,1248.0,88.5,5.0,1.0,0.0,0.0,1.0,0.0,1.0,8,Vitara,7500.0,2,0.07091346153846154,480000,2150.55,0,0,0,1,0,0,0,0,0,0
Maruti Swift Dzire LDI,2015,330000,140000,2,26.59,1248.0,74.0,5.0,1.0,0.0,0.0,1.0,0.0,1.0,10,Swift,14000.0,2,0.05929487179487179,1400000,1967.66,0,0,0,1,0,0,0,0,0,0
Tata Nexon 1.2 Revotron XZ Plus,2018,750000,25000,1,17.0,1198.0,108.5,5.0,0.0,0.0,1.0,1.0,0.0,1.0,7,Nexon,3571.4285714285716,1,0.09056761268781302,175000,1844.5,0,0,0,0,0,0,0,1,0,0
Chevrolet Spark 1.0 LT,2016,160000,50000,2,16.2,995.0,62.1,5.0,0.0,0.0,1.0,1.0,0.0,1.0,9,Spark,5555.555555555556,2,0.06241206030150754,450000,1006.02,0,0,0,0,0,0,0,0,0,0
Chevrolet Beat Diesel LT Option,2016,215000,60000,2,25.44,936.0,56.3,5.0,1.0,0.0,0.0,1.0,0.0,1.0,9,Beat,6666.666666666667,2,0.060149572649572644,540000,1432.272,0,0,0,0,0,0,0,0,0,0
Maruti Swift Dzire VXI,2014,480000,72000,1,19.1,1197.0,85.8,5.0,0.0,0.0,1.0,1.0,0.0,1.0,11,Swift,6545.454545454545,2,0.07167919799498747,792000,1638.78,0,0,0,1,0,0,0,0,0,0
Hyundai EON D Lite,2012,200000,70000,1,21.1,814.0,55.2,5.0,0.0,0.0,1.0,1.0,0.0,1.0,13,EON,5384.615384615385,2,0.06781326781326781,910000,1164.72,0,0,1,0,0,0,0,0,0,0
Nissan Micra Diesel XL Optional,2013,400000,83000,1,23.08,1461.0,63.1,5.0,1.0,0.0,0.0,1.0,0.0,1.0,12,Micra,6916.666666666667,2,0.0431895961670089,996000,1456.348,0,0,0,0,1,0,0,0,0,0
Hyundai EON Era Plus,2012,180000,100000,2,21.1,814.0,55.2,5.0,0.0,0.0,1.0,1.0,0.0,1.0,13,EON,7692.307692307692,2,0.06781326781326781,1300000,1164.72,0,0,1,0,0,0,0,0,0,0
Maruti Swift VXI Optional,2015,550000,25000,1,20.4,1197.0,81.8,5.0,0.0,0.0,1.0,1.0,0.0,1.0,10,Swift,2500.0,1,0.0683375104427736,250000,1668.7199999999998,0,0,0,1,0,0,0,0,0,0
Maruti Swift VDI Optional,2016,550000,50000,1,25.2,1248.0,74.0,5.0,1.0,0.0,0.0,1.0,0.0,1.0,9,Swift,5555.555555555556,2,0.05929487179487179,450000,1864.8,0,0,0,1,0,0,0,0,0,0
Maruti Zen Estilo VXI BSIV,2011,270000,30000,1,19.0,998.0,67.1,5.0,0.0,0.0,1.0,1.0,0.0,1.0,14,Zen,2142.8571428571427,1,0.06723446893787574,420000,1274.8999999999999,0,0,0,1,0,0,0,0,0,0
Renault Pulse RxL,2013,315000,85000,1,23.08,1461.0,63.12,5.0,1.0,0.0,0.0,1.0,0.0,1.0,12,Pulse,7083.333333333333,2,0.04320328542094456,1020000,1456.8095999999998,0,0,0,0,0,0,1,0,0,0
Maruti Wagon R VXI BS IV,2014,300000,31000,1,20.51,998.0,67.04,5.0,0.0,0.0,1.0,1.0,0.0,1.0,11,Wagon,2818.181818181818,1,0.06717434869739479,341000,1374.9904000000001,0,0,0,1,0,0,0,0,0,0
Hyundai Grand i10 CRDi Sportz,2014,350000,100000,1,24.0,1120.0,70.0,5.0,1.0,0.0,0.0,1.0,0.0,1.0,11,Grand,9090.90909090909,2,0.0625,1100000,1680.0,0,0,1,0,0,0,0,0,0,0
Maruti Wagon R LXI Optional,2016,350000,20000,1,20.51,998.0,67.04,5.0,0.0,0.0,1.0,1.0,0.0,1.0,9,Wagon,2222.222222222222,1,0.06717434869739479,180000,1374.9904000000001,0,0,0,1,0,0,0,0,0,0
Ford EcoSport 1.5 TDCi Trend Plus BSIV,2017,700000,60000,1,22.77,1498.0,98.59,5.0,1.0,0.0,0.0,1.0,0.0,1.0,8,EcoSport,7500.0,2,0.06581441922563418,480000,2244.8943,1,0,0,0,0,0,0,0,0,0
Maruti Swift Dzire VDI,2013,415000,102996,2,23.4,1248.0,74.0,5.0,1.0,0.0,0.0,1.0,0.0,1.0,12,Swift,8583.0,2,0.05929487179487179,1235952,1731.6,0,0,0,1,0,0,0,0,0,0
Hyundai i20 Sportz 1.4 CRDi,2015,550000,60000,1,22.54,1396.0,88.73,5.0,1.0,0.0,0.0,1.0,0.0,1.0,10,i20,6000.0,2,0.06356017191977077,600000,1999.9742,0,0,1,0,0,0,0,0,0,0
Fiat Grande Punto EVO 1.3 Dynamic,2015,550000,67000,1,21.2,1248.0,75.0,5.0,1.0,0.0,0.0,1.0,0.0,1.0,10,Grande,6700.0,2,0.06009615384615385,670000,1590.0,0,0,0,0,0,1,0,0,0,0
Fiat Avventura Power Up 1.3 Emotion,2015,500000,96500,1,20.5,1248.0,91.72,5.0,1.0,0.0,0.0,1.0,0.0,1.0,10,Avventura,9650.0,2,0.07349358974358974,965000,1880.26,0,0,0,0,0,1,0,0,0,0
Maruti Wagon R LXI BSIII,2017,340000,52412,1,18.9,998.0,67.1,5.0,0.0,0.0,1.0,0.0,0.0,1.0,8,Wagon,6551.5,2,0.06723446893787574,419296,1268.1899999999998,0,0,0,1,0,0,0,0,0,0
Ford EcoSport 1.5 TDCi Titanium Plus BSIV,2013,480000,87452,2,22.77,1498.0,98.59,5.0,1.0,0.0,0.0,0.0,0.0,1.0,12,EcoSport,7287.666666666667,2,0.06581441922563418,1049424,2244.8943,1,0,0,0,0,0,0,0,0,0
Ford EcoSport 1.5 Diesel Ambiente BSIV,2018,750000,17000,1,23.0,1498.0,98.96,5.0,1.0,0.0,0.0,1.0,0.0,1.0,7,EcoSport,2428.5714285714284,1,0.06606141522029373,119000,2276.08,1,0,0,0,0,0,0,0,0,0
Maruti Wagon R LXI Minor,2008,100000,66530,2,18.9,1061.0,67.0,5.0,0.0,0.0,1.0,1.0,0.0,1.0,17,Wagon,3913.529411764706,1,0.06314797360980208,1131010,1266.3,0,0,0,1,0,0,0,0,0,0
Hyundai i20 Magna,2013,290000,40000,1,18.5,1197.0,82.85,5.0,0.0,0.0,1.0,1.0,0.0,1.0,12,i20,3333.3333333333335,1,0.06921470342522974,480000,1532.725,0,0,1,0,0,0,0,0,0,0
Fiat Avventura Power Up 1.3 Emotion,2015,425000,96500,1,20.5,1248.0,91.72,5.0,1.0,0.0,0.0,1.0,0.0,1.0,10,Avventura,9650.0,2,0.07349358974358974,965000,1880.26,0,0,0,0,0,1,0,0,0,0
Honda City V MT,2010,285000,79000,1,16.8,1497.0,116.3,5.0,0.0,0.0,1.0,1.0,0.0,1.0,15,City,5266.666666666667,2,0.07768871075484302,1185000,1953.8400000000001,0,1,0,0,0,0,0,0,0,0
Fiat Grande Punto Active (Diesel),2012,170000,60000,2,20.3,1248.0,75.0,5.0,1.0,0.0,0.0,1.0,0.0,1.0,13,Grande,4615.384615384615,1,0.06009615384615385,780000,1522.5,0,0,0,0,0,1,0,0,0,0
Tata Zest Revotron 1.2T XMS,2018,459999,35000,1,17.57,1193.0,88.7,5.0,0.0,0.0,1.0,1.0,0.0,1.0,7,Zest,5000.0,1,0.07435037720033529,245000,1558.459,0,0,0,0,0,0,0,1,0,0
Fiat Avventura MULTIJET Emotion,2015,450000,120000,1,20.5,1248.0,91.72,5.0,1.0,0.0,0.0,1.0,0.0,1.0,10,Avventura,12000.0,2,0.07349358974358974,1200000,1880.26,0,0,0,0,0,1,0,0,0,0
Maruti Swift Dzire AMT VXI,2019,650000,10000,1,21.21,1197.0,81.8,5.0,0.0,0.0,1.0,1.0,0.0,0.0,6,Swift,1666.6666666666667,1,0.0683375104427736,60000,1734.978,0,0,0,1,0,0,0,0,0,0
Hyundai i20 Active 1.2 S,2017,600000,15000,1,17.19,1197.0,81.86,5.0,0.0,0.0,1.0,1.0,0.0,1.0,8,i20,1875.0,1,0.0683876357560568,120000,1407.1734000000001,0,0,1,0,0,0,0,0,0,0
Maruti Alto 800 LXI,2016,300000,5000,1,22.74,796.0,47.3,5.0,0.0,0.0,1.0,1.0,0.0,1.0,9,Alto,555.5555555555555,1,0.059422110552763814,45000,1075.6019999999999,0,0,0,1,0,0,0,0,0,0
Maruti Alto LXi,2009,150000,40000,1,19.7,796.0,46.3,5.0,0.0,0.0,1.0,1.0,0.0,1.0,16,Alto,2500.0,1,0.05816582914572864,640000,912.1099999999999,0,0,0,1,0,0,0,0,0,0
Hyundai Elite i20 Petrol Magna Exective,2019,590000,10000,1,18.6,1197.0,81.86,5.0,0.0,0.0,1.0,1.0,0.0,1.0,6,Elite,1666.6666666666667,1,0.0683876357560568,60000,1522.596,0,0,1,0,0,0,0,0,0,0
Hyundai EON Era Plus,2016,310000,25000,1,21.1,814.0,55.2,5.0,0.0,0.0,1.0,1.0,0.0,1.0,9,EON,2777.777777777778,1,0.06781326781326781,225000,1164.72,0,0,1,0,0,0,0,0,0,0
Tata Zest Revotron 1.2T XMS,2017,400000,53000,1,17.57,1193.0,88.7,5.0,0.0,0.0,1.0,1.0,0.0,1.0,8,Zest,6625.0,2,0.07435037720033529,424000,1558.459,0,0,0,0,0,0,0,1,0,0
Mahindra XUV300 W8 Option BSIV,2019,1000000,22000,1,17.0,1197.0,110.0,5.0,0.0,0.0,1.0,1.0,0.0,1.0,6,XUV300,3666.6666666666665,1,0.09189640768588136,132000,1870.0,0,0,0,0,0,1,0,0,0,0
Maruti Wagon R VXI,2003,65000,70000,4,18.9,998.0,67.1,5.0,0.0,0.0,1.0,1.0,0.0,1.0,22,Wagon,3181.818181818182,1,0.06723446893787574,1540000,1268.1899999999998,0,0,0,1,0,0,0,0,0,0
Honda Amaze VX i-DTEC,2015,509999,75000,2,25.8,1498.0,98.6,5.0,1.0,0.0,0.0,1.0,0.0,1.0,10,Amaze,7500.0,2,0.06582109479305741,750000,2543.88,0,1,0,0,0,0,0,0,0,0
Maruti Wagon R VXI BSIII,2012,221000,70000,1,18.9,998.0,67.1,5.0,0.0,0.0,1.0,1.0,0.0,1.0,13,Wagon,5384.615384615385,2,0.06723446893787574,910000,1268.1899999999998,0,0,0,1,0,0,0,0,0,0
Volkswagen Vento 1.6 Highline,2014,390000,64000,3,15.04,1598.0,103.2,5.0,0.0,0.0,1.0,1.0,0.0,1.0,11,Vento,5818.181818181818,2,0.06458072590738423,704000,1552.128,0,0,0,0,0,0,0,0,0,1
Maruti Alto LXi,2009,195000,40000,1,19.7,796.0,46.3,5.0,0.0,0.0,1.0,1.0,0.0,1.0,16,Alto,2500.0,1,0.05816582914572864,640000,912.1099999999999,0,0,0,1,0,0,0,0,0,0
Hyundai i20 Sportz Option 1.4 CRDi,2015,615000,72000,1,22.54,1396.0,88.73,5.0,1.0,0.0,0.0,1.0,0.0,1.0,10,i20,7200.0,2,0.06356017191977077,720000,1999.9742,0,0,1,0,0,0,0,0,0,0
Hyundai i20 Magna 1.4 CRDi (Diesel),2013,350000,70000,2,21.9,1396.0,88.76,5.0,1.0,0.0,0.0,1.0,0.0,1.0,12,i20,5833.333333333333,2,0.06358166189111748,840000,1943.844,0,0,1,0,0,0,0,0,0,0
Chevrolet Beat Diesel LS,2012,140000,75000,1,25.44,936.0,57.6,5.0,1.0,0.0,0.0,1.0,0.0,1.0,13,Beat,5769.2307692307695,2,0.06153846153846154,975000,1465.344,0,0,0,0,0,0,0,0,0,0
Hyundai i20 1.4 Sportz,2017,650000,32331,2,22.54,1396.0,88.73,5.0,1.0,0.0,0.0,1.0,0.0,1.0,8,i20,4041.375,1,0.06356017191977077,258648,1999.9742,0,0,1,0,0,0,0,0,0,0
Hyundai i20 1.4 CRDi Sportz,2010,285000,80000,2,23.0,1396.0,90.0,5.0,1.0,0.0,0.0,1.0,0.0,1.0,15,i20,5333.333333333333,2,0.06446991404011461,1200000,2070.0,0,0,1,0,0,0,0,0,0,0
Chevrolet Spark 1.0 LT,2011,190000,20000,2,18.0,995.0,62.0,5.0,0.0,0.0,1.0,1.0,0.0,1.0,14,Spark,1428.5714285714287,1,0.062311557788944726,280000,1116.0,0,0,0,0,0,0,0,0,0,0
Nissan Sunny XL,2012,350000,110000,1,16.95,1498.0,97.7,5.0,0.0,0.0,1.0,1.0,0.0,1.0,13,Sunny,8461.538461538461,2,0.06522029372496663,1430000,1656.0149999999999,0,0,0,0,1,0,0,0,0,0
Hyundai Grand i10 Asta,2014,400000,40000,2,18.9,1197.0,82.0,5.0,0.0,0.0,1.0,1.0,0.0,1.0,11,Grand,3636.3636363636365,1,0.06850459482038429,440000,1549.8,0,0,1,0,0,0,0,0,0,0
Hyundai i20 Sportz 1.2,2015,434999,90000,2,18.6,1197.0,81.83,5.0,0.0,0.0,1.0,1.0,0.0,1.0,10,i20,9000.0,2,0.06836257309941521,900000,1522.038,0,0,1,0,0,0,0,0,0,0
Maruti Swift Dzire VXI,2014,450000,50000,2,19.1,1197.0,85.8,5.0,0.0,0.0,1.0,1.0,0.0,1.0,11,Swift,4545.454545454545,1,0.07167919799498747,550000,1638.78,0,0,0,1,0,0,0,0,0,0
Hyundai i20 Asta 1.2,2015,450000,60000,1,18.6,1197.0,81.83,5.0,0.0,0.0,1.0,1.0,0.0,1.0,10,i20,6000.0,2,0.06836257309941521,600000,1522.038,0,0,1,0,0,0,0,0,0,0
Maruti Swift VDI Optional,2017,580000,30000,1,25.2,1248.0,74.0,5.0,1.0,0.0,0.0,1.0,0.0,1.0,8,Swift,3750.0,1,0.05929487179487179,240000,1864.8,0,0,0,1,0,0,0,0,0,0
Tata Indigo CS LS (TDI) BS III,2009,140000,120000,3,19.09,1396.0,69.0,5.0,1.0,0.0,0.0,1.0,0.0,1.0,16,Indigo,7500.0,2,0.0494269340974212,1920000,1317.21,0,0,0,0,0,0,0,1,0,0
Hyundai Grand i10 1.2 Kappa Sportz BSIV,2017,525000,30000,1,18.9,1197.0,81.86,5.0,0.0,0.0,1.0,1.0,0.0,1.0,8,Grand,3750.0,1,0.0683876357560568,240000,1547.1539999999998,0,0,1,0,0,0,0,0,0,0
Tata Indigo CS LS (TDI) BS III,2009,114999,120000,3,19.09,1396.0,69.0,5.0,1.0,0.0,0.0,1.0,0.0,1.0,16,Indigo,7500.0,2,0.0494269340974212,1920000,1317.21,0,0,0,0,0,0,0,1,0,0
Tata Tiago 1.2 Revotron XZ,2016,399000,40000,1,23.84,1199.0,84.0,5.0,0.0,0.0,1.0,1.0,0.0,1.0,9,Tiago,4444.444444444444,1,0.07005838198498748,360000,2002.56,0,0,0,0,0,0,0,1,0,0
Hyundai Santro Xing XL eRLX Euro II,2006,150000,100000,2,19.5,1248.0,81.83,5.0,0.0,0.0,1.0,1.0,0.0,1.0,19,Santro,5263.1578947368425,2,0.06556891025641025,1900000,1595.685,0,0,1,0,0,0,0,0,0,0
Tata Indica V2 Turbomax DLS BS IV,2012,275000,90000,2,19.0,1405.0,71.0,5.0,1.0,0.0,0.0,1.0,0.0,1.0,13,Indica,6923.076923076923,2,0.050533807829181494,1170000,1349.0,0,0,0,0,0,0,0,1,0,0
Hyundai i20 1.4 CRDi Magna,2011,340000,80000,2,21.9,1396.0,90.0,5.0,1.0,0.0,0.0,1.0,0.0,1.0,14,i20,5714.285714285715,2,0.06446991404011461,1120000,1970.9999999999998,0,0,1,0,0,0,0,0,0,0
Hyundai EON LPG Era Plus,2012,222000,120000,1,28.485000000000003,814.0,55.2,5.0,0.0,1.0,0.0,1.0,0.0,1.0,13,EON,9230.76923076923,2,0.06781326781326781,1560000,1572.3720000000003,0,0,1,0,0,0,0,0,0,0
Tata Indica V2 DLS,2007,70000,110000,2,17.2,1396.0,53.5,5.0,1.0,0.0,0.0,1.0,0.0,1.0,18,Indica,6111.111111111111,2,0.03832378223495702,1980000,920.1999999999999,0,0,0,0,0,0,0,1,0,0
Tata Tiago 1.2 Revotron XT,2017,430000,38000,2,23.84,1199.0,84.0,5.0,0.0,0.0,1.0,1.0,0.0,1.0,8,Tiago,4750.0,1,0.07005838198498748,304000,2002.56,0,0,0,0,0,0,0,1,0,0
Tata Tiago 1.2 Revotron XT,2017,430000,35000,2,23.84,1199.0,84.0,5.0,0.0,0.0,1.0,1.0,0.0,1.0,8,Tiago,4375.0,1,0.07005838198498748,280000,2002.56,0,0,0,0,0,0,0,1,0,0
Maruti Wagon R VXI BS IV,2014,320000,70000,1,20.51,998.0,67.04,5.0,0.0,0.0,1.0,1.0,0.0,1.0,11,Wagon,6363.636363636364,2,0.06717434869739479,770000,1374.9904000000001,0,0,0,1,0,0,0,0,0,0
Hyundai Santro Xing XG,2005,95000,125000,4,19.5,1248.0,81.83,5.0,0.0,0.0,1.0,1.0,0.0,1.0,20,Santro,6250.0,2,0.06556891025641025,2500000,1595.685,0,0,1,0,0,0,0,0,0,0
Renault Fluence Diesel E4,2012,500000,120000,2,21.8,1461.0,78.0,5.0,1.0,0.0,0.0,1.0,0.0,1.0,13,Fluence,9230.76923076923,2,0.053388090349075976,1560000,1700.4,0,0,0,0,0,0,1,0,0,0
Renault Duster 110PS Diesel RxL,2012,500000,110000,2,19.01,1461.0,108.45,5.0,1.0,0.0,0.0,1.0,0.0,1.0,13,Duster,8461.538461538461,2,0.0742299794661191,1430000,2061.6345,0,0,0,0,0,0,1,0,0,0
Tata Indica Vista Aura Plus 1.3 Quadrajet BS IV,2010,229999,140000,1,18.4,1248.0,75.0,5.0,1.0,0.0,0.0,1.0,0.0,1.0,15,Indica,9333.333333333334,2,0.06009615384615385,2100000,1380.0,0,0,0,0,0,0,0,1,0,0
Hyundai Santro Xing XL,2007,200000,120000,2,19.5,1248.0,81.83,5.0,0.0,0.0,1.0,1.0,0.0,1.0,18,Santro,6666.666666666667,2,0.06556891025641025,2160000,1595.685,0,0,1,0,0,0,0,0,0,0
Renault Pulse RxL Optional,2017,500000,80000,2,23.08,1461.0,63.1,5.0,1.0,0.0,0.0,1.0,0.0,1.0,8,Pulse,10000.0,2,0.0431895961670089,640000,1456.348,0,0,0,0,0,0,1,0,0,0
Maruti Wagon R VXI Minor,2011,265000,80000,1,18.9,998.0,67.1,5.0,0.0,0.0,1.0,1.0,0.0,1.0,14,Wagon,5714.285714285715,2,0.06723446893787574,1120000,1268.1899999999998,0,0,0,1,0,0,0,0,0,0
Ford Figo 1.5D Base MT,2015,350000,110000,2,25.83,1498.0,99.0,5.0,1.0,0.0,0.0,1.0,0.0,1.0,10,Figo,11000.0,2,0.06608811748998665,1100000,2557.1699999999996,1,0,0,0,0,0,0,0,0,0
Tata Indica V2 DLE BSIII,2011,114999,172000,2,17.88,1396.0,52.8,5.0,1.0,0.0,0.0,1.0,0.0,1.0,14,Indica,12285.714285714286,2,0.03782234957020057,2408000,944.0639999999999,0,0,0,0,0,0,0,1,0,0
Hyundai i20 Magna 1.2,2014,425000,25000,1,18.6,1197.0,81.83,5.0,0.0,0.0,1.0,1.0,0.0,1.0,11,i20,2272.7272727272725,1,0.06836257309941521,275000,1522.038,0,0,1,0,0,0,0,0,0,0
Ford EcoSport 1.5 Diesel Trend BSIV,2019,900000,35000,1,23.0,1498.0,98.96,5.0,1.0,0.0,0.0,1.0,0.0,1.0,6,EcoSport,5833.333333333333,2,0.06606141522029373,210000,2276.08,1,0,0,0,0,0,0,0,0,0
Honda WR-V i-DTEC VX,2018,900000,30000,1,25.5,1498.0,98.6,5.0,1.0,0.0,0.0,1.0,0.0,1.0,7,WR-V,4285.714285714285,1,0.06582109479305741,210000,2514.2999999999997,0,1,0,0,0,0,0,0,0,0
Hyundai i10 Era,2011,165000,97000,3,19.81,1086.0,68.05,5.0,0.0,0.0,1.0,1.0,0.0,1.0,14,i10,6928.571428571428,2,0.06266114180478821,1358000,1348.0704999999998,0,0,1,0,0,0,0,0,0,0
Maruti Swift Dzire Vdi BSIV,2011,500000,60000,2,19.3,1248.0,73.9,5.0,1.0,0.0,0.0,1.0,0.0,1.0,14,Swift,4285.714285714285,1,0.059214743589743594,840000,1426.2700000000002,0,0,0,1,0,0,0,0,0,0
Hyundai i10 Era,2011,160000,60000,1,19.81,1086.0,68.05,5.0,0.0,0.0,1.0,1.0,0.0,1.0,14,i10,4285.714285714285,1,0.06266114180478821,840000,1348.0704999999998,0,0,1,0,0,0,0,0,0,0
Honda City i DTEC VX,2015,670000,60000,1,25.1,1498.0,98.6,5.0,1.0,0.0,0.0,1.0,0.0,1.0,10,City,6000.0,2,0.06582109479305741,600000,2474.86,0,1,0,0,0,0,0,0,0,0
Maruti Swift ZDi,2014,430000,90000,1,22.9,1248.0,74.0,5.0,1.0,0.0,0.0,1.0,0.0,1.0,11,Swift,8181.818181818182,2,0.05929487179487179,990000,1694.6,0,0,0,1,0,0,0,0,0,0
Hyundai Xcent 1.2 Kappa Base,2015,375000,30000,1,19.1,1197.0,82.0,5.0,0.0,0.0,1.0,1.0,0.0,1.0,10,Xcent,3000.0,1,0.06850459482038429,300000,1566.2,0,0,1,0,0,0,0,0,0,0
Hyundai i20 Asta Option 1.2,2016,650000,35000,1,18.6,1197.0,81.83,5.0,0.0,0.0,1.0,1.0,0.0,1.0,9,i20,3888.8888888888887,1,0.06836257309941521,315000,1522.038,0,0,1,0,0,0,0,0,0,0
Maruti Swift Dzire LDI,2016,500000,35000,1,26.59,1248.0,74.0,5.0,1.0,0.0,0.0,1.0,0.0,1.0,9,Swift,3888.8888888888887,1,0.05929487179487179,315000,1967.66,0,0,0,1,0,0,0,0,0,0
Volkswagen Ameo 1.5 TDI Comfortline,2018,600000,40000,1,21.66,1498.0,108.62,5.0,1.0,0.0,0.0,1.0,0.0,1.0,7,Ameo,5714.285714285715,2,0.07251001335113486,280000,2352.7092000000002,0,0,0,0,0,0,0,0,0,1
Hyundai Grand i10 Sportz,2017,550000,23456,1,18.9,1197.0,82.0,5.0,0.0,0.0,1.0,0.0,0.0,1.0,8,Grand,2932.0,1,0.06850459482038429,187648,1549.8,0,0,1,0,0,0,0,0,0,0
Honda WR-V i-VTEC S,2017,700000,15000,1,17.5,1199.0,88.7,5.0,0.0,0.0,1.0,1.0,0.0,1.0,8,WR-V,1875.0,1,0.07397831526271893,120000,1552.25,0,1,0,0,0,0,0,0,0,0
Maruti Swift Dzire VDI,2013,530000,40000,1,23.4,1248.0,74.0,5.0,1.0,0.0,0.0,1.0,0.0,1.0,12,Swift,3333.3333333333335,1,0.05929487179487179,480000,1731.6,0,0,0,1,0,0,0,0,0,0
Chevrolet Beat LT,2010,150000,70000,1,18.6,1199.0,79.4,5.0,0.0,0.0,1.0,1.0,0.0,1.0,15,Beat,4666.666666666667,1,0.06622185154295246,1050000,1476.8400000000001,0,0,0,0,0,0,0,0,0,0
Maruti Swift Dzire VXI,2014,475000,40000,1,19.1,1197.0,85.8,5.0,0.0,0.0,1.0,1.0,0.0,1.0,11,Swift,3636.3636363636365,1,0.07167919799498747,440000,1638.78,0,0,0,1,0,0,0,0,0,0
Honda City i DTEC VX,2015,800000,90000,2,25.1,1498.0,98.6,5.0,1.0,0.0,0.0,1.0,0.0,1.0,10,City,9000.0,2,0.06582109479305741,900000,2474.86,0,1,0,0,0,0,0,0,0,0
Maruti Wagon R AMT VXI Option,2018,509999,8000,2,20.51,998.0,67.0,5.0,0.0,0.0,1.0,1.0,0.0,0.0,7,Wagon,1142.857142857143,1,0.06713426853707415,56000,1374.17,0,0,0,1,0,0,0,0,0,0
Toyota Etios Liva VD,2015,387000,170000,1,23.59,1364.0,67.04,5.0,1.0,0.0,0.0,1.0,0.0,1.0,10,Etios,17000.0,3,0.04914956011730206,1700000,1581.4736,0,0,0,0,0,0,0,0,1,0
Maruti Alto 800 VXI,2014,235000,25000,1,22.74,796.0,47.3,5.0,0.0,0.0,1.0,1.0,0.0,1.0,11,Alto,2272.7272727272725,1,0.059422110552763814,275000,1075.6019999999999,0,0,0,1,0,0,0,0,0,0
Maruti Swift Vdi BSIII,2010,340000,110000,3,17.8,1248.0,75.0,5.0,1.0,0.0,0.0,1.0,0.0,1.0,15,Swift,7333.333333333333,2,0.06009615384615385,1650000,1335.0,0,0,0,1,0,0,0,0,0,0
Ford Ikon 1.4 TDCi DuraTorq,2009,160000,115000,2,13.8,1399.0,68.0,5.0,1.0,0.0,0.0,1.0,0.0,1.0,16,Ikon,7187.5,2,0.04860614724803431,1840000,938.4000000000001,1,0,0,0,0,0,0,0,0,0
Maruti Swift Vdi BSIII,2008,260000,90000,2,17.8,1248.0,75.0,5.0,1.0,0.0,0.0,1.0,0.0,1.0,17,Swift,5294.117647058823,2,0.06009615384615385,1530000,1335.0,0,0,0,1,0,0,0,0,0,0
Honda Jazz V CVT,2018,860000,40000,1,18.2,1199.0,88.7,5.0,0.0,0.0,1.0,1.0,0.0,0.0,7,Jazz,5714.285714285715,2,0.07397831526271893,280000,1614.34,0,1,0,0,0,0,0,0,0,0
Hyundai Verna 1.6 Xi ABS,2008,114999,55000,2,13.9,1599.0,103.2,5.0,0.0,0.0,1.0,1.0,0.0,1.0,17,Verna,3235.294117647059,1,0.06454033771106941,935000,1434.48,0,0,1,0,0,0,0,0,0,0
Maruti Alto LXi,2007,100000,90000,2,19.7,796.0,46.3,5.0,0.0,0.0,1.0,1.0,0.0,1.0,18,Alto,5000.0,1,0.05816582914572864,1620000,912.1099999999999,0,0,0,1,0,0,0,0,0,0
Volkswagen Vento 1.5 TDI Highline,2014,565000,111000,1,20.34,1498.0,103.2,5.0,1.0,0.0,0.0,1.0,0.0,1.0,11,Vento,10090.90909090909,2,0.06889185580774367,1221000,2099.088,0,0,0,0,0,0,0,0,0,1
Maruti Baleno Zeta 1.2,2017,625000,15000,1,21.4,1197.0,83.1,5.0,0.0,0.0,1.0,1.0,0.0,1.0,8,Baleno,1875.0,1,0.06942355889724311,120000,1778.3399999999997,0,0,0,1,0,0,0,0,0,0
Maruti Alto 800 VXI,2016,280000,30000,2,22.74,796.0,47.3,5.0,0.0,0.0,1.0,1.0,0.0,1.0,9,Alto,3333.3333333333335,1,0.059422110552763814,270000,1075.6019999999999,0,0,0,1,0,0,0,0,0,0
Maruti Alto K10 VXI,2017,330000,50000,1,23.95,998.0,67.05,5.0,0.0,0.0,1.0,1.0,0.0,1.0,8,Alto,6250.0,2,0.06718436873747495,400000,1605.8474999999999,0,0,0,1,0,0,0,0,0,0
Tata Indica V2 GLX BSIII,2008,65000,50000,2,15.3,1396.0,70.0,5.0,0.0,0.0,1.0,1.0,0.0,1.0,17,Indica,2941.176470588235,1,0.050143266475644696,850000,1071.0,0,0,0,0,0,0,0,1,0,0
Tata Tiago 1.2 Revotron XZ,2018,480000,45000,2,23.84,1199.0,84.0,5.0,0.0,0.0,1.0,1.0,0.0,1.0,7,Tiago,6428.571428571428,2,0.07005838198498748,315000,2002.56,0,0,0,0,0,0,0,1,0,0
Tata Tiago 1.05 Revotorq XZ,2016,400000,35000,2,27.28,1047.0,69.0,5.0,1.0,0.0,0.0,1.0,0.0,1.0,9,Tiago,3888.8888888888887,1,0.0659025787965616,315000,1882.3200000000002,0,0,0,0,0,0,0,1,0,0
Maruti Swift Dzire ZDi,2011,300000,120000,3,19.3,1248.0,73.9,5.0,1.0,0.0,0.0,1.0,0.0,1.0,14,Swift,8571.42857142857,2,0.059214743589743594,1680000,1426.2700000000002,0,0,0,1,0,0,0,0,0,0
Maruti Alto 800 LX,2017,282000,15000,1,24.7,796.0,47.3,5.0,0.0,0.0,1.0,1.0,0.0,1.0,8,Alto,1875.0,1,0.059422110552763814,120000,1168.31,0,0,0,1,0,0,0,0,0,0
Maruti Swift Dzire AMT VXI,2017,700000,15000,1,21.21,1197.0,81.8,5.0,0.0,0.0,1.0,1.0,0.0,0.0,8,Swift,1875.0,1,0.0683375104427736,120000,1734.978,0,0,0,1,0,0,0,0,0,0
Ford Figo Aspire 1.5 TDCi Titanium,2017,700000,70000,1,25.83,1498.0,99.0,5.0,1.0,0.0,0.0,1.0,0.0,1.0,8,Figo,8750.0,2,0.06608811748998665,560000,2557.1699999999996,1,0,0,0,0,0,0,0,0,0
Ford EcoSport 1.5 TDCi Titanium BSIV,2015,600000,135000,1,22.77,1498.0,98.59,5.0,1.0,0.0,0.0,1.0,0.0,1.0,10,EcoSport,13500.0,2,0.06581441922563418,1350000,2244.8943,1,0,0,0,0,0,0,0,0,0
Skoda Rapid 1.6 TDI Ambition,2012,290000,80000,2,20.5,1598.0,103.5,5.0,1.0,0.0,0.0,1.0,0.0,1.0,13,Rapid,6153.846153846154,2,0.06476846057571965,1040000,2121.75,0,0,0,0,0,1,0,0,0,0
Hyundai i20 1.2 Magna Executive,2017,575000,19000,1,18.6,1197.0,81.83,5.0,0.0,0.0,1.0,1.0,0.0,1.0,8,i20,2375.0,1,0.06836257309941521,152000,1522.038,0,0,1,0,0,0,0,0,0,0
Maruti Wagon R LXI BSIII,2010,180000,77000,1,18.9,998.0,67.1,5.0,0.0,0.0,1.0,1.0,0.0,1.0,15,Wagon,5133.333333333333,2,0.06723446893787574,1155000,1268.1899999999998,0,0,0,1,0,0,0,0,0,0
Maruti Ritz VDi,2012,229999,120000,1,23.2,1248.0,73.94,5.0,1.0,0.0,0.0,1.0,0.0,1.0,13,Ritz,9230.76923076923,2,0.05924679487179487,1560000,1715.408,0,0,0,1,0,0,0,0,0,0
Toyota Glanza G CVT,2019,800000,10000,1,19.56,1197.0,81.8,5.0,0.0,0.0,1.0,1.0,0.0,0.0,6,Glanza,1666.6666666666667,1,0.0683375104427736,60000,1600.0079999999998,0,0,0,0,0,0,0,0,1,0
Chevrolet Spark 1.0 LT Option Pack w/ Airbag,2009,60000,110000,3,16.5,995.0,63.0,5.0,0.0,0.0,1.0,1.0,0.0,1.0,16,Spark,6875.0,2,0.06331658291457286,1760000,1039.5,0,0,0,0,0,0,0,0,0,0
Maruti SX4 Vxi BSIII,2009,150000,110000,1,15.0,1586.0,104.68,5.0,0.0,0.0,1.0,1.0,0.0,1.0,16,SX4,6875.0,2,0.06600252206809584,1760000,1570.2,0,0,0,1,0,0,0,0,0,0
Tata Indigo Grand Dicor,2007,100000,90000,3,23.57,1396.0,70.0,5.0,1.0,0.0,0.0,1.0,0.0,1.0,18,Indigo,5000.0,1,0.050143266475644696,1620000,1649.9,0,0,0,0,0,0,0,1,0,0
Hyundai i20 1.4 Asta Option,2018,850000,50000,1,22.54,1396.0,88.73,5.0,1.0,0.0,0.0,1.0,0.0,1.0,7,i20,7142.857142857143,2,0.06356017191977077,350000,1999.9742,0,0,1,0,0,0,0,0,0,0
Chevrolet Beat Diesel LT,2014,220000,50000,1,25.44,936.0,56.3,5.0,1.0,0.0,0.0,1.0,0.0,1.0,11,Beat,4545.454545454545,1,0.060149572649572644,550000,1432.272,0,0,0,0,0,0,0,0,0,0
Maruti Alto 800 LXI,2014,250000,40000,2,22.74,796.0,47.3,5.0,0.0,0.0,1.0,1.0,0.0,1.0,11,Alto,3636.3636363636365,1,0.059422110552763814,440000,1075.6019999999999,0,0,0,1,0,0,0,0,0,0
Tata Indica Vista Quadrajet LS,2012,125000,120000,1,22.3,1248.0,74.0,5.0,1.0,0.0,0.0,1.0,0.0,1.0,13,Indica,9230.76923076923,2,0.05929487179487179,1560000,1650.2,0,0,0,0,0,0,0,1,0,0
Tata Tiago 1.2 Revotron XT,2017,400000,40000,1,23.84,1199.0,84.0,5.0,0.0,0.0,1.0,1.0,0.0,1.0,8,Tiago,5000.0,1,0.07005838198498748,320000,2002.56,0,0,0,0,0,0,0,1,0,0
Honda City i DTEC VX,2014,600000,160000,1,25.1,1498.0,98.6,5.0,1.0,0.0,0.0,1.0,0.0,1.0,11,City,14545.454545454546,2,0.06582109479305741,1760000,2474.86,0,1,0,0,0,0,0,0,0,0
Hyundai i20 1.2 Asta,2010,250000,60000,1,17.0,1197.0,80.0,5.0,0.0,0.0,1.0,1.0,0.0,1.0,15,i20,4000.0,1,0.06683375104427736,900000,1360.0,0,0,1,0,0,0,0,0,0,0
Maruti Wagon R VXI,2005,120000,60000,4,18.9,998.0,67.1,5.0,0.0,0.0,1.0,1.0,0.0,1.0,20,Wagon,3000.0,1,0.06723446893787574,1200000,1268.1899999999998,0,0,0,1,0,0,0,0,0,0
Hyundai Santro Sportz BSIV,2019,458000,30000,1,20.3,1086.0,68.0,5.0,0.0,0.0,1.0,1.0,0.0,1.0,6,Santro,5000.0,1,0.06261510128913444,180000,1380.4,0,0,1,0,0,0,0,0,0,0
Ford EcoSport 1.5 Diesel Titanium BSIV,2018,950000,20000,1,23.0,1498.0,98.96,5.0,1.0,0.0,0.0,1.0,0.0,1.0,7,EcoSport,2857.1428571428573,1,0.06606141522029373,140000,2276.08,1,0,0,0,0,0,0,0,0,0
Maruti Swift Dzire VXI 1.2 BS IV,2017,650000,21000,1,22.0,1197.0,81.8,5.0,0.0,0.0,1.0,1.0,0.0,1.0,8,Swift,2625.0,1,0.0683375104427736,168000,1799.6,0,0,0,1,0,0,0,0,0,0
Maruti Swift Star VDI,2013,400000,70000,1,22.9,1248.0,74.0,5.0,1.0,0.0,0.0,1.0,0.0,1.0,12,Swift,5833.333333333333,2,0.05929487179487179,840000,1694.6,0,0,0,1,0,0,0,0,0,0
Hyundai Grand i10 AT Asta,2015,400000,70000,2,18.9,1197.0,82.0,5.0,0.0,0.0,1.0,1.0,0.0,0.0,10,Grand,7000.0,2,0.06850459482038429,700000,1549.8,0,0,1,0,0,0,0,0,0,0
Maruti Alto LX,2006,100000,42500,1,19.7,796.0,46.3,5.0,0.0,0.0,1.0,1.0,0.0,1.0,19,Alto,2236.842105263158,1,0.05816582914572864,807500,912.1099999999999,0,0,0,1,0,0,0,0,0,0
Hyundai i10 Asta,2012,350000,25000,1,20.36,1197.0,78.9,5.0,0.0,0.0,1.0,1.0,0.0,1.0,13,i10,1923.076923076923,1,0.06591478696741855,325000,1606.404,0,0,1,0,0,0,0,0,0,0
Volkswagen Polo Diesel Trendline 1.2L,2010,250000,80000,4,22.07,1199.0,73.9,5.0,1.0,0.0,0.0,1.0,0.0,1.0,15,Polo,5333.333333333333,2,0.06163469557964971,1200000,1630.9730000000002,0,0,0,0,0,0,0,0,0,1
Tata Indica GLS BS IV,2007,75000,100000,2,15.3,1193.0,65.3,5.0,0.0,0.0,1.0,1.0,0.0,1.0,18,Indica,5555.555555555556,2,0.05473595976529757,1800000,999.09,0,0,0,0,0,0,0,1,0,0
Renault KWID 1.0 RXT Optional,2016,300000,34000,1,23.01,999.0,67.0,5.0,0.0,0.0,1.0,1.0,0.0,1.0,9,KWID,3777.777777777778,1,0.06706706706706707,306000,1541.67,0,0,0,0,0,0,1,0,0,0
Renault Duster 85PS Diesel RxS,2017,819999,50000,1,19.87,1461.0,83.8,5.0,1.0,0.0,0.0,1.0,0.0,1.0,8,Duster,6250.0,2,0.05735797399041752,400000,1665.106,0,0,0,0,0,0,1,0,0,0
Tata Indigo TDI,2010,409999,100000,2,19.61,1405.0,70.0,5.0,1.0,0.0,0.0,1.0,0.0,1.0,15,Indigo,6666.666666666667,2,0.0498220640569395,1500000,1372.7,0,0,0,0,0,0,0,1,0,0
Hyundai Verna 1.6 Xi ABS,2008,275000,52000,2,13.9,1599.0,103.2,5.0,0.0,0.0,1.0,1.0,0.0,1.0,17,Verna,3058.823529411765,1,0.06454033771106941,884000,1434.48,0,0,1,0,0,0,0,0,0,0
Hyundai i20 Asta 1.2,2015,500000,70000,1,18.6,1197.0,81.83,5.0,0.0,0.0,1.0,1.0,0.0,1.0,10,i20,7000.0,2,0.06836257309941521,700000,1522.038,0,0,1,0,0,0,0,0,0,0
Ford EcoSport 1.5 Diesel Titanium BSIV,2019,975000,30000,1,23.0,1498.0,98.96,5.0,1.0,0.0,0.0,1.0,0.0,1.0,6,EcoSport,5000.0,1,0.06606141522029373,180000,2276.08,1,0,0,0,0,0,0,0,0,0
Ford Aspire Trend Plus,2018,620000,15000,1,20.4,1194.0,94.93,5.0,0.0,0.0,1.0,1.0,0.0,1.0,7,Aspire,2142.8571428571427,1,0.07950586264656617,105000,1936.5720000000001,1,0,0,0,0,0,0,0,0,0
Ford EcoSport 1.5 Diesel Titanium Plus BSIV,2018,950000,40000,1,23.0,1498.0,98.96,5.0,1.0,0.0,0.0,1.0,0.0,1.0,7,EcoSport,5714.285714285715,2,0.06606141522029373,280000,2276.08,1,0,0,0,0,0,0,0,0,0
Maruti Swift VDI,2011,400000,72000,1,22.9,1248.0,74.0,5.0,1.0,0.0,0.0,1.0,0.0,1.0,14,Swift,5142.857142857143,2,0.05929487179487179,1008000,1694.6,0,0,0,1,0,0,0,0,0,0
Maruti Baleno Sigma 1.3,2015,562000,60000,1,27.39,1248.0,74.0,5.0,1.0,0.0,0.0,1.0,0.0,1.0,10,Baleno,6000.0,2,0.05929487179487179,600000,2026.8600000000001,0,0,0,1,0,0,0,0,0,0
Maruti Swift VDI BSIV,2009,210000,120000,4,19.5,1248.0,81.83,5.0,1.0,0.0,0.0,1.0,0.0,1.0,16,Swift,7500.0,2,0.06556891025641025,1920000,1595.685,0,0,0,1,0,0,0,0,0,0
Ford Fiesta 1.5 TDCi Titanium,2015,590000,80000,1,25.01,1498.0,89.75,5.0,1.0,0.0,0.0,1.0,0.0,1.0,10,Fiesta,8000.0,2,0.059913217623497994,800000,2244.6475,1,0,0,0,0,0,0,0,0,0
Hyundai Xcent 1.1 CRDi S,2016,350000,120000,2,24.4,1120.0,71.0,5.0,1.0,0.0,0.0,1.0,0.0,1.0,9,Xcent,13333.333333333334,2,0.06339285714285714,1080000,1732.3999999999999,0,0,1,0,0,0,0,0,0,0
Maruti Ignis 1.2 Zeta BSIV,2017,484999,30000,1,20.89,1197.0,81.8,5.0,0.0,0.0,1.0,1.0,0.0,1.0,8,Ignis,3750.0,1,0.0683375104427736,240000,1708.802,0,0,0,1,0,0,0,0,0,0
Tata Indica Vista TDI LS,2015,240000,110000,2,19.1,1405.0,70.0,5.0,1.0,0.0,0.0,1.0,0.0,1.0,10,Indica,11000.0,2,0.0498220640569395,1100000,1337.0,0,0,0,0,0,0,0,1,0,0
Maruti Alto 800 LXI,2017,300000,80000,1,24.7,796.0,47.3,5.0,0.0,0.0,1.0,1.0,0.0,1.0,8,Alto,10000.0,2,0.059422110552763814,640000,1168.31,0,0,0,1,0,0,0,0,0,0
Maruti Ciaz RS ZDi Plus SHVS,2016,750000,80000,1,28.09,1248.0,88.5,5.0,1.0,0.0,0.0,1.0,0.0,1.0,9,Ciaz,8888.888888888889,2,0.07091346153846154,720000,2485.965,0,0,0,1,0,0,0,0,0,0
Maruti Swift Dzire VXI,2016,574000,35000,2,20.85,1197.0,83.14,5.0,0.0,0.0,1.0,1.0,0.0,1.0,9,Swift,3888.8888888888887,1,0.06945697577276524,315000,1733.469,0,0,0,1,0,0,0,0,0,0
Tata Indica Vista Quadrajet 90 VX,2013,200000,167000,1,22.3,1248.0,88.8,5.0,1.0,0.0,0.0,1.0,0.0,1.0,12,Indica,13916.666666666666,2,0.07115384615384615,2004000,1980.24,0,0,0,0,0,0,0,1,0,0
Hyundai Santro Xing GL Plus,2012,350000,80000,1,17.92,1086.0,62.1,5.0,0.0,0.0,1.0,1.0,0.0,1.0,13,Santro,6153.846153846154,2,0.057182320441988954,1040000,1112.832,0,0,1,0,0,0,0,0,0,0
Ford Ikon 1.3 Flair,2005,120000,90000,2,13.8,1299.0,70.0,5.0,0.0,0.0,1.0,1.0,0.0,1.0,20,Ikon,4500.0,1,0.05388760585065435,1800000,966.0,1,0,0,0,0,0,0,0,0,0
Maruti Baleno Sigma 1.2,2019,500000,10000,1,21.4,1197.0,83.1,5.0,0.0,0.0,1.0,1.0,0.0,1.0,6,Baleno,1666.6666666666667,1,0.06942355889724311,60000,1778.3399999999997,0,0,0,1,0,0,0,0,0,0
Tata Indigo CS LS (TDI) BS-III,2016,370000,90000,1,19.09,1405.0,69.01,5.0,1.0,0.0,0.0,1.0,0.0,1.0,9,Indigo,10000.0,2,0.04911743772241993,810000,1317.4009,0,0,0,0,0,0,0,1,0,0
Tata Tigor 2017-2020 XZ Plus,2019,600000,5200,1,20.3,1199.0,83.81,5.0,0.0,0.0,1.0,1.0,0.0,1.0,6,Tigor,866.6666666666666,1,0.06989991659716431,31200,1701.343,0,0,0,0,0,0,0,1,0,0
Maruti Zen LX - BS III,2006,100000,120000,2,17.3,993.0,60.0,5.0,0.0,0.0,1.0,1.0,0.0,1.0,19,Zen,6315.789473684211,2,0.06042296072507553,2280000,1038.0,0,0,0,1,0,0,0,0,0,0
Maruti Swift VDI,2013,409999,90000,2,22.9,1248.0,74.0,5.0,1.0,0.0,0.0,1.0,0.0,1.0,12,Swift,7500.0,2,0.05929487179487179,1080000,1694.6,0,0,0,1,0,0,0,0,0,0
Honda City i VTEC CVT SV,2016,750000,50000,1,18.0,1497.0,117.3,5.0,0.0,0.0,1.0,1.0,0.0,0.0,9,City,5555.555555555556,2,0.0783567134268537,450000,2111.4,0,1,0,0,0,0,0,0,0,0
Hyundai Grand i10 1.2 Kappa Asta,2017,600000,5000,1,18.9,1197.0,81.86,5.0,0.0,0.0,1.0,1.0,0.0,1.0,8,Grand,625.0,1,0.0683876357560568,40000,1547.1539999999998,0,0,1,0,0,0,0,0,0,0
Renault Duster 110PS Diesel RxZ,2018,950000,26000,1,19.6,1461.0,108.45,5.0,1.0,0.0,0.0,1.0,0.0,1.0,7,Duster,3714.285714285714,1,0.0742299794661191,182000,2125.6200000000003,0,0,0,0,0,0,1,0,0,0
Ford EcoSport 1.5 Ti VCT MT Titanium BSIV,2015,800000,25000,1,15.85,1499.0,110.4,5.0,0.0,0.0,1.0,1.0,0.0,1.0,10,EcoSport,2500.0,1,0.07364909939959974,250000,1749.8400000000001,1,0,0,0,0,0,0,0,0,0
Ford EcoSport 1.5 Ti VCT MT Titanium BSIV,2015,700000,25000,1,15.85,1499.0,110.4,5.0,0.0,0.0,1.0,1.0,0.0,1.0,10,EcoSport,2500.0,1,0.07364909939959974,250000,1749.8400000000001,1,0,0,0,0,0,0,0,0,0
Maruti Swift Dzire ZXi,2011,335000,15000,1,17.5,1298.0,85.8,5.0,0.0,0.0,1.0,1.0,0.0,1.0,14,Swift,1071.4285714285713,1,0.06610169491525424,210000,1501.5,0,0,0,1,0,0,0,0,0,0
Maruti Swift Dzire LDi,2012,270000,110000,1,19.3,1248.0,73.9,5.0,1.0,0.0,0.0,1.0,0.0,1.0,13,Swift,8461.538461538461,2,0.059214743589743594,1430000,1426.2700000000002,0,0,0,1,0,0,0,0,0,0
Maruti Swift Dzire ZDi,2010,320000,100000,2,19.3,1248.0,73.9,5.0,1.0,0.0,0.0,1.0,0.0,1.0,15,Swift,6666.666666666667,2,0.059214743589743594,1500000,1426.2700000000002,0,0,0,1,0,0,0,0,0,0
Hyundai Santro Xing XS,2007,120000,120000,1,17.8,1086.0,63.0,5.0,0.0,0.0,1.0,1.0,0.0,1.0,18,Santro,6666.666666666667,2,0.058011049723756904,2160000,1121.4,0,0,1,0,0,0,0,0,0,0
Maruti SX4 Vxi BSIII,2007,125000,120000,3,15.0,1586.0,104.68,5.0,0.0,0.0,1.0,1.0,0.0,1.0,18,SX4,6666.666666666667,2,0.06600252206809584,2160000,1570.2,0,0,0,1,0,0,0,0,0,0
Maruti Zen Estilo 1.1 LXI BSIII,2007,150000,35000,1,18.2,1061.0,64.0,5.0,0.0,0.0,1.0,1.0,0.0,1.0,18,Zen,1944.4444444444443,1,0.060320452403393024,630000,1164.8,0,0,0,1,0,0,0,0,0,0
Maruti Alto 800 LXI,2018,310000,13000,1,24.7,796.0,47.3,5.0,0.0,0.0,1.0,1.0,0.0,1.0,7,Alto,1857.142857142857,1,0.059422110552763814,91000,1168.31,0,0,0,1,0,0,0,0,0,0
Maruti Swift Dzire VDI,2015,625000,50000,1,26.59,1248.0,74.0,5.0,1.0,0.0,0.0,1.0,0.0,1.0,10,Swift,5000.0,1,0.05929487179487179,500000,1967.66,0,0,0,1,0,0,0,0,0,0
Hyundai i10 Magna,2012,267000,40000,1,20.36,1197.0,78.9,5.0,0.0,0.0,1.0,1.0,0.0,1.0,13,i10,3076.923076923077,1,0.06591478696741855,520000,1606.404,0,0,1,0,0,0,0,0,0,0
Hyundai i20 Active 1.2 SX Dual Tone,2016,600000,25000,1,17.19,1197.0,81.86,5.0,0.0,0.0,1.0,1.0,0.0,1.0,9,i20,2777.777777777778,1,0.0683876357560568,225000,1407.1734000000001,0,0,1,0,0,0,0,0,0,0
Toyota Glanza G Smart Hybrid,2019,700000,5000,1,23.87,1197.0,88.5,5.0,0.0,0.0,1.0,1.0,0.0,1.0,6,Glanza,833.3333333333334,1,0.07393483709273183,30000,2112.495,0,0,0,0,0,0,0,0,1,0
Hyundai Grand i10 Asta,2014,350000,80000,3,18.9,1197.0,82.0,5.0,0.0,0.0,1.0,1.0,0.0,1.0,11,Grand,7272.727272727273,2,0.06850459482038429,880000,1549.8,0,0,1,0,0,0,0,0,0,0
Maruti Wagon R LX BSIII,2008,80000,100000,3,17.3,1061.0,64.0,5.0,0.0,0.0,1.0,1.0,0.0,1.0,17,Wagon,5882.35294117647,2,0.060320452403393024,1700000,1107.2,0,0,0,1,0,0,0,0,0,0
Hyundai i10 Era 1.1,2008,120000,93331,2,19.81,1086.0,68.05,5.0,0.0,0.0,1.0,1.0,0.0,1.0,17,i10,5490.058823529412,2,0.06266114180478821,1586627,1348.0704999999998,0,0,1,0,0,0,0,0,0,0
Nissan Terrano XL 110 PS,2015,750000,70000,1,19.01,1461.0,108.5,5.0,1.0,0.0,0.0,1.0,0.0,1.0,10,Terrano,7000.0,2,0.07426420260095824,700000,2062.585,0,0,0,0,1,0,0,0,0,0
Hyundai Accent CRDi,2006,120000,90000,2,13.1,1493.0,82.0,5.0,1.0,0.0,0.0,1.0,0.0,1.0,19,Accent,4736.8421052631575,1,0.05492297387809779,1710000,1074.2,0,0,1,0,0,0,0,0,0,0
Hyundai Santro LE,2002,35000,184000,2,19.5,1248.0,81.83,5.0,0.0,0.0,1.0,1.0,0.0,1.0,23,Santro,8000.0,2,0.06556891025641025,4232000,1595.685,0,0,1,0,0,0,0,0,0,0
Maruti Swift Dzire AMT ZXI Plus,2019,750000,6500,1,21.21,1197.0,81.8,5.0,0.0,0.0,1.0,1.0,0.0,0.0,6,Swift,1083.3333333333333,1,0.0683375104427736,39000,1734.978,0,0,0,1,0,0,0,0,0,0
Toyota Etios VD,2015,570000,120000,2,23.59,1364.0,67.05,5.0,1.0,0.0,0.0,1.0,0.0,1.0,10,Etios,12000.0,2,0.04915689149560117,1200000,1581.7095,0,0,0,0,0,0,0,0,1,0
Hyundai EON Era Plus,2012,180000,120000,2,21.1,814.0,55.2,5.0,0.0,0.0,1.0,1.0,0.0,1.0,13,EON,9230.76923076923,2,0.06781326781326781,1560000,1164.72,0,0,1,0,0,0,0,0,0,0
Skoda Octavia Classic 1.9 TDI MT,2006,280000,150000,3,18.7,1896.0,66.0,5.0,1.0,0.0,0.0,1.0,0.0,1.0,19,Octavia,7894.736842105263,2,0.03481012658227848,2850000,1234.2,0,0,0,0,0,1,0,0,0,0
Tata Indigo LS,2005,90000,120000,4,16.1,1405.0,70.0,5.0,1.0,0.0,0.0,1.0,0.0,1.0,20,Indigo,6000.0,2,0.0498220640569395,2400000,1127.0,0,0,0,0,0,0,0,1,0,0
Ford Ecosport 1.5 DV5 MT Titanium,2015,685000,109000,1,22.7,1498.0,89.84,5.0,1.0,0.0,0.0,0.0,0.0,1.0,10,Ecosport,10900.0,2,0.05997329773030708,1090000,2039.368,1,0,0,0,0,0,0,0,0,0
Maruti Swift VDI Windsong Limited edition,2015,565000,114000,1,25.2,1248.0,73.94,5.0,1.0,0.0,0.0,0.0,0.0,1.0,10,Swift,11400.0,2,0.05924679487179487,1140000,1863.2879999999998,0,0,0,1,0,0,0,0,0,0
Hyundai Grand i10 CRDi Asta Option,2014,395000,160000,3,24.0,1120.0,70.0,5.0,1.0,0.0,0.0,0.0,0.0,1.0,11,Grand,14545.454545454546,2,0.0625,1760000,1680.0,0,0,1,0,0,0,0,0,0,0
Hyundai i20 Sportz 1.4 CRDi,2013,425000,101000,1,21.9,1396.0,88.76,5.0,1.0,0.0,0.0,0.0,0.0,1.0,12,i20,8416.666666666666,2,0.06358166189111748,1212000,1943.844,0,0,1,0,0,0,0,0,0,0
Renault KWID AMT RXL,2018,535000,31000,1,24.04,999.0,67.0,5.0,0.0,0.0,1.0,0.0,0.0,0.0,7,KWID,4428.571428571428,1,0.06706706706706707,217000,1610.6799999999998,0,0,0,0,0,0,1,0,0,0
Renault KWID 1.0 RXT Optional,2018,500000,31000,1,23.01,999.0,67.0,5.0,0.0,0.0,1.0,0.0,0.0,1.0,7,KWID,4428.571428571428,1,0.06706706706706707,217000,1541.67,0,0,0,0,0,0,1,0,0,0
Maruti Wagon R VXI Opt 1.2,2016,434999,55000,1,20.52,1197.0,81.8,5.0,0.0,0.0,1.0,0.0,0.0,1.0,9,Wagon,6111.111111111111,2,0.0683375104427736,495000,1678.5359999999998,0,0,0,1,0,0,0,0,0,0
Maruti Wagon R VXI 1.2,2015,425000,75000,1,20.52,1197.0,81.8,5.0,0.0,0.0,1.0,0.0,0.0,1.0,10,Wagon,7500.0,2,0.0683375104427736,750000,1678.5359999999998,0,0,0,1,0,0,0,0,0,0
Ford Figo Titanium Diesel,2013,325000,158000,1,24.4,1499.0,98.96,5.0,1.0,0.0,0.0,0.0,0.0,1.0,12,Figo,13166.666666666666,2,0.06601734489659773,1896000,2414.624,1,0,0,0,0,0,0,0,0,0
Tata Nexon 1.5 Revotorq XZA Plus,2019,1140000,10000,1,21.5,1497.0,108.5,5.0,1.0,0.0,0.0,1.0,0.0,0.0,6,Nexon,1666.6666666666667,1,0.07247828991315965,60000,2332.75,0,0,0,0,0,0,0,1,0,0
Volkswagen Polo 1.0 TSI Highline Plus,2020,808000,5000,1,18.24,999.0,108.6,5.0,0.0,0.0,1.0,1.0,0.0,1.0,5,Polo,1000.0,1,0.1087087087087087,25000,1980.8639999999998,0,0,0,0,0,0,0,0,0,1
Maruti Swift Dzire VXI,2014,550000,30000,1,19.1,1197.0,85.8,5.0,0.0,0.0,1.0,1.0,0.0,1.0,11,Swift,2727.2727272727275,1,0.07167919799498747,330000,1638.78,0,0,0,1,0,0,0,0,0,0
Maruti Alto LXi,2010,215000,64000,1,19.7,796.0,46.3,5.0,0.0,0.0,1.0,1.0,0.0,1.0,15,Alto,4266.666666666667,1,0.05816582914572864,960000,912.1099999999999,0,0,0,1,0,0,0,0,0,0
Ford Figo 1.2P Titanium Opt MT,2016,512000,10500,1,18.16,1196.0,86.8,5.0,0.0,0.0,1.0,1.0,0.0,1.0,9,Figo,1166.6666666666667,1,0.0725752508361204,94500,1576.288,1,0,0,0,0,0,0,0,0,0
Maruti Alto LXi,2011,215000,50000,2,19.7,796.0,46.3,5.0,0.0,0.0,1.0,1.0,0.0,1.0,14,Alto,3571.4285714285716,1,0.05816582914572864,700000,912.1099999999999,0,0,0,1,0,0,0,0,0,0
Skoda Rapid 1.6 TDI Elegance,2012,500000,60000,1,20.5,1598.0,103.5,5.0,1.0,0.0,0.0,1.0,0.0,1.0,13,Rapid,4615.384615384615,1,0.06476846057571965,780000,2121.75,0,0,0,0,0,1,0,0,0,0
Skoda Rapid 1.5 TDI Elegance Black Package,2015,700000,35000,1,21.14,1498.0,103.52,5.0,1.0,0.0,0.0,1.0,0.0,1.0,10,Rapid,3500.0,1,0.06910547396528705,350000,2188.4128,0,0,0,0,0,1,0,0,0,0
Maruti Vitara Brezza ZDi,2016,750000,80000,1,24.3,1248.0,88.5,5.0,1.0,0.0,0.0,1.0,0.0,1.0,9,Vitara,8888.888888888889,2,0.07091346153846154,720000,2150.55,0,0,0,1,0,0,0,0,0,0
Maruti Celerio X VXI Option BSIV,2017,395000,25000,1,21.63,998.0,67.0,5.0,0.0,0.0,1.0,1.0,0.0,1.0,8,Celerio,3125.0,1,0.06713426853707415,200000,1449.21,0,0,0,1,0,0,0,0,0,0
Hyundai i20 2015-2017 Sportz 1.2,2017,675000,5000,1,18.6,1197.0,81.83,5.0,0.0,0.0,1.0,1.0,0.0,1.0,8,i20,625.0,1,0.06836257309941521,40000,1522.038,0,0,1,0,0,0,0,0,0,0
Hyundai Santro Xing GLS,2008,140000,80000,3,17.92,1086.0,62.1,5.0,0.0,0.0,1.0,1.0,0.0,1.0,17,Santro,4705.882352941177,1,0.057182320441988954,1360000,1112.832,0,0,1,0,0,0,0,0,0,0
Toyota Etios V,2011,270000,167000,1,19.5,1248.0,81.83,5.0,0.0,0.0,1.0,1.0,0.0,1.0,14,Etios,11928.57142857143,2,0.06556891025641025,2338000,1595.685,0,0,0,0,0,0,0,0,1,0
Maruti Wagon R LXI BS IV,2014,300000,10000,1,20.51,998.0,67.04,5.0,0.0,0.0,1.0,1.0,0.0,1.0,11,Wagon,909.0909090909091,1,0.06717434869739479,110000,1374.9904000000001,0,0,0,1,0,0,0,0,0,0
Chevrolet Sail Hatchback Diesel,2013,355000,68000,1,22.1,1248.0,76.9,5.0,1.0,0.0,0.0,1.0,0.0,1.0,12,Sail,5666.666666666667,2,0.06161858974358975,816000,1699.4900000000002,0,0,0,0,0,0,0,0,0,0
Maruti Alto 800 VXI,2015,180000,35000,2,22.74,796.0,47.3,5.0,0.0,0.0,1.0,1.0,0.0,1.0,10,Alto,3500.0,1,0.059422110552763814,350000,1075.6019999999999,0,0,0,1,0,0,0,0,0,0
Tata Indica GLS BS IV,2007,125000,50000,1,15.3,1193.0,65.3,5.0,0.0,0.0,1.0,1.0,0.0,1.0,18,Indica,2777.777777777778,1,0.05473595976529757,900000,999.09,0,0,0,0,0,0,0,1,0,0
Maruti Swift VDI BSIV,2006,150000,80000,1,19.5,1248.0,81.83,5.0,1.0,0.0,0.0,1.0,0.0,1.0,19,Swift,4210.526315789473,1,0.06556891025641025,1520000,1595.685,0,0,0,1,0,0,0,0,0,0
Hyundai Santro Xing XL,2006,95000,60898,1,19.5,1248.0,81.83,5.0,0.0,0.0,1.0,1.0,0.0,1.0,19,Santro,3205.157894736842,1,0.06556891025641025,1157062,1595.685,0,0,1,0,0,0,0,0,0,0
Maruti S-Cross 2017-2020 Zeta DDiS 200 SH,2018,810000,29700,1,25.1,1248.0,88.5,5.0,1.0,0.0,0.0,1.0,0.0,1.0,7,S-Cross,4242.857142857143,1,0.07091346153846154,207900,2221.35,0,0,0,1,0,0,0,0,0,0
Hyundai i20 1.4 Magna AT,2018,671000,20000,1,18.6,1368.0,98.63,5.0,0.0,0.0,1.0,1.0,0.0,0.0,7,i20,2857.1428571428573,1,0.07209795321637427,140000,1834.518,0,0,1,0,0,0,0,0,0,0
Maruti Alto 800 VXI,2018,295000,20000,1,24.7,796.0,47.3,5.0,0.0,0.0,1.0,1.0,0.0,1.0,7,Alto,2857.1428571428573,1,0.059422110552763814,140000,1168.31,0,0,0,1,0,0,0,0,0,0
Maruti Swift ZDi,2013,409999,90000,1,22.9,1248.0,74.0,5.0,1.0,0.0,0.0,1.0,0.0,1.0,12,Swift,7500.0,2,0.05929487179487179,1080000,1694.6,0,0,0,1,0,0,0,0,0,0
Maruti Wagon R LXI BSIII,2012,220000,60000,3,18.9,998.0,67.1,5.0,0.0,0.0,1.0,1.0,0.0,1.0,13,Wagon,4615.384615384615,1,0.06723446893787574,780000,1268.1899999999998,0,0,0,1,0,0,0,0,0,0
Maruti Swift Dzire VDI,2013,550000,56000,1,23.4,1248.0,74.0,5.0,1.0,0.0,0.0,1.0,0.0,1.0,12,Swift,4666.666666666667,1,0.05929487179487179,672000,1731.6,0,0,0,1,0,0,0,0,0,0
Renault Duster 110PS Diesel RxL,2014,400000,123000,1,19.01,1461.0,108.45,5.0,1.0,0.0,0.0,1.0,0.0,1.0,11,Duster,11181.818181818182,2,0.0742299794661191,1353000,2061.6345,0,0,0,0,0,0,1,0,0,0
Maruti Swift 1.3 LXI,2007,250000,60000,3,19.5,1248.0,81.83,5.0,0.0,0.0,1.0,1.0,0.0,1.0,18,Swift,3333.3333333333335,1,0.06556891025641025,1080000,1595.685,0,0,0,1,0,0,0,0,0,0
Maruti Alto LXi,2009,155000,54000,1,19.7,796.0,46.3,5.0,0.0,0.0,1.0,1.0,0.0,1.0,16,Alto,3375.0,1,0.05816582914572864,864000,912.1099999999999,0,0,0,1,0,0,0,0,0,0
Tata Indigo CS eGLS BS IV,2013,250000,50000,1,15.64,1193.0,64.1,5.0,0.0,0.0,1.0,1.0,0.0,1.0,12,Indigo,4166.666666666667,1,0.053730092204526396,600000,1002.524,0,0,0,0,0,0,0,1,0,0
Hyundai Grand i10 Sportz,2014,400000,80000,2,18.9,1197.0,82.0,5.0,0.0,0.0,1.0,1.0,0.0,1.0,11,Grand,7272.727272727273,2,0.06850459482038429,880000,1549.8,0,0,1,0,0,0,0,0,0,0
Datsun GO A Option Petrol,2019,500000,10000,1,19.02,1198.0,67.05,5.0,0.0,0.0,1.0,1.0,0.0,1.0,6,GO,1666.6666666666667,1,0.05596828046744574,60000,1275.291,0,0,0,0,0,1,0,0,0,0
Hyundai Santro Sportz AMT BSIV,2018,565000,10000,1,20.3,1086.0,68.0,5.0,0.0,0.0,1.0,1.0,0.0,0.0,7,Santro,1428.5714285714287,1,0.06261510128913444,70000,1380.4,0,0,1,0,0,0,0,0,0,0
Ford EcoSport 1.5 Diesel Titanium BSIV,2018,900000,40000,1,23.0,1498.0,98.96,5.0,1.0,0.0,0.0,1.0,0.0,1.0,7,EcoSport,5714.285714285715,2,0.06606141522029373,280000,2276.08,1,0,0,0,0,0,0,0,0,0
Maruti Swift Dzire VDI,2018,800000,35000,1,28.4,1248.0,74.02,5.0,1.0,0.0,0.0,1.0,0.0,1.0,7,Swift,5000.0,1,0.05931089743589743,245000,2102.1679999999997,0,0,0,1,0,0,0,0,0,0
Hyundai i20 Sportz 1.4 CRDi,2015,575000,60000,1,22.54,1396.0,88.73,5.0,1.0,0.0,0.0,1.0,0.0,1.0,10,i20,6000.0,2,0.06356017191977077,600000,1999.9742,0,0,1,0,0,0,0,0,0,0
Ford Figo 1.5P Titanium AT,2016,550000,40000,1,17.01,1499.0,110.4,5.0,0.0,0.0,1.0,1.0,0.0,0.0,9,Figo,4444.444444444444,1,0.07364909939959974,360000,1877.9040000000002,1,0,0,0,0,0,0,0,0,0
Maruti SX4 Vxi BSIV,2011,190000,80000,3,15.5,1586.0,103.3,5.0,0.0,0.0,1.0,1.0,0.0,1.0,14,SX4,5714.285714285715,2,0.06513240857503153,1120000,1601.1499999999999,0,0,0,1,0,0,0,0,0,0
Ford EcoSport 1.5 Diesel Trend Plus BSIV,2017,750000,37000,1,23.0,1498.0,98.96,5.0,1.0,0.0,0.0,1.0,0.0,1.0,8,EcoSport,4625.0,1,0.06606141522029373,296000,2276.08,1,0,0,0,0,0,0,0,0,0
Maruti Baleno Delta 1.2,2018,625000,22000,1,21.4,1197.0,83.1,5.0,0.0,0.0,1.0,1.0,0.0,1.0,7,Baleno,3142.8571428571427,1,0.06942355889724311,154000,1778.3399999999997,0,0,0,1,0,0,0,0,0,0
Hyundai i20 1.4 Asta,2018,799000,60000,2,22.54,1396.0,88.73,5.0,1.0,0.0,0.0,1.0,0.0,1.0,7,i20,8571.42857142857,2,0.06356017191977077,420000,1999.9742,0,0,1,0,0,0,0,0,0,0
Maruti Wagon R VXI BS IV,2013,300000,57000,2,20.51,998.0,67.04,5.0,0.0,0.0,1.0,1.0,0.0,1.0,12,Wagon,4750.0,1,0.06717434869739479,684000,1374.9904000000001,0,0,0,1,0,0,0,0,0,0
Maruti Ciaz 1.4 Alpha,2017,850000,27000,1,20.73,1373.0,91.1,5.0,0.0,0.0,1.0,1.0,0.0,1.0,8,Ciaz,3375.0,1,0.0663510560815732,216000,1888.503,0,0,0,1,0,0,0,0,0,0
Chevrolet Spark 1.0 LT,2012,130000,70000,1,18.0,995.0,62.0,5.0,0.0,0.0,1.0,1.0,0.0,1.0,13,Spark,5384.615384615385,2,0.062311557788944726,910000,1116.0,0,0,0,0,0,0,0,0,0,0
Maruti Alto K10 2010-2014 VXI,2011,229999,40000,2,20.92,998.0,67.1,5.0,0.0,0.0,1.0,1.0,0.0,1.0,14,Alto,2857.1428571428573,1,0.06723446893787574,560000,1403.732,0,0,0,1,0,0,0,0,0,0
Maruti Celerio ZXI,2015,400000,60000,1,23.1,998.0,67.04,5.0,0.0,0.0,1.0,1.0,0.0,1.0,10,Celerio,6000.0,2,0.06717434869739479,600000,1548.6240000000003,0,0,0,1,0,0,0,0,0,0
Hyundai EON Era Plus,2015,250999,43000,2,21.1,814.0,55.2,5.0,0.0,0.0,1.0,1.0,0.0,1.0,10,EON,4300.0,1,0.06781326781326781,430000,1164.72,0,0,1,0,0,0,0,0,0,0
Tata Manza Aqua Safire,2011,250000,110000,2,15.0,1368.0,90.0,5.0,0.0,0.0,1.0,1.0,0.0,1.0,14,Manza,7857.142857142857,2,0.06578947368421052,1540000,1350.0,0,0,0,0,0,0,0,1,0,0
Fiat Punto 1.2 Active,2009,100000,100000,2,15.7,1172.0,67.0,5.0,0.0,0.0,1.0,1.0,0.0,1.0,16,Punto,6250.0,2,0.05716723549488054,1600000,1051.8999999999999,0,0,0,0,0,1,0,0,0,0
Maruti Swift VXI Optional,2016,450000,64000,1,20.4,1197.0,81.8,5.0,0.0,0.0,1.0,1.0,0.0,1.0,9,Swift,7111.111111111111,2,0.0683375104427736,576000,1668.7199999999998,0,0,0,1,0,0,0,0,0,0
Renault Duster 85PS Diesel STD,2017,575000,96000,1,19.87,1461.0,83.8,5.0,1.0,0.0,0.0,1.0,0.0,1.0,8,Duster,12000.0,2,0.05735797399041752,768000,1665.106,0,0,0,0,0,0,1,0,0,0
Renault Duster 85PS Diesel RxL Optional,2013,400000,96000,1,20.46,1461.0,83.8,5.0,1.0,0.0,0.0,1.0,0.0,1.0,12,Duster,8000.0,2,0.05735797399041752,1152000,1714.548,0,0,0,0,0,0,1,0,0,0
Maruti Celerio X ZXI BSIV,2019,480000,7600,1,21.63,998.0,67.0,5.0,0.0,0.0,1.0,1.0,0.0,1.0,6,Celerio,1266.6666666666667,1,0.06713426853707415,45600,1449.21,0,0,0,1,0,0,0,0,0,0
Maruti Celerio X ZXI BSIV,2019,490000,7000,1,21.63,998.0,67.0,5.0,0.0,0.0,1.0,1.0,0.0,1.0,6,Celerio,1166.6666666666667,1,0.06713426853707415,42000,1449.21,0,0,0,1,0,0,0,0,0,0
Tata Indigo LX,2007,150000,120000,2,17.0,1405.0,70.0,5.0,1.0,0.0,0.0,1.0,0.0,1.0,18,Indigo,6666.666666666667,2,0.0498220640569395,2160000,1190.0,0,0,0,0,0,0,0,1,0,0
Tata Bolt Quadrajet XM,2017,600000,50000,1,22.95,1248.0,74.0,5.0,1.0,0.0,0.0,1.0,0.0,1.0,8,Bolt,6250.0,2,0.05929487179487179,400000,1698.3,0,0,0,0,0,0,0,1,0,0
Hyundai Xcent 1.1 CRDi SX Option,2015,500000,50000,2,24.4,1120.0,71.0,5.0,1.0,0.0,0.0,1.0,0.0,1.0,10,Xcent,5000.0,1,0.06339285714285714,500000,1732.3999999999999,0,0,1,0,0,0,0,0,0,0
Tata Zest Quadrajet 1.3 Anniversary Edition,2015,425000,80000,1,23.0,1248.0,88.7,5.0,1.0,0.0,0.0,1.0,0.0,1.0,10,Zest,8000.0,2,0.07107371794871795,800000,2040.1000000000001,0,0,0,0,0,0,0,1,0,0
Maruti Wagon R VXI Optional,2015,360000,34000,1,20.51,998.0,67.04,5.0,0.0,0.0,1.0,1.0,0.0,1.0,10,Wagon,3400.0,1,0.06717434869739479,340000,1374.9904000000001,0,0,0,1,0,0,0,0,0,0
Volkswagen Polo Petrol Comfortline 1.2L,2012,290000,80000,2,16.47,1198.0,73.9,5.0,0.0,0.0,1.0,1.0,0.0,1.0,13,Polo,6153.846153846154,2,0.06168614357262104,1040000,1217.133,0,0,0,0,0,0,0,0,0,1
Maruti Esteem DI,2003,70000,20000,1,15.9,1527.0,57.0,5.0,1.0,0.0,0.0,1.0,0.0,1.0,22,Esteem,909.0909090909091,1,0.03732809430255403,440000,906.3000000000001,0,0,0,1,0,0,0,0,0,0
Ford Figo Diesel LXI,2011,215000,120000,1,20.0,1399.0,68.0,5.0,1.0,0.0,0.0,1.0,0.0,1.0,14,Figo,8571.42857142857,2,0.04860614724803431,1680000,1360.0,1,0,0,0,0,0,0,0,0,0
Hyundai i10 Era,2007,190000,70000,2,19.81,1086.0,68.05,5.0,0.0,0.0,1.0,1.0,0.0,1.0,18,i10,3888.8888888888887,1,0.06266114180478821,1260000,1348.0704999999998,0,0,1,0,0,0,0,0,0,0
Honda Jazz 1.2 VX i VTEC,2018,675000,24265,1,18.7,1199.0,88.7,5.0,0.0,0.0,1.0,0.0,0.0,1.0,7,Jazz,3466.4285714285716,1,0.07397831526271893,169855,1658.69,0,1,0,0,0,0,0,0,0,0
Maruti Swift Dzire VDI,2014,438999,81000,1,23.4,1248.0,74.0,5.0,1.0,0.0,0.0,0.0,0.0,1.0,11,Swift,7363.636363636364,2,0.05929487179487179,891000,1731.6,0,0,0,1,0,0,0,0,0,0
Maruti Swift Dzire VXI,2013,409999,35000,1,19.1,1197.0,85.8,5.0,0.0,0.0,1.0,1.0,0.0,1.0,12,Swift,2916.6666666666665,1,0.07167919799498747,420000,1638.78,0,0,0,1,0,0,0,0,0,0
Renault KWID RXT Optional,2019,350000,15000,1,25.17,799.0,53.3,5.0,0.0,0.0,1.0,1.0,0.0,1.0,6,KWID,2500.0,1,0.06670838548185232,90000,1341.561,0,0,0,0,0,0,1,0,0,0
Chevrolet Beat Diesel,2012,135000,49000,3,25.44,936.0,57.6,5.0,1.0,0.0,0.0,1.0,0.0,1.0,13,Beat,3769.230769230769,1,0.06153846153846154,637000,1465.344,0,0,0,0,0,0,0,0,0,0
Maruti Swift VDI BSIV,2014,520000,70000,2,25.2,1248.0,74.0,5.0,1.0,0.0,0.0,1.0,0.0,1.0,11,Swift,6363.636363636364,2,0.05929487179487179,770000,1864.8,0,0,0,1,0,0,0,0,0,0
Maruti Swift Dzire VDi,2010,315000,180000,1,19.3,1248.0,73.9,5.0,1.0,0.0,0.0,1.0,0.0,1.0,15,Swift,12000.0,2,0.059214743589743594,2700000,1426.2700000000002,0,0,0,1,0,0,0,0,0,0
Maruti A-Star Lxi,2010,235000,50000,1,19.0,998.0,66.1,5.0,0.0,0.0,1.0,1.0,0.0,1.0,15,A-Star,3333.3333333333335,1,0.06623246492985971,750000,1255.8999999999999,0,0,0,1,0,0,0,0,0,0
Hyundai Accent GLE,2005,80500,50000,3,13.2,1495.0,94.0,5.0,0.0,0.0,1.0,1.0,0.0,1.0,20,Accent,2500.0,1,0.06287625418060201,1000000,1240.8,0,0,1,0,0,0,0,0,0,0
Maruti Ritz VDi,2013,375000,88200,1,23.2,1248.0,73.94,5.0,1.0,0.0,0.0,1.0,0.0,1.0,12,Ritz,7350.0,2,0.05924679487179487,1058400,1715.408,0,0,0,1,0,0,0,0,0,0
Maruti Swift VXi BSIV,2006,189000,93000,2,16.1,1197.0,85.0,5.0,0.0,0.0,1.0,1.0,0.0,1.0,19,Swift,4894.736842105263,1,0.07101086048454469,1767000,1368.5000000000002,0,0,0,1,0,0,0,0,0,0
Honda Amaze E Option i-DTEC,2017,550000,120000,1,25.8,1498.0,98.6,5.0,1.0,0.0,0.0,1.0,0.0,1.0,8,Amaze,15000.0,2,0.06582109479305741,960000,2543.88,0,1,0,0,0,0,0,0,0,0
Ford Fiesta EXi 1.4 TDCi Ltd,2011,260000,110000,2,17.8,1399.0,68.0,5.0,1.0,0.0,0.0,1.0,0.0,1.0,14,Fiesta,7857.142857142857,2,0.04860614724803431,1540000,1210.4,1,0,0,0,0,0,0,0,0,0
Maruti Alto K10 VXI,2015,300000,40000,1,23.95,998.0,67.05,5.0,0.0,0.0,1.0,1.0,0.0,1.0,10,Alto,4000.0,1,0.06718436873747495,400000,1605.8474999999999,0,0,0,1,0,0,0,0,0,0
Honda City 1.5 S Inspire,2010,350000,120000,2,17.0,1497.0,118.0,5.0,0.0,0.0,1.0,1.0,0.0,1.0,15,City,8000.0,2,0.0788243152972612,1800000,2006.0,0,1,0,0,0,0,0,0,0,0
Maruti Vitara Brezza ZDi,2019,892000,10000,1,24.3,1248.0,88.5,5.0,1.0,0.0,0.0,1.0,0.0,1.0,6,Vitara,1666.6666666666667,1,0.07091346153846154,60000,2150.55,0,0,0,1,0,0,0,0,0,0
Fiat Grande Punto Sport 90BHP,2012,285000,70000,2,20.3,1248.0,92.0,5.0,1.0,0.0,0.0,1.0,0.0,1.0,13,Grande,5384.615384615385,2,0.07371794871794872,910000,1867.6000000000001,0,0,0,0,0,1,0,0,0,0
Hyundai i10 Magna LPG,2012,300000,60000,1,25.92,1086.0,68.05,5.0,0.0,1.0,0.0,1.0,0.0,1.0,13,i10,4615.384615384615,1,0.06266114180478821,780000,1763.856,0,0,1,0,0,0,0,0,0,0
Maruti Ciaz VDI SHVS,2016,620000,90000,1,28.09,1248.0,88.5,5.0,1.0,0.0,0.0,1.0,0.0,1.0,9,Ciaz,10000.0,2,0.07091346153846154,810000,2485.965,0,0,0,1,0,0,0,0,0,0
Maruti Vitara Brezza ZDi,2017,750000,90000,1,24.3,1248.0,88.5,5.0,1.0,0.0,0.0,1.0,0.0,1.0,8,Vitara,11250.0,2,0.07091346153846154,720000,2150.55,0,0,0,1,0,0,0,0,0,0
Maruti Alto 800 LXI,2016,270000,35000,1,22.74,796.0,47.3,5.0,0.0,0.0,1.0,1.0,0.0,1.0,9,Alto,3888.8888888888887,1,0.059422110552763814,315000,1075.6019999999999,0,0,0,1,0,0,0,0,0,0
Hyundai Santro Xing GLS,2012,300000,40000,2,17.92,1086.0,62.1,5.0,0.0,0.0,1.0,1.0,0.0,1.0,13,Santro,3076.923076923077,1,0.057182320441988954,520000,1112.832,0,0,1,0,0,0,0,0,0,0
Tata Indigo CS eLX BS IV,2011,220000,80000,1,23.03,1396.0,69.0,5.0,1.0,0.0,0.0,1.0,0.0,1.0,14,Indigo,5714.285714285715,2,0.0494269340974212,1120000,1589.0700000000002,0,0,0,0,0,0,0,1,0,0
Maruti SX4 Vxi BSIV,2012,260000,99000,2,15.5,1586.0,103.3,5.0,0.0,0.0,1.0,1.0,0.0,1.0,13,SX4,7615.384615384615,2,0.06513240857503153,1287000,1601.1499999999999,0,0,0,1,0,0,0,0,0,0
Maruti Swift AMT VXI,2019,600000,7500,1,21.21,1197.0,81.8,5.0,0.0,0.0,1.0,1.0,0.0,0.0,6,Swift,1250.0,1,0.0683375104427736,45000,1734.978,0,0,0,1,0,0,0,0,0,0
Hyundai EON Magna Plus,2016,300000,40800,1,21.1,814.0,55.2,5.0,0.0,0.0,1.0,1.0,0.0,1.0,9,EON,4533.333333333333,1,0.06781326781326781,367200,1164.72,0,0,1,0,0,0,0,0,0,0
Tata Zest Revotron 1.2T XM,2015,300000,70000,1,17.57,1193.0,88.7,5.0,0.0,0.0,1.0,1.0,0.0,1.0,10,Zest,7000.0,2,0.07435037720033529,700000,1558.459,0,0,0,0,0,0,0,1,0,0
Mahindra KUV 100 mFALCON G80 K8 5str,2016,400000,100000,1,18.15,1198.0,82.0,5.0,0.0,0.0,1.0,1.0,0.0,1.0,9,KUV,11111.111111111111,2,0.06844741235392321,900000,1488.3,0,0,0,0,0,1,0,0,0,0
Maruti Swift VXI BSIV,2016,550000,8588,1,22.0,1197.0,81.8,5.0,0.0,0.0,1.0,1.0,0.0,1.0,9,Swift,954.2222222222222,1,0.0683375104427736,77292,1799.6,0,0,0,1,0,0,0,0,0,0
Honda City i-DTEC V,2019,1200000,40000,1,25.6,1498.0,97.9,5.0,1.0,0.0,0.0,1.0,0.0,1.0,6,City,6666.666666666667,2,0.06535380507343125,240000,2506.2400000000002,0,1,0,0,0,0,0,0,0,0
Ford Figo 1.5D Trend MT,2015,500000,60000,1,25.83,1498.0,99.0,5.0,1.0,0.0,0.0,1.0,0.0,1.0,10,Figo,6000.0,2,0.06608811748998665,600000,2557.1699999999996,1,0,0,0,0,0,0,0,0,0
Maruti Esteem Vxi - BSIII,2005,93000,80000,3,15.9,1298.0,85.0,5.0,0.0,0.0,1.0,1.0,0.0,1.0,20,Esteem,4000.0,1,0.06548536209553159,1600000,1351.5,0,0,0,1,0,0,0,0,0,0
Honda City i DTEC SV,2014,500000,110000,1,26.0,1498.0,98.6,5.0,1.0,0.0,0.0,1.0,0.0,1.0,11,City,10000.0,2,0.06582109479305741,1210000,2563.6,0,1,0,0,0,0,0,0,0,0
Toyota Platinum Etios 1.4 GXD,2018,670000,150000,1,23.59,1364.0,67.05,5.0,1.0,0.0,0.0,1.0,0.0,1.0,7,Platinum,21428.571428571428,3,0.04915689149560117,1050000,1581.7095,0,0,0,0,0,0,0,0,1,0
Maruti Alto K10 VXI,2017,370000,30000,1,23.95,998.0,67.05,5.0,0.0,0.0,1.0,1.0,0.0,1.0,8,Alto,3750.0,1,0.06718436873747495,240000,1605.8474999999999,0,0,0,1,0,0,0,0,0,0
Hyundai i10 Sportz 1.1L,2016,425000,50000,1,19.81,1086.0,68.05,5.0,0.0,0.0,1.0,1.0,0.0,1.0,9,i10,5555.555555555556,2,0.06266114180478821,450000,1348.0704999999998,0,0,1,0,0,0,0,0,0,0
Toyota Etios GD,2012,400000,158500,3,19.5,1248.0,81.83,5.0,1.0,0.0,0.0,1.0,0.0,1.0,13,Etios,12192.307692307691,2,0.06556891025641025,2060500,1595.685,0,0,0,0,0,0,0,0,1,0
Mahindra Verito 1.5 D4 BSIV,2018,750000,22000,1,21.03,1461.0,65.0,5.0,1.0,0.0,0.0,1.0,0.0,1.0,7,Verito,3142.8571428571427,1,0.044490075290896644,154000,1366.95,0,0,0,0,0,1,0,0,0,0
Honda WR-V i-DTEC S,2017,700000,70000,1,25.5,1498.0,98.6,5.0,1.0,0.0,0.0,1.0,0.0,1.0,8,WR-V,8750.0,2,0.06582109479305741,560000,2514.2999999999997,0,1,0,0,0,0,0,0,0,0
Hyundai Grand i10 CRDi Magna,2016,480000,56000,1,24.0,1120.0,70.0,5.0,1.0,0.0,0.0,1.0,0.0,1.0,9,Grand,6222.222222222223,2,0.0625,504000,1680.0,0,0,1,0,0,0,0,0,0,0
Tata Zest Quadrajet 1.3 75PS XM,2016,475000,50000,1,22.95,1248.0,74.0,5.0,1.0,0.0,0.0,1.0,0.0,1.0,9,Zest,5555.555555555556,2,0.05929487179487179,450000,1698.3,0,0,0,0,0,0,0,1,0,0
Skoda Rapid 1.5 TDI Ambition,2015,610000,120000,1,21.14,1498.0,103.52,5.0,1.0,0.0,0.0,1.0,0.0,1.0,10,Rapid,12000.0,2,0.06910547396528705,1200000,2188.4128,0,0,0,0,0,1,0,0,0,0
Honda WR-V i-DTEC S,2017,800000,70000,1,25.5,1498.0,98.6,5.0,1.0,0.0,0.0,1.0,0.0,1.0,8,WR-V,8750.0,2,0.06582109479305741,560000,2514.2999999999997,0,1,0,0,0,0,0,0,0,0
Tata Indica V2 eLS,2014,160000,90000,1,25.0,1396.0,69.0,5.0,1.0,0.0,0.0,1.0,0.0,1.0,11,Indica,8181.818181818182,2,0.0494269340974212,990000,1725.0,0,0,0,0,0,0,0,1,0,0
Maruti S-Cross 2017-2020 Zeta DDiS 200 SH,2018,1000000,70000,1,25.1,1248.0,88.5,5.0,1.0,0.0,0.0,1.0,0.0,1.0,7,S-Cross,10000.0,2,0.07091346153846154,490000,2221.35,0,0,0,1,0,0,0,0,0,0
Honda Amaze S i-DTEC,2017,590000,70000,2,25.8,1498.0,98.6,5.0,1.0,0.0,0.0,1.0,0.0,1.0,8,Amaze,8750.0,2,0.06582109479305741,560000,2543.88,0,1,0,0,0,0,0,0,0,0
Maruti Wagon R VXI,2002,140000,80000,2,18.9,998.0,67.1,5.0,0.0,0.0,1.0,1.0,0.0,1.0,23,Wagon,3478.2608695652175,1,0.06723446893787574,1840000,1268.1899999999998,0,0,0,1,0,0,0,0,0,0
Maruti Swift Dzire VDI,2015,550000,50000,1,26.59,1248.0,74.0,5.0,1.0,0.0,0.0,1.0,0.0,1.0,10,Swift,5000.0,1,0.05929487179487179,500000,1967.66,0,0,0,1,0,0,0,0,0,0
Maruti Ritz VDi,2012,240000,90000,2,23.2,1248.0,73.94,5.0,1.0,0.0,0.0,1.0,0.0,1.0,13,Ritz,6923.076923076923,2,0.05924679487179487,1170000,1715.408,0,0,0,1,0,0,0,0,0,0
Honda Jazz 1.5 S i DTEC,2017,670000,50000,1,27.3,1498.0,98.6,5.0,1.0,0.0,0.0,1.0,0.0,1.0,8,Jazz,6250.0,2,0.06582109479305741,400000,2691.7799999999997,0,1,0,0,0,0,0,0,0,0
Maruti Swift Dzire VDI,2015,550000,110000,1,26.59,1248.0,74.0,5.0,1.0,0.0,0.0,1.0,0.0,1.0,10,Swift,11000.0,2,0.05929487179487179,1100000,1967.66,0,0,0,1,0,0,0,0,0,0
Maruti Celerio ZXI,2015,400000,30000,1,23.1,998.0,67.04,5.0,0.0,0.0,1.0,1.0,0.0,1.0,10,Celerio,3000.0,1,0.06717434869739479,300000,1548.6240000000003,0,0,0,1,0,0,0,0,0,0
Hyundai Creta 1.4 CRDi S,2016,725000,100000,1,21.38,1396.0,88.7,5.0,1.0,0.0,0.0,1.0,0.0,1.0,9,Creta,11111.111111111111,2,0.06353868194842408,900000,1896.406,0,0,1,0,0,0,0,0,0,0
Honda City i VTEC V,2015,525000,120000,2,17.4,1497.0,117.3,5.0,0.0,0.0,1.0,1.0,0.0,1.0,10,City,12000.0,2,0.0783567134268537,1200000,2041.0199999999998,0,1,0,0,0,0,0,0,0,0
Maruti Ritz VDi,2011,204999,85000,2,21.1,1248.0,73.9,5.0,1.0,0.0,0.0,1.0,0.0,1.0,14,Ritz,6071.428571428572,2,0.059214743589743594,1190000,1559.2900000000002,0,0,0,1,0,0,0,0,0,0
Skoda Fabia Scout 1.2 TDI,2012,190000,110000,1,21.0,1199.0,75.0,5.0,1.0,0.0,0.0,1.0,0.0,1.0,13,Fabia,8461.538461538461,2,0.06255212677231026,1430000,1575.0,0,0,0,0,0,1,0,0,0,0
Hyundai Grand i10 CRDi Sportz,2015,310000,60000,4,24.0,1120.0,70.0,5.0,1.0,0.0,0.0,1.0,0.0,1.0,10,Grand,6000.0,2,0.0625,600000,1680.0,0,0,1,0,0,0,0,0,0,0
Hyundai Grand i10 CRDi Sportz,2016,380000,90000,2,24.0,1120.0,70.0,5.0,1.0,0.0,0.0,1.0,0.0,1.0,9,Grand,10000.0,2,0.0625,810000,1680.0,0,0,1,0,0,0,0,0,0,0
Maruti Alto K10 2010-2014 VXI,2012,204000,110000,3,20.92,998.0,67.1,5.0,0.0,0.0,1.0,1.0,0.0,1.0,13,Alto,8461.538461538461,2,0.06723446893787574,1430000,1403.732,0,0,0,1,0,0,0,0,0,0
Hyundai EON 1.0 Era Plus,2018,350000,25000,1,20.3,998.0,68.05,5.0,0.0,0.0,1.0,1.0,0.0,1.0,7,EON,3571.4285714285716,1,0.06818637274549098,175000,1381.415,0,0,1,0,0,0,0,0,0,0
Volkswagen Vento Diesel Highline,2013,350000,100000,1,20.54,1598.0,103.6,5.0,1.0,0.0,0.0,1.0,0.0,1.0,12,Vento,8333.333333333334,2,0.06483103879849812,1200000,2127.944,0,0,0,0,0,0,0,0,0,1
Ford Figo Diesel Titanium,2012,175000,120000,2,20.0,1399.0,68.0,5.0,1.0,0.0,0.0,1.0,0.0,1.0,13,Figo,9230.76923076923,2,0.04860614724803431,1560000,1360.0,1,0,0,0,0,0,0,0,0,0
Volkswagen Vento Diesel Highline,2011,340000,90000,1,20.54,1598.0,103.6,5.0,1.0,0.0,0.0,1.0,0.0,1.0,14,Vento,6428.571428571428,2,0.06483103879849812,1260000,2127.944,0,0,0,0,0,0,0,0,0,1
Honda City i-VTEC VX,2017,950000,35000,1,17.4,1497.0,117.6,5.0,0.0,0.0,1.0,1.0,0.0,1.0,8,City,4375.0,1,0.0785571142284569,280000,2046.2399999999998,0,1,0,0,0,0,0,0,0,0
Honda City i VTEC V,2017,894999,35000,1,17.8,1497.0,117.3,5.0,0.0,0.0,1.0,1.0,0.0,1.0,8,City,4375.0,1,0.0783567134268537,280000,2087.94,0,1,0,0,0,0,0,0,0,0
Tata Indigo GLX,2005,100000,90000,2,12.8,1396.0,85.0,5.0,0.0,0.0,1.0,1.0,0.0,1.0,20,Indigo,4500.0,1,0.06088825214899714,1800000,1088.0,0,0,0,0,0,0,0,1,0,0
Maruti Swift Dzire VDI,2016,550000,76000,1,26.59,1248.0,74.0,5.0,1.0,0.0,0.0,1.0,0.0,1.0,9,Swift,8444.444444444445,2,0.05929487179487179,684000,1967.66,0,0,0,1,0,0,0,0,0,0
Tata Indigo LX,2004,100000,60000,3,16.1,1405.0,70.0,5.0,1.0,0.0,0.0,1.0,0.0,1.0,21,Indigo,2857.1428571428573,1,0.0498220640569395,1260000,1127.0,0,0,0,0,0,0,0,1,0,0
Maruti Swift Dzire 1.2 Lxi BSIV,2009,190000,160000,3,17.5,1197.0,85.8,5.0,0.0,0.0,1.0,1.0,0.0,1.0,16,Swift,10000.0,2,0.07167919799498747,2560000,1501.5,0,0,0,1,0,0,0,0,0,0
Maruti Swift Dzire VDI,2019,694000,35000,1,28.4,1248.0,74.02,5.0,1.0,0.0,0.0,1.0,0.0,1.0,6,Swift,5833.333333333333,2,0.05931089743589743,210000,2102.1679999999997,0,0,0,1,0,0,0,0,0,0
Honda Amaze SX i-DTEC,2017,650000,50000,1,25.8,1498.0,98.6,5.0,1.0,0.0,0.0,1.0,0.0,1.0,8,Amaze,6250.0,2,0.06582109479305741,400000,2543.88,0,1,0,0,0,0,0,0,0,0
Maruti Swift Dzire ZDi,2011,310000,70000,2,19.3,1248.0,73.9,5.0,1.0,0.0,0.0,1.0,0.0,1.0,14,Swift,5000.0,1,0.059214743589743594,980000,1426.2700000000002,0,0,0,1,0,0,0,0,0,0
Maruti Swift VDI,2013,360000,97000,1,22.9,1248.0,74.0,5.0,1.0,0.0,0.0,1.0,0.0,1.0,12,Swift,8083.333333333333,2,0.05929487179487179,1164000,1694.6,0,0,0,1,0,0,0,0,0,0
Maruti Swift Dzire LDi,2011,240000,90000,2,19.3,1248.0,73.9,5.0,1.0,0.0,0.0,1.0,0.0,1.0,14,Swift,6428.571428571428,2,0.059214743589743594,1260000,1426.2700000000002,0,0,0,1,0,0,0,0,0,0
Maruti Alto LX,2007,100000,60000,3,19.7,796.0,46.3,5.0,0.0,0.0,1.0,1.0,0.0,1.0,18,Alto,3333.3333333333335,1,0.05816582914572864,1080000,912.1099999999999,0,0,0,1,0,0,0,0,0,0
Maruti SX4 Zxi BSIII,2009,200000,110000,3,15.0,1586.0,104.68,5.0,0.0,0.0,1.0,1.0,0.0,1.0,16,SX4,6875.0,2,0.06600252206809584,1760000,1570.2,0,0,0,1,0,0,0,0,0,0
Maruti Swift Dzire VDI,2014,450000,70000,1,23.4,1248.0,74.0,5.0,1.0,0.0,0.0,1.0,0.0,1.0,11,Swift,6363.636363636364,2,0.05929487179487179,770000,1731.6,0,0,0,1,0,0,0,0,0,0
Maruti Vitara Brezza VDi Option,2017,800000,51146,1,24.3,1248.0,88.5,5.0,1.0,0.0,0.0,1.0,0.0,1.0,8,Vitara,6393.25,2,0.07091346153846154,409168,2150.55,0,0,0,1,0,0,0,0,0,0
Maruti Ritz LXI,2011,215000,40000,1,21.1,1197.0,85.8,5.0,0.0,0.0,1.0,1.0,0.0,1.0,14,Ritz,2857.1428571428573,1,0.07167919799498747,560000,1810.38,0,0,0,1,0,0,0,0,0,0
Maruti Vitara Brezza VDi Option,2017,760000,50000,1,24.3,1248.0,88.5,5.0,1.0,0.0,0.0,1.0,0.0,1.0,8,Vitara,6250.0,2,0.07091346153846154,400000,2150.55,0,0,0,1,0,0,0,0,0,0
Volkswagen Polo 1.5 TDI Comfortline,2015,416000,80000,1,20.14,1498.0,88.8,5.0,1.0,0.0,0.0,1.0,0.0,1.0,10,Polo,8000.0,2,0.05927903871829105,800000,1788.432,0,0,0,0,0,0,0,0,0,1
Maruti Wagon R LXI BSIII,2011,195000,120000,1,18.9,998.0,67.1,5.0,0.0,0.0,1.0,1.0,0.0,1.0,14,Wagon,8571.42857142857,2,0.06723446893787574,1680000,1268.1899999999998,0,0,0,1,0,0,0,0,0,0
Maruti Alto 800 VXI,2017,325000,23000,1,24.7,796.0,47.3,5.0,0.0,0.0,1.0,1.0,0.0,1.0,8,Alto,2875.0,1,0.059422110552763814,184000,1168.31,0,0,0,1,0,0,0,0,0,0
Maruti Alto K10 LXI,2010,145000,70000,2,20.92,998.0,67.1,5.0,0.0,0.0,1.0,1.0,0.0,1.0,15,Alto,4666.666666666667,1,0.06723446893787574,1050000,1403.732,0,0,0,1,0,0,0,0,0,0
Maruti Swift VDI,2018,675000,23000,1,28.4,1248.0,74.0,5.0,1.0,0.0,0.0,1.0,0.0,1.0,7,Swift,3285.714285714286,1,0.05929487179487179,161000,2101.6,0,0,0,1,0,0,0,0,0,0
Maruti Wagon R VXI Optional,2016,340000,30000,2,20.51,998.0,67.04,5.0,0.0,0.0,1.0,1.0,0.0,1.0,9,Wagon,3333.3333333333335,1,0.06717434869739479,270000,1374.9904000000001,0,0,0,1,0,0,0,0,0,0
Tata Manza Aura Plus Quadrajet BS IV,2011,340000,50000,1,19.0,1248.0,90.0,5.0,1.0,0.0,0.0,1.0,0.0,1.0,14,Manza,3571.4285714285716,1,0.07211538461538461,700000,1710.0,0,0,0,0,0,0,0,1,0,0
Maruti Alto 800 LXI,2015,300000,50000,1,22.74,796.0,47.3,5.0,0.0,0.0,1.0,1.0,0.0,1.0,10,Alto,5000.0,1,0.059422110552763814,500000,1075.6019999999999,0,0,0,1,0,0,0,0,0,0
Tata Indica Vista TDI LX,2011,350000,80000,1,19.4,1405.0,70.0,5.0,1.0,0.0,0.0,1.0,0.0,1.0,14,Indica,5714.285714285715,2,0.0498220640569395,1120000,1358.0,0,0,0,0,0,0,0,1,0,0
Tata Manza Aura (ABS) Quadrajet BS IV,2010,170000,150000,3,21.12,1248.0,88.8,5.0,1.0,0.0,0.0,1.0,0.0,1.0,15,Manza,10000.0,2,0.07115384615384615,2250000,1875.4560000000001,0,0,0,0,0,0,0,1,0,0
Maruti Swift Dzire Tour S CNG,2018,600000,40000,1,19.0,1197.0,85.8,5.0,0.0,0.0,1.0,1.0,0.0,1.0,7,Swift,5714.285714285715,2,0.07167919799498747,280000,1630.2,0,0,0,1,0,0,0,0,0,0
Honda City 1.5 V AT,2010,800000,25000,1,16.8,1497.0,118.0,5.0,0.0,0.0,1.0,1.0,0.0,0.0,15,City,1666.6666666666667,1,0.0788243152972612,375000,1982.4,0,1,0,0,0,0,0,0,0,0
Maruti Vitara Brezza ZDi AMT,2018,900000,50000,2,24.3,1248.0,88.5,5.0,1.0,0.0,0.0,1.0,0.0,0.0,7,Vitara,7142.857142857143,2,0.07091346153846154,350000,2150.55,0,0,0,1,0,0,0,0,0,0
Maruti Swift Dzire VDi,2010,310000,120000,2,19.3,1248.0,73.9,5.0,1.0,0.0,0.0,1.0,0.0,1.0,15,Swift,8000.0,2,0.059214743589743594,1800000,1426.2700000000002,0,0,0,1,0,0,0,0,0,0
Maruti Swift Dzire ZDi,2008,270000,149000,2,19.3,1248.0,73.9,5.0,1.0,0.0,0.0,1.0,0.0,1.0,17,Swift,8764.70588235294,2,0.059214743589743594,2533000,1426.2700000000002,0,0,0,1,0,0,0,0,0,0
Hyundai Santro Sportz BSIV,2019,509999,5000,1,20.3,1086.0,68.0,5.0,0.0,0.0,1.0,1.0,0.0,1.0,6,Santro,833.3333333333334,1,0.06261510128913444,30000,1380.4,0,0,1,0,0,0,0,0,0,0
Tata Indica Vista TDI LX,2013,225000,70000,2,19.4,1405.0,70.0,5.0,1.0,0.0,0.0,1.0,0.0,1.0,12,Indica,5833.333333333333,2,0.0498220640569395,840000,1358.0,0,0,0,0,0,0,0,1,0,0
Hyundai i10 Magna,2015,280000,55000,1,20.36,1197.0,78.9,5.0,0.0,0.0,1.0,1.0,0.0,1.0,10,i10,5500.0,2,0.06591478696741855,550000,1606.404,0,0,1,0,0,0,0,0,0,0
Tata Tiago 1.05 Revotorq XZ WO Alloy,2016,490000,100000,1,27.28,1047.0,69.0,5.0,1.0,0.0,0.0,1.0,0.0,1.0,9,Tiago,11111.111111111111,2,0.0659025787965616,900000,1882.3200000000002,0,0,0,0,0,0,0,1,0,0
Hyundai i20 Active 1.2 S,2015,590000,70000,3,17.19,1197.0,81.86,5.0,0.0,0.0,1.0,1.0,0.0,1.0,10,i20,7000.0,2,0.0683876357560568,700000,1407.1734000000001,0,0,1,0,0,0,0,0,0,0
Ford EcoSport 1.5 TDCi Titanium BSIV,2015,600000,40000,1,22.77,1498.0,98.59,5.0,1.0,0.0,0.0,1.0,0.0,1.0,10,EcoSport,4000.0,1,0.06581441922563418,400000,2244.8943,1,0,0,0,0,0,0,0,0,0
Volkswagen Polo 1.5 TDI Comfortline,2019,695000,36800,1,20.14,1498.0,88.0,5.0,1.0,0.0,0.0,0.0,0.0,1.0,6,Polo,6133.333333333333,2,0.05874499332443257,220800,1772.3200000000002,0,0,0,0,0,0,0,0,0,1
Maruti Swift Dzire VDI Optional,2018,690000,52200,1,26.59,1248.0,74.0,5.0,1.0,0.0,0.0,0.0,0.0,1.0,7,Swift,7457.142857142857,2,0.05929487179487179,365400,1967.66,0,0,0,1,0,0,0,0,0,0
Hyundai Grand i10 1.2 CRDi Magna,2016,409999,78000,1,24.0,1186.0,73.97,5.0,1.0,0.0,0.0,0.0,0.0,1.0,9,Grand,8666.666666666666,2,0.062369308600337264,702000,1775.28,0,0,1,0,0,0,0,0,0,0
Hyundai Grand i10 1.2 CRDi Sportz,2017,525000,29000,2,24.0,1186.0,73.97,5.0,1.0,0.0,0.0,0.0,0.0,1.0,8,Grand,3625.0,1,0.062369308600337264,232000,1775.28,0,0,1,0,0,0,0,0,0,0
Maruti Ciaz Alpha Diesel,2018,975000,36000,1,28.09,1248.0,88.5,5.0,1.0,0.0,0.0,0.0,0.0,1.0,7,Ciaz,5142.857142857143,2,0.07091346153846154,252000,2485.965,0,0,0,1,0,0,0,0,0,0
Maruti Wagon R VXI,2016,355000,60000,1,21.79,998.0,67.05,5.0,0.0,0.0,1.0,0.0,0.0,1.0,9,Wagon,6666.666666666667,2,0.06718436873747495,540000,1461.0194999999999,0,0,0,1,0,0,0,0,0,0
Maruti Alto 800 VXI BSIV,2015,265000,48000,1,24.7,796.0,47.3,5.0,0.0,0.0,1.0,0.0,0.0,1.0,10,Alto,4800.0,1,0.059422110552763814,480000,1168.31,0,0,0,1,0,0,0,0,0,0
Volkswagen Polo 2015-2019 1.5 TDI Highline Plus,2018,650000,40000,1,20.14,1498.0,88.0,5.0,1.0,0.0,0.0,0.0,0.0,1.0,7,Polo,5714.285714285715,2,0.05874499332443257,280000,1772.3200000000002,0,0,0,0,0,0,0,0,0,1
Maruti Ciaz 1.3 Alpha,2017,720000,60000,1,28.09,1248.0,88.5,5.0,1.0,0.0,0.0,1.0,0.0,1.0,8,Ciaz,7500.0,2,0.07091346153846154,480000,2485.965,0,0,0,1,0,0,0,0,0,0
Maruti Alto K10 VXI,2015,290000,42000,1,23.95,998.0,67.05,5.0,0.0,0.0,1.0,1.0,0.0,1.0,10,Alto,4200.0,1,0.06718436873747495,420000,1605.8474999999999,0,0,0,1,0,0,0,0,0,0
Maruti Ritz VDi,2011,300000,90000,2,21.1,1248.0,73.9,5.0,1.0,0.0,0.0,1.0,0.0,1.0,14,Ritz,6428.571428571428,2,0.059214743589743594,1260000,1559.2900000000002,0,0,0,1,0,0,0,0,0,0
Renault Pulse RxL,2012,225000,110000,2,23.08,1461.0,63.12,5.0,1.0,0.0,0.0,1.0,0.0,1.0,13,Pulse,8461.538461538461,2,0.04320328542094456,1430000,1456.8095999999998,0,0,0,0,0,0,1,0,0,0
Maruti Swift Dzire VDi,2009,240000,70000,2,19.3,1248.0,73.9,5.0,1.0,0.0,0.0,1.0,0.0,1.0,16,Swift,4375.0,1,0.059214743589743594,1120000,1426.2700000000002,0,0,0,1,0,0,0,0,0,0
Maruti Swift VDI BSIV,2014,470000,70000,2,25.2,1248.0,74.0,5.0,1.0,0.0,0.0,1.0,0.0,1.0,11,Swift,6363.636363636364,2,0.05929487179487179,770000,1864.8,0,0,0,1,0,0,0,0,0,0
Hyundai i20 Active 1.4 SX Dual Tone,2016,800000,80000,1,21.19,1396.0,88.73,5.0,1.0,0.0,0.0,1.0,0.0,1.0,9,i20,8888.888888888889,2,0.06356017191977077,720000,1880.1887000000002,0,0,1,0,0,0,0,0,0,0
Renault Duster 110PS Diesel RxZ,2012,450000,90000,1,19.01,1461.0,108.45,5.0,1.0,0.0,0.0,1.0,0.0,1.0,13,Duster,6923.076923076923,2,0.0742299794661191,1170000,2061.6345,0,0,0,0,0,0,1,0,0,0
Tata Indica V2 DLE BSII,2007,90000,90000,3,17.2,1396.0,53.5,5.0,1.0,0.0,0.0,1.0,0.0,1.0,18,Indica,5000.0,1,0.03832378223495702,1620000,920.1999999999999,0,0,0,0,0,0,0,1,0,0
Toyota Corolla Altis Diesel D4DG,2010,450000,120000,2,21.43,1364.0,87.2,5.0,1.0,0.0,0.0,1.0,0.0,1.0,15,Corolla,8000.0,2,0.06392961876832845,1800000,1868.6960000000001,0,0,0,0,0,0,0,0,1,0
Toyota Etios Liva GD,2012,400000,107500,2,19.5,1248.0,81.83,5.0,1.0,0.0,0.0,1.0,0.0,1.0,13,Etios,8269.23076923077,2,0.06556891025641025,1397500,1595.685,0,0,0,0,0,0,0,0,1,0
Maruti Swift Dzire VDi,2009,360000,100000,1,19.3,1248.0,73.9,5.0,1.0,0.0,0.0,1.0,0.0,1.0,16,Swift,6250.0,2,0.059214743589743594,1600000,1426.2700000000002,0,0,0,1,0,0,0,0,0,0
Hyundai Verna Transform CRDi VGT SX ABS,2010,320000,70000,2,16.2,1493.0,110.0,5.0,1.0,0.0,0.0,1.0,0.0,1.0,15,Verna,4666.666666666667,1,0.07367716008037509,1050000,1782.0,0,0,1,0,0,0,0,0,0,0
Tata Indica Vista Safire GLX,2014,210000,35000,2,16.7,1172.0,64.1,5.0,0.0,0.0,1.0,1.0,0.0,1.0,11,Indica,3181.818181818182,1,0.054692832764505116,385000,1070.4699999999998,0,0,0,0,0,0,0,1,0,0
Maruti Zen D,2002,120000,60000,2,20.8,1527.0,58.0,5.0,1.0,0.0,0.0,1.0,0.0,1.0,23,Zen,2608.695652173913,1,0.03798297314996726,1380000,1206.4,0,0,0,1,0,0,0,0,0,0
Mahindra Verito Vibe 1.5 dCi D6,2016,750000,100000,1,20.8,1461.0,64.1,5.0,1.0,0.0,0.0,1.0,0.0,1.0,9,Verito,11111.111111111111,2,0.04387405886379192,900000,1333.28,0,0,0,0,0,1,0,0,0,0
Hyundai i20 Magna 1.2,2016,550000,57882,1,18.6,1197.0,81.83,5.0,0.0,0.0,1.0,1.0,0.0,1.0,9,i20,6431.333333333333,2,0.06836257309941521,520938,1522.038,0,0,1,0,0,0,0,0,0,0
Datsun GO T Petrol,2018,400000,10000,1,19.83,1198.0,67.0,5.0,0.0,0.0,1.0,1.0,0.0,1.0,7,GO,1428.5714285714287,1,0.055926544240400666,70000,1328.61,0,0,0,0,0,1,0,0,0,0
Maruti Celerio VXI,2015,290000,30000,2,23.1,998.0,67.04,5.0,0.0,0.0,1.0,1.0,0.0,1.0,10,Celerio,3000.0,1,0.06717434869739479,300000,1548.6240000000003,0,0,0,1,0,0,0,0,0,0
Tata Indigo CS LS (TDI) BS III,2012,150000,90000,1,19.09,1396.0,69.0,5.0,1.0,0.0,0.0,1.0,0.0,1.0,13,Indigo,6923.076923076923,2,0.0494269340974212,1170000,1317.21,0,0,0,0,0,0,0,1,0,0
Maruti Swift 1.3 VXi,2009,220000,25000,1,19.5,1248.0,81.83,5.0,0.0,0.0,1.0,1.0,0.0,1.0,16,Swift,1562.5,1,0.06556891025641025,400000,1595.685,0,0,0,1,0,0,0,0,0,0
Hyundai Santro Magna BSIV,2019,500000,5000,1,20.3,1086.0,68.0,5.0,0.0,0.0,1.0,1.0,0.0,1.0,6,Santro,833.3333333333334,1,0.06261510128913444,30000,1380.4,0,0,1,0,0,0,0,0,0,0
Tata Manza Club Class Quadrajet90 LS,2013,250000,50000,1,21.02,1248.0,88.8,5.0,1.0,0.0,0.0,1.0,0.0,1.0,12,Manza,4166.666666666667,1,0.07115384615384615,600000,1866.5759999999998,0,0,0,0,0,0,0,1,0,0
Tata Indigo eCS LX BSIV,2013,220000,80000,1,23.03,1396.0,69.0,5.0,1.0,0.0,0.0,1.0,0.0,1.0,12,Indigo,6666.666666666667,2,0.0494269340974212,960000,1589.0700000000002,0,0,0,0,0,0,0,1,0,0
Maruti Swift Dzire AMT ZDI Plus,2017,875000,30000,1,28.4,1248.0,74.02,5.0,1.0,0.0,0.0,0.0,0.0,0.0,8,Swift,3750.0,1,0.05931089743589743,240000,2102.1679999999997,0,0,0,1,0,0,0,0,0,0
Hyundai i20 Asta Option 1.2,2019,785000,9000,1,18.6,1197.0,81.83,5.0,0.0,0.0,1.0,0.0,0.0,1.0,6,i20,1500.0,1,0.06836257309941521,54000,1522.038,0,0,1,0,0,0,0,0,0,0
Honda WR-V i-VTEC VX,2017,819999,30000,1,17.5,1199.0,88.7,5.0,0.0,0.0,1.0,0.0,0.0,1.0,8,WR-V,3750.0,1,0.07397831526271893,240000,1552.25,0,1,0,0,0,0,0,0,0,0
Honda WR-V i-DTEC VX,2017,885000,39000,1,25.5,1498.0,98.6,5.0,1.0,0.0,0.0,0.0,0.0,1.0,8,WR-V,4875.0,1,0.06582109479305741,312000,2514.2999999999997,0,1,0,0,0,0,0,0,0,0
Ford EcoSport 1.5 Ti VCT AT Titanium BE BSIV,2015,680000,64000,1,16.05,1499.0,110.4,5.0,0.0,0.0,1.0,0.0,0.0,0.0,10,EcoSport,6400.0,2,0.07364909939959974,640000,1771.92,1,0,0,0,0,0,0,0,0,0
Ford EcoSport 1.5 Diesel Titanium Plus BSIV,2017,960000,42000,1,23.0,1498.0,98.96,5.0,1.0,0.0,0.0,0.0,0.0,1.0,8,EcoSport,5250.0,2,0.06606141522029373,336000,2276.08,1,0,0,0,0,0,0,0,0,0
Honda Brio 1.2 VX MT,2012,385000,45000,1,18.5,1198.0,86.8,5.0,0.0,0.0,1.0,0.0,0.0,1.0,13,Brio,3461.5384615384614,1,0.07245409015025041,585000,1605.8,0,1,0,0,0,0,0,0,0,0
Maruti Ciaz Delta Automatic BSIV,2019,1025000,15000,1,20.28,1462.0,103.25,5.0,0.0,0.0,1.0,0.0,0.0,0.0,6,Ciaz,2500.0,1,0.07062243502051983,90000,2093.9100000000003,0,0,0,1,0,0,0,0,0,0
Volkswagen Polo GT TSI,2016,675000,69000,1,17.2,1197.0,103.6,5.0,0.0,0.0,1.0,0.0,0.0,0.0,9,Polo,7666.666666666667,2,0.08654970760233918,621000,1781.9199999999998,0,0,0,0,0,0,0,0,0,1
Maruti Swift Dzire ZXI Plus BS IV,2017,700000,80000,1,22.0,1197.0,81.8,5.0,0.0,0.0,1.0,0.0,0.0,1.0,8,Swift,10000.0,2,0.0683375104427736,640000,1799.6,0,0,0,1,0,0,0,0,0,0
Ford EcoSport 1.5 TDCi Titanium Plus BSIV,2016,780000,60000,1,22.77,1498.0,98.59,5.0,1.0,0.0,0.0,0.0,0.0,1.0,9,EcoSport,6666.666666666667,2,0.06581441922563418,540000,2244.8943,1,0,0,0,0,0,0,0,0,0
Tata Bolt Quadrajet XE,2016,400000,100000,1,22.95,1248.0,74.0,5.0,1.0,0.0,0.0,1.0,0.0,1.0,9,Bolt,11111.111111111111,2,0.05929487179487179,900000,1698.3,0,0,0,0,0,0,0,1,0,0
Maruti Alto LX BSIII,2009,85000,90000,2,19.7,796.0,46.3,5.0,0.0,0.0,1.0,1.0,0.0,1.0,16,Alto,5625.0,2,0.05816582914572864,1440000,912.1099999999999,0,0,0,1,0,0,0,0,0,0
Renault KWID 1.0 RXL,2018,260000,50000,1,23.01,999.0,67.0,5.0,0.0,0.0,1.0,1.0,0.0,1.0,7,KWID,7142.857142857143,2,0.06706706706706707,350000,1541.67,0,0,0,0,0,0,1,0,0,0
Hyundai Grand i10 Asta,2015,484999,55380,1,18.9,1197.0,82.0,5.0,0.0,0.0,1.0,0.0,0.0,1.0,10,Grand,5538.0,2,0.06850459482038429,553800,1549.8,0,0,1,0,0,0,0,0,0,0
Volkswagen Ameo 1.2 MPI Highline Plus 16,2017,650000,18816,1,17.0,1198.0,73.75,5.0,0.0,0.0,1.0,0.0,0.0,1.0,8,Ameo,2352.0,1,0.061560934891485806,150528,1253.75,0,0,0,0,0,0,0,0,0,1
Honda City V AT,2017,925000,18000,1,15.6,1497.0,116.3,5.0,0.0,0.0,1.0,0.0,0.0,0.0,8,City,2250.0,1,0.07768871075484302,144000,1814.28,0,1,0,0,0,0,0,0,0,0
Maruti Ciaz S 1.3,2017,810000,47747,1,28.09,1248.0,88.5,5.0,1.0,0.0,0.0,0.0,0.0,1.0,8,Ciaz,5968.375,2,0.07091346153846154,381976,2485.965,0,0,0,1,0,0,0,0,0,0
Tata Indica V2 DLX BSIII,2016,300000,60000,2,17.88,1405.0,48.21,5.0,1.0,0.0,0.0,1.0,0.0,1.0,9,Indica,6666.666666666667,2,0.034313167259786476,540000,861.9947999999999,0,0,0,0,0,0,0,1,0,0
Maruti Zen LXi - BS III,2004,120000,80000,2,17.3,993.0,60.0,5.0,0.0,0.0,1.0,1.0,0.0,1.0,21,Zen,3809.5238095238096,1,0.06042296072507553,1680000,1038.0,0,0,0,1,0,0,0,0,0,0
Hyundai i20 Era 1.2,2015,490000,45900,2,18.6,1197.0,81.83,5.0,0.0,0.0,1.0,1.0,0.0,1.0,10,i20,4590.0,1,0.06836257309941521,459000,1522.038,0,0,1,0,0,0,0,0,0,0
Honda Amaze S i-Dtech,2013,425000,70000,1,25.8,1498.0,98.6,5.0,1.0,0.0,0.0,1.0,0.0,1.0,12,Amaze,5833.333333333333,2,0.06582109479305741,840000,2543.88,0,1,0,0,0,0,0,0,0,0
Maruti Alto LXi,2011,155000,40000,1,19.7,796.0,46.3,5.0,0.0,0.0,1.0,1.0,0.0,1.0,14,Alto,2857.1428571428573,1,0.05816582914572864,560000,912.1099999999999,0,0,0,1,0,0,0,0,0,0
Maruti Alto LXi BSIII,2010,132000,105000,1,19.7,796.0,46.3,5.0,0.0,0.0,1.0,1.0,0.0,1.0,15,Alto,7000.0,2,0.05816582914572864,1575000,912.1099999999999,0,0,0,1,0,0,0,0,0,0
Hyundai Elite i20 Diesel Sportz,2018,750000,30000,1,22.54,1396.0,88.76,5.0,1.0,0.0,0.0,1.0,0.0,1.0,7,Elite,4285.714285714285,1,0.06358166189111748,210000,2000.6504,0,0,1,0,0,0,0,0,0,0
Maruti Wagon R VXI BS IV with ABS,2011,225000,20000,1,18.9,998.0,67.1,5.0,0.0,0.0,1.0,1.0,0.0,1.0,14,Wagon,1428.5714285714287,1,0.06723446893787574,280000,1268.1899999999998,0,0,0,1,0,0,0,0,0,0
Hyundai i10 Sportz,2011,240000,80000,1,20.36,1197.0,78.9,5.0,0.0,0.0,1.0,1.0,0.0,1.0,14,i10,5714.285714285715,2,0.06591478696741855,1120000,1606.404,0,0,1,0,0,0,0,0,0,0
Maruti Wagon R VXI,2004,33351,90000,3,18.9,998.0,67.1,5.0,0.0,0.0,1.0,1.0,0.0,1.0,21,Wagon,4285.714285714285,1,0.06723446893787574,1890000,1268.1899999999998,0,0,0,1,0,0,0,0,0,0
Chevrolet Spark 1.0,2010,80000,80000,2,18.0,995.0,62.0,5.0,0.0,0.0,1.0,1.0,0.0,1.0,15,Spark,5333.333333333333,2,0.062311557788944726,1200000,1116.0,0,0,0,0,0,0,0,0,0,0
Hyundai Xcent 1.1 CRDi S,2016,380000,80000,2,24.4,1120.0,71.0,5.0,1.0,0.0,0.0,1.0,0.0,1.0,9,Xcent,8888.888888888889,2,0.06339285714285714,720000,1732.3999999999999,0,0,1,0,0,0,0,0,0,0
Maruti Alto 800 LXI Anniversary Edition,2014,240000,50000,1,22.74,796.0,47.3,5.0,0.0,0.0,1.0,1.0,0.0,1.0,11,Alto,4545.454545454545,1,0.059422110552763814,550000,1075.6019999999999,0,0,0,1,0,0,0,0,0,0
Maruti Swift VDI,2011,325000,70000,1,22.9,1248.0,74.0,5.0,1.0,0.0,0.0,1.0,0.0,1.0,14,Swift,5000.0,1,0.05929487179487179,980000,1694.6,0,0,0,1,0,0,0,0,0,0
Ford EcoSport 1.5 Diesel Titanium BSIV,2018,950000,80000,1,23.0,1498.0,98.96,5.0,1.0,0.0,0.0,1.0,0.0,1.0,7,EcoSport,11428.57142857143,2,0.06606141522029373,560000,2276.08,1,0,0,0,0,0,0,0,0,0
Maruti Swift VDI,2013,300000,120000,4,22.9,1248.0,74.0,5.0,1.0,0.0,0.0,1.0,0.0,1.0,12,Swift,10000.0,2,0.05929487179487179,1440000,1694.6,0,0,0,1,0,0,0,0,0,0
Mahindra KUV 100 mFALCON G80 K8 5str AW,2017,530000,59000,1,18.15,1198.0,82.0,5.0,0.0,0.0,1.0,1.0,0.0,1.0,8,KUV,7375.0,2,0.06844741235392321,472000,1488.3,0,0,0,0,0,1,0,0,0,0
Renault KWID RXT,2016,240000,45000,2,25.17,799.0,53.3,5.0,0.0,0.0,1.0,1.0,0.0,1.0,9,KWID,5000.0,1,0.06670838548185232,405000,1341.561,0,0,0,0,0,0,1,0,0,0
Maruti Swift Dzire VDi,2010,220000,80000,4,19.3,1248.0,73.9,5.0,1.0,0.0,0.0,1.0,0.0,1.0,15,Swift,5333.333333333333,2,0.059214743589743594,1200000,1426.2700000000002,0,0,0,1,0,0,0,0,0,0
Maruti Wagon R LXI Minor,2008,110000,80000,4,18.9,1061.0,67.0,5.0,0.0,0.0,1.0,1.0,0.0,1.0,17,Wagon,4705.882352941177,1,0.06314797360980208,1360000,1266.3,0,0,0,1,0,0,0,0,0,0
Maruti Vitara Brezza ZDi Plus,2016,850000,100000,1,24.3,1248.0,88.5,5.0,1.0,0.0,0.0,1.0,0.0,1.0,9,Vitara,11111.111111111111,2,0.07091346153846154,900000,2150.55,0,0,0,1,0,0,0,0,0,0
Maruti S-Cross 2017-2020 Delta DDiS 200 SH,2018,950000,25000,1,25.1,1248.0,88.5,5.0,1.0,0.0,0.0,1.0,0.0,1.0,7,S-Cross,3571.4285714285716,1,0.07091346153846154,175000,2221.35,0,0,0,1,0,0,0,0,0,0
Hyundai EON Magna Plus,2013,200000,68697,3,21.1,814.0,55.2,5.0,0.0,0.0,1.0,1.0,0.0,1.0,12,EON,5724.75,2,0.06781326781326781,824364,1164.72,0,0,1,0,0,0,0,0,0,0
Maruti Swift VDI Optional,2017,660000,30000,1,25.2,1248.0,74.0,5.0,1.0,0.0,0.0,1.0,0.0,1.0,8,Swift,3750.0,1,0.05929487179487179,240000,1864.8,0,0,0,1,0,0,0,0,0,0
Honda Amaze VX i-DTEC,2013,420000,40000,2,25.8,1498.0,98.6,5.0,1.0,0.0,0.0,1.0,0.0,1.0,12,Amaze,3333.3333333333335,1,0.06582109479305741,480000,2543.88,0,1,0,0,0,0,0,0,0,0
Tata Indica Vista Aura 1.2 Safire (ABS) 90hp BS IV,2010,150000,29000,1,16.5,1172.0,65.0,5.0,0.0,0.0,1.0,1.0,0.0,1.0,15,Indica,1933.3333333333333,1,0.05546075085324232,435000,1072.5,0,0,0,0,0,0,0,1,0,0
Chevrolet Beat Diesel LS,2013,175000,68000,2,25.44,936.0,57.6,5.0,1.0,0.0,0.0,1.0,0.0,1.0,12,Beat,5666.666666666667,2,0.06153846153846154,816000,1465.344,0,0,0,0,0,0,0,0,0,0
Honda Amaze S CVT i-VTEC,2018,750000,15000,1,18.1,1199.0,88.7,5.0,0.0,0.0,1.0,1.0,0.0,0.0,7,Amaze,2142.8571428571427,1,0.07397831526271893,105000,1605.4700000000003,0,1,0,0,0,0,0,0,0,0
Maruti Ritz VDi,2014,425000,70000,1,23.2,1248.0,73.94,5.0,1.0,0.0,0.0,1.0,0.0,1.0,11,Ritz,6363.636363636364,2,0.05924679487179487,770000,1715.408,0,0,0,1,0,0,0,0,0,0
Toyota Corolla Altis D-4D G,2015,790000,126000,3,21.43,1364.0,87.2,5.0,1.0,0.0,0.0,1.0,0.0,1.0,10,Corolla,12600.0,2,0.06392961876832845,1260000,1868.6960000000001,0,0,0,0,0,0,0,0,1,0
Toyota Corolla Altis D-4D J,2015,780000,129000,3,21.43,1364.0,87.2,5.0,1.0,0.0,0.0,1.0,0.0,1.0,10,Corolla,12900.0,2,0.06392961876832845,1290000,1868.6960000000001,0,0,0,0,0,0,0,0,1,0
Hyundai i10 Magna 1.1L,2010,180000,55000,2,19.81,1086.0,68.05,5.0,0.0,0.0,1.0,1.0,0.0,1.0,15,i10,3666.6666666666665,1,0.06266114180478821,825000,1348.0704999999998,0,0,1,0,0,0,0,0,0,0
Ford EcoSport 1.5 Diesel Trend Plus BSIV,2019,869999,40000,1,23.0,1498.0,98.96,5.0,1.0,0.0,0.0,1.0,0.0,1.0,6,EcoSport,6666.666666666667,2,0.06606141522029373,240000,2276.08,1,0,0,0,0,0,0,0,0,0
Tata Manza Aura (ABS) Quadrajet BS IV,2011,275000,50000,1,21.12,1248.0,88.8,5.0,1.0,0.0,0.0,1.0,0.0,1.0,14,Manza,3571.4285714285716,1,0.07115384615384615,700000,1875.4560000000001,0,0,0,0,0,0,0,1,0,0
Hyundai i20 1.2 Asta Option,2017,630000,25000,2,18.6,1197.0,81.83,5.0,0.0,0.0,1.0,1.0,0.0,1.0,8,i20,3125.0,1,0.06836257309941521,200000,1522.038,0,0,1,0,0,0,0,0,0,0
Maruti Alto 800 LXI,2016,315000,25000,1,22.74,796.0,47.3,5.0,0.0,0.0,1.0,1.0,0.0,1.0,9,Alto,2777.777777777778,1,0.059422110552763814,225000,1075.6019999999999,0,0,0,1,0,0,0,0,0,0
Tata Indigo CR4,2011,189000,70000,2,23.57,1396.0,70.0,5.0,1.0,0.0,0.0,1.0,0.0,1.0,14,Indigo,5000.0,1,0.050143266475644696,980000,1649.9,0,0,0,0,0,0,0,1,0,0
Maruti Swift Dzire VDI,2014,580000,120000,1,23.4,1248.0,74.0,5.0,1.0,0.0,0.0,1.0,0.0,1.0,11,Swift,10909.09090909091,2,0.05929487179487179,1320000,1731.6,0,0,0,1,0,0,0,0,0,0
Fiat Punto 1.3 Emotion,2009,150000,153000,2,19.5,1248.0,81.83,5.0,1.0,0.0,0.0,1.0,0.0,1.0,16,Punto,9562.5,2,0.06556891025641025,2448000,1595.685,0,0,0,0,0,1,0,0,0,0
Maruti Vitara Brezza VDi,2018,825000,35000,1,24.3,1248.0,88.5,5.0,1.0,0.0,0.0,1.0,0.0,1.0,7,Vitara,5000.0,1,0.07091346153846154,245000,2150.55,0,0,0,1,0,0,0,0,0,0
Honda City 1.3 EXI,2004,50000,62000,2,13.0,1343.0,90.0,5.0,0.0,0.0,1.0,1.0,0.0,1.0,21,City,2952.3809523809523,1,0.06701414743112435,1302000,1170.0,0,1,0,0,0,0,0,0,0,0
Skoda Fabia 1.2 MPI Ambition,2011,200000,120000,2,16.25,1198.0,73.9,5.0,0.0,0.0,1.0,1.0,0.0,1.0,14,Fabia,8571.42857142857,2,0.06168614357262104,1680000,1200.875,0,0,0,0,0,1,0,0,0,0
Hyundai i20 2015-2017 Sportz 1.4 CRDi,2017,680000,80000,1,22.54,1396.0,88.73,5.0,1.0,0.0,0.0,1.0,0.0,1.0,8,i20,10000.0,2,0.06356017191977077,640000,1999.9742,0,0,1,0,0,0,0,0,0,0
Hyundai i20 1.4 Sportz,2017,670000,80000,1,22.54,1396.0,88.73,5.0,1.0,0.0,0.0,1.0,0.0,1.0,8,i20,10000.0,2,0.06356017191977077,640000,1999.9742,0,0,1,0,0,0,0,0,0,0
Maruti Alto K10 2010-2014 VXI,2010,240000,80000,2,20.92,998.0,67.1,5.0,0.0,0.0,1.0,1.0,0.0,1.0,15,Alto,5333.333333333333,2,0.06723446893787574,1200000,1403.732,0,0,0,1,0,0,0,0,0,0
Skoda Rapid 1.6 TDI Ambition Plus,2013,455000,98000,1,20.5,1598.0,103.5,5.0,1.0,0.0,0.0,1.0,0.0,1.0,12,Rapid,8166.666666666667,2,0.06476846057571965,1176000,2121.75,0,0,0,0,0,1,0,0,0,0
Maruti Swift Dzire VDI,2018,750000,25000,1,28.4,1248.0,74.02,5.0,1.0,0.0,0.0,1.0,0.0,1.0,7,Swift,3571.4285714285716,1,0.05931089743589743,175000,2102.1679999999997,0,0,0,1,0,0,0,0,0,0
Maruti Swift Dzire AMT ZDI,2016,700000,90000,1,26.59,1248.0,74.0,5.0,1.0,0.0,0.0,1.0,0.0,0.0,9,Swift,10000.0,2,0.05929487179487179,810000,1967.66,0,0,0,1,0,0,0,0,0,0
Tata Indica V2 eLX,2014,160000,120000,1,25.0,1396.0,69.0,5.0,1.0,0.0,0.0,1.0,0.0,1.0,11,Indica,10909.09090909091,2,0.0494269340974212,1320000,1725.0,0,0,0,0,0,0,0,1,0,0
Chevrolet Sail Hatchback Diesel,2013,225000,100000,2,22.1,1248.0,76.9,5.0,1.0,0.0,0.0,1.0,0.0,1.0,12,Sail,8333.333333333334,2,0.06161858974358975,1200000,1699.4900000000002,0,0,0,0,0,0,0,0,0,0
Tata Indigo CS LX (TDI) BS III,2008,140000,120000,2,19.09,1396.0,69.0,5.0,1.0,0.0,0.0,1.0,0.0,1.0,17,Indigo,7058.823529411765,2,0.0494269340974212,2040000,1317.21,0,0,0,0,0,0,0,1,0,0
Maruti Swift Dzire VDI,2014,600000,70000,2,23.4,1248.0,74.0,5.0,1.0,0.0,0.0,1.0,0.0,1.0,11,Swift,6363.636363636364,2,0.05929487179487179,770000,1731.6,0,0,0,1,0,0,0,0,0,0
Chevrolet Spark 1.0 LS,2008,65000,100000,3,18.0,995.0,62.0,5.0,0.0,0.0,1.0,1.0,0.0,1.0,17,Spark,5882.35294117647,2,0.062311557788944726,1700000,1116.0,0,0,0,0,0,0,0,0,0,0
Maruti Ignis 1.2 Delta BSIV,2019,500000,10000,1,20.89,1197.0,81.8,5.0,0.0,0.0,1.0,1.0,0.0,1.0,6,Ignis,1666.6666666666667,1,0.0683375104427736,60000,1708.802,0,0,0,1,0,0,0,0,0,0
Skoda Fabia 1.2 MPI Ambition Plus,2012,320000,55885,1,16.25,1198.0,75.0,5.0,0.0,0.0,1.0,0.0,0.0,1.0,13,Fabia,4298.846153846154,1,0.06260434056761269,726505,1218.75,0,0,0,0,0,1,0,0,0,0
Ford Ecosport 1.5 Diesel Titanium,2019,950000,16034,1,21.7,1498.0,98.96,5.0,1.0,0.0,0.0,0.0,0.0,1.0,6,Ecosport,2672.3333333333335,1,0.06606141522029373,96204,2147.432,1,0,0,0,0,0,0,0,0,0
Ford Figo Diesel EXI,2012,250000,156040,1,20.0,1399.0,68.0,5.0,1.0,0.0,0.0,0.0,0.0,1.0,13,Figo,12003.076923076924,2,0.04860614724803431,2028520,1360.0,1,0,0,0,0,0,0,0,0,0
Maruti Baleno Delta 1.3,2017,600000,20000,1,27.39,1248.0,74.0,5.0,1.0,0.0,0.0,1.0,0.0,1.0,8,Baleno,2500.0,1,0.05929487179487179,160000,2026.8600000000001,0,0,0,1,0,0,0,0,0,0
Maruti Swift VVT VXI,2017,509999,46000,1,22.0,1197.0,81.8,5.0,0.0,0.0,1.0,1.0,0.0,1.0,8,Swift,5750.0,2,0.0683375104427736,368000,1799.6,0,0,0,1,0,0,0,0,0,0
Skoda Rapid 1.6 MPI Active BSIV,2016,395000,50000,3,15.41,1598.0,103.2,5.0,0.0,0.0,1.0,1.0,0.0,1.0,9,Rapid,5555.555555555556,2,0.06458072590738423,450000,1590.3120000000001,0,0,0,0,0,1,0,0,0,0
Maruti Wagon R VXI,2018,469000,5000,1,21.79,998.0,67.05,5.0,0.0,0.0,1.0,1.0,0.0,1.0,7,Wagon,714.2857142857143,1,0.06718436873747495,35000,1461.0194999999999,0,0,0,1,0,0,0,0,0,0
Maruti Alto 800 LX Optional,2017,250000,42000,1,24.7,796.0,47.3,5.0,0.0,0.0,1.0,1.0,0.0,1.0,8,Alto,5250.0,2,0.059422110552763814,336000,1168.31,0,0,0,1,0,0,0,0,0,0
Chevrolet Spark 1.0 LT,2011,130000,68519,1,16.2,995.0,62.1,5.0,0.0,0.0,1.0,0.0,0.0,1.0,14,Spark,4894.214285714285,1,0.06241206030150754,959266,1006.02,0,0,0,0,0,0,0,0,0,0
Ford EcoSport 1.5 Diesel Titanium Plus BSIV,2019,906000,30000,1,23.0,1498.0,98.96,5.0,1.0,0.0,0.0,1.0,0.0,1.0,6,EcoSport,5000.0,1,0.06606141522029373,180000,2276.08,1,0,0,0,0,0,0,0,0,0
Ford Figo Diesel ZXI,2011,160000,85000,1,20.0,1399.0,68.0,5.0,1.0,0.0,0.0,1.0,0.0,1.0,14,Figo,6071.428571428572,2,0.04860614724803431,1190000,1360.0,1,0,0,0,0,0,0,0,0,0
Maruti Swift Dzire VXi,2012,300000,88000,1,17.5,1298.0,85.8,5.0,0.0,0.0,1.0,1.0,0.0,1.0,13,Swift,6769.2307692307695,2,0.06610169491525424,1144000,1501.5,0,0,0,1,0,0,0,0,0,0
Maruti 800 Uniq,2010,60000,100000,4,14.0,796.0,37.5,5.0,0.0,0.0,1.0,1.0,0.0,1.0,15,800,6666.666666666667,2,0.0471105527638191,1500000,525.0,0,0,0,1,0,0,0,0,0,0
Maruti Swift Dzire VXI,2014,400000,100000,2,19.1,1197.0,85.8,5.0,0.0,0.0,1.0,1.0,0.0,1.0,11,Swift,9090.90909090909,2,0.07167919799498747,1100000,1638.78,0,0,0,1,0,0,0,0,0,0
Tata Tiago XT,2018,450000,22966,1,23.84,1199.0,84.48,5.0,0.0,0.0,1.0,0.0,0.0,1.0,7,Tiago,3280.8571428571427,1,0.07045871559633028,160762,2014.0032,0,0,0,0,0,0,0,1,0,0
Maruti Swift VDI,2012,325000,80000,2,22.9,1248.0,74.0,5.0,1.0,0.0,0.0,1.0,0.0,1.0,13,Swift,6153.846153846154,2,0.05929487179487179,1040000,1694.6,0,0,0,1,0,0,0,0,0,0
Maruti Alto LXi,2008,150000,70000,2,19.7,796.0,46.3,5.0,0.0,0.0,1.0,1.0,0.0,1.0,17,Alto,4117.64705882353,1,0.05816582914572864,1190000,912.1099999999999,0,0,0,1,0,0,0,0,0,0
Hyundai EON Era Plus,2014,250000,2350,1,21.1,814.0,55.2,5.0,0.0,0.0,1.0,1.0,0.0,1.0,11,EON,213.63636363636363,1,0.06781326781326781,25850,1164.72,0,0,1,0,0,0,0,0,0,0
Maruti Alto LXi,2011,175000,50000,1,19.7,796.0,46.3,5.0,0.0,0.0,1.0,1.0,0.0,1.0,14,Alto,3571.4285714285716,1,0.05816582914572864,700000,912.1099999999999,0,0,0,1,0,0,0,0,0,0
Maruti Alto LXi,2010,175000,58000,1,19.7,796.0,46.3,5.0,0.0,0.0,1.0,1.0,0.0,1.0,15,Alto,3866.6666666666665,1,0.05816582914572864,870000,912.1099999999999,0,0,0,1,0,0,0,0,0,0
Honda City 2017-2020 VTEC,2006,150000,80000,2,16.9,1497.0,100.0,5.0,0.0,0.0,1.0,1.0,0.0,1.0,19,City,4210.526315789473,1,0.06680026720106881,1520000,1689.9999999999998,0,1,0,0,0,0,0,0,0,0
Hyundai Elite i20 Asta Option BSIV,2019,800000,35000,1,18.6,1197.0,81.86,5.0,0.0,0.0,1.0,1.0,0.0,1.0,6,Elite,5833.333333333333,2,0.0683876357560568,210000,1522.596,0,0,1,0,0,0,0,0,0,0
Maruti Alto LX,2012,160000,110000,1,19.7,796.0,46.3,5.0,0.0,0.0,1.0,1.0,0.0,1.0,13,Alto,8461.538461538461,2,0.05816582914572864,1430000,912.1099999999999,0,0,0,1,0,0,0,0,0,0
Maruti Alto LXi,2010,160000,60000,3,19.7,796.0,46.3,5.0,0.0,0.0,1.0,1.0,0.0,1.0,15,Alto,4000.0,1,0.05816582914572864,900000,912.1099999999999,0,0,0,1,0,0,0,0,0,0
Hyundai i20 Asta 1.4 CRDi,2012,400000,100000,1,21.27,1396.0,88.76,5.0,1.0,0.0,0.0,1.0,0.0,1.0,13,i20,7692.307692307692,2,0.06358166189111748,1300000,1887.9252000000001,0,0,1,0,0,0,0,0,0,0
Toyota Etios Liva GD,2013,451000,120000,1,23.59,1364.0,67.06,5.0,1.0,0.0,0.0,1.0,0.0,1.0,12,Etios,10000.0,2,0.04916422287390029,1440000,1581.9454,0,0,0,0,0,0,0,0,1,0
Tata Manza Aura (ABS) Quadrajet BS IV,2012,300000,70000,3,21.12,1248.0,88.8,5.0,1.0,0.0,0.0,1.0,0.0,1.0,13,Manza,5384.615384615385,2,0.07115384615384615,910000,1875.4560000000001,0,0,0,0,0,0,0,1,0,0
Maruti Celerio ZXI Optional,2017,421000,59500,2,23.1,998.0,67.04,5.0,0.0,0.0,1.0,1.0,0.0,1.0,8,Celerio,7437.5,2,0.06717434869739479,476000,1548.6240000000003,0,0,0,1,0,0,0,0,0,0
Maruti Vitara Brezza ZDi Plus Dual Tone,2016,950000,45000,1,24.3,1248.0,88.5,5.0,1.0,0.0,0.0,1.0,0.0,1.0,9,Vitara,5000.0,1,0.07091346153846154,405000,2150.55,0,0,0,1,0,0,0,0,0,0
Hyundai i20 1.4 CRDi Asta,2011,395000,75500,2,23.0,1396.0,90.0,5.0,1.0,0.0,0.0,1.0,0.0,1.0,14,i20,5392.857142857143,2,0.06446991404011461,1057000,2070.0,0,0,1,0,0,0,0,0,0,0
Maruti Vitara Brezza ZDi Plus Dual Tone,2016,950000,46000,2,24.3,1248.0,88.5,5.0,1.0,0.0,0.0,1.0,0.0,1.0,9,Vitara,5111.111111111111,2,0.07091346153846154,414000,2150.55,0,0,0,1,0,0,0,0,0,0
Maruti Alto 800 LXI,2013,270000,60000,1,22.74,796.0,47.3,5.0,0.0,0.0,1.0,1.0,0.0,1.0,12,Alto,5000.0,1,0.059422110552763814,720000,1075.6019999999999,0,0,0,1,0,0,0,0,0,0
Hyundai i20 1.4 Asta (AT),2009,360000,60000,2,15.0,1396.0,100.0,5.0,0.0,0.0,1.0,1.0,0.0,0.0,16,i20,3750.0,1,0.07163323782234957,960000,1500.0,0,0,1,0,0,0,0,0,0,0
Maruti Swift Ldi BSIII,2008,235000,152500,1,17.8,1248.0,75.0,5.0,1.0,0.0,0.0,1.0,0.0,1.0,17,Swift,8970.588235294117,2,0.06009615384615385,2592500,1335.0,0,0,0,1,0,0,0,0,0,0
Honda Brio V MT,2012,376000,26000,1,19.4,1198.0,86.8,5.0,0.0,0.0,1.0,1.0,0.0,1.0,13,Brio,2000.0,1,0.07245409015025041,338000,1683.9199999999998,0,1,0,0,0,0,0,0,0,0
Ford Ecosport 1.5 DV5 MT Titanium Optional,2017,875000,77524,1,22.7,1498.0,89.84,5.0,1.0,0.0,0.0,0.0,0.0,1.0,8,Ecosport,9690.5,2,0.05997329773030708,620192,2039.368,1,0,0,0,0,0,0,0,0,0
Hyundai i20 Sportz 1.2,2014,459999,40523,2,18.5,1197.0,82.85,5.0,0.0,0.0,1.0,0.0,0.0,1.0,11,i20,3683.909090909091,1,0.06921470342522974,445753,1532.725,0,0,1,0,0,0,0,0,0,0
Maruti Swift VDI,2018,755000,39000,1,28.4,1248.0,74.0,5.0,1.0,0.0,0.0,0.0,0.0,1.0,7,Swift,5571.428571428572,2,0.05929487179487179,273000,2101.6,0,0,0,1,0,0,0,0,0,0
Maruti Baleno Alpha Automatic,2018,800000,25000,1,21.4,1197.0,83.1,5.0,0.0,0.0,1.0,1.0,0.0,0.0,7,Baleno,3571.4285714285716,1,0.06942355889724311,175000,1778.3399999999997,0,0,0,1,0,0,0,0,0,0
Maruti Swift VDI BSIV,2015,600000,31000,2,25.2,1248.0,74.0,5.0,1.0,0.0,0.0,1.0,0.0,1.0,10,Swift,3100.0,1,0.05929487179487179,310000,1864.8,0,0,0,1,0,0,0,0,0,0
Maruti Baleno Sigma 1.2,2017,530000,42000,1,21.4,1197.0,83.1,5.0,0.0,0.0,1.0,1.0,0.0,1.0,8,Baleno,5250.0,2,0.06942355889724311,336000,1778.3399999999997,0,0,0,1,0,0,0,0,0,0
Maruti Swift Dzire VXI,2015,450000,80000,1,20.85,1197.0,83.14,5.0,0.0,0.0,1.0,1.0,0.0,1.0,10,Swift,8000.0,2,0.06945697577276524,800000,1733.469,0,0,0,1,0,0,0,0,0,0
Maruti Alto K10 2010-2014 VXI,2011,235000,60000,1,20.92,998.0,67.1,5.0,0.0,0.0,1.0,1.0,0.0,1.0,14,Alto,4285.714285714285,1,0.06723446893787574,840000,1403.732,0,0,0,1,0,0,0,0,0,0
Skoda Rapid 1.6 MPI AT Elegance,2013,395000,35000,2,14.3,1598.0,103.5,5.0,0.0,0.0,1.0,1.0,0.0,0.0,12,Rapid,2916.6666666666665,1,0.06476846057571965,420000,1480.0500000000002,0,0,0,0,0,1,0,0,0,0
Volkswagen Vento 1.5 TDI Comfortline,2015,515000,120000,2,20.34,1498.0,103.2,5.0,1.0,0.0,0.0,1.0,0.0,1.0,10,Vento,12000.0,2,0.06889185580774367,1200000,2099.088,0,0,0,0,0,0,0,0,0,1
Hyundai i10 Magna 1.1L,2009,160000,35000,3,19.81,1086.0,68.05,5.0,0.0,0.0,1.0,1.0,0.0,1.0,16,i10,2187.5,1,0.06266114180478821,560000,1348.0704999999998,0,0,1,0,0,0,0,0,0,0
Maruti Alto LX,2007,110000,120000,2,19.7,796.0,46.3,5.0,0.0,0.0,1.0,1.0,0.0,1.0,18,Alto,6666.666666666667,2,0.05816582914572864,2160000,912.1099999999999,0,0,0,1,0,0,0,0,0,0
Maruti Swift LDI BSIV,2014,360000,70000,1,25.2,1248.0,74.0,5.0,1.0,0.0,0.0,1.0,0.0,1.0,11,Swift,6363.636363636364,2,0.05929487179487179,770000,1864.8,0,0,0,1,0,0,0,0,0,0
Maruti Swift VDI BSIV,2009,210000,110000,1,19.5,1248.0,81.83,5.0,1.0,0.0,0.0,1.0,0.0,1.0,16,Swift,6875.0,2,0.06556891025641025,1760000,1595.685,0,0,0,1,0,0,0,0,0,0
Hyundai Verna Transform SX VGT CRDi,2011,260000,90000,3,16.2,1493.0,110.0,5.0,1.0,0.0,0.0,1.0,0.0,1.0,14,Verna,6428.571428571428,2,0.07367716008037509,1260000,1782.0,0,0,1,0,0,0,0,0,0,0
Maruti Alto LXi,2007,128000,60000,2,19.7,796.0,46.3,5.0,0.0,0.0,1.0,1.0,0.0,1.0,18,Alto,3333.3333333333335,1,0.05816582914572864,1080000,912.1099999999999,0,0,0,1,0,0,0,0,0,0
Maruti Swift Dzire VDI,2019,675000,25000,1,28.4,1248.0,74.02,5.0,1.0,0.0,0.0,1.0,0.0,1.0,6,Swift,4166.666666666667,1,0.05931089743589743,150000,2102.1679999999997,0,0,0,1,0,0,0,0,0,0
Maruti SX4 Zxi BSIII,2010,300000,50000,1,15.0,1586.0,104.68,5.0,0.0,0.0,1.0,1.0,0.0,1.0,15,SX4,3333.3333333333335,1,0.06600252206809584,750000,1570.2,0,0,0,1,0,0,0,0,0,0
Hyundai Grand i10 Asta Option,2017,550000,25000,1,18.9,1197.0,82.0,5.0,0.0,0.0,1.0,1.0,0.0,1.0,8,Grand,3125.0,1,0.06850459482038429,200000,1549.8,0,0,1,0,0,0,0,0,0,0
Maruti Alto LXi,2007,150000,80000,3,19.7,796.0,46.3,5.0,0.0,0.0,1.0,1.0,0.0,1.0,18,Alto,4444.444444444444,1,0.05816582914572864,1440000,912.1099999999999,0,0,0,1,0,0,0,0,0,0
Maruti Baleno RS 1.0 Petrol,2018,750000,15000,1,21.1,998.0,100.5,5.0,0.0,0.0,1.0,1.0,0.0,1.0,7,Baleno,2142.8571428571427,1,0.10070140280561123,105000,2120.55,0,0,0,1,0,0,0,0,0,0
Hyundai i20 Magna Optional 1.2,2012,380000,27500,1,18.5,1197.0,82.9,5.0,0.0,0.0,1.0,1.0,0.0,1.0,13,i20,2115.3846153846152,1,0.06925647451963242,357500,1533.65,0,0,1,0,0,0,0,0,0,0
Mahindra Logan Petrol 1.4 GLE,2010,200000,120000,1,15.7,1390.0,75.0,5.0,0.0,0.0,1.0,1.0,0.0,1.0,15,Logan,8000.0,2,0.0539568345323741,1800000,1177.5,0,0,0,0,0,1,0,0,0,0
Maruti Ciaz VDi Option SHVS,2016,700000,70000,1,28.09,1248.0,88.5,5.0,1.0,0.0,0.0,1.0,0.0,1.0,9,Ciaz,7777.777777777777,2,0.07091346153846154,630000,2485.965,0,0,0,1,0,0,0,0,0,0
Honda City 2017-2020 GXi,2007,210000,140000,1,17.7,1497.0,78.0,5.0,0.0,0.0,1.0,1.0,0.0,1.0,18,City,7777.777777777777,2,0.052104208416833664,2520000,1380.6,0,1,0,0,0,0,0,0,0,0
Maruti Ignis 1.2 Delta BSIV,2017,370000,40000,1,20.89,1197.0,81.8,5.0,0.0,0.0,1.0,1.0,0.0,1.0,8,Ignis,5000.0,1,0.0683375104427736,320000,1708.802,0,0,0,1,0,0,0,0,0,0
Maruti Baleno Delta Automatic,2019,600000,20000,1,21.4,1197.0,83.1,5.0,0.0,0.0,1.0,1.0,0.0,0.0,6,Baleno,3333.3333333333335,1,0.06942355889724311,120000,1778.3399999999997,0,0,0,1,0,0,0,0,0,0
Maruti Vitara Brezza VDi,2020,810000,15000,1,24.3,1248.0,88.5,5.0,1.0,0.0,0.0,1.0,0.0,1.0,5,Vitara,3000.0,1,0.07091346153846154,75000,2150.55,0,0,0,1,0,0,0,0,0,0
Fiat Palio 1.2,2006,80000,35000,1,19.5,1248.0,81.83,5.0,0.0,0.0,1.0,1.0,0.0,1.0,19,Palio,1842.1052631578948,1,0.06556891025641025,665000,1595.685,0,0,0,0,0,1,0,0,0,0
Tata Tiago 1.2 Revotron XE,2019,346000,16000,1,23.84,1199.0,84.0,5.0,0.0,0.0,1.0,1.0,0.0,1.0,6,Tiago,2666.6666666666665,1,0.07005838198498748,96000,2002.56,0,0,0,0,0,0,0,1,0,0
Honda City 1.3 EXI,2005,55000,130000,1,13.0,1343.0,90.0,5.0,0.0,0.0,1.0,1.0,0.0,1.0,20,City,6500.0,2,0.06701414743112435,2600000,1170.0,0,1,0,0,0,0,0,0,0,0
Maruti Swift ZXI BSIII,2006,120000,44000,2,16.1,1298.0,88.2,5.0,0.0,0.0,1.0,1.0,0.0,1.0,19,Swift,2315.7894736842104,1,0.0679506933744222,836000,1420.0200000000002,0,0,0,1,0,0,0,0,0,0
Maruti Eeco 5 Seater AC BSIV,2016,330000,60000,1,15.37,1196.0,73.0,5.0,0.0,0.0,1.0,1.0,0.0,1.0,9,Eeco,6666.666666666667,2,0.061036789297658864,540000,1122.01,0,0,0,1,0,0,0,0,0,0
Hyundai i20 Sportz Option 1.2,2014,400000,147000,2,18.6,1197.0,81.83,5.0,0.0,0.0,1.0,1.0,0.0,1.0,11,i20,13363.636363636364,2,0.06836257309941521,1617000,1522.038,0,0,1,0,0,0,0,0,0,0
Tata Indica V2 DLS TC,2004,100000,40000,2,16.8,1405.0,62.0,5.0,1.0,0.0,0.0,1.0,0.0,1.0,21,Indica,1904.7619047619048,1,0.04412811387900356,840000,1041.6000000000001,0,0,0,0,0,0,0,1,0,0
Maruti Swift Dzire VXI,2014,450000,100000,3,19.1,1197.0,85.8,5.0,0.0,0.0,1.0,1.0,0.0,1.0,11,Swift,9090.90909090909,2,0.07167919799498747,1100000,1638.78,0,0,0,1,0,0,0,0,0,0
Maruti Celerio ZDi,2015,340000,40000,2,27.62,793.0,47.0,5.0,1.0,0.0,0.0,1.0,0.0,1.0,10,Celerio,4000.0,1,0.05926860025220681,400000,1298.14,0,0,0,1,0,0,0,0,0,0
Maruti Ritz VDi,2010,225000,64000,3,21.1,1248.0,73.9,5.0,1.0,0.0,0.0,1.0,0.0,1.0,15,Ritz,4266.666666666667,1,0.059214743589743594,960000,1559.2900000000002,0,0,0,1,0,0,0,0,0,0
Maruti Zen LXI,2002,55000,100000,2,17.3,993.0,60.0,5.0,0.0,0.0,1.0,1.0,0.0,1.0,23,Zen,4347.826086956522,1,0.06042296072507553,2300000,1038.0,0,0,0,1,0,0,0,0,0,0
Maruti Wagon R VXI Plus,2018,465000,30000,1,20.51,998.0,67.04,5.0,0.0,0.0,1.0,1.0,0.0,1.0,7,Wagon,4285.714285714285,1,0.06717434869739479,210000,1374.9904000000001,0,0,0,1,0,0,0,0,0,0
Maruti Zen LXI,2004,70000,150000,1,17.3,993.0,60.0,5.0,0.0,0.0,1.0,1.0,0.0,1.0,21,Zen,7142.857142857143,2,0.06042296072507553,3150000,1038.0,0,0,0,1,0,0,0,0,0,0
Tata Zest Revotron 1.2 XT,2016,400000,24177,1,17.57,1193.0,88.7,5.0,0.0,0.0,1.0,1.0,0.0,1.0,9,Zest,2686.3333333333335,1,0.07435037720033529,217593,1558.459,0,0,0,0,0,0,0,1,0,0
Tata Indigo LX,2012,185000,80000,1,16.1,1405.0,70.0,5.0,1.0,0.0,0.0,1.0,0.0,1.0,13,Indigo,6153.846153846154,2,0.0498220640569395,1040000,1127.0,0,0,0,0,0,0,0,1,0,0
Maruti Wagon R LXI,2006,140000,150000,2,18.9,998.0,67.1,5.0,0.0,0.0,1.0,1.0,0.0,1.0,19,Wagon,7894.736842105263,2,0.06723446893787574,2850000,1268.1899999999998,0,0,0,1,0,0,0,0,0,0
Maruti Baleno Delta 1.3,2017,600000,56000,1,27.39,1248.0,74.0,5.0,1.0,0.0,0.0,1.0,0.0,1.0,8,Baleno,7000.0,2,0.05929487179487179,448000,2026.8600000000001,0,0,0,1,0,0,0,0,0,0
Maruti SX4 Vxi BSIII,2008,150000,100000,4,15.0,1586.0,104.68,5.0,0.0,0.0,1.0,1.0,0.0,1.0,17,SX4,5882.35294117647,2,0.06600252206809584,1700000,1570.2,0,0,0,1,0,0,0,0,0,0
Maruti Swift LXI Option,2018,459999,12000,1,20.4,1197.0,81.8,5.0,0.0,0.0,1.0,1.0,0.0,1.0,7,Swift,1714.2857142857142,1,0.0683375104427736,84000,1668.7199999999998,0,0,0,1,0,0,0,0,0,0
Maruti Vitara Brezza ZDi,2017,800000,15381,1,24.3,1248.0,88.5,5.0,1.0,0.0,0.0,1.0,0.0,1.0,8,Vitara,1922.625,1,0.07091346153846154,123048,2150.55,0,0,0,1,0,0,0,0,0,0
Nissan Terrano XV Premium 110 PS,2014,475000,40000,1,19.01,1461.0,108.5,5.0,1.0,0.0,0.0,1.0,0.0,1.0,11,Terrano,3636.3636363636365,1,0.07426420260095824,440000,2062.585,0,0,0,0,1,0,0,0,0,0
Maruti Alto K10 LXI,2018,350000,10000,1,23.95,998.0,67.05,5.0,0.0,0.0,1.0,1.0,0.0,1.0,7,Alto,1428.5714285714287,1,0.06718436873747495,70000,1605.8474999999999,0,0,0,1,0,0,0,0,0,0
Maruti Swift AMT ZXI BSIV,2018,640000,25000,1,22.0,1197.0,81.8,5.0,0.0,0.0,1.0,1.0,0.0,0.0,7,Swift,3571.4285714285716,1,0.0683375104427736,175000,1799.6,0,0,0,1,0,0,0,0,0,0
Maruti Wagon R AMT VXI,2017,350000,50000,1,20.51,998.0,67.0,5.0,0.0,0.0,1.0,1.0,0.0,0.0,8,Wagon,6250.0,2,0.06713426853707415,400000,1374.17,0,0,0,1,0,0,0,0,0,0
Tata Nexon 1.2 Revotron XE,2018,600000,30000,1,17.0,1198.0,108.5,5.0,0.0,0.0,1.0,1.0,0.0,1.0,7,Nexon,4285.714285714285,1,0.09056761268781302,210000,1844.5,0,0,0,0,0,0,0,1,0,0
Maruti Wagon R AMT VXI,2018,445000,5000,2,20.51,998.0,67.0,5.0,0.0,0.0,1.0,1.0,0.0,0.0,7,Wagon,714.2857142857143,1,0.06713426853707415,35000,1374.17,0,0,0,1,0,0,0,0,0,0
Hyundai Creta 1.4 EX Diesel,2020,1050000,20000,1,22.1,1396.0,88.7,5.0,1.0,0.0,0.0,1.0,0.0,1.0,5,Creta,4000.0,1,0.06353868194842408,100000,1960.2700000000002,0,0,1,0,0,0,0,0,0,0
Ford EcoSport 1.5 TDCi Titanium BSIV,2015,600000,50000,1,22.77,1498.0,98.59,5.0,1.0,0.0,0.0,1.0,0.0,1.0,10,EcoSport,5000.0,1,0.06581441922563418,500000,2244.8943,1,0,0,0,0,0,0,0,0,0
Ford Figo 1.2P Ambiente MT,2017,370000,40000,2,18.16,1196.0,86.8,5.0,0.0,0.0,1.0,1.0,0.0,1.0,8,Figo,5000.0,1,0.0725752508361204,320000,1576.288,1,0,0,0,0,0,0,0,0,0
Maruti Zen Estilo 1.1 VXI BSIII,2007,150000,70000,3,18.2,1061.0,64.0,5.0,0.0,0.0,1.0,1.0,0.0,1.0,18,Zen,3888.8888888888887,1,0.060320452403393024,1260000,1164.8,0,0,0,1,0,0,0,0,0,0
Maruti Celerio ZXI Optional,2017,483000,15000,1,23.1,998.0,67.04,5.0,0.0,0.0,1.0,1.0,0.0,1.0,8,Celerio,1875.0,1,0.06717434869739479,120000,1548.6240000000003,0,0,0,1,0,0,0,0,0,0
Hyundai Grand i10 Magna,2016,470000,10000,1,18.9,1197.0,82.0,5.0,0.0,0.0,1.0,1.0,0.0,1.0,9,Grand,1111.111111111111,1,0.06850459482038429,90000,1549.8,0,0,1,0,0,0,0,0,0,0
Maruti Vitara Brezza ZDi Plus Dual Tone,2018,950000,25000,1,24.3,1248.0,88.5,5.0,1.0,0.0,0.0,1.0,0.0,1.0,7,Vitara,3571.4285714285716,1,0.07091346153846154,175000,2150.55,0,0,0,1,0,0,0,0,0,0
Toyota Etios VX,2011,345000,70000,1,17.6,1496.0,88.7,5.0,0.0,0.0,1.0,1.0,0.0,1.0,14,Etios,5000.0,1,0.059291443850267384,980000,1561.1200000000001,0,0,0,0,0,0,0,0,1,0
Maruti Ignis Zeta AMT,2020,600000,5000,1,20.89,1197.0,81.8,5.0,0.0,0.0,1.0,1.0,0.0,0.0,5,Ignis,1000.0,1,0.0683375104427736,25000,1708.802,0,0,0,1,0,0,0,0,0,0
Maruti A-Star Vxi,2009,300000,60000,1,19.0,998.0,66.1,5.0,0.0,0.0,1.0,1.0,0.0,1.0,16,A-Star,3750.0,1,0.06623246492985971,960000,1255.8999999999999,0,0,0,1,0,0,0,0,0,0
Maruti Zen Estilo VXI BSIII,2007,160000,74800,2,18.2,998.0,67.1,5.0,0.0,0.0,1.0,1.0,0.0,1.0,18,Zen,4155.555555555556,1,0.06723446893787574,1346400,1221.2199999999998,0,0,0,1,0,0,0,0,0,0
Hyundai EON 1.0 Era Plus,2018,340000,120000,1,20.3,998.0,68.05,5.0,0.0,0.0,1.0,1.0,0.0,1.0,7,EON,17142.85714285714,3,0.06818637274549098,840000,1381.415,0,0,1,0,0,0,0,0,0,0
Honda City 2017-2020 EXi,2007,138000,120000,2,17.7,1497.0,78.0,5.0,0.0,0.0,1.0,1.0,0.0,1.0,18,City,6666.666666666667,2,0.052104208416833664,2160000,1380.6,0,1,0,0,0,0,0,0,0,0
Maruti Swift Dzire VXi,2010,231000,80000,3,17.5,1298.0,85.8,5.0,0.0,0.0,1.0,1.0,0.0,1.0,15,Swift,5333.333333333333,2,0.06610169491525424,1200000,1501.5,0,0,0,1,0,0,0,0,0,0
Mahindra XUV300 W8,2019,960000,20000,1,17.0,1197.0,108.6,5.0,0.0,0.0,1.0,1.0,0.0,1.0,6,XUV300,3333.3333333333335,1,0.09072681704260652,120000,1846.1999999999998,0,0,0,0,0,1,0,0,0,0
Maruti Wagon R LXI Minor,2009,120000,70000,2,18.9,1061.0,67.0,5.0,0.0,0.0,1.0,1.0,0.0,1.0,16,Wagon,4375.0,1,0.06314797360980208,1120000,1266.3,0,0,0,1,0,0,0,0,0,0
Maruti Wagon R VXI BS IV,2012,270000,40000,1,18.9,998.0,67.1,5.0,0.0,0.0,1.0,1.0,0.0,1.0,13,Wagon,3076.923076923077,1,0.06723446893787574,520000,1268.1899999999998,0,0,0,1,0,0,0,0,0,0
Maruti Ritz LXI,2011,200000,100000,2,21.1,1197.0,85.8,5.0,0.0,0.0,1.0,1.0,0.0,1.0,14,Ritz,7142.857142857143,2,0.07167919799498747,1400000,1810.38,0,0,0,1,0,0,0,0,0,0
Maruti Swift VXI,2012,328000,123000,1,18.6,1197.0,85.8,5.0,0.0,0.0,1.0,1.0,0.0,1.0,13,Swift,9461.538461538461,2,0.07167919799498747,1599000,1595.88,0,0,0,1,0,0,0,0,0,0
Volkswagen Polo 1.0 MPI Trendline BSIV,2019,565000,7000,1,18.78,999.0,75.0,5.0,0.0,0.0,1.0,1.0,0.0,1.0,6,Polo,1166.6666666666667,1,0.07507507507507508,42000,1408.5,0,0,0,0,0,0,0,0,0,1
Maruti Eeco 5 Seater AC BSIV,2017,390000,70000,1,15.37,1196.0,73.0,5.0,0.0,0.0,1.0,1.0,0.0,1.0,8,Eeco,8750.0,2,0.061036789297658864,560000,1122.01,0,0,0,1,0,0,0,0,0,0
Ford Figo 1.5D Titanium MT,2017,600000,30000,1,25.83,1498.0,99.0,5.0,1.0,0.0,0.0,1.0,0.0,1.0,8,Figo,3750.0,1,0.06608811748998665,240000,2557.1699999999996,1,0,0,0,0,0,0,0,0,0
Hyundai i20 1.4 CRDi Sportz,2011,250000,120000,3,23.0,1396.0,90.0,5.0,1.0,0.0,0.0,1.0,0.0,1.0,14,i20,8571.42857142857,2,0.06446991404011461,1680000,2070.0,0,0,1,0,0,0,0,0,0,0
Chevrolet Spark 1.0 LT,2011,165000,70000,1,18.0,995.0,62.0,5.0,0.0,0.0,1.0,1.0,0.0,1.0,14,Spark,5000.0,1,0.062311557788944726,980000,1116.0,0,0,0,0,0,0,0,0,0,0
Honda City 1.5 S MT,2011,421000,105000,1,17.0,1497.0,118.0,5.0,0.0,0.0,1.0,1.0,0.0,1.0,14,City,7500.0,2,0.0788243152972612,1470000,2006.0,0,1,0,0,0,0,0,0,0,0
Hyundai Accent Executive,2012,225000,109322,2,16.36,1495.0,93.7,5.0,0.0,0.0,1.0,1.0,0.0,1.0,13,Accent,8409.384615384615,2,0.06267558528428094,1421186,1532.932,0,0,1,0,0,0,0,0,0,0
Nissan Sunny Diesel XV,2013,350000,120000,1,21.64,1461.0,84.8,5.0,1.0,0.0,0.0,1.0,0.0,1.0,12,Sunny,10000.0,2,0.05804243668720054,1440000,1835.072,0,0,0,0,1,0,0,0,0,0
Maruti Baleno Zeta 1.3,2015,600000,70000,2,27.39,1248.0,74.0,5.0,1.0,0.0,0.0,1.0,0.0,1.0,10,Baleno,7000.0,2,0.05929487179487179,700000,2026.8600000000001,0,0,0,1,0,0,0,0,0,0
Tata Tiago NRG Petrol,2018,515000,35000,1,24.0,1199.0,83.81,5.0,0.0,0.0,1.0,1.0,0.0,1.0,7,Tiago,5000.0,1,0.06989991659716431,245000,2011.44,0,0,0,0,0,0,0,1,0,0
Maruti SX4 S Cross 2015-2017 DDiS 200 Zeta,2017,800000,70000,2,23.65,1248.0,88.5,5.0,1.0,0.0,0.0,1.0,0.0,1.0,8,SX4,8750.0,2,0.07091346153846154,560000,2093.025,0,0,0,1,0,0,0,0,0,0
Maruti Wagon R Stingray VXI Optional,2017,475000,40000,1,20.51,998.0,67.04,5.0,0.0,0.0,1.0,1.0,0.0,1.0,8,Wagon,5000.0,1,0.06717434869739479,320000,1374.9904000000001,0,0,0,1,0,0,0,0,0,0
Maruti Wagon R AMT VXI,2015,400000,20000,1,20.51,998.0,67.0,5.0,0.0,0.0,1.0,1.0,0.0,0.0,10,Wagon,2000.0,1,0.06713426853707415,200000,1374.17,0,0,0,1,0,0,0,0,0,0
Hyundai Santro Xing XG AT eRLX Euro II,2004,80000,90000,2,19.5,1248.0,81.83,5.0,0.0,0.0,1.0,1.0,0.0,0.0,21,Santro,4285.714285714285,1,0.06556891025641025,1890000,1595.685,0,0,1,0,0,0,0,0,0,0
Fiat Grande Punto 1.3 Dynamic (Diesel),2011,300000,60000,1,20.3,1248.0,75.0,5.0,1.0,0.0,0.0,1.0,0.0,1.0,14,Grande,4285.714285714285,1,0.06009615384615385,840000,1522.5,0,0,0,0,0,1,0,0,0,0
Maruti Wagon R LX BSIII,2009,235000,70000,2,17.3,1061.0,64.0,5.0,0.0,0.0,1.0,1.0,0.0,1.0,16,Wagon,4375.0,1,0.060320452403393024,1120000,1107.2,0,0,0,1,0,0,0,0,0,0
Maruti Wagon R VXI BS IV,2015,350000,40000,2,20.51,998.0,67.04,5.0,0.0,0.0,1.0,1.0,0.0,1.0,10,Wagon,4000.0,1,0.06717434869739479,400000,1374.9904000000001,0,0,0,1,0,0,0,0,0,0
Maruti Swift Dzire VDI,2017,625000,34000,2,28.4,1248.0,74.02,5.0,1.0,0.0,0.0,1.0,0.0,1.0,8,Swift,4250.0,1,0.05931089743589743,272000,2102.1679999999997,0,0,0,1,0,0,0,0,0,0
Tata Tigor 1.2 Revotron XZ,2018,550000,10000,1,20.3,1199.0,84.0,5.0,0.0,0.0,1.0,1.0,0.0,1.0,7,Tigor,1428.5714285714287,1,0.07005838198498748,70000,1705.2,0,0,0,0,0,0,0,1,0,0
Honda City 2017-2020 GXi,2006,200000,100000,2,17.7,1497.0,78.0,5.0,0.0,0.0,1.0,1.0,0.0,1.0,19,City,5263.1578947368425,2,0.052104208416833664,1900000,1380.6,0,1,0,0,0,0,0,0,0,0
Honda City 2017-2020 GXi,2006,220000,100000,2,17.7,1497.0,78.0,5.0,0.0,0.0,1.0,1.0,0.0,1.0,19,City,5263.1578947368425,2,0.052104208416833664,1900000,1380.6,0,1,0,0,0,0,0,0,0,0
Hyundai Grand i10 Sportz,2016,412000,25000,1,18.9,1197.0,82.0,5.0,0.0,0.0,1.0,1.0,0.0,1.0,9,Grand,2777.777777777778,1,0.06850459482038429,225000,1549.8,0,0,1,0,0,0,0,0,0,0
Maruti Wagon R LXI Minor,2009,126000,52000,2,18.9,1061.0,67.0,5.0,0.0,0.0,1.0,1.0,0.0,1.0,16,Wagon,3250.0,1,0.06314797360980208,832000,1266.3,0,0,0,1,0,0,0,0,0,0
Maruti Swift Dzire VDI,2013,430000,63000,1,23.4,1248.0,74.0,5.0,1.0,0.0,0.0,1.0,0.0,1.0,12,Swift,5250.0,2,0.05929487179487179,756000,1731.6,0,0,0,1,0,0,0,0,0,0
Maruti A-Star Vxi,2009,130000,90000,2,19.0,998.0,66.1,5.0,0.0,0.0,1.0,1.0,0.0,1.0,16,A-Star,5625.0,2,0.06623246492985971,1440000,1255.8999999999999,0,0,0,1,0,0,0,0,0,0
Tata Tiago 1.2 Revotron XM,2017,350000,60000,1,23.84,1199.0,84.0,5.0,0.0,0.0,1.0,1.0,0.0,1.0,8,Tiago,7500.0,2,0.07005838198498748,480000,2002.56,0,0,0,0,0,0,0,1,0,0
Maruti Alto LX,2011,220000,35000,1,19.7,796.0,46.3,5.0,0.0,0.0,1.0,1.0,0.0,1.0,14,Alto,2500.0,1,0.05816582914572864,490000,912.1099999999999,0,0,0,1,0,0,0,0,0,0
Ford Figo Diesel ZXI,2010,200000,110000,2,20.0,1399.0,68.0,5.0,1.0,0.0,0.0,1.0,0.0,1.0,15,Figo,7333.333333333333,2,0.04860614724803431,1650000,1360.0,1,0,0,0,0,0,0,0,0,0
Maruti Swift Dzire VDI,2017,620000,61000,1,26.59,1248.0,74.0,5.0,1.0,0.0,0.0,1.0,0.0,1.0,8,Swift,7625.0,2,0.05929487179487179,488000,1967.66,0,0,0,1,0,0,0,0,0,0
Maruti Wagon R VXI BS IV,2011,246000,139000,1,18.9,998.0,67.1,5.0,0.0,0.0,1.0,1.0,0.0,1.0,14,Wagon,9928.57142857143,2,0.06723446893787574,1946000,1268.1899999999998,0,0,0,1,0,0,0,0,0,0
Maruti Eeco CNG 5 Seater AC BSIV,2017,400000,60000,1,29.619000000000003,1196.0,61.7,5.0,0.0,0.0,0.0,1.0,0.0,1.0,8,Eeco,7500.0,2,0.051588628762541805,480000,1827.4923000000003,0,0,0,1,0,0,0,0,0,0
Ford Ecosport 1.5 Diesel Titanium,2016,725000,30000,1,21.7,1498.0,98.96,5.0,1.0,0.0,0.0,1.0,0.0,1.0,9,Ecosport,3333.3333333333335,1,0.06606141522029373,270000,2147.432,1,0,0,0,0,0,0,0,0,0
Maruti Swift Dzire VDI,2018,700000,45000,1,28.4,1248.0,74.02,5.0,1.0,0.0,0.0,1.0,0.0,1.0,7,Swift,6428.571428571428,2,0.05931089743589743,315000,2102.1679999999997,0,0,0,1,0,0,0,0,0,0
Chevrolet Spark 1.0 LT,2011,150000,30000,1,18.0,995.0,62.0,5.0,0.0,0.0,1.0,1.0,0.0,1.0,14,Spark,2142.8571428571427,1,0.062311557788944726,420000,1116.0,0,0,0,0,0,0,0,0,0,0
Maruti Alto LXi,2010,180000,80500,2,19.7,796.0,46.3,5.0,0.0,0.0,1.0,1.0,0.0,1.0,15,Alto,5366.666666666667,2,0.05816582914572864,1207500,912.1099999999999,0,0,0,1,0,0,0,0,0,0
Maruti Zen D,2006,80000,110000,2,20.8,1527.0,58.0,5.0,1.0,0.0,0.0,1.0,0.0,1.0,19,Zen,5789.473684210527,2,0.03798297314996726,2090000,1206.4,0,0,0,1,0,0,0,0,0,0
Maruti Alto LX,2005,110000,90000,2,19.7,796.0,46.3,5.0,0.0,0.0,1.0,1.0,0.0,1.0,20,Alto,4500.0,1,0.05816582914572864,1800000,912.1099999999999,0,0,0,1,0,0,0,0,0,0
Honda City 2017-2020 GXi,2006,180000,120000,2,17.7,1497.0,78.0,5.0,0.0,0.0,1.0,1.0,0.0,1.0,19,City,6315.789473684211,2,0.052104208416833664,2280000,1380.6,0,1,0,0,0,0,0,0,0,0
Volkswagen Ameo 1.5 TDI Comfortline,2018,560000,18000,1,21.66,1498.0,108.62,5.0,1.0,0.0,0.0,1.0,0.0,1.0,7,Ameo,2571.4285714285716,1,0.07251001335113486,126000,2352.7092000000002,0,0,0,0,0,0,0,0,0,1
Maruti Vitara Brezza LDi Option,2017,650000,70000,1,24.3,1248.0,88.5,5.0,1.0,0.0,0.0,1.0,0.0,1.0,8,Vitara,8750.0,2,0.07091346153846154,560000,2150.55,0,0,0,1,0,0,0,0,0,0
Maruti Baleno Delta 1.2,2016,480000,65755,1,21.4,1197.0,83.1,5.0,0.0,0.0,1.0,1.0,0.0,1.0,9,Baleno,7306.111111111111,2,0.06942355889724311,591795,1778.3399999999997,0,0,0,1,0,0,0,0,0,0
Ford EcoSport 1.5 Diesel Titanium BSIV,2019,960000,2600,1,23.0,1498.0,98.96,5.0,1.0,0.0,0.0,1.0,0.0,1.0,6,EcoSport,433.3333333333333,1,0.06606141522029373,15600,2276.08,1,0,0,0,0,0,0,0,0,0
Hyundai EON Era Plus,2017,310000,15000,2,21.1,814.0,55.2,5.0,0.0,0.0,1.0,1.0,0.0,1.0,8,EON,1875.0,1,0.06781326781326781,120000,1164.72,0,0,1,0,0,0,0,0,0,0
Maruti Swift Dzire VDI,2014,500000,60000,1,23.4,1248.0,74.0,5.0,1.0,0.0,0.0,1.0,0.0,1.0,11,Swift,5454.545454545455,2,0.05929487179487179,660000,1731.6,0,0,0,1,0,0,0,0,0,0
Maruti Alto K10 VXI AGS Optional,2017,350000,15500,1,23.95,998.0,67.1,5.0,0.0,0.0,1.0,1.0,0.0,0.0,8,Alto,1937.5,1,0.06723446893787574,124000,1607.0449999999998,0,0,0,1,0,0,0,0,0,0
Honda Amaze S i-Dtech,2015,365000,120000,1,25.8,1498.0,98.6,5.0,1.0,0.0,0.0,1.0,0.0,1.0,10,Amaze,12000.0,2,0.06582109479305741,1200000,2543.88,0,1,0,0,0,0,0,0,0,0
Ford Figo Aspire 1.2 Ti-VCT Trend,2018,590000,15000,1,18.16,1196.0,86.8,5.0,0.0,0.0,1.0,1.0,0.0,1.0,7,Figo,2142.8571428571427,1,0.0725752508361204,105000,1576.288,1,0,0,0,0,0,0,0,0,0
Renault Duster 110PS Diesel RxL AMT,2017,850000,50000,1,19.6,1461.0,108.45,5.0,1.0,0.0,0.0,1.0,0.0,0.0,8,Duster,6250.0,2,0.0742299794661191,400000,2125.6200000000003,0,0,0,0,0,0,1,0,0,0
Honda Amaze S i-Dtech,2013,325000,100000,1,25.8,1498.0,98.6,5.0,1.0,0.0,0.0,1.0,0.0,1.0,12,Amaze,8333.333333333334,2,0.06582109479305741,1200000,2543.88,0,1,0,0,0,0,0,0,0,0
Tata Indigo CS LS (TDI) BS-III,2014,300000,50700,1,19.09,1405.0,69.01,5.0,1.0,0.0,0.0,1.0,0.0,1.0,11,Indigo,4609.090909090909,1,0.04911743772241993,557700,1317.4009,0,0,0,0,0,0,0,1,0,0
Volkswagen Polo Diesel Highline 1.2L,2013,365000,70000,2,22.07,1199.0,73.9,5.0,1.0,0.0,0.0,1.0,0.0,1.0,12,Polo,5833.333333333333,2,0.06163469557964971,840000,1630.9730000000002,0,0,0,0,0,0,0,0,0,1
Hyundai Grand i10 1.2 CRDi Sportz,2018,700000,35000,1,24.0,1186.0,73.97,5.0,1.0,0.0,0.0,1.0,0.0,1.0,7,Grand,5000.0,1,0.062369308600337264,245000,1775.28,0,0,1,0,0,0,0,0,0,0
Renault Duster 110PS Diesel RxZ,2017,880000,50000,1,19.6,1461.0,108.45,5.0,1.0,0.0,0.0,1.0,0.0,1.0,8,Duster,6250.0,2,0.0742299794661191,400000,2125.6200000000003,0,0,0,0,0,0,1,0,0,0
Renault KWID 1.0 RXT Optional,2018,320000,20000,1,23.01,999.0,67.0,5.0,0.0,0.0,1.0,1.0,0.0,1.0,7,KWID,2857.1428571428573,1,0.06706706706706707,140000,1541.67,0,0,0,0,0,0,1,0,0,0
Renault Duster 85PS Diesel RxL,2015,550000,60000,1,20.45,1461.0,83.8,5.0,1.0,0.0,0.0,1.0,0.0,1.0,10,Duster,6000.0,2,0.05735797399041752,600000,1713.7099999999998,0,0,0,0,0,0,1,0,0,0
Maruti Wagon R VXI BS IV,2015,300000,110000,1,20.51,998.0,67.04,5.0,0.0,0.0,1.0,1.0,0.0,1.0,10,Wagon,11000.0,2,0.06717434869739479,1100000,1374.9904000000001,0,0,0,1,0,0,0,0,0,0
Hyundai i20 Active 1.4,2016,580000,152000,1,21.19,1396.0,88.73,5.0,1.0,0.0,0.0,1.0,0.0,1.0,9,i20,16888.88888888889,3,0.06356017191977077,1368000,1880.1887000000002,0,0,1,0,0,0,0,0,0,0
Tata Nexon 1.2 Revotron XZ Plus,2018,850000,50000,1,17.0,1198.0,108.5,5.0,0.0,0.0,1.0,1.0,0.0,1.0,7,Nexon,7142.857142857143,2,0.09056761268781302,350000,1844.5,0,0,0,0,0,0,0,1,0,0
Maruti Swift Dzire VDi,2011,300000,125000,1,19.3,1248.0,73.9,5.0,1.0,0.0,0.0,1.0,0.0,1.0,14,Swift,8928.57142857143,2,0.059214743589743594,1750000,1426.2700000000002,0,0,0,1,0,0,0,0,0,0
Ford Figo 1.2P Trend MT,2016,350000,60000,1,18.16,1196.0,86.8,5.0,0.0,0.0,1.0,1.0,0.0,1.0,9,Figo,6666.666666666667,2,0.0725752508361204,540000,1576.288,1,0,0,0,0,0,0,0,0,0
Maruti Eeco CNG HTR 5-STR,2014,300000,90000,1,29.619000000000003,1196.0,63.0,5.0,0.0,0.0,0.0,1.0,0.0,1.0,11,Eeco,8181.818181818182,2,0.052675585284280936,990000,1865.9970000000003,0,0,0,1,0,0,0,0,0,0
Maruti Eeco CNG HTR 5-STR,2017,390000,30000,1,29.619000000000003,1196.0,63.0,5.0,0.0,0.0,0.0,1.0,0.0,1.0,8,Eeco,3750.0,1,0.052675585284280936,240000,1865.9970000000003,0,0,0,1,0,0,0,0,0,0
Volkswagen Ameo 1.2 MPI Comfortline,2017,550000,20000,1,17.0,1198.0,73.75,5.0,0.0,0.0,1.0,1.0,0.0,1.0,8,Ameo,2500.0,1,0.061560934891485806,160000,1253.75,0,0,0,0,0,0,0,0,0,1
Maruti Swift VDI,2012,300000,110000,3,22.9,1248.0,74.0,5.0,1.0,0.0,0.0,1.0,0.0,1.0,13,Swift,8461.538461538461,2,0.05929487179487179,1430000,1694.6,0,0,0,1,0,0,0,0,0,0
Volkswagen Vento Diesel Highline,2012,300000,150000,2,20.54,1598.0,103.6,5.0,1.0,0.0,0.0,1.0,0.0,1.0,13,Vento,11538.461538461539,2,0.06483103879849812,1950000,2127.944,0,0,0,0,0,0,0,0,0,1
Hyundai i20 1.4 CRDi Sportz,2012,350000,110000,1,23.0,1396.0,90.0,5.0,1.0,0.0,0.0,1.0,0.0,1.0,13,i20,8461.538461538461,2,0.06446991404011461,1430000,2070.0,0,0,1,0,0,0,0,0,0,0
Hyundai Accent Executive CNG,2010,160000,120000,2,17.82,1495.0,93.7,5.0,0.0,0.0,0.0,1.0,0.0,1.0,15,Accent,8000.0,2,0.06267558528428094,1800000,1669.7340000000002,0,0,1,0,0,0,0,0,0,0
Hyundai i20 Active 1.4 SX,2016,660000,110000,1,21.19,1396.0,88.73,5.0,1.0,0.0,0.0,1.0,0.0,1.0,9,i20,12222.222222222223,2,0.06356017191977077,990000,1880.1887000000002,0,0,1,0,0,0,0,0,0,0
Tata Zest Revotron 1.2T XMS,2015,450000,40000,1,17.57,1193.0,88.7,5.0,0.0,0.0,1.0,1.0,0.0,1.0,10,Zest,4000.0,1,0.07435037720033529,400000,1558.459,0,0,0,0,0,0,0,1,0,0
Volkswagen Polo GT TDI,2012,400000,110000,2,19.7,1598.0,103.6,5.0,1.0,0.0,0.0,1.0,0.0,1.0,13,Polo,8461.538461538461,2,0.06483103879849812,1430000,2040.9199999999998,0,0,0,0,0,0,0,0,0,1
Chevrolet Beat LT,2010,140000,60000,1,18.6,1199.0,79.4,5.0,0.0,0.0,1.0,1.0,0.0,1.0,15,Beat,4000.0,1,0.06622185154295246,900000,1476.8400000000001,0,0,0,0,0,0,0,0,0,0
Maruti Zen Estilo LXI BS IV,2012,195000,35000,2,19.0,998.0,67.1,5.0,0.0,0.0,1.0,1.0,0.0,1.0,13,Zen,2692.3076923076924,1,0.06723446893787574,455000,1274.8999999999999,0,0,0,1,0,0,0,0,0,0
Hyundai i20 Active Base Petrol,2015,500000,45000,1,17.19,1197.0,81.86,5.0,0.0,0.0,1.0,1.0,0.0,1.0,10,i20,4500.0,1,0.0683876357560568,450000,1407.1734000000001,0,0,1,0,0,0,0,0,0,0
Tata Zest Revotron 1.2T XM,2016,400000,25000,1,17.57,1193.0,88.7,5.0,0.0,0.0,1.0,1.0,0.0,1.0,9,Zest,2777.777777777778,1,0.07435037720033529,225000,1558.459,0,0,0,0,0,0,0,1,0,0
Hyundai i20 Magna 1.2,2014,400000,10000,1,18.6,1197.0,81.83,5.0,0.0,0.0,1.0,1.0,0.0,1.0,11,i20,909.0909090909091,1,0.06836257309941521,110000,1522.038,0,0,1,0,0,0,0,0,0,0
Maruti Wagon R VXI Optional,2018,380000,19000,1,20.51,998.0,67.04,5.0,0.0,0.0,1.0,1.0,0.0,1.0,7,Wagon,2714.285714285714,1,0.06717434869739479,133000,1374.9904000000001,0,0,0,1,0,0,0,0,0,0
Maruti Baleno Delta 1.2,2019,579000,10000,1,21.4,1197.0,83.1,5.0,0.0,0.0,1.0,1.0,0.0,1.0,6,Baleno,1666.6666666666667,1,0.06942355889724311,60000,1778.3399999999997,0,0,0,1,0,0,0,0,0,0
Hyundai i10 Magna 1.2 iTech SE,2012,270000,30000,1,20.36,1197.0,78.9,5.0,0.0,0.0,1.0,1.0,0.0,1.0,13,i10,2307.6923076923076,1,0.06591478696741855,390000,1606.404,0,0,1,0,0,0,0,0,0,0
Tata Tiago 1.2 Revotron XT,2017,475000,20000,1,23.84,1199.0,84.0,5.0,0.0,0.0,1.0,1.0,0.0,1.0,8,Tiago,2500.0,1,0.07005838198498748,160000,2002.56,0,0,0,0,0,0,0,1,0,0
Nissan Terrano XL D Option,2018,850000,48000,1,19.87,1461.0,83.14,5.0,1.0,0.0,0.0,1.0,0.0,1.0,7,Terrano,6857.142857142857,2,0.056906228610540725,336000,1651.9918,0,0,0,0,1,0,0,0,0,0
Hyundai i10 Magna,2008,195000,110000,2,20.36,1197.0,78.9,5.0,0.0,0.0,1.0,1.0,0.0,1.0,17,i10,6470.588235294118,2,0.06591478696741855,1870000,1606.404,0,0,1,0,0,0,0,0,0,0
Hyundai Santro Asta BSIV,2018,500000,25000,1,20.3,1086.0,68.0,5.0,0.0,0.0,1.0,1.0,0.0,1.0,7,Santro,3571.4285714285716,1,0.06261510128913444,175000,1380.4,0,0,1,0,0,0,0,0,0,0
Maruti Wagon R VXI BS IV,2016,385000,26000,2,20.51,998.0,67.04,5.0,0.0,0.0,1.0,1.0,0.0,1.0,9,Wagon,2888.8888888888887,1,0.06717434869739479,234000,1374.9904000000001,0,0,0,1,0,0,0,0,0,0
Hyundai Verna CRDi SX,2006,135000,120000,2,16.8,1493.0,110.0,5.0,1.0,0.0,0.0,1.0,0.0,1.0,19,Verna,6315.789473684211,2,0.07367716008037509,2280000,1848.0,0,0,1,0,0,0,0,0,0,0
Maruti Alto LXi,2008,120000,70000,3,19.7,796.0,46.3,5.0,0.0,0.0,1.0,1.0,0.0,1.0,17,Alto,4117.64705882353,1,0.05816582914572864,1190000,912.1099999999999,0,0,0,1,0,0,0,0,0,0
Maruti Ciaz ZXi,2016,700000,20000,1,20.73,1373.0,91.1,5.0,0.0,0.0,1.0,1.0,0.0,1.0,9,Ciaz,2222.222222222222,1,0.0663510560815732,180000,1888.503,0,0,0,1,0,0,0,0,0,0
Tata Indigo CR4,2013,290000,25000,1,23.57,1396.0,70.0,5.0,1.0,0.0,0.0,1.0,0.0,1.0,12,Indigo,2083.3333333333335,1,0.050143266475644696,300000,1649.9,0,0,0,0,0,0,0,1,0,0
Maruti Swift Dzire ZDI Plus,2017,725000,60000,1,28.4,1248.0,74.02,5.0,1.0,0.0,0.0,1.0,0.0,1.0,8,Swift,7500.0,2,0.05931089743589743,480000,2102.1679999999997,0,0,0,1,0,0,0,0,0,0
Hyundai Venue SX Plus Turbo DCT BSIV,2019,1125000,3500,1,18.15,998.0,118.35,5.0,0.0,0.0,1.0,0.0,0.0,0.0,6,Venue,583.3333333333334,1,0.1185871743486974,21000,2148.0525,0,0,1,0,0,0,0,0,0,0
Maruti Swift VXI,2011,280000,20000,2,18.6,1197.0,85.8,5.0,0.0,0.0,1.0,1.0,0.0,1.0,14,Swift,1428.5714285714287,1,0.07167919799498747,280000,1595.88,0,0,0,1,0,0,0,0,0,0
Tata Tigor 1.2 Revotron XE,2019,450000,25000,1,20.3,1199.0,84.0,5.0,0.0,0.0,1.0,1.0,0.0,1.0,6,Tigor,4166.666666666667,1,0.07005838198498748,150000,1705.2,0,0,0,0,0,0,0,1,0,0
Maruti Esteem LX - BSIII,2006,135000,70000,2,15.9,1298.0,85.0,5.0,0.0,0.0,1.0,1.0,0.0,1.0,19,Esteem,3684.2105263157896,1,0.06548536209553159,1330000,1351.5,0,0,0,1,0,0,0,0,0,0
Maruti Baleno Delta,2020,650000,7300,1,21.01,1197.0,81.8,5.0,0.0,0.0,1.0,1.0,0.0,1.0,5,Baleno,1460.0,1,0.0683375104427736,36500,1718.6180000000002,0,0,0,1,0,0,0,0,0,0
Maruti Ciaz 1.3 Sigma,2018,750000,25000,1,28.09,1248.0,88.5,5.0,1.0,0.0,0.0,1.0,0.0,1.0,7,Ciaz,3571.4285714285716,1,0.07091346153846154,175000,2485.965,0,0,0,1,0,0,0,0,0,0
Maruti Alto LXi,2010,150000,100000,1,19.7,796.0,46.3,5.0,0.0,0.0,1.0,1.0,0.0,1.0,15,Alto,6666.666666666667,2,0.05816582914572864,1500000,912.1099999999999,0,0,0,1,0,0,0,0,0,0
Toyota Etios GD,2012,311000,100000,1,19.5,1248.0,81.83,5.0,1.0,0.0,0.0,1.0,0.0,1.0,13,Etios,7692.307692307692,2,0.06556891025641025,1300000,1595.685,0,0,0,0,0,0,0,0,1,0
Hyundai i10 Magna,2010,260000,60000,1,20.36,1197.0,78.9,5.0,0.0,0.0,1.0,1.0,0.0,1.0,15,i10,4000.0,1,0.06591478696741855,900000,1606.404,0,0,1,0,0,0,0,0,0,0
Volkswagen Polo 1.5 TDI Highline,2014,400000,110000,2,20.14,1498.0,88.8,5.0,1.0,0.0,0.0,1.0,0.0,1.0,11,Polo,10000.0,2,0.05927903871829105,1210000,1788.432,0,0,0,0,0,0,0,0,0,1
Hyundai i20 2015-2017 Magna 1.4 CRDi,2017,575000,70000,2,22.54,1396.0,88.73,5.0,1.0,0.0,0.0,1.0,0.0,1.0,8,i20,8750.0,2,0.06356017191977077,560000,1999.9742,0,0,1,0,0,0,0,0,0,0
Maruti SX4 Green Vxi (CNG),2010,250000,90000,2,28.89,1586.0,103.3,5.0,0.0,0.0,0.0,1.0,0.0,1.0,15,SX4,6000.0,2,0.06513240857503153,1350000,2984.337,0,0,0,1,0,0,0,0,0,0
Volkswagen Polo GT TDI,2012,400000,95000,1,19.7,1598.0,103.6,5.0,1.0,0.0,0.0,1.0,0.0,1.0,13,Polo,7307.692307692308,2,0.06483103879849812,1235000,2040.9199999999998,0,0,0,0,0,0,0,0,0,1
Maruti Swift VDI BSIV,2015,484999,30000,1,25.2,1248.0,74.0,5.0,1.0,0.0,0.0,1.0,0.0,1.0,10,Swift,3000.0,1,0.05929487179487179,300000,1864.8,0,0,0,1,0,0,0,0,0,0
Volkswagen CrossPolo 1.5 TDI,2013,350000,70000,2,20.14,1498.0,88.5,5.0,1.0,0.0,0.0,1.0,0.0,1.0,12,CrossPolo,5833.333333333333,2,0.059078771695594126,840000,1782.39,0,0,0,0,0,0,0,0,0,1
Maruti Swift Dzire VDi,2012,250000,100000,3,19.3,1248.0,73.9,5.0,1.0,0.0,0.0,1.0,0.0,1.0,13,Swift,7692.307692307692,2,0.059214743589743594,1300000,1426.2700000000002,0,0,0,1,0,0,0,0,0,0
Maruti Swift Dzire ZDI Plus,2017,655000,70000,1,28.4,1248.0,74.02,5.0,1.0,0.0,0.0,1.0,0.0,1.0,8,Swift,8750.0,2,0.05931089743589743,560000,2102.1679999999997,0,0,0,1,0,0,0,0,0,0
Chevrolet Beat LS,2016,300000,15000,1,18.6,1199.0,76.8,5.0,0.0,0.0,1.0,1.0,0.0,1.0,9,Beat,1666.6666666666667,1,0.0640533778148457,135000,1428.48,0,0,0,0,0,0,0,0,0,0
Ford Figo Aspire 1.5 TDCi Titanium,2018,650000,21000,1,25.83,1498.0,99.0,5.0,1.0,0.0,0.0,1.0,0.0,1.0,7,Figo,3000.0,1,0.06608811748998665,147000,2557.1699999999996,1,0,0,0,0,0,0,0,0,0
Maruti Wagon R VXI 1.2,2014,300000,35000,1,20.52,1197.0,81.8,5.0,0.0,0.0,1.0,1.0,0.0,1.0,11,Wagon,3181.818181818182,1,0.0683375104427736,385000,1678.5359999999998,0,0,0,1,0,0,0,0,0,0
Honda Jazz 1.2 VX i VTEC,2016,475000,25000,1,18.7,1199.0,88.7,5.0,0.0,0.0,1.0,1.0,0.0,1.0,9,Jazz,2777.777777777778,1,0.07397831526271893,225000,1658.69,0,1,0,0,0,0,0,0,0,0
Tata Tiago 1.2 Revotron XZ WO Alloy,2017,450000,30000,1,23.84,1199.0,84.0,5.0,0.0,0.0,1.0,1.0,0.0,1.0,8,Tiago,3750.0,1,0.07005838198498748,240000,2002.56,0,0,0,0,0,0,0,1,0,0
Maruti Swift Dzire VDI,2019,754000,10000,1,28.4,1248.0,74.02,5.0,1.0,0.0,0.0,1.0,0.0,1.0,6,Swift,1666.6666666666667,1,0.05931089743589743,60000,2102.1679999999997,0,0,0,1,0,0,0,0,0,0
Hyundai i10 Sportz,2013,300000,40000,1,20.36,1197.0,78.9,5.0,0.0,0.0,1.0,1.0,0.0,1.0,12,i10,3333.3333333333335,1,0.06591478696741855,480000,1606.404,0,0,1,0,0,0,0,0,0,0
Hyundai EON Magna Plus,2014,250000,25000,1,21.1,814.0,55.2,5.0,0.0,0.0,1.0,1.0,0.0,1.0,11,EON,2272.7272727272725,1,0.06781326781326781,275000,1164.72,0,0,1,0,0,0,0,0,0,0
Maruti Swift Dzire VDI,2018,725000,15000,1,28.4,1248.0,74.02,5.0,1.0,0.0,0.0,1.0,0.0,1.0,7,Swift,2142.8571428571427,1,0.05931089743589743,105000,2102.1679999999997,0,0,0,1,0,0,0,0,0,0
Maruti Alto LXi,2008,95000,70000,1,19.7,796.0,46.3,5.0,0.0,0.0,1.0,1.0,0.0,1.0,17,Alto,4117.64705882353,1,0.05816582914572864,1190000,912.1099999999999,0,0,0,1,0,0,0,0,0,0
Hyundai Santro Sportz BSIV,2018,475000,7800,1,20.3,1086.0,68.0,5.0,0.0,0.0,1.0,1.0,0.0,1.0,7,Santro,1114.2857142857142,1,0.06261510128913444,54600,1380.4,0,0,1,0,0,0,0,0,0,0
Tata Tiago 1.2 Revotron XT,2016,350000,30000,1,23.84,1199.0,84.0,5.0,0.0,0.0,1.0,1.0,0.0,1.0,9,Tiago,3333.3333333333335,1,0.07005838198498748,270000,2002.56,0,0,0,0,0,0,0,1,0,0
Maruti Swift VXI Deca,2016,482000,50000,1,20.4,1197.0,81.8,5.0,0.0,0.0,1.0,1.0,0.0,1.0,9,Swift,5555.555555555556,2,0.0683375104427736,450000,1668.7199999999998,0,0,0,1,0,0,0,0,0,0
Ford EcoSport 1.5 TDCi Ambiente BSIV,2017,625000,40000,4,22.77,1498.0,98.59,5.0,1.0,0.0,0.0,1.0,0.0,1.0,8,EcoSport,5000.0,1,0.06581441922563418,320000,2244.8943,1,0,0,0,0,0,0,0,0,0
Tata Tiago 1.2 Revotron XM Option,2017,380000,30000,1,23.84,1199.0,84.0,5.0,0.0,0.0,1.0,1.0,0.0,1.0,8,Tiago,3750.0,1,0.07005838198498748,240000,2002.56,0,0,0,0,0,0,0,1,0,0
Chevrolet Beat LT,2016,310000,30000,1,18.6,1199.0,76.8,5.0,0.0,0.0,1.0,1.0,0.0,1.0,9,Beat,3333.3333333333335,1,0.0640533778148457,270000,1428.48,0,0,0,0,0,0,0,0,0,0
Maruti Swift Dzire VXi,2009,280000,35000,1,17.5,1298.0,85.8,5.0,0.0,0.0,1.0,1.0,0.0,1.0,16,Swift,2187.5,1,0.06610169491525424,560000,1501.5,0,0,0,1,0,0,0,0,0,0
Renault Duster Petrol RXS CVT,2018,900000,30000,1,14.99,1498.0,104.5,5.0,0.0,0.0,1.0,1.0,0.0,0.0,7,Duster,4285.714285714285,1,0.06975967957276369,210000,1566.455,0,0,0,0,0,0,1,0,0,0
Maruti Wagon R VXI Minor,2010,250000,60000,1,18.9,1061.0,67.0,5.0,0.0,0.0,1.0,1.0,0.0,1.0,15,Wagon,4000.0,1,0.06314797360980208,900000,1266.3,0,0,0,1,0,0,0,0,0,0
Renault KWID 1.0 RXT Optional,2019,420000,15000,1,23.01,999.0,67.0,5.0,0.0,0.0,1.0,1.0,0.0,1.0,6,KWID,2500.0,1,0.06706706706706707,90000,1541.67,0,0,0,0,0,0,1,0,0,0
Honda Amaze S Petrol BSIV,2019,670000,5000,1,19.5,1199.0,88.76,5.0,0.0,0.0,1.0,1.0,0.0,1.0,6,Amaze,833.3333333333334,1,0.07402835696413679,30000,1730.8200000000002,0,1,0,0,0,0,0,0,0,0
Hyundai i10 Magna 1.1L,2016,420000,9750,2,19.81,1086.0,68.05,5.0,0.0,0.0,1.0,1.0,0.0,1.0,9,i10,1083.3333333333333,1,0.06266114180478821,87750,1348.0704999999998,0,0,1,0,0,0,0,0,0,0
Honda WR-V i-VTEC VX,2018,900000,35000,1,17.5,1199.0,88.7,5.0,0.0,0.0,1.0,1.0,0.0,1.0,7,WR-V,5000.0,1,0.07397831526271893,245000,1552.25,0,1,0,0,0,0,0,0,0,0
Hyundai Verna CRDi,2007,185000,120000,4,16.8,1493.0,110.0,5.0,1.0,0.0,0.0,1.0,0.0,1.0,18,Verna,6666.666666666667,2,0.07367716008037509,2160000,1848.0,0,0,1,0,0,0,0,0,0,0
Hyundai i10 Magna 1.1L,2008,185000,110000,4,19.81,1086.0,68.05,5.0,0.0,0.0,1.0,1.0,0.0,1.0,17,i10,6470.588235294118,2,0.06266114180478821,1870000,1348.0704999999998,0,0,1,0,0,0,0,0,0,0
Maruti Swift VXI BSIII W/ ABS,2006,215000,102000,3,16.1,1298.0,88.2,5.0,0.0,0.0,1.0,1.0,0.0,1.0,19,Swift,5368.421052631579,2,0.0679506933744222,1938000,1420.0200000000002,0,0,0,1,0,0,0,0,0,0
Maruti Alto 800 Base,2015,210000,50000,2,22.74,796.0,47.3,5.0,0.0,0.0,1.0,1.0,0.0,1.0,10,Alto,5000.0,1,0.059422110552763814,500000,1075.6019999999999,0,0,0,1,0,0,0,0,0,0
Honda City i VTEC VX Option,2015,800000,50000,1,17.4,1497.0,117.3,5.0,0.0,0.0,1.0,1.0,0.0,1.0,10,City,5000.0,1,0.0783567134268537,500000,2041.0199999999998,0,1,0,0,0,0,0,0,0,0
Maruti Swift VDI BSIV,2014,570000,70000,2,25.2,1248.0,74.0,5.0,1.0,0.0,0.0,1.0,0.0,1.0,11,Swift,6363.636363636364,2,0.05929487179487179,770000,1864.8,0,0,0,1,0,0,0,0,0,0
Maruti SX4 VDI,2012,350000,120000,2,21.5,1248.0,88.8,5.0,1.0,0.0,0.0,1.0,0.0,1.0,13,SX4,9230.76923076923,2,0.07115384615384615,1560000,1909.2,0,0,0,1,0,0,0,0,0,0
Hyundai i20 1.4 CRDi Magna,2011,350000,93000,2,21.9,1396.0,90.0,5.0,1.0,0.0,0.0,1.0,0.0,1.0,14,i20,6642.857142857143,2,0.06446991404011461,1302000,1970.9999999999998,0,0,1,0,0,0,0,0,0,0
Tata Indigo CS LS DiCOR,2010,150000,70000,3,15.7,1405.0,70.0,5.0,1.0,0.0,0.0,1.0,0.0,1.0,15,Indigo,4666.666666666667,1,0.0498220640569395,1050000,1099.0,0,0,0,0,0,0,0,1,0,0
Maruti Swift VDI BSIV,2008,250000,90000,3,19.5,1248.0,81.83,5.0,1.0,0.0,0.0,1.0,0.0,1.0,17,Swift,5294.117647058823,2,0.06556891025641025,1530000,1595.685,0,0,0,1,0,0,0,0,0,0
Hyundai Grand i10 1.2 Kappa Sportz BSIV,2019,562000,5000,1,18.9,1197.0,81.86,5.0,0.0,0.0,1.0,1.0,0.0,1.0,6,Grand,833.3333333333334,1,0.0683876357560568,30000,1547.1539999999998,0,0,1,0,0,0,0,0,0,0
Hyundai i10 Magna,2012,290000,27000,1,20.36,1197.0,78.9,5.0,0.0,0.0,1.0,1.0,0.0,1.0,13,i10,2076.923076923077,1,0.06591478696741855,351000,1606.404,0,0,1,0,0,0,0,0,0,0
Hyundai Xcent 1.1 CRDi S,2015,401000,74000,2,24.4,1120.0,71.0,5.0,1.0,0.0,0.0,1.0,0.0,1.0,10,Xcent,7400.0,2,0.06339285714285714,740000,1732.3999999999999,0,0,1,0,0,0,0,0,0,0
Maruti Alto K10 2010-2014 VXI,2011,225000,30000,1,20.92,998.0,67.1,5.0,0.0,0.0,1.0,1.0,0.0,1.0,14,Alto,2142.8571428571427,1,0.06723446893787574,420000,1403.732,0,0,0,1,0,0,0,0,0,0
Maruti Vitara Brezza ZXI Plus AT Dual Tone,2020,737000,10000,1,18.76,1462.0,103.26,5.0,0.0,0.0,1.0,1.0,0.0,0.0,5,Vitara,2000.0,1,0.07062927496580028,50000,1937.1576000000002,0,0,0,1,0,0,0,0,0,0
Maruti Celerio LXI,2014,300000,80000,1,23.1,998.0,67.04,5.0,0.0,0.0,1.0,1.0,0.0,1.0,11,Celerio,7272.727272727273,2,0.06717434869739479,880000,1548.6240000000003,0,0,0,1,0,0,0,0,0,0
Tata Indigo LX,2008,85000,120000,1,17.0,1405.0,70.0,5.0,1.0,0.0,0.0,1.0,0.0,1.0,17,Indigo,7058.823529411765,2,0.0498220640569395,2040000,1190.0,0,0,0,0,0,0,0,1,0,0
Hyundai Verna Transform VGT CRDi,2010,195000,120000,2,16.2,1493.0,110.0,5.0,1.0,0.0,0.0,1.0,0.0,1.0,15,Verna,8000.0,2,0.07367716008037509,1800000,1782.0,0,0,1,0,0,0,0,0,0,0
Honda WR-V i-DTEC S,2017,675000,127991,1,25.5,1498.0,98.6,5.0,1.0,0.0,0.0,0.0,0.0,1.0,8,WR-V,15998.875,3,0.06582109479305741,1023928,2514.2999999999997,0,1,0,0,0,0,0,0,0,0
Tata Indigo eCS GLX,2010,290000,65000,1,15.64,1193.0,64.1,5.0,0.0,0.0,1.0,1.0,0.0,1.0,15,Indigo,4333.333333333333,1,0.053730092204526396,975000,1002.524,0,0,0,0,0,0,0,1,0,0
Maruti Esteem Lxi,2002,95000,90000,3,19.5,1248.0,81.83,5.0,0.0,0.0,1.0,1.0,0.0,1.0,23,Esteem,3913.0434782608695,1,0.06556891025641025,2070000,1595.685,0,0,0,1,0,0,0,0,0,0
Maruti Ciaz 1.3 Zeta,2018,889000,20000,1,28.09,1248.0,88.5,5.0,1.0,0.0,0.0,1.0,0.0,1.0,7,Ciaz,2857.1428571428573,1,0.07091346153846154,140000,2485.965,0,0,0,1,0,0,0,0,0,0
Volkswagen Ameo 1.2 MPI Comfortline,2016,400000,60000,1,17.0,1198.0,73.75,5.0,0.0,0.0,1.0,1.0,0.0,1.0,9,Ameo,6666.666666666667,2,0.061560934891485806,540000,1253.75,0,0,0,0,0,0,0,0,0,1
Renault KWID RXT Optional,2018,390000,13120,1,25.17,799.0,53.3,5.0,0.0,0.0,1.0,1.0,0.0,1.0,7,KWID,1874.2857142857142,1,0.06670838548185232,91840,1341.561,0,0,0,0,0,0,1,0,0,0
Hyundai Elite i20 Asta Option CVT BSIV,2018,800000,25000,1,17.4,1197.0,81.86,5.0,0.0,0.0,1.0,1.0,0.0,0.0,7,Elite,3571.4285714285716,1,0.0683876357560568,175000,1424.3639999999998,0,0,1,0,0,0,0,0,0,0
Hyundai i20 Asta Option 1.4 CRDi,2016,735000,25000,1,22.54,1396.0,88.73,5.0,1.0,0.0,0.0,1.0,0.0,1.0,9,i20,2777.777777777778,1,0.06356017191977077,225000,1999.9742,0,0,1,0,0,0,0,0,0,0
Skoda Octavia L and K 1.9 TDI MT,2005,250000,120000,3,16.4,1896.0,90.0,5.0,1.0,0.0,0.0,1.0,0.0,1.0,20,Octavia,6000.0,2,0.04746835443037975,2400000,1475.9999999999998,0,0,0,0,0,1,0,0,0,0
Renault KWID AMT,2018,400000,25000,1,24.04,999.0,67.0,5.0,0.0,0.0,1.0,1.0,0.0,0.0,7,KWID,3571.4285714285716,1,0.06706706706706707,175000,1610.6799999999998,0,0,0,0,0,0,1,0,0,0
Hyundai Accent CRDi,2005,130000,79000,2,13.1,1493.0,82.0,5.0,1.0,0.0,0.0,1.0,0.0,1.0,20,Accent,3950.0,1,0.05492297387809779,1580000,1074.2,0,0,1,0,0,0,0,0,0,0
Hyundai i20 Active 1.4 SX,2016,720000,80000,1,21.19,1396.0,88.73,5.0,1.0,0.0,0.0,1.0,0.0,1.0,9,i20,8888.888888888889,2,0.06356017191977077,720000,1880.1887000000002,0,0,1,0,0,0,0,0,0,0
Honda City S,2011,450000,110000,3,16.8,1497.0,116.4,5.0,0.0,0.0,1.0,1.0,0.0,1.0,14,City,7857.142857142857,2,0.07775551102204409,1540000,1955.5200000000002,0,1,0,0,0,0,0,0,0,0
Hyundai Verna Transform SX VGT CRDi,2010,220000,80000,2,16.2,1493.0,110.0,5.0,1.0,0.0,0.0,1.0,0.0,1.0,15,Verna,5333.333333333333,2,0.07367716008037509,1200000,1782.0,0,0,1,0,0,0,0,0,0,0
Volkswagen Vento Diesel Highline,2011,370000,100000,2,20.54,1598.0,103.6,5.0,1.0,0.0,0.0,1.0,0.0,1.0,14,Vento,7142.857142857143,2,0.06483103879849812,1400000,2127.944,0,0,0,0,0,0,0,0,0,1
Hyundai i20 Petrol CVT Asta,2018,750000,15000,1,17.4,1197.0,81.86,5.0,0.0,0.0,1.0,1.0,0.0,0.0,7,i20,2142.8571428571427,1,0.0683876357560568,105000,1424.3639999999998,0,0,1,0,0,0,0,0,0,0
Maruti Baleno Alpha 1.2,2019,711000,5000,1,21.4,1197.0,83.1,5.0,0.0,0.0,1.0,1.0,0.0,1.0,6,Baleno,833.3333333333334,1,0.06942355889724311,30000,1778.3399999999997,0,0,0,1,0,0,0,0,0,0
Maruti Alto K10 VXI,2016,285000,75000,1,23.95,998.0,67.05,5.0,0.0,0.0,1.0,1.0,0.0,1.0,9,Alto,8333.333333333334,2,0.06718436873747495,675000,1605.8474999999999,0,0,0,1,0,0,0,0,0,0
Maruti Baleno Alpha,2020,749000,5500,1,21.01,1197.0,81.8,5.0,0.0,0.0,1.0,1.0,0.0,1.0,5,Baleno,1100.0,1,0.0683375104427736,27500,1718.6180000000002,0,0,0,1,0,0,0,0,0,0
Renault Duster 110PS Diesel RxL,2016,550000,80000,2,19.64,1461.0,108.45,5.0,1.0,0.0,0.0,1.0,0.0,1.0,9,Duster,8888.888888888889,2,0.0742299794661191,720000,2129.958,0,0,0,0,0,0,1,0,0,0
Maruti Swift Dzire VDi,2010,300000,120000,2,19.3,1248.0,73.9,5.0,1.0,0.0,0.0,1.0,0.0,1.0,15,Swift,8000.0,2,0.059214743589743594,1800000,1426.2700000000002,0,0,0,1,0,0,0,0,0,0
Maruti Baleno Sigma 1.3,2017,625000,70000,1,27.39,1248.0,74.0,5.0,1.0,0.0,0.0,1.0,0.0,1.0,8,Baleno,8750.0,2,0.05929487179487179,560000,2026.8600000000001,0,0,0,1,0,0,0,0,0,0
Hyundai i20 Active 1.2 SX,2017,650000,80000,2,17.19,1197.0,81.86,5.0,0.0,0.0,1.0,1.0,0.0,1.0,8,i20,10000.0,2,0.0683876357560568,640000,1407.1734000000001,0,0,1,0,0,0,0,0,0,0
Maruti Swift Dzire VDI,2016,631000,75000,2,26.59,1248.0,74.0,5.0,1.0,0.0,0.0,1.0,0.0,1.0,9,Swift,8333.333333333334,2,0.05929487179487179,675000,1967.66,0,0,0,1,0,0,0,0,0,0
Hyundai Verna Transform VGT CRDi,2010,220000,80000,2,16.2,1493.0,110.0,5.0,1.0,0.0,0.0,1.0,0.0,1.0,15,Verna,5333.333333333333,2,0.07367716008037509,1200000,1782.0,0,0,1,0,0,0,0,0,0,0
Tata Tigor 1.2 Revotron XZ Option,2017,600000,40000,2,20.3,1199.0,84.0,5.0,0.0,0.0,1.0,1.0,0.0,1.0,8,Tigor,5000.0,1,0.07005838198498748,320000,1705.2,0,0,0,0,0,0,0,1,0,0
Ford Fiesta Diesel Style,2012,390000,120000,1,23.5,1498.0,88.7,5.0,1.0,0.0,0.0,1.0,0.0,1.0,13,Fiesta,9230.76923076923,2,0.05921228304405875,1560000,2084.4500000000003,1,0,0,0,0,0,0,0,0,0
Hyundai i20 Asta 1.4 CRDi (Diesel),2010,340000,110000,1,23.0,1396.0,90.0,5.0,1.0,0.0,0.0,1.0,0.0,1.0,15,i20,7333.333333333333,2,0.06446991404011461,1650000,2070.0,0,0,1,0,0,0,0,0,0,0
Tata Tiago 2019-2020 XZ Plus Diesel,2019,670000,2000,1,27.28,1047.0,69.0,5.0,1.0,0.0,0.0,1.0,0.0,1.0,6,Tiago,333.3333333333333,1,0.0659025787965616,12000,1882.3200000000002,0,0,0,0,0,0,0,1,0,0
Maruti Swift Dzire VDI,2014,530000,80000,2,23.4,1248.0,74.0,5.0,1.0,0.0,0.0,1.0,0.0,1.0,11,Swift,7272.727272727273,2,0.05929487179487179,880000,1731.6,0,0,0,1,0,0,0,0,0,0
Maruti Alto K10 VXI AGS,2015,350000,38000,2,23.95,998.0,67.05,5.0,0.0,0.0,1.0,1.0,0.0,0.0,10,Alto,3800.0,1,0.06718436873747495,380000,1605.8474999999999,0,0,0,1,0,0,0,0,0,0
Maruti Celerio ZXI Optional,2014,415000,46000,1,21.63,998.0,67.04,5.0,0.0,0.0,1.0,0.0,0.0,1.0,11,Celerio,4181.818181818182,1,0.06717434869739479,506000,1450.0752,0,0,0,1,0,0,0,0,0,0
Renault KWID 1.0 RXT AMT Opt,2017,375000,20000,1,22.0,999.0,67.0,5.0,0.0,0.0,1.0,0.0,0.0,0.0,8,KWID,2500.0,1,0.06706706706706707,160000,1474.0,0,0,0,0,0,0,1,0,0,0
Maruti Swift Dzire VXI,2015,575000,16000,1,19.1,1197.0,85.8,5.0,0.0,0.0,1.0,0.0,0.0,1.0,10,Swift,1600.0,1,0.07167919799498747,160000,1638.78,0,0,0,1,0,0,0,0,0,0
Hyundai i20 1.2 Sportz,2013,425000,23000,1,17.0,1197.0,80.0,5.0,0.0,0.0,1.0,0.0,0.0,1.0,12,i20,1916.6666666666667,1,0.06683375104427736,276000,1360.0,0,0,1,0,0,0,0,0,0,0
Ford Figo 1.2P Ambiente MT,2011,245000,25000,1,18.16,1196.0,86.8,5.0,0.0,0.0,1.0,0.0,0.0,1.0,14,Figo,1785.7142857142858,1,0.0725752508361204,350000,1576.288,1,0,0,0,0,0,0,0,0,0
Hyundai Verna SX Opt,2015,540000,35000,2,17.7,1497.0,113.42,5.0,0.0,0.0,1.0,0.0,0.0,1.0,10,Verna,3500.0,1,0.07576486305945224,350000,2007.5339999999999,0,0,1,0,0,0,0,0,0,0
Hyundai i10 Sportz 1.2,2013,291000,37000,1,20.36,1197.0,78.9,5.0,0.0,0.0,1.0,0.0,0.0,1.0,12,i10,3083.3333333333335,1,0.06591478696741855,444000,1606.404,0,0,1,0,0,0,0,0,0,0
Maruti Baleno Delta 1.2,2017,600000,34000,2,21.4,1197.0,83.1,5.0,0.0,0.0,1.0,0.0,0.0,1.0,8,Baleno,4250.0,1,0.06942355889724311,272000,1778.3399999999997,0,0,0,1,0,0,0,0,0,0
Hyundai Verna SX,2012,355000,60000,1,17.7,1497.0,113.42,5.0,0.0,0.0,1.0,0.0,0.0,1.0,13,Verna,4615.384615384615,1,0.07576486305945224,780000,2007.5339999999999,0,0,1,0,0,0,0,0,0,0
Hyundai i10 Magna,2010,225000,50000,1,20.36,1197.0,78.9,5.0,0.0,0.0,1.0,0.0,0.0,1.0,15,i10,3333.3333333333335,1,0.06591478696741855,750000,1606.404,0,0,1,0,0,0,0,0,0,0
Maruti Alto 800 LXI,2012,200000,38000,2,24.7,796.0,47.3,5.0,0.0,0.0,1.0,0.0,0.0,1.0,13,Alto,2923.076923076923,1,0.059422110552763814,494000,1168.31,0,0,0,1,0,0,0,0,0,0
Ford Figo Aspire Facelift,2017,600000,40000,1,19.5,1248.0,81.83,5.0,1.0,0.0,0.0,1.0,0.0,1.0,8,Figo,5000.0,1,0.06556891025641025,320000,1595.685,1,0,0,0,0,0,0,0,0,0
Hyundai Verna SX Opt,2012,434999,57000,1,17.7,1497.0,113.42,5.0,0.0,0.0,1.0,0.0,0.0,1.0,13,Verna,4384.615384615385,1,0.07576486305945224,741000,2007.5339999999999,0,0,1,0,0,0,0,0,0,0
Hyundai i20 1.2 Sportz,2014,440000,62200,1,17.0,1197.0,80.0,5.0,0.0,0.0,1.0,0.0,0.0,1.0,11,i20,5654.545454545455,2,0.06683375104427736,684200,1360.0,0,0,1,0,0,0,0,0,0,0
Maruti Ritz VDi,2013,390000,77000,1,21.1,1248.0,73.9,5.0,1.0,0.0,0.0,0.0,0.0,1.0,12,Ritz,6416.666666666667,2,0.059214743589743594,924000,1559.2900000000002,0,0,0,1,0,0,0,0,0,0
Maruti Alto STD,2010,85000,150000,3,19.7,796.0,46.3,5.0,0.0,0.0,1.0,1.0,0.0,1.0,15,Alto,10000.0,2,0.05816582914572864,2250000,912.1099999999999,0,0,0,1,0,0,0,0,0,0
Hyundai EON Sportz,2012,150000,40000,1,21.1,814.0,55.2,5.0,0.0,0.0,1.0,1.0,0.0,1.0,13,EON,3076.923076923077,1,0.06781326781326781,520000,1164.72,0,0,1,0,0,0,0,0,0,0
Renault Duster Adventure Edition,2014,500000,120000,1,19.01,1461.0,108.45,5.0,1.0,0.0,0.0,1.0,0.0,1.0,11,Duster,10909.09090909091,2,0.0742299794661191,1320000,2061.6345,0,0,0,0,0,0,1,0,0,0
Hyundai i10 Sportz Option,2011,220000,70000,3,20.36,1197.0,78.9,5.0,0.0,0.0,1.0,1.0,0.0,1.0,14,i10,5000.0,1,0.06591478696741855,980000,1606.404,0,0,1,0,0,0,0,0,0,0
Hyundai Creta 1.4 CRDi Base,2017,957000,60000,1,21.38,1396.0,88.7,5.0,1.0,0.0,0.0,1.0,0.0,1.0,8,Creta,7500.0,2,0.06353868194842408,480000,1896.406,0,0,1,0,0,0,0,0,0,0
Datsun RediGO 1.0 S,2018,320000,35000,1,22.5,999.0,67.0,5.0,0.0,0.0,1.0,1.0,0.0,1.0,7,RediGO,5000.0,1,0.06706706706706707,245000,1507.5,0,0,0,0,0,1,0,0,0,0
Maruti Alto K10 VXI,2016,300000,15000,1,23.95,998.0,67.05,5.0,0.0,0.0,1.0,1.0,0.0,1.0,9,Alto,1666.6666666666667,1,0.06718436873747495,135000,1605.8474999999999,0,0,0,1,0,0,0,0,0,0
Maruti Swift VDi BSIII W/ ABS,2010,270000,98000,1,17.8,1248.0,75.0,5.0,1.0,0.0,0.0,1.0,0.0,1.0,15,Swift,6533.333333333333,2,0.06009615384615385,1470000,1335.0,0,0,0,1,0,0,0,0,0,0
Hyundai Accent Executive,2011,170000,62000,3,16.36,1495.0,93.7,5.0,0.0,0.0,1.0,1.0,0.0,1.0,14,Accent,4428.571428571428,1,0.06267558528428094,868000,1532.932,0,0,1,0,0,0,0,0,0,0
Chevrolet Beat LS,2013,140000,110000,2,18.6,1199.0,79.4,5.0,0.0,0.0,1.0,1.0,0.0,1.0,12,Beat,9166.666666666666,2,0.06622185154295246,1320000,1476.8400000000001,0,0,0,0,0,0,0,0,0,0
Hyundai i10 Magna,2010,170000,90000,3,20.36,1197.0,78.9,5.0,0.0,0.0,1.0,1.0,0.0,1.0,15,i10,6000.0,2,0.06591478696741855,1350000,1606.404,0,0,1,0,0,0,0,0,0,0
Mahindra XUV300 W8 Option Diesel BSIV,2019,1200000,25000,1,20.0,1497.0,115.0,5.0,1.0,0.0,0.0,1.0,0.0,1.0,6,XUV300,4166.666666666667,1,0.07682030728122913,150000,2300.0,0,0,0,0,0,1,0,0,0,0
Hyundai Elite i20 Sportz Plus Diesel,2019,834000,13000,1,22.54,1396.0,88.76,5.0,1.0,0.0,0.0,1.0,0.0,1.0,6,Elite,2166.6666666666665,1,0.06358166189111748,78000,2000.6504,0,0,1,0,0,0,0,0,0,0
Tata Tiago 1.05 Revotorq XT,2017,450000,80000,1,27.28,1047.0,69.0,5.0,1.0,0.0,0.0,1.0,0.0,1.0,8,Tiago,10000.0,2,0.0659025787965616,640000,1882.3200000000002,0,0,0,0,0,0,0,1,0,0
Volkswagen Polo 1.5 TDI Comfortline,2014,575000,40000,3,20.14,1498.0,88.8,5.0,1.0,0.0,0.0,1.0,0.0,1.0,11,Polo,3636.3636363636365,1,0.05927903871829105,440000,1788.432,0,0,0,0,0,0,0,0,0,1
Maruti Swift Dzire ZDI Plus,2019,900000,20000,1,28.4,1248.0,74.02,5.0,1.0,0.0,0.0,1.0,0.0,1.0,6,Swift,3333.3333333333335,1,0.05931089743589743,120000,2102.1679999999997,0,0,0,1,0,0,0,0,0,0
Maruti 800 AC LPG,2008,149000,87540,3,22.410000000000004,796.0,35.5,5.0,0.0,1.0,0.0,1.0,0.0,1.0,17,800,5149.411764705882,2,0.04459798994974874,1488180,795.5550000000002,0,0,0,1,0,0,0,0,0,0
Chevrolet Spark 1.0 PS LPG,2007,100000,84000,3,21.6,995.0,60.0,5.0,0.0,1.0,0.0,1.0,0.0,1.0,18,Spark,4666.666666666667,1,0.06030150753768844,1512000,1296.0,0,0,0,0,0,0,0,0,0,0
Skoda Fabia 1.2L Diesel Elegance,2011,325000,160000,3,20.86,1199.0,75.0,5.0,1.0,0.0,0.0,1.0,0.0,1.0,14,Fabia,11428.57142857143,2,0.06255212677231026,2240000,1564.5,0,0,0,0,0,1,0,0,0,0
Volkswagen Vento Diesel Comfortline,2012,400000,100000,2,20.54,1598.0,103.6,5.0,1.0,0.0,0.0,1.0,0.0,1.0,13,Vento,7692.307692307692,2,0.06483103879849812,1300000,2127.944,0,0,0,0,0,0,0,0,0,1
Hyundai EON 1.0 Era Plus,2017,250000,35000,2,20.3,998.0,68.05,5.0,0.0,0.0,1.0,1.0,0.0,1.0,8,EON,4375.0,1,0.06818637274549098,280000,1381.415,0,0,1,0,0,0,0,0,0,0
Chevrolet Optra Magnum 1.6 LT Petrol,2010,225000,60000,2,12.9,1598.0,102.5,5.0,0.0,0.0,1.0,1.0,0.0,1.0,15,Optra,4000.0,1,0.06414267834793493,900000,1322.25,0,0,0,0,0,0,0,0,0,0
Ford Fiesta Classic 1.4 Duratorq LXI,2012,300000,70000,1,18.6,1388.0,67.0,5.0,1.0,0.0,0.0,1.0,0.0,1.0,13,Fiesta,5384.615384615385,2,0.048270893371757925,910000,1246.2,1,0,0,0,0,0,0,0,0,0
Fiat Avventura Power Up 1.3 Emotion,2015,459999,60000,2,20.5,1248.0,91.72,5.0,1.0,0.0,0.0,1.0,0.0,1.0,10,Avventura,6000.0,2,0.07349358974358974,600000,1880.26,0,0,0,0,0,1,0,0,0,0
Ford EcoSport 1.5 TDCi Titanium Plus BSIV,2016,825000,35000,2,22.77,1498.0,98.59,5.0,1.0,0.0,0.0,1.0,0.0,1.0,9,EcoSport,3888.8888888888887,1,0.06581441922563418,315000,2244.8943,1,0,0,0,0,0,0,0,0,0
Maruti Baleno Alpha 1.3,2016,710000,71000,1,27.39,1248.0,74.0,5.0,1.0,0.0,0.0,1.0,0.0,1.0,9,Baleno,7888.888888888889,2,0.05929487179487179,639000,2026.8600000000001,0,0,0,1,0,0,0,0,0,0
Maruti Swift 1.3 ZXI,2008,200000,90000,1,19.5,1248.0,81.83,5.0,0.0,0.0,1.0,1.0,0.0,1.0,17,Swift,5294.117647058823,2,0.06556891025641025,1530000,1595.685,0,0,0,1,0,0,0,0,0,0
Maruti Ritz VDi,2016,425000,70000,1,23.2,1248.0,73.94,5.0,1.0,0.0,0.0,1.0,0.0,1.0,9,Ritz,7777.777777777777,2,0.05924679487179487,630000,1715.408,0,0,0,1,0,0,0,0,0,0
Maruti Ritz VDi,2009,240000,90000,1,21.1,1248.0,73.9,5.0,1.0,0.0,0.0,1.0,0.0,1.0,16,Ritz,5625.0,2,0.059214743589743594,1440000,1559.2900000000002,0,0,0,1,0,0,0,0,0,0
Renault Duster 110PS Diesel RxZ Plus,2013,520000,109000,2,19.64,1461.0,108.45,5.0,1.0,0.0,0.0,1.0,0.0,1.0,12,Duster,9083.333333333334,2,0.0742299794661191,1308000,2129.958,0,0,0,0,0,0,1,0,0,0
Maruti Swift Dzire VDI,2016,675000,120000,2,26.59,1248.0,74.0,5.0,1.0,0.0,0.0,1.0,0.0,1.0,9,Swift,13333.333333333334,2,0.05929487179487179,1080000,1967.66,0,0,0,1,0,0,0,0,0,0
Tata Indica DLS,2006,170000,77000,1,19.5,1248.0,81.83,5.0,1.0,0.0,0.0,1.0,0.0,1.0,19,Indica,4052.6315789473683,1,0.06556891025641025,1463000,1595.685,0,0,0,0,0,0,0,1,0,0
Maruti Swift VDI BSIV,2008,225000,120000,4,19.5,1248.0,81.83,5.0,1.0,0.0,0.0,1.0,0.0,1.0,17,Swift,7058.823529411765,2,0.06556891025641025,2040000,1595.685,0,0,0,1,0,0,0,0,0,0
Maruti Wagon R Stingray VXI,2016,380000,39000,3,20.51,998.0,67.04,5.0,0.0,0.0,1.0,1.0,0.0,1.0,9,Wagon,4333.333333333333,1,0.06717434869739479,351000,1374.9904000000001,0,0,0,1,0,0,0,0,0,0
Volkswagen Vento Konekt Diesel Highline,2014,575000,90000,1,20.54,1598.0,103.6,5.0,1.0,0.0,0.0,1.0,0.0,1.0,11,Vento,8181.818181818182,2,0.06483103879849812,990000,2127.944,0,0,0,0,0,0,0,0,0,1
Maruti Swift Vdi BSIII,2010,300000,135000,2,17.8,1248.0,75.0,5.0,1.0,0.0,0.0,1.0,0.0,1.0,15,Swift,9000.0,2,0.06009615384615385,2025000,1335.0,0,0,0,1,0,0,0,0,0,0
Tata Tiago 1.05 Revotorq XE,2018,450000,90000,1,27.28,1047.0,69.0,5.0,1.0,0.0,0.0,1.0,0.0,1.0,7,Tiago,12857.142857142857,2,0.0659025787965616,630000,1882.3200000000002,0,0,0,0,0,0,0,1,0,0
Maruti Swift Dzire VDI,2017,745000,35000,1,28.4,1248.0,74.02,5.0,1.0,0.0,0.0,1.0,0.0,1.0,8,Swift,4375.0,1,0.05931089743589743,280000,2102.1679999999997,0,0,0,1,0,0,0,0,0,0
Hyundai Xcent 1.1 CRDi S,2016,509999,120000,1,24.4,1120.0,71.0,5.0,1.0,0.0,0.0,1.0,0.0,1.0,9,Xcent,13333.333333333334,2,0.06339285714285714,1080000,1732.3999999999999,0,0,1,0,0,0,0,0,0,0
Hyundai i10 Magna,2009,142000,110000,1,20.36,1197.0,78.9,5.0,0.0,0.0,1.0,1.0,0.0,1.0,16,i10,6875.0,2,0.06591478696741855,1760000,1606.404,0,0,1,0,0,0,0,0,0,0
Maruti A-Star Vxi,2009,185000,50000,1,19.0,998.0,66.1,5.0,0.0,0.0,1.0,1.0,0.0,1.0,16,A-Star,3125.0,1,0.06623246492985971,800000,1255.8999999999999,0,0,0,1,0,0,0,0,0,0
Fiat Linea Emotion (Diesel),2012,300000,77000,1,20.4,1248.0,91.7,5.0,1.0,0.0,0.0,1.0,0.0,1.0,13,Linea,5923.076923076923,2,0.0734775641025641,1001000,1870.6799999999998,0,0,0,0,0,1,0,0,0,0
Honda City 2017-2020 GXi,2007,210000,120000,2,17.7,1497.0,78.0,5.0,0.0,0.0,1.0,1.0,0.0,1.0,18,City,6666.666666666667,2,0.052104208416833664,2160000,1380.6,0,1,0,0,0,0,0,0,0,0
Hyundai Verna Xi (Petrol),2008,260000,120000,2,13.9,1599.0,103.2,5.0,0.0,0.0,1.0,1.0,0.0,1.0,17,Verna,7058.823529411765,2,0.06454033771106941,2040000,1434.48,0,0,1,0,0,0,0,0,0,0
Maruti Swift Dzire LDI,2013,430000,190000,2,23.4,1248.0,74.0,5.0,1.0,0.0,0.0,1.0,0.0,1.0,12,Swift,15833.333333333334,3,0.05929487179487179,2280000,1731.6,0,0,0,1,0,0,0,0,0,0
Ford Figo Petrol EXI,2010,400000,30000,1,15.6,1196.0,70.0,5.0,0.0,0.0,1.0,1.0,0.0,1.0,15,Figo,2000.0,1,0.05852842809364549,450000,1092.0,1,0,0,0,0,0,0,0,0,0
Hyundai Verna 1.4 CRDi,2012,400000,182000,2,24.8,1396.0,88.7,5.0,1.0,0.0,0.0,1.0,0.0,1.0,13,Verna,14000.0,2,0.06353868194842408,2366000,2199.76,0,0,1,0,0,0,0,0,0,0
Maruti Swift Dzire VDI,2017,669000,60000,1,28.4,1248.0,74.02,5.0,1.0,0.0,0.0,1.0,0.0,1.0,8,Swift,7500.0,2,0.05931089743589743,480000,2102.1679999999997,0,0,0,1,0,0,0,0,0,0
Hyundai Xcent 1.2 VTVT S,2019,509999,40000,1,20.14,1197.0,81.86,5.0,0.0,0.0,1.0,1.0,0.0,1.0,6,Xcent,6666.666666666667,2,0.0683876357560568,240000,1648.6604,0,0,1,0,0,0,0,0,0,0
Hyundai i20 Asta Option 1.4 CRDi,2016,616000,112000,1,22.54,1396.0,88.73,5.0,1.0,0.0,0.0,1.0,0.0,1.0,9,i20,12444.444444444445,2,0.06356017191977077,1008000,1999.9742,0,0,1,0,0,0,0,0,0,0
Hyundai Verna CRDi SX,2010,190000,90000,2,16.8,1493.0,110.0,5.0,1.0,0.0,0.0,1.0,0.0,1.0,15,Verna,6000.0,2,0.07367716008037509,1350000,1848.0,0,0,1,0,0,0,0,0,0,0
Honda City i DTEC VX,2015,700000,140000,2,25.1,1498.0,98.6,5.0,1.0,0.0,0.0,1.0,0.0,1.0,10,City,14000.0,2,0.06582109479305741,1400000,2474.86,0,1,0,0,0,0,0,0,0,0
Hyundai i10 Magna,2014,225000,60000,2,20.36,1197.0,78.9,5.0,0.0,0.0,1.0,1.0,0.0,1.0,11,i10,5454.545454545455,2,0.06591478696741855,660000,1606.404,0,0,1,0,0,0,0,0,0,0
Hyundai Grand i10 1.2 Kappa Magna BSIV,2017,470000,30000,1,18.9,1197.0,81.86,5.0,0.0,0.0,1.0,1.0,0.0,1.0,8,Grand,3750.0,1,0.0683876357560568,240000,1547.1539999999998,0,0,1,0,0,0,0,0,0,0
Maruti Vitara Brezza ZDi Plus,2019,900000,40000,1,24.3,1248.0,88.5,5.0,1.0,0.0,0.0,1.0,0.0,1.0,6,Vitara,6666.666666666667,2,0.07091346153846154,240000,2150.55,0,0,0,1,0,0,0,0,0,0
Chevrolet Beat Diesel LS,2013,170000,70000,1,25.44,936.0,57.6,5.0,1.0,0.0,0.0,1.0,0.0,1.0,12,Beat,5833.333333333333,2,0.06153846153846154,840000,1465.344,0,0,0,0,0,0,0,0,0,0
Tata Indigo CS LX (TDI) BS III,2013,140000,100000,1,19.09,1396.0,69.0,5.0,1.0,0.0,0.0,1.0,0.0,1.0,12,Indigo,8333.333333333334,2,0.0494269340974212,1200000,1317.21,0,0,0,0,0,0,0,1,0,0
Chevrolet Spark 1.0 PS,2011,95000,44000,2,16.0,995.0,63.0,5.0,0.0,0.0,1.0,1.0,0.0,1.0,14,Spark,3142.8571428571427,1,0.06331658291457286,616000,1008.0,0,0,0,0,0,0,0,0,0,0
Maruti Ritz LXi,2016,280000,110000,2,18.5,1197.0,85.8,5.0,0.0,0.0,1.0,1.0,0.0,1.0,9,Ritz,12222.222222222223,2,0.07167919799498747,990000,1587.3,0,0,0,1,0,0,0,0,0,0
Hyundai EON Era,2011,129000,80000,2,21.1,814.0,55.2,5.0,0.0,0.0,1.0,1.0,0.0,1.0,14,EON,5714.285714285715,2,0.06781326781326781,1120000,1164.72,0,0,1,0,0,0,0,0,0,0
Chevrolet Beat Diesel LT,2012,165000,70000,2,25.44,936.0,57.6,5.0,1.0,0.0,0.0,1.0,0.0,1.0,13,Beat,5384.615384615385,2,0.06153846153846154,910000,1465.344,0,0,0,0,0,0,0,0,0,0
Hyundai i20 Active 1.2 S,2016,600000,25000,1,17.19,1197.0,81.86,5.0,0.0,0.0,1.0,1.0,0.0,1.0,9,i20,2777.777777777778,1,0.0683876357560568,225000,1407.1734000000001,0,0,1,0,0,0,0,0,0,0
Maruti Wagon R VXI BSIII,2012,260000,31000,1,18.9,998.0,67.1,5.0,0.0,0.0,1.0,1.0,0.0,1.0,13,Wagon,2384.6153846153848,1,0.06723446893787574,403000,1268.1899999999998,0,0,0,1,0,0,0,0,0,0
Maruti Wagon R VXI,2005,70000,50000,3,18.9,998.0,67.1,5.0,0.0,0.0,1.0,1.0,0.0,1.0,20,Wagon,2500.0,1,0.06723446893787574,1000000,1268.1899999999998,0,0,0,1,0,0,0,0,0,0
Hyundai i20 Asta 1.2,2015,515000,120000,2,18.6,1197.0,81.83,5.0,0.0,0.0,1.0,1.0,0.0,1.0,10,i20,12000.0,2,0.06836257309941521,1200000,1522.038,0,0,1,0,0,0,0,0,0,0
Ford Figo Diesel LXI,2012,225000,60000,1,20.0,1399.0,68.0,5.0,1.0,0.0,0.0,1.0,0.0,1.0,13,Figo,4615.384615384615,1,0.04860614724803431,780000,1360.0,1,0,0,0,0,0,0,0,0,0
Maruti Swift Dzire LDi,2011,270000,60000,2,19.3,1248.0,73.9,5.0,1.0,0.0,0.0,1.0,0.0,1.0,14,Swift,4285.714285714285,1,0.059214743589743594,840000,1426.2700000000002,0,0,0,1,0,0,0,0,0,0
Maruti Alto LX,2009,115999,110000,2,19.7,796.0,46.3,5.0,0.0,0.0,1.0,1.0,0.0,1.0,16,Alto,6875.0,2,0.05816582914572864,1760000,912.1099999999999,0,0,0,1,0,0,0,0,0,0
Skoda Rapid 1.5 TDI Active,2013,475000,77300,1,21.14,1498.0,103.52,5.0,1.0,0.0,0.0,0.0,0.0,1.0,12,Rapid,6441.666666666667,2,0.06910547396528705,927600,2188.4128,0,0,0,0,0,1,0,0,0,0
Tata Indica V2 2001-2011 eLX,2011,165000,75000,2,25.0,1396.0,69.0,5.0,1.0,0.0,0.0,0.0,0.0,1.0,14,Indica,5357.142857142857,2,0.0494269340974212,1050000,1725.0,0,0,0,0,0,0,0,1,0,0
Maruti Swift VDI,2015,550000,45000,1,28.4,1248.0,74.0,5.0,1.0,0.0,0.0,0.0,0.0,1.0,10,Swift,4500.0,1,0.05929487179487179,450000,2101.6,0,0,0,1,0,0,0,0,0,0
Maruti Vitara Brezza ZDi,2017,861000,61260,1,24.3,1248.0,88.5,5.0,1.0,0.0,0.0,0.0,0.0,1.0,8,Vitara,7657.5,2,0.07091346153846154,490080,2150.55,0,0,0,1,0,0,0,0,0,0
Ford EcoSport 1.5 Diesel Titanium Plus BSIV,2019,1050000,26000,1,23.0,1498.0,98.96,5.0,1.0,0.0,0.0,0.0,0.0,1.0,6,EcoSport,4333.333333333333,1,0.06606141522029373,156000,2276.08,1,0,0,0,0,0,0,0,0,0
Hyundai i20 1.4 Asta,2017,750000,43000,1,22.54,1396.0,88.73,5.0,1.0,0.0,0.0,0.0,0.0,1.0,8,i20,5375.0,2,0.06356017191977077,344000,1999.9742,0,0,1,0,0,0,0,0,0,0
Maruti Swift ZXI BSIV,2018,730000,4773,1,22.0,1197.0,81.8,5.0,0.0,0.0,1.0,0.0,0.0,1.0,7,Swift,681.8571428571429,1,0.0683375104427736,33411,1799.6,0,0,0,1,0,0,0,0,0,0
Skoda Rapid 1.5 TDI AT Style Plus,2017,860000,31000,1,21.66,1498.0,103.52,5.0,1.0,0.0,0.0,0.0,0.0,0.0,8,Rapid,3875.0,1,0.06910547396528705,248000,2242.2432,0,0,0,0,0,1,0,0,0,0
Maruti SX4 S Cross 2015-2017 DDiS 200 Zeta,2016,775000,52000,1,23.65,1248.0,88.5,5.0,1.0,0.0,0.0,0.0,0.0,1.0,9,SX4,5777.777777777777,2,0.07091346153846154,468000,2093.025,0,0,0,1,0,0,0,0,0,0
Maruti Swift ZXI,2013,411000,62000,1,22.0,1197.0,81.8,5.0,0.0,0.0,1.0,0.0,0.0,1.0,12,Swift,5166.666666666667,2,0.0683375104427736,744000,1799.6,0,0,0,1,0,0,0,0,0,0
Volkswagen Polo 1.5 TDI Highline,2016,540000,66000,1,20.14,1498.0,88.8,5.0,1.0,0.0,0.0,0.0,0.0,1.0,9,Polo,7333.333333333333,2,0.05927903871829105,594000,1788.432,0,0,0,0,0,0,0,0,0,1
Skoda Rapid 1.5 TDI AT Ambition,2016,660000,78010,1,21.66,1498.0,103.52,5.0,1.0,0.0,0.0,0.0,0.0,0.0,9,Rapid,8667.777777777777,2,0.06910547396528705,702090,2242.2432,0,0,0,0,0,1,0,0,0,0
Maruti Celerio VXI AT,2015,411000,23999,1,23.1,998.0,67.04,5.0,0.0,0.0,1.0,0.0,0.0,0.0,10,Celerio,2399.9,1,0.06717434869739479,239990,1548.6240000000003,0,0,0,1,0,0,0,0,0,0
Maruti Baleno Delta Diesel,2016,635000,52000,1,27.39,1248.0,74.0,5.0,1.0,0.0,0.0,0.0,0.0,1.0,9,Baleno,5777.777777777777,2,0.05929487179487179,468000,2026.8600000000001,0,0,0,1,0,0,0,0,0,0
Maruti Swift VDI,2012,350000,145000,3,22.9,1248.0,74.0,5.0,1.0,0.0,0.0,1.0,0.0,1.0,13,Swift,11153.846153846154,2,0.05929487179487179,1885000,1694.6,0,0,0,1,0,0,0,0,0,0
Maruti Zen Estilo LXI BS IV,2010,180000,55000,1,19.0,998.0,67.1,5.0,0.0,0.0,1.0,1.0,0.0,1.0,15,Zen,3666.6666666666665,1,0.06723446893787574,825000,1274.8999999999999,0,0,0,1,0,0,0,0,0,0
Nissan Micra XV CVT,2013,310000,91400,2,19.34,1198.0,76.0,5.0,0.0,0.0,1.0,1.0,0.0,0.0,12,Micra,7616.666666666667,2,0.06343906510851419,1096800,1469.84,0,0,0,0,1,0,0,0,0,0
Hyundai Accent Executive CNG,2012,275000,48000,1,17.82,1495.0,93.7,5.0,0.0,0.0,0.0,1.0,0.0,1.0,13,Accent,3692.3076923076924,1,0.06267558528428094,624000,1669.7340000000002,0,0,1,0,0,0,0,0,0,0
Hyundai Verna Transform SX VGT CRDi AT BS III,2010,245000,185000,4,16.2,1493.0,110.0,5.0,1.0,0.0,0.0,1.0,0.0,0.0,15,Verna,12333.333333333334,2,0.07367716008037509,2775000,1782.0,0,0,1,0,0,0,0,0,0,0
Volkswagen Vento Diesel Highline,2011,275000,125000,4,20.54,1598.0,103.6,5.0,1.0,0.0,0.0,1.0,0.0,1.0,14,Vento,8928.57142857143,2,0.06483103879849812,1750000,2127.944,0,0,0,0,0,0,0,0,0,1
Honda City 2017-2020 GXi,2006,200000,178500,3,17.7,1497.0,78.0,5.0,0.0,0.0,1.0,1.0,0.0,1.0,19,City,9394.736842105263,2,0.052104208416833664,3391500,1380.6,0,1,0,0,0,0,0,0,0,0
Nissan Micra Diesel XV Premium,2012,229999,166000,2,23.08,1461.0,63.1,5.0,1.0,0.0,0.0,1.0,0.0,1.0,13,Micra,12769.23076923077,2,0.0431895961670089,2158000,1456.348,0,0,0,0,1,0,0,0,0,0
Volkswagen Vento Diesel Comfortline,2011,280000,131000,4,20.54,1598.0,103.6,5.0,1.0,0.0,0.0,1.0,0.0,1.0,14,Vento,9357.142857142857,2,0.06483103879849812,1834000,2127.944,0,0,0,0,0,0,0,0,0,1
Maruti Wagon R LXI Minor,2009,125000,50000,2,18.9,1061.0,67.0,5.0,0.0,0.0,1.0,1.0,0.0,1.0,16,Wagon,3125.0,1,0.06314797360980208,800000,1266.3,0,0,0,1,0,0,0,0,0,0
Maruti Swift ZDI BSIV,2015,600000,25000,1,25.2,1248.0,74.0,5.0,1.0,0.0,0.0,1.0,0.0,1.0,10,Swift,2500.0,1,0.05929487179487179,250000,1864.8,0,0,0,1,0,0,0,0,0,0
Honda Jazz V,2018,600000,20000,1,18.2,1199.0,88.7,5.0,0.0,0.0,1.0,1.0,0.0,1.0,7,Jazz,2857.1428571428573,1,0.07397831526271893,140000,1614.34,0,1,0,0,0,0,0,0,0,0
Honda Brio 1.2 VX MT,2016,411000,60000,2,18.5,1198.0,86.8,5.0,0.0,0.0,1.0,1.0,0.0,1.0,9,Brio,6666.666666666667,2,0.07245409015025041,540000,1605.8,0,1,0,0,0,0,0,0,0,0
Maruti Eeco 5 Seater AC BSIV,2010,150000,170000,3,15.37,1196.0,73.0,5.0,0.0,0.0,1.0,1.0,0.0,1.0,15,Eeco,11333.333333333334,2,0.061036789297658864,2550000,1122.01,0,0,0,1,0,0,0,0,0,0
Maruti Ciaz ZDi Plus,2015,630000,70000,1,26.21,1248.0,88.5,5.0,1.0,0.0,0.0,1.0,0.0,1.0,10,Ciaz,7000.0,2,0.07091346153846154,700000,2319.585,0,0,0,1,0,0,0,0,0,0
Maruti Swift Dzire AMT VXI BS IV,2019,700000,45000,1,22.0,1197.0,81.8,5.0,0.0,0.0,1.0,1.0,0.0,0.0,6,Swift,7500.0,2,0.0683375104427736,270000,1799.6,0,0,0,1,0,0,0,0,0,0
Hyundai Accent VIVA CRDi,2003,145000,120000,4,13.1,1493.0,82.0,5.0,1.0,0.0,0.0,1.0,0.0,1.0,22,Accent,5454.545454545455,2,0.05492297387809779,2640000,1074.2,0,0,1,0,0,0,0,0,0,0
Ford Figo Aspire 1.5 TDCi Trend,2015,400000,143000,1,25.83,1498.0,99.0,5.0,1.0,0.0,0.0,1.0,0.0,1.0,10,Figo,14300.0,2,0.06608811748998665,1430000,2557.1699999999996,1,0,0,0,0,0,0,0,0,0
Maruti Swift Dzire VDI,2015,600000,100000,1,26.59,1248.0,74.0,5.0,1.0,0.0,0.0,1.0,0.0,1.0,10,Swift,10000.0,2,0.05929487179487179,1000000,1967.66,0,0,0,1,0,0,0,0,0,0
Maruti Celerio X VXI,2018,459999,50000,1,21.63,998.0,67.0,5.0,0.0,0.0,1.0,1.0,0.0,1.0,7,Celerio,7142.857142857143,2,0.06713426853707415,350000,1449.21,0,0,0,1,0,0,0,0,0,0
Hyundai i20 1.4 Asta Option,2018,800000,30000,1,22.54,1396.0,88.73,5.0,1.0,0.0,0.0,1.0,0.0,1.0,7,i20,4285.714285714285,1,0.06356017191977077,210000,1999.9742,0,0,1,0,0,0,0,0,0,0
Maruti Eeco CNG 5 Seater AC BSIV,2017,370000,25000,1,29.619000000000003,1196.0,61.7,5.0,0.0,0.0,0.0,1.0,0.0,1.0,8,Eeco,3125.0,1,0.051588628762541805,200000,1827.4923000000003,0,0,0,1,0,0,0,0,0,0
Renault Pulse RxL Optional,2013,290000,90000,1,23.08,1461.0,63.12,5.0,1.0,0.0,0.0,1.0,0.0,1.0,12,Pulse,7500.0,2,0.04320328542094456,1080000,1456.8095999999998,0,0,0,0,0,0,1,0,0,0
Maruti Swift VDI,2018,671000,62000,1,28.4,1248.0,74.0,5.0,1.0,0.0,0.0,1.0,0.0,1.0,7,Swift,8857.142857142857,2,0.05929487179487179,434000,2101.6,0,0,0,1,0,0,0,0,0,0
Tata Indigo eCS LX TDI BSIII,2012,140000,80000,4,19.09,1396.0,69.0,5.0,1.0,0.0,0.0,1.0,0.0,1.0,13,Indigo,6153.846153846154,2,0.0494269340974212,1040000,1317.21,0,0,0,0,0,0,0,1,0,0
Maruti Alto Std,2011,141000,15000,3,19.7,796.0,46.3,5.0,0.0,0.0,1.0,1.0,0.0,1.0,14,Alto,1071.4285714285713,1,0.05816582914572864,210000,912.1099999999999,0,0,0,1,0,0,0,0,0,0
Maruti Alto LX,2009,125000,70000,2,19.7,796.0,46.3,5.0,0.0,0.0,1.0,1.0,0.0,1.0,16,Alto,4375.0,1,0.05816582914572864,1120000,912.1099999999999,0,0,0,1,0,0,0,0,0,0
Tata Indica Vista TDI LS,2013,150000,90000,2,19.4,1405.0,70.0,5.0,1.0,0.0,0.0,1.0,0.0,1.0,12,Indica,7500.0,2,0.0498220640569395,1080000,1358.0,0,0,0,0,0,0,0,1,0,0
Maruti Wagon R LX Minor,2007,125000,100000,3,18.9,1061.0,67.0,5.0,0.0,0.0,1.0,1.0,0.0,1.0,18,Wagon,5555.555555555556,2,0.06314797360980208,1800000,1266.3,0,0,0,1,0,0,0,0,0,0
Hyundai Grand i10 1.2 Kappa Sportz BSIV,2018,600000,25000,2,18.9,1197.0,81.86,5.0,0.0,0.0,1.0,1.0,0.0,1.0,7,Grand,3571.4285714285716,1,0.0683876357560568,175000,1547.1539999999998,0,0,1,0,0,0,0,0,0,0
Hyundai i20 1.4 Sportz,2017,700000,40000,1,22.54,1396.0,88.73,5.0,1.0,0.0,0.0,1.0,0.0,1.0,8,i20,5000.0,1,0.06356017191977077,320000,1999.9742,0,0,1,0,0,0,0,0,0,0
Hyundai i20 1.4 Asta Option,2017,700000,70000,1,22.54,1396.0,88.73,5.0,1.0,0.0,0.0,1.0,0.0,1.0,8,i20,8750.0,2,0.06356017191977077,560000,1999.9742,0,0,1,0,0,0,0,0,0,0
Maruti Swift Dzire VDI,2017,740000,40000,1,28.4,1248.0,74.02,5.0,1.0,0.0,0.0,1.0,0.0,1.0,8,Swift,5000.0,1,0.05931089743589743,320000,2102.1679999999997,0,0,0,1,0,0,0,0,0,0
Skoda Octavia Classic 1.9 TDI MT,2007,300000,155000,1,18.7,1896.0,66.0,5.0,1.0,0.0,0.0,1.0,0.0,1.0,18,Octavia,8611.111111111111,2,0.03481012658227848,2790000,1234.2,0,0,0,0,0,1,0,0,0,0
Toyota Etios G,2011,300000,110000,1,17.6,1496.0,88.73,5.0,0.0,0.0,1.0,1.0,0.0,1.0,14,Etios,7857.142857142857,2,0.05931149732620321,1540000,1561.6480000000001,0,0,0,0,0,0,0,0,1,0
Renault Scala Diesel RxE,2015,530000,110000,1,21.64,1461.0,84.8,5.0,1.0,0.0,0.0,1.0,0.0,1.0,10,Scala,11000.0,2,0.05804243668720054,1100000,1835.072,0,0,0,0,0,0,1,0,0,0
Hyundai Grand i10 1.2 CRDi Sportz Option,2017,530000,80000,2,24.0,1186.0,73.97,5.0,1.0,0.0,0.0,1.0,0.0,1.0,8,Grand,10000.0,2,0.062369308600337264,640000,1775.28,0,0,1,0,0,0,0,0,0,0
Hyundai Santro Xing GLS,2011,210000,50000,2,17.92,1086.0,62.1,5.0,0.0,0.0,1.0,1.0,0.0,1.0,14,Santro,3571.4285714285716,1,0.057182320441988954,700000,1112.832,0,0,1,0,0,0,0,0,0,0
Maruti Alto LXi,2007,130000,90000,2,19.7,796.0,46.3,5.0,0.0,0.0,1.0,1.0,0.0,1.0,18,Alto,5000.0,1,0.05816582914572864,1620000,912.1099999999999,0,0,0,1,0,0,0,0,0,0
Maruti Wagon R LXI DUO BSIII,2008,148000,80000,2,23.355000000000004,1061.0,57.5,5.0,0.0,1.0,0.0,1.0,0.0,1.0,17,Wagon,4705.882352941177,1,0.05419415645617342,1360000,1342.9125000000001,0,0,0,1,0,0,0,0,0,0
Hyundai i20 1.4 CRDi Magna,2011,270000,105000,2,21.9,1396.0,90.0,5.0,1.0,0.0,0.0,1.0,0.0,1.0,14,i20,7500.0,2,0.06446991404011461,1470000,1970.9999999999998,0,0,1,0,0,0,0,0,0,0
Hyundai i10 Magna 1.2 iTech SE,2013,375000,40000,1,20.36,1197.0,78.9,5.0,0.0,0.0,1.0,1.0,0.0,1.0,12,i10,3333.3333333333335,1,0.06591478696741855,480000,1606.404,0,0,1,0,0,0,0,0,0,0
Mahindra Bolero LX,2005,350000,15000,2,19.5,1248.0,81.83,5.0,1.0,0.0,0.0,1.0,0.0,1.0,20,Bolero,750.0,1,0.06556891025641025,300000,1595.685,0,0,0,0,0,1,0,0,0,0
Hyundai Verna CRDi ABS,2007,180000,150000,2,18.1,1493.0,110.0,5.0,1.0,0.0,0.0,1.0,0.0,1.0,18,Verna,8333.333333333334,2,0.07367716008037509,2700000,1991.0000000000002,0,0,1,0,0,0,0,0,0,0
Maruti Ritz VDi,2014,425000,80000,2,23.2,1248.0,73.94,5.0,1.0,0.0,0.0,1.0,0.0,1.0,11,Ritz,7272.727272727273,2,0.05924679487179487,880000,1715.408,0,0,0,1,0,0,0,0,0,0
Ford EcoSport 1.5 Diesel Titanium BSIV,2018,900000,25000,1,23.0,1498.0,98.96,5.0,1.0,0.0,0.0,1.0,0.0,1.0,7,EcoSport,3571.4285714285716,1,0.06606141522029373,175000,2276.08,1,0,0,0,0,0,0,0,0,0
Tata Indica V2 eLS,2017,290000,40000,1,25.0,1396.0,69.0,5.0,1.0,0.0,0.0,1.0,0.0,1.0,8,Indica,5000.0,1,0.0494269340974212,320000,1725.0,0,0,0,0,0,0,0,1,0,0
Ford Figo Diesel ZXI,2011,229999,40000,2,20.0,1399.0,68.0,5.0,1.0,0.0,0.0,1.0,0.0,1.0,14,Figo,2857.1428571428573,1,0.04860614724803431,560000,1360.0,1,0,0,0,0,0,0,0,0,0
Ford Figo Diesel EXI,2012,300000,70000,1,20.0,1399.0,68.0,5.0,1.0,0.0,0.0,1.0,0.0,1.0,13,Figo,5384.615384615385,2,0.04860614724803431,910000,1360.0,1,0,0,0,0,0,0,0,0,0
Maruti Ritz VDi,2010,220000,110000,3,21.1,1248.0,73.9,5.0,1.0,0.0,0.0,1.0,0.0,1.0,15,Ritz,7333.333333333333,2,0.059214743589743594,1650000,1559.2900000000002,0,0,0,1,0,0,0,0,0,0
Renault Duster RXL AWD,2013,695000,120000,1,19.01,1461.0,108.45,5.0,1.0,0.0,0.0,1.0,0.0,1.0,12,Duster,10000.0,2,0.0742299794661191,1440000,2061.6345,0,0,0,0,0,0,1,0,0,0
Maruti Swift Dzire Vdi BSIV,2010,320000,120000,2,19.3,1248.0,73.9,5.0,1.0,0.0,0.0,1.0,0.0,1.0,15,Swift,8000.0,2,0.059214743589743594,1800000,1426.2700000000002,0,0,0,1,0,0,0,0,0,0
Tata Indica V2 DLS TC,2004,85000,120000,2,16.8,1405.0,62.0,5.0,1.0,0.0,0.0,1.0,0.0,1.0,21,Indica,5714.285714285715,2,0.04412811387900356,2520000,1041.6000000000001,0,0,0,0,0,0,0,1,0,0
Volkswagen Polo 1.5 TDI Highline,2015,550000,90000,1,20.14,1498.0,88.8,5.0,1.0,0.0,0.0,1.0,0.0,1.0,10,Polo,9000.0,2,0.05927903871829105,900000,1788.432,0,0,0,0,0,0,0,0,0,1
Maruti Swift ZXI ABS,2007,215000,100750,2,16.1,1298.0,88.2,5.0,0.0,0.0,1.0,1.0,0.0,1.0,18,Swift,5597.222222222223,2,0.0679506933744222,1813500,1420.0200000000002,0,0,0,1,0,0,0,0,0,0
Hyundai Accent GLS 1.6 ABS,2006,110000,140000,2,14.4,1599.0,94.0,5.0,0.0,0.0,1.0,1.0,0.0,1.0,19,Accent,7368.421052631579,2,0.058786741713570984,2660000,1353.6000000000001,0,0,1,0,0,0,0,0,0,0
Honda City 2017-2020 EXi,2007,170000,110000,3,17.7,1497.0,78.0,5.0,0.0,0.0,1.0,1.0,0.0,1.0,18,City,6111.111111111111,2,0.052104208416833664,1980000,1380.6,0,1,0,0,0,0,0,0,0,0
Tata Nexon 1.2 Revotron XZ Plus,2018,850000,40000,2,17.0,1198.0,108.5,5.0,0.0,0.0,1.0,1.0,0.0,1.0,7,Nexon,5714.285714285715,2,0.09056761268781302,280000,1844.5,0,0,0,0,0,0,0,1,0,0
Hyundai i20 Asta 1.4 CRDi (Diesel),2010,350000,148000,2,23.0,1396.0,90.0,5.0,1.0,0.0,0.0,1.0,0.0,1.0,15,i20,9866.666666666666,2,0.06446991404011461,2220000,2070.0,0,0,1,0,0,0,0,0,0,0
Hyundai Santro AT,2005,120000,190000,2,19.5,1248.0,81.83,5.0,0.0,0.0,1.0,1.0,0.0,0.0,20,Santro,9500.0,2,0.06556891025641025,3800000,1595.685,0,0,1,0,0,0,0,0,0,0
Tata Indica Vista Quadrajet LS,2015,250000,155000,2,22.3,1248.0,74.0,5.0,1.0,0.0,0.0,1.0,0.0,1.0,10,Indica,15500.0,3,0.05929487179487179,1550000,1650.2,0,0,0,0,0,0,0,1,0,0
Ford Figo Aspire 1.5 TDCi Titanium,2015,433000,70000,1,25.83,1498.0,99.0,5.0,1.0,0.0,0.0,1.0,0.0,1.0,10,Figo,7000.0,2,0.06608811748998665,700000,2557.1699999999996,1,0,0,0,0,0,0,0,0,0
Hyundai EON D Lite Plus,2015,300000,45000,1,21.1,814.0,55.2,5.0,0.0,0.0,1.0,1.0,0.0,1.0,10,EON,4500.0,1,0.06781326781326781,450000,1164.72,0,0,1,0,0,0,0,0,0,0
Hyundai EON Era Plus,2014,250000,20000,1,21.1,814.0,55.2,5.0,0.0,0.0,1.0,1.0,0.0,1.0,11,EON,1818.1818181818182,1,0.06781326781326781,220000,1164.72,0,0,1,0,0,0,0,0,0,0
Hyundai Santro Xing GL Plus,2013,187000,120000,2,17.92,1086.0,62.1,5.0,0.0,0.0,1.0,1.0,0.0,1.0,12,Santro,10000.0,2,0.057182320441988954,1440000,1112.832,0,0,1,0,0,0,0,0,0,0
Maruti Swift VDI,2013,335000,90000,2,22.9,1248.0,74.0,5.0,1.0,0.0,0.0,1.0,0.0,1.0,12,Swift,7500.0,2,0.05929487179487179,1080000,1694.6,0,0,0,1,0,0,0,0,0,0
Maruti Swift Dzire VXI,2016,488000,80000,2,20.85,1197.0,83.14,5.0,0.0,0.0,1.0,1.0,0.0,1.0,9,Swift,8888.888888888889,2,0.06945697577276524,720000,1733.469,0,0,0,1,0,0,0,0,0,0
Maruti SX4 Zxi with Leather BSIII,2008,111000,110000,3,15.6,1586.0,104.68,5.0,0.0,0.0,1.0,1.0,0.0,1.0,17,SX4,6470.588235294118,2,0.06600252206809584,1870000,1633.008,0,0,0,1,0,0,0,0,0,0
Maruti Ciaz VDi Plus,2015,600000,70000,1,26.21,1248.0,88.5,5.0,1.0,0.0,0.0,1.0,0.0,1.0,10,Ciaz,7000.0,2,0.07091346153846154,700000,2319.585,0,0,0,1,0,0,0,0,0,0
Maruti Swift VXI,2020,570000,5000,1,21.21,1197.0,81.8,5.0,0.0,0.0,1.0,1.0,0.0,1.0,5,Swift,1000.0,1,0.0683375104427736,25000,1734.978,0,0,0,1,0,0,0,0,0,0
Hyundai Santro Xing XS,2007,110000,75000,2,17.8,1086.0,63.0,5.0,0.0,0.0,1.0,1.0,0.0,1.0,18,Santro,4166.666666666667,1,0.058011049723756904,1350000,1121.4,0,0,1,0,0,0,0,0,0,0
Maruti Swift ZXI,2014,434999,50000,1,18.6,1197.0,85.8,5.0,0.0,0.0,1.0,1.0,0.0,1.0,11,Swift,4545.454545454545,1,0.07167919799498747,550000,1595.88,0,0,0,1,0,0,0,0,0,0
Hyundai EON Era Plus,2014,229999,70000,1,21.1,814.0,55.2,5.0,0.0,0.0,1.0,1.0,0.0,1.0,11,EON,6363.636363636364,2,0.06781326781326781,770000,1164.72,0,0,1,0,0,0,0,0,0,0
Nissan Terrano XL Plus 85 PS,2014,490000,90000,2,20.45,1461.0,83.8,5.0,1.0,0.0,0.0,1.0,0.0,1.0,11,Terrano,8181.818181818182,2,0.05735797399041752,990000,1713.7099999999998,0,0,0,0,1,0,0,0,0,0
Maruti Swift Dzire VXi,2011,300000,100000,2,17.5,1298.0,85.8,5.0,0.0,0.0,1.0,1.0,0.0,1.0,14,Swift,7142.857142857143,2,0.06610169491525424,1400000,1501.5,0,0,0,1,0,0,0,0,0,0
Chevrolet Beat LT,2017,350000,90000,1,17.8,1199.0,76.8,5.0,0.0,0.0,1.0,1.0,0.0,1.0,8,Beat,11250.0,2,0.0640533778148457,720000,1367.04,0,0,0,0,0,0,0,0,0,0
Maruti Alto 800 LXI,2017,310000,35000,1,24.7,796.0,47.3,5.0,0.0,0.0,1.0,1.0,0.0,1.0,8,Alto,4375.0,1,0.059422110552763814,280000,1168.31,0,0,0,1,0,0,0,0,0,0
Maruti Swift VDI,2013,400000,188000,2,22.9,1248.0,74.0,5.0,1.0,0.0,0.0,1.0,0.0,1.0,12,Swift,15666.666666666666,3,0.05929487179487179,2256000,1694.6,0,0,0,1,0,0,0,0,0,0
Tata Indica V2 DLX,2008,67000,80000,2,17.2,1396.0,53.5,5.0,1.0,0.0,0.0,1.0,0.0,1.0,17,Indica,4705.882352941177,1,0.03832378223495702,1360000,920.1999999999999,0,0,0,0,0,0,0,1,0,0
Ford Figo 1.5D Titanium MT,2015,480000,80000,1,25.83,1498.0,99.0,5.0,1.0,0.0,0.0,1.0,0.0,1.0,10,Figo,8000.0,2,0.06608811748998665,800000,2557.1699999999996,1,0,0,0,0,0,0,0,0,0
Hyundai Santro Xing XL eRLX Euro II,2006,105000,60000,3,19.5,1248.0,81.83,5.0,0.0,0.0,1.0,1.0,0.0,1.0,19,Santro,3157.8947368421054,1,0.06556891025641025,1140000,1595.685,0,0,1,0,0,0,0,0,0,0
Toyota Etios Liva GD,2012,275000,120000,2,19.5,1248.0,81.83,5.0,1.0,0.0,0.0,1.0,0.0,1.0,13,Etios,9230.76923076923,2,0.06556891025641025,1560000,1595.685,0,0,0,0,0,0,0,0,1,0
Tata Indica DLX,2003,40000,70000,1,19.5,1248.0,81.83,5.0,1.0,0.0,0.0,1.0,0.0,1.0,22,Indica,3181.818181818182,1,0.06556891025641025,1540000,1595.685,0,0,0,0,0,0,0,1,0,0
Maruti Alto 800 VXI,2018,300000,15000,2,24.7,796.0,47.3,5.0,0.0,0.0,1.0,1.0,0.0,1.0,7,Alto,2142.8571428571427,1,0.059422110552763814,105000,1168.31,0,0,0,1,0,0,0,0,0,0
Maruti Alto LXi,2007,100000,70000,1,19.7,796.0,46.3,5.0,0.0,0.0,1.0,1.0,0.0,1.0,18,Alto,3888.8888888888887,1,0.05816582914572864,1260000,912.1099999999999,0,0,0,1,0,0,0,0,0,0
Tata Indica Vista Terra TDI BSIII,2011,70000,80000,2,17.0,1405.0,71.0,5.0,1.0,0.0,0.0,1.0,0.0,1.0,14,Indica,5714.285714285715,2,0.050533807829181494,1120000,1207.0,0,0,0,0,0,0,0,1,0,0
Ford EcoSport 1.5 TDCi Titanium BSIV,2017,900000,60000,1,22.77,1498.0,98.59,5.0,1.0,0.0,0.0,1.0,0.0,1.0,8,EcoSport,7500.0,2,0.06581441922563418,480000,2244.8943,1,0,0,0,0,0,0,0,0,0
Toyota Etios 1.4 VXD,2017,650000,120000,2,23.59,1364.0,67.04,5.0,1.0,0.0,0.0,1.0,0.0,1.0,8,Etios,15000.0,2,0.04914956011730206,960000,1581.4736,0,0,0,0,0,0,0,0,1,0
Hyundai Santro DX,2003,55000,120000,3,19.5,1248.0,81.83,5.0,0.0,0.0,1.0,1.0,0.0,1.0,22,Santro,5454.545454545455,2,0.06556891025641025,2640000,1595.685,0,0,1,0,0,0,0,0,0,0
Hyundai Grand i10 Asta,2016,550000,70000,1,18.9,1197.0,82.0,5.0,0.0,0.0,1.0,1.0,0.0,1.0,9,Grand,7777.777777777777,2,0.06850459482038429,630000,1549.8,0,0,1,0,0,0,0,0,0,0
Hyundai Santro Era,2019,425000,15000,1,20.3,1086.0,68.0,5.0,0.0,0.0,1.0,1.0,0.0,1.0,6,Santro,2500.0,1,0.06261510128913444,90000,1380.4,0,0,1,0,0,0,0,0,0,0
Maruti Ciaz ZDi Plus SHVS,2017,900000,65000,1,28.09,1248.0,88.5,5.0,1.0,0.0,0.0,1.0,0.0,1.0,8,Ciaz,8125.0,2,0.07091346153846154,520000,2485.965,0,0,0,1,0,0,0,0,0,0
Hyundai i20 Sportz 1.2,2015,516000,90000,1,18.6,1197.0,81.83,5.0,0.0,0.0,1.0,1.0,0.0,1.0,10,i20,9000.0,2,0.06836257309941521,900000,1522.038,0,0,1,0,0,0,0,0,0,0
Tata Indica Vista Aura 1.2 Safire (ABS) 90hp BS IV,2011,150000,70000,2,16.5,1172.0,65.0,5.0,0.0,0.0,1.0,1.0,0.0,1.0,14,Indica,5000.0,1,0.05546075085324232,980000,1072.5,0,0,0,0,0,0,0,1,0,0
Maruti Wagon R LXI BS IV,2016,400000,30000,1,20.51,998.0,67.04,5.0,0.0,0.0,1.0,1.0,0.0,1.0,9,Wagon,3333.3333333333335,1,0.06717434869739479,270000,1374.9904000000001,0,0,0,1,0,0,0,0,0,0
Hyundai Santro Xing XS,2007,165000,90000,3,17.8,1086.0,63.0,5.0,0.0,0.0,1.0,1.0,0.0,1.0,18,Santro,5000.0,1,0.058011049723756904,1620000,1121.4,0,0,1,0,0,0,0,0,0,0
Nissan Terrano XL 85 PS,2015,1000000,110000,1,20.45,1461.0,83.8,5.0,1.0,0.0,0.0,1.0,0.0,1.0,10,Terrano,11000.0,2,0.05735797399041752,1100000,1713.7099999999998,0,0,0,0,1,0,0,0,0,0
Maruti Swift Dzire VDI,2015,440000,110000,1,26.59,1248.0,74.0,5.0,1.0,0.0,0.0,1.0,0.0,1.0,10,Swift,11000.0,2,0.05929487179487179,1100000,1967.66,0,0,0,1,0,0,0,0,0,0
Maruti Swift Dzire ZDI,2013,475000,149000,1,23.4,1248.0,74.0,5.0,1.0,0.0,0.0,1.0,0.0,1.0,12,Swift,12416.666666666666,2,0.05929487179487179,1788000,1731.6,0,0,0,1,0,0,0,0,0,0
Ford Figo 1.5D Titanium MT,2016,515000,100000,1,25.83,1498.0,99.0,5.0,1.0,0.0,0.0,1.0,0.0,1.0,9,Figo,11111.111111111111,2,0.06608811748998665,900000,2557.1699999999996,1,0,0,0,0,0,0,0,0,0
Maruti SX4 ZDI Leather,2012,380000,80000,4,21.5,1248.0,88.8,5.0,1.0,0.0,0.0,1.0,0.0,1.0,13,SX4,6153.846153846154,2,0.07115384615384615,1040000,1909.2,0,0,0,1,0,0,0,0,0,0
Toyota Etios Liva GD SP,2012,405000,150000,1,19.5,1248.0,81.83,5.0,1.0,0.0,0.0,1.0,0.0,1.0,13,Etios,11538.461538461539,2,0.06556891025641025,1950000,1595.685,0,0,0,0,0,0,0,0,1,0
Maruti Ignis 1.2 Delta BSIV,2018,535000,12000,1,20.89,1197.0,81.8,5.0,0.0,0.0,1.0,1.0,0.0,1.0,7,Ignis,1714.2857142857142,1,0.0683375104427736,84000,1708.802,0,0,0,1,0,0,0,0,0,0
Hyundai i10 Magna,2011,215000,40000,2,20.36,1197.0,78.9,5.0,0.0,0.0,1.0,1.0,0.0,1.0,14,i10,2857.1428571428573,1,0.06591478696741855,560000,1606.404,0,0,1,0,0,0,0,0,0,0
Hyundai Grand i10 1.2 Kappa Magna BSIV,2017,445000,27000,1,18.9,1197.0,81.86,5.0,0.0,0.0,1.0,1.0,0.0,1.0,8,Grand,3375.0,1,0.0683876357560568,216000,1547.1539999999998,0,0,1,0,0,0,0,0,0,0
Maruti Wagon R VXI BS IV,2015,335000,120000,1,20.51,998.0,67.04,5.0,0.0,0.0,1.0,1.0,0.0,1.0,10,Wagon,12000.0,2,0.06717434869739479,1200000,1374.9904000000001,0,0,0,1,0,0,0,0,0,0
Maruti Eeco 5 Seater AC BSIV,2014,300000,49025,1,15.37,1196.0,73.0,5.0,0.0,0.0,1.0,1.0,0.0,1.0,11,Eeco,4456.818181818182,1,0.061036789297658864,539275,1122.01,0,0,0,1,0,0,0,0,0,0
Maruti Alto K10 LXI,2014,240000,90000,2,23.95,998.0,67.05,5.0,0.0,0.0,1.0,1.0,0.0,1.0,11,Alto,8181.818181818182,2,0.06718436873747495,990000,1605.8474999999999,0,0,0,1,0,0,0,0,0,0
Tata Tiago 1.2 Revotron XE,2016,300000,90000,1,23.84,1199.0,84.0,5.0,0.0,0.0,1.0,1.0,0.0,1.0,9,Tiago,10000.0,2,0.07005838198498748,810000,2002.56,0,0,0,0,0,0,0,1,0,0
Tata Indica V2 DLE BSII,2007,50000,80000,3,17.2,1396.0,53.5,5.0,1.0,0.0,0.0,1.0,0.0,1.0,18,Indica,4444.444444444444,1,0.03832378223495702,1440000,920.1999999999999,0,0,0,0,0,0,0,1,0,0
Maruti Vitara Brezza LDi Option,2016,640000,70000,1,24.3,1248.0,88.5,5.0,1.0,0.0,0.0,1.0,0.0,1.0,9,Vitara,7777.777777777777,2,0.07091346153846154,630000,2150.55,0,0,0,1,0,0,0,0,0,0
Maruti Swift Dzire 1.2 Vxi BSIV,2012,350000,35000,1,17.5,1197.0,85.8,5.0,0.0,0.0,1.0,1.0,0.0,1.0,13,Swift,2692.3076923076924,1,0.07167919799498747,455000,1501.5,0,0,0,1,0,0,0,0,0,0
Maruti Swift Dzire VXI,2013,385000,120000,1,19.1,1197.0,85.8,5.0,0.0,0.0,1.0,1.0,0.0,1.0,12,Swift,10000.0,2,0.07167919799498747,1440000,1638.78,0,0,0,1,0,0,0,0,0,0
Maruti Swift Dzire VDI,2013,409999,100000,2,23.4,1248.0,74.0,5.0,1.0,0.0,0.0,1.0,0.0,1.0,12,Swift,8333.333333333334,2,0.05929487179487179,1200000,1731.6,0,0,0,1,0,0,0,0,0,0
Ford Fiesta 1.6 Duratec EXI,2009,210000,60000,3,15.3,1596.0,101.0,5.0,0.0,0.0,1.0,1.0,0.0,1.0,16,Fiesta,3750.0,1,0.06328320802005012,960000,1545.3000000000002,1,0,0,0,0,0,0,0,0,0
Ford Figo Diesel ZXI,2011,170000,70000,2,20.0,1399.0,68.0,5.0,1.0,0.0,0.0,1.0,0.0,1.0,14,Figo,5000.0,1,0.04860614724803431,980000,1360.0,1,0,0,0,0,0,0,0,0,0
Honda City i DTEC VX,2014,650000,140000,1,25.1,1498.0,98.6,5.0,1.0,0.0,0.0,1.0,0.0,1.0,11,City,12727.272727272728,2,0.06582109479305741,1540000,2474.86,0,1,0,0,0,0,0,0,0,0
Maruti Alto LXi,2012,145000,70000,1,19.7,796.0,46.3,5.0,0.0,0.0,1.0,1.0,0.0,1.0,13,Alto,5384.615384615385,2,0.05816582914572864,910000,912.1099999999999,0,0,0,1,0,0,0,0,0,0
Volkswagen Polo 2015-2019 1.5 TDI Highline Plus,2018,681000,27000,1,20.14,1498.0,88.0,5.0,1.0,0.0,0.0,1.0,0.0,1.0,7,Polo,3857.1428571428573,1,0.05874499332443257,189000,1772.3200000000002,0,0,0,0,0,0,0,0,0,1
Honda City i DTEC VX,2015,635000,173000,1,25.1,1498.0,98.6,5.0,1.0,0.0,0.0,1.0,0.0,1.0,10,City,17300.0,3,0.06582109479305741,1730000,2474.86,0,1,0,0,0,0,0,0,0,0
Maruti Alto LXi BSIII,2010,140000,80000,2,19.7,796.0,46.3,5.0,0.0,0.0,1.0,1.0,0.0,1.0,15,Alto,5333.333333333333,2,0.05816582914572864,1200000,912.1099999999999,0,0,0,1,0,0,0,0,0,0
Honda City i DTec VX,2016,750000,86000,3,26.0,1498.0,98.6,5.0,1.0,0.0,0.0,1.0,0.0,1.0,9,City,9555.555555555555,2,0.06582109479305741,774000,2563.6,0,1,0,0,0,0,0,0,0,0
Honda City i DTEC V,2015,611000,80000,2,26.0,1498.0,98.6,5.0,1.0,0.0,0.0,1.0,0.0,1.0,10,City,8000.0,2,0.06582109479305741,800000,2563.6,0,1,0,0,0,0,0,0,0,0
Maruti Alto LXi,2007,110000,120000,3,19.7,796.0,46.3,5.0,0.0,0.0,1.0,1.0,0.0,1.0,18,Alto,6666.666666666667,2,0.05816582914572864,2160000,912.1099999999999,0,0,0,1,0,0,0,0,0,0
Maruti Wagon R AX BSIII,2006,100000,100000,2,16.0,1061.0,64.0,5.0,0.0,0.0,1.0,1.0,0.0,0.0,19,Wagon,5263.1578947368425,2,0.060320452403393024,1900000,1024.0,0,0,0,1,0,0,0,0,0,0
Tata Indica Vista Quadrajet VX Tech,2014,225000,120000,1,22.3,1248.0,74.0,5.0,1.0,0.0,0.0,1.0,0.0,1.0,11,Indica,10909.09090909091,2,0.05929487179487179,1320000,1650.2,0,0,0,0,0,0,0,1,0,0
Hyundai Verna Transform CRDi VGT SX ABS,2010,250000,190000,3,16.2,1493.0,110.0,5.0,1.0,0.0,0.0,1.0,0.0,1.0,15,Verna,12666.666666666666,2,0.07367716008037509,2850000,1782.0,0,0,1,0,0,0,0,0,0,0
Maruti Alto LXi,2012,135000,70000,1,19.7,796.0,46.3,5.0,0.0,0.0,1.0,1.0,0.0,1.0,13,Alto,5384.615384615385,2,0.05816582914572864,910000,912.1099999999999,0,0,0,1,0,0,0,0,0,0
Maruti Alto LX,2006,65000,100000,2,19.7,796.0,46.3,5.0,0.0,0.0,1.0,1.0,0.0,1.0,19,Alto,5263.1578947368425,2,0.05816582914572864,1900000,912.1099999999999,0,0,0,1,0,0,0,0,0,0
Maruti Alto K10 VXI,2016,260000,120000,1,23.95,998.0,67.05,5.0,0.0,0.0,1.0,1.0,0.0,1.0,9,Alto,13333.333333333334,2,0.06718436873747495,1080000,1605.8474999999999,0,0,0,1,0,0,0,0,0,0
Maruti Swift Dzire VDI,2014,465000,120000,2,23.4,1248.0,74.0,5.0,1.0,0.0,0.0,1.0,0.0,1.0,11,Swift,10909.09090909091,2,0.05929487179487179,1320000,1731.6,0,0,0,1,0,0,0,0,0,0
Maruti Swift 1.3 VXi,2007,150000,80000,4,19.5,1248.0,81.83,5.0,0.0,0.0,1.0,1.0,0.0,1.0,18,Swift,4444.444444444444,1,0.06556891025641025,1440000,1595.685,0,0,0,1,0,0,0,0,0,0
Hyundai i20 Asta,2009,200000,81000,4,17.0,1197.0,80.0,5.0,0.0,0.0,1.0,1.0,0.0,1.0,16,i20,5062.5,2,0.06683375104427736,1296000,1360.0,0,0,1,0,0,0,0,0,0,0
Chevrolet Beat LS,2011,125000,90000,2,18.6,1199.0,79.4,5.0,0.0,0.0,1.0,1.0,0.0,1.0,14,Beat,6428.571428571428,2,0.06622185154295246,1260000,1476.8400000000001,0,0,0,0,0,0,0,0,0,0
Chevrolet Beat LS,2012,124000,40000,2,18.6,1199.0,79.4,5.0,0.0,0.0,1.0,1.0,0.0,1.0,13,Beat,3076.923076923077,1,0.06622185154295246,520000,1476.8400000000001,0,0,0,0,0,0,0,0,0,0
Tata Indica GLS BS IV,2007,80000,80000,3,15.3,1193.0,65.3,5.0,0.0,0.0,1.0,1.0,0.0,1.0,18,Indica,4444.444444444444,1,0.05473595976529757,1440000,999.09,0,0,0,0,0,0,0,1,0,0
Chevrolet Sail 1.2 LS,2015,200000,50000,1,18.2,1199.0,82.4,5.0,0.0,0.0,1.0,1.0,0.0,1.0,10,Sail,5000.0,1,0.06872393661384488,500000,1499.68,0,0,0,0,0,0,0,0,0,0
Tata Tiago 1.2 Revotron XZ,2016,425000,13500,1,23.84,1199.0,84.0,5.0,0.0,0.0,1.0,1.0,0.0,1.0,9,Tiago,1500.0,1,0.07005838198498748,121500,2002.56,0,0,0,0,0,0,0,1,0,0
Maruti Alto 800 LXI Optional,2016,300000,38000,1,24.7,796.0,47.3,5.0,0.0,0.0,1.0,1.0,0.0,1.0,9,Alto,4222.222222222223,1,0.059422110552763814,342000,1168.31,0,0,0,1,0,0,0,0,0,0
Maruti Wagon R LXI,2006,80000,150000,4,18.9,998.0,67.1,5.0,0.0,0.0,1.0,1.0,0.0,1.0,19,Wagon,7894.736842105263,2,0.06723446893787574,2850000,1268.1899999999998,0,0,0,1,0,0,0,0,0,0
Chevrolet Sail Hatchback Diesel Base,2013,295000,50000,1,22.1,1248.0,76.9,5.0,1.0,0.0,0.0,1.0,0.0,1.0,12,Sail,4166.666666666667,1,0.06161858974358975,600000,1699.4900000000002,0,0,0,0,0,0,0,0,0,0
Tata Indigo CS LE (TDI) BS-III,2008,100000,120000,3,19.09,1396.0,69.0,5.0,1.0,0.0,0.0,1.0,0.0,1.0,17,Indigo,7058.823529411765,2,0.0494269340974212,2040000,1317.21,0,0,0,0,0,0,0,1,0,0
Ford Figo Diesel Titanium,2011,180000,125000,2,20.0,1399.0,68.0,5.0,1.0,0.0,0.0,1.0,0.0,1.0,14,Figo,8928.57142857143,2,0.04860614724803431,1750000,1360.0,1,0,0,0,0,0,0,0,0,0
Mahindra Verito 1.5 D2 BSIII,2012,225000,110000,2,20.8,1461.0,65.0,5.0,1.0,0.0,0.0,1.0,0.0,1.0,13,Verito,8461.538461538461,2,0.044490075290896644,1430000,1352.0,0,0,0,0,0,1,0,0,0,0
Hyundai EON Era Plus,2017,310000,25000,1,21.1,814.0,55.2,5.0,0.0,0.0,1.0,1.0,0.0,1.0,8,EON,3125.0,1,0.06781326781326781,200000,1164.72,0,0,1,0,0,0,0,0,0,0
Honda City i DTEC SV,2015,625000,30000,1,26.0,1498.0,98.6,5.0,1.0,0.0,0.0,1.0,0.0,1.0,10,City,3000.0,1,0.06582109479305741,300000,2563.6,0,1,0,0,0,0,0,0,0,0
Hyundai i10 Magna LPG,2013,275000,70000,2,25.92,1086.0,68.05,5.0,0.0,1.0,0.0,1.0,0.0,1.0,12,i10,5833.333333333333,2,0.06266114180478821,840000,1763.856,0,0,1,0,0,0,0,0,0,0
Hyundai i10 Era,2013,245000,110000,2,19.81,1086.0,68.05,5.0,0.0,0.0,1.0,1.0,0.0,1.0,12,i10,9166.666666666666,2,0.06266114180478821,1320000,1348.0704999999998,0,0,1,0,0,0,0,0,0,0
Hyundai EON Era Plus,2014,250000,80000,1,21.1,814.0,55.2,5.0,0.0,0.0,1.0,1.0,0.0,1.0,11,EON,7272.727272727273,2,0.06781326781326781,880000,1164.72,0,0,1,0,0,0,0,0,0,0
Honda Amaze E i-Dtech,2014,450000,76000,1,25.8,1498.0,98.6,5.0,1.0,0.0,0.0,1.0,0.0,1.0,11,Amaze,6909.090909090909,2,0.06582109479305741,836000,2543.88,0,1,0,0,0,0,0,0,0,0
Tata Indica V2 DLS,2007,85000,150000,2,17.2,1396.0,53.5,5.0,1.0,0.0,0.0,1.0,0.0,1.0,18,Indica,8333.333333333334,2,0.03832378223495702,2700000,920.1999999999999,0,0,0,0,0,0,0,1,0,0
Hyundai i20 2015-2017 Magna 1.2,2016,550000,40000,1,18.6,1197.0,81.83,5.0,0.0,0.0,1.0,1.0,0.0,1.0,9,i20,4444.444444444444,1,0.06836257309941521,360000,1522.038,0,0,1,0,0,0,0,0,0,0
Ford EcoSport 1.5 TDCi Trend Plus BSIV,2015,551000,110000,1,22.77,1498.0,98.59,5.0,1.0,0.0,0.0,1.0,0.0,1.0,10,EcoSport,11000.0,2,0.06581441922563418,1100000,2244.8943,1,0,0,0,0,0,0,0,0,0
Hyundai Xcent 1.2 VTVT E,2019,500000,60000,1,20.14,1197.0,81.86,5.0,0.0,0.0,1.0,1.0,0.0,1.0,6,Xcent,10000.0,2,0.0683876357560568,360000,1648.6604,0,0,1,0,0,0,0,0,0,0
Honda Amaze S i-VTEC,2018,585000,15000,1,17.8,1198.0,86.7,5.0,0.0,0.0,1.0,1.0,0.0,1.0,7,Amaze,2142.8571428571427,1,0.07237061769616027,105000,1543.2600000000002,0,1,0,0,0,0,0,0,0,0
Hyundai Accent Executive,2013,172000,120000,1,16.36,1495.0,93.7,5.0,0.0,0.0,1.0,1.0,0.0,1.0,12,Accent,10000.0,2,0.06267558528428094,1440000,1532.932,0,0,1,0,0,0,0,0,0,0
Tata Tiago 1.05 Revotorq XT Option,2017,350000,24000,2,27.28,1047.0,69.0,5.0,1.0,0.0,0.0,1.0,0.0,1.0,8,Tiago,3000.0,1,0.0659025787965616,192000,1882.3200000000002,0,0,0,0,0,0,0,1,0,0
Ford EcoSport 1.5 Diesel Trend Plus BSIV,2018,700000,53000,1,23.0,1498.0,98.96,5.0,1.0,0.0,0.0,1.0,0.0,1.0,7,EcoSport,7571.428571428572,2,0.06606141522029373,371000,2276.08,1,0,0,0,0,0,0,0,0,0
Maruti Alto LXi,2011,148000,40000,3,19.7,796.0,46.3,5.0,0.0,0.0,1.0,1.0,0.0,1.0,14,Alto,2857.1428571428573,1,0.05816582914572864,560000,912.1099999999999,0,0,0,1,0,0,0,0,0,0
Maruti Eeco CNG HTR 5-STR,2016,330000,47370,1,29.619000000000003,1196.0,63.0,5.0,0.0,0.0,0.0,1.0,0.0,1.0,9,Eeco,5263.333333333333,2,0.052675585284280936,426330,1865.9970000000003,0,0,0,1,0,0,0,0,0,0
Skoda Octavia Ambiente 1.9 TDI MT,2007,110000,120000,2,18.7,1896.0,66.0,5.0,1.0,0.0,0.0,1.0,0.0,1.0,18,Octavia,6666.666666666667,2,0.03481012658227848,2160000,1234.2,0,0,0,0,0,1,0,0,0,0
Maruti Swift VDI Windsong Limited edition,2015,450000,100000,1,25.2,1248.0,73.94,5.0,1.0,0.0,0.0,1.0,0.0,1.0,10,Swift,10000.0,2,0.05924679487179487,1000000,1863.2879999999998,0,0,0,1,0,0,0,0,0,0
Hyundai i10 Sportz,2011,200000,91000,2,20.36,1197.0,78.9,5.0,0.0,0.0,1.0,1.0,0.0,1.0,14,i10,6500.0,2,0.06591478696741855,1274000,1606.404,0,0,1,0,0,0,0,0,0,0
Maruti Ritz LDi,2013,245000,80000,1,23.2,1248.0,73.94,5.0,1.0,0.0,0.0,1.0,0.0,1.0,12,Ritz,6666.666666666667,2,0.05924679487179487,960000,1715.408,0,0,0,1,0,0,0,0,0,0
Maruti Eeco CNG 5 Seater AC BSIV,2016,320000,80000,1,29.619000000000003,1196.0,61.7,5.0,0.0,0.0,0.0,1.0,0.0,1.0,9,Eeco,8888.888888888889,2,0.051588628762541805,720000,1827.4923000000003,0,0,0,1,0,0,0,0,0,0
Hyundai Accent GLE CNG,2008,120000,110000,3,17.82,1495.0,94.0,5.0,0.0,0.0,0.0,1.0,0.0,1.0,17,Accent,6470.588235294118,2,0.06287625418060201,1870000,1675.08,0,0,1,0,0,0,0,0,0,0
Ford Figo 1.5D Trend MT,2016,400000,45217,1,25.83,1498.0,99.0,5.0,1.0,0.0,0.0,0.0,0.0,1.0,9,Figo,5024.111111111111,2,0.06608811748998665,406953,2557.1699999999996,1,0,0,0,0,0,0,0,0,0
Fiat Grande Punto 1.3 Emotion (Diesel),2013,300000,133000,1,20.3,1248.0,75.0,5.0,1.0,0.0,0.0,1.0,0.0,1.0,12,Grande,11083.333333333334,2,0.06009615384615385,1596000,1522.5,0,0,0,0,0,1,0,0,0,0
Fiat Grande Punto 1.3 Emotion (Diesel),2011,220000,117000,2,20.3,1248.0,75.0,5.0,1.0,0.0,0.0,1.0,0.0,1.0,14,Grande,8357.142857142857,2,0.06009615384615385,1638000,1522.5,0,0,0,0,0,1,0,0,0,0
Honda City 1.5 V MT,2011,500000,35000,1,17.0,1497.0,118.0,5.0,0.0,0.0,1.0,1.0,0.0,1.0,14,City,2500.0,1,0.0788243152972612,490000,2006.0,0,1,0,0,0,0,0,0,0,0
Hyundai Accent GLE,2003,59000,70000,2,13.2,1495.0,94.0,5.0,0.0,0.0,1.0,1.0,0.0,1.0,22,Accent,3181.818181818182,1,0.06287625418060201,1540000,1240.8,0,0,1,0,0,0,0,0,0,0
Maruti Alto LX,2011,130000,60000,3,19.7,796.0,46.3,5.0,0.0,0.0,1.0,1.0,0.0,1.0,14,Alto,4285.714285714285,1,0.05816582914572864,840000,912.1099999999999,0,0,0,1,0,0,0,0,0,0
Volkswagen Polo 1.2 MPI Comfortline,2016,375000,120000,2,16.2,1199.0,74.0,5.0,0.0,0.0,1.0,1.0,0.0,1.0,9,Polo,13333.333333333334,2,0.061718098415346125,1080000,1198.8,0,0,0,0,0,0,0,0,0,1
Ford Fiesta 1.4 SXi TDCi,2009,180000,163000,1,19.5,1248.0,81.83,5.0,1.0,0.0,0.0,0.0,0.0,1.0,16,Fiesta,10187.5,2,0.06556891025641025,2608000,1595.685,1,0,0,0,0,0,0,0,0,0
Maruti Ritz LDi,2013,295000,120000,1,23.2,1248.0,73.94,5.0,1.0,0.0,0.0,1.0,0.0,1.0,12,Ritz,10000.0,2,0.05924679487179487,1440000,1715.408,0,0,0,1,0,0,0,0,0,0
Maruti Swift VDI BSIV,2011,350000,160000,1,19.5,1248.0,81.83,5.0,1.0,0.0,0.0,1.0,0.0,1.0,14,Swift,11428.57142857143,2,0.06556891025641025,2240000,1595.685,0,0,0,1,0,0,0,0,0,0
Maruti Swift VVT VXI,2017,509999,20000,1,22.0,1197.0,81.8,5.0,0.0,0.0,1.0,1.0,0.0,1.0,8,Swift,2500.0,1,0.0683375104427736,160000,1799.6,0,0,0,1,0,0,0,0,0,0
Hyundai Grand i10 Sportz,2016,370000,30000,2,18.9,1197.0,82.0,5.0,0.0,0.0,1.0,1.0,0.0,1.0,9,Grand,3333.3333333333335,1,0.06850459482038429,270000,1549.8,0,0,1,0,0,0,0,0,0,0
Maruti Swift 1.3 VXi,2009,180000,50000,1,19.5,1248.0,81.83,5.0,0.0,0.0,1.0,1.0,0.0,1.0,16,Swift,3125.0,1,0.06556891025641025,800000,1595.685,0,0,0,1,0,0,0,0,0,0
Hyundai i10 Sportz 1.1L,2015,350000,20000,1,19.81,1086.0,68.05,5.0,0.0,0.0,1.0,1.0,0.0,1.0,10,i10,2000.0,1,0.06266114180478821,200000,1348.0704999999998,0,0,1,0,0,0,0,0,0,0
Renault KWID 1.0 RXT Optional,2018,395000,20000,1,23.01,999.0,67.0,5.0,0.0,0.0,1.0,1.0,0.0,1.0,7,KWID,2857.1428571428573,1,0.06706706706706707,140000,1541.67,0,0,0,0,0,0,1,0,0,0
Volkswagen Vento Diesel Highline,2012,280000,120000,2,20.54,1598.0,103.6,5.0,1.0,0.0,0.0,1.0,0.0,1.0,13,Vento,9230.76923076923,2,0.06483103879849812,1560000,2127.944,0,0,0,0,0,0,0,0,0,1
Honda City 1.5 V MT Exclusive,2010,310000,91000,2,17.0,1497.0,118.0,5.0,0.0,0.0,1.0,1.0,0.0,1.0,15,City,6066.666666666667,2,0.0788243152972612,1365000,2006.0,0,1,0,0,0,0,0,0,0,0
Fiat Linea 1.3 Multijet Active,2015,375000,67000,1,20.4,1248.0,91.7,5.0,1.0,0.0,0.0,1.0,0.0,1.0,10,Linea,6700.0,2,0.0734775641025641,670000,1870.6799999999998,0,0,0,0,0,1,0,0,0,0
Hyundai Grand i10 Sportz,2015,500000,40000,1,18.9,1197.0,82.0,5.0,0.0,0.0,1.0,1.0,0.0,1.0,10,Grand,4000.0,1,0.06850459482038429,400000,1549.8,0,0,1,0,0,0,0,0,0,0
Maruti Ritz ZDi,2013,300000,100000,2,23.2,1248.0,73.94,5.0,1.0,0.0,0.0,1.0,0.0,1.0,12,Ritz,8333.333333333334,2,0.05924679487179487,1200000,1715.408,0,0,0,1,0,0,0,0,0,0
Honda City 2017-2020 GXi,2008,155000,120000,2,17.7,1497.0,78.0,5.0,0.0,0.0,1.0,1.0,0.0,1.0,17,City,7058.823529411765,2,0.052104208416833664,2040000,1380.6,0,1,0,0,0,0,0,0,0,0
Maruti Swift Dzire LDI,2013,350000,185000,1,23.4,1248.0,74.0,5.0,1.0,0.0,0.0,1.0,0.0,1.0,12,Swift,15416.666666666666,3,0.05929487179487179,2220000,1731.6,0,0,0,1,0,0,0,0,0,0
Hyundai Grand i10 CRDi Magna,2015,350000,80000,3,24.0,1120.0,70.0,5.0,1.0,0.0,0.0,1.0,0.0,1.0,10,Grand,8000.0,2,0.0625,800000,1680.0,0,0,1,0,0,0,0,0,0,0
Tata Nexon 1.2 Revotron XM,2020,537000,5000,1,17.0,1198.0,108.5,5.0,0.0,0.0,1.0,1.0,0.0,1.0,5,Nexon,1000.0,1,0.09056761268781302,25000,1844.5,0,0,0,0,0,0,0,1,0,0
Volkswagen Polo 2015-2019 1.0 MPI Comfortline,2019,585000,10000,1,18.78,999.0,75.0,5.0,0.0,0.0,1.0,1.0,0.0,1.0,6,Polo,1666.6666666666667,1,0.07507507507507508,60000,1408.5,0,0,0,0,0,0,0,0,0,1
Hyundai Santro LP - Euro II,2002,56000,60000,1,19.5,1248.0,81.83,5.0,0.0,0.0,1.0,1.0,0.0,1.0,23,Santro,2608.695652173913,1,0.06556891025641025,1380000,1595.685,0,0,1,0,0,0,0,0,0,0
Hyundai Elite i20 Sportz Plus BSIV,2019,700000,19000,1,18.6,1197.0,81.86,5.0,0.0,0.0,1.0,1.0,0.0,1.0,6,Elite,3166.6666666666665,1,0.0683876357560568,114000,1522.596,0,0,1,0,0,0,0,0,0,0
Hyundai i20 Magna 1.2,2014,484999,28800,1,18.6,1197.0,81.83,5.0,0.0,0.0,1.0,0.0,0.0,1.0,11,i20,2618.181818181818,1,0.06836257309941521,316800,1522.038,0,0,1,0,0,0,0,0,0,0
Renault KWID RXT,2018,360000,21900,1,20.71,799.0,53.26,5.0,0.0,0.0,1.0,0.0,0.0,1.0,7,KWID,3128.5714285714284,1,0.06665832290362954,153300,1103.0146,0,0,0,0,0,0,1,0,0,0
Honda City i DTEC S,2014,550000,110000,2,26.0,1498.0,98.6,5.0,1.0,0.0,0.0,1.0,0.0,1.0,11,City,10000.0,2,0.06582109479305741,1210000,2563.6,0,1,0,0,0,0,0,0,0,0
Hyundai i20 Asta 1.4 CRDi,2016,700000,100000,1,22.54,1396.0,88.73,5.0,1.0,0.0,0.0,1.0,0.0,1.0,9,i20,11111.111111111111,2,0.06356017191977077,900000,1999.9742,0,0,1,0,0,0,0,0,0,0
Maruti Swift Dzire AMT VDI,2019,825000,7673,1,28.4,1248.0,74.02,5.0,1.0,0.0,0.0,1.0,0.0,0.0,6,Swift,1278.8333333333333,1,0.05931089743589743,46038,2102.1679999999997,0,0,0,1,0,0,0,0,0,0
Maruti Wagon R LXI Minor,2008,114999,100000,2,18.9,1061.0,67.0,5.0,0.0,0.0,1.0,1.0,0.0,1.0,17,Wagon,5882.35294117647,2,0.06314797360980208,1700000,1266.3,0,0,0,1,0,0,0,0,0,0
Tata Manza Aqua Safire,2009,150000,75000,2,15.0,1368.0,90.0,5.0,0.0,0.0,1.0,1.0,0.0,1.0,16,Manza,4687.5,1,0.06578947368421052,1200000,1350.0,0,0,0,0,0,0,0,1,0,0
Maruti Swift Dzire AMT ZDI Plus,2018,851000,50000,1,28.4,1248.0,74.02,5.0,1.0,0.0,0.0,1.0,0.0,0.0,7,Swift,7142.857142857143,2,0.05931089743589743,350000,2102.1679999999997,0,0,0,1,0,0,0,0,0,0
Hyundai Verna 1.4 VTVT,2014,550000,40000,1,17.43,1396.0,105.5,5.0,0.0,0.0,1.0,1.0,0.0,1.0,11,Verna,3636.3636363636365,1,0.0755730659025788,440000,1838.865,0,0,1,0,0,0,0,0,0,0
Hyundai i20 1.2 Magna,2012,265000,100000,2,18.5,1197.0,80.0,5.0,0.0,0.0,1.0,1.0,0.0,1.0,13,i20,7692.307692307692,2,0.06683375104427736,1300000,1480.0,0,0,1,0,0,0,0,0,0,0
Chevrolet Beat Diesel LS,2013,210000,96272,1,25.44,936.0,57.6,5.0,1.0,0.0,0.0,1.0,0.0,1.0,12,Beat,8022.666666666667,2,0.06153846153846154,1155264,1465.344,0,0,0,0,0,0,0,0,0,0
Maruti Wagon R VXI BS IV,2015,400000,22500,1,20.51,998.0,67.04,5.0,0.0,0.0,1.0,1.0,0.0,1.0,10,Wagon,2250.0,1,0.06717434869739479,225000,1374.9904000000001,0,0,0,1,0,0,0,0,0,0
Maruti Vitara Brezza ZDi AMT,2020,925000,7400,1,24.3,1248.0,88.5,5.0,1.0,0.0,0.0,1.0,0.0,0.0,5,Vitara,1480.0,1,0.07091346153846154,37000,2150.55,0,0,0,1,0,0,0,0,0,0
Maruti Swift Dzire VXi,2011,275000,70000,3,17.5,1298.0,85.8,5.0,0.0,0.0,1.0,1.0,0.0,1.0,14,Swift,5000.0,1,0.06610169491525424,980000,1501.5,0,0,0,1,0,0,0,0,0,0
Maruti Wagon R LXI Minor,2009,175000,67000,1,18.9,1061.0,67.0,5.0,0.0,0.0,1.0,1.0,0.0,1.0,16,Wagon,4187.5,1,0.06314797360980208,1072000,1266.3,0,0,0,1,0,0,0,0,0,0
Ford Fusion 1.4 TDCi Diesel,2009,155000,110000,3,17.7,1399.0,68.0,5.0,1.0,0.0,0.0,1.0,0.0,1.0,16,Fusion,6875.0,2,0.04860614724803431,1760000,1203.6,1,0,0,0,0,0,0,0,0,0
Maruti SX4 VDI,2012,325000,175000,2,21.5,1248.0,88.8,5.0,1.0,0.0,0.0,1.0,0.0,1.0,13,SX4,13461.538461538461,2,0.07115384615384615,2275000,1909.2,0,0,0,1,0,0,0,0,0,0
Tata Indica V2 DiCOR DLG BS-III,2008,50000,120000,3,17.5,1396.0,70.0,5.0,1.0,0.0,0.0,1.0,0.0,1.0,17,Indica,7058.823529411765,2,0.050143266475644696,2040000,1225.0,0,0,0,0,0,0,0,1,0,0
Tata Tigor 1.05 Revotorq XZ,2017,597000,15000,1,24.7,1047.0,69.0,5.0,1.0,0.0,0.0,1.0,0.0,1.0,8,Tigor,1875.0,1,0.0659025787965616,120000,1704.3,0,0,0,0,0,0,0,1,0,0
Renault KWID AMT,2018,400000,30000,2,24.04,999.0,67.0,5.0,0.0,0.0,1.0,1.0,0.0,0.0,7,KWID,4285.714285714285,1,0.06706706706706707,210000,1610.6799999999998,0,0,0,0,0,0,1,0,0,0
Maruti Swift Vdi BSIII,2009,300000,150000,1,17.8,1248.0,75.0,5.0,1.0,0.0,0.0,1.0,0.0,1.0,16,Swift,9375.0,2,0.06009615384615385,2400000,1335.0,0,0,0,1,0,0,0,0,0,0
Maruti Swift VDI BSIV,2015,573000,100000,2,25.2,1248.0,74.0,5.0,1.0,0.0,0.0,1.0,0.0,1.0,10,Swift,10000.0,2,0.05929487179487179,1000000,1864.8,0,0,0,1,0,0,0,0,0,0
Maruti Alto K10 LXI,2011,180000,70000,1,20.92,998.0,67.1,5.0,0.0,0.0,1.0,1.0,0.0,1.0,14,Alto,5000.0,1,0.06723446893787574,980000,1403.732,0,0,0,1,0,0,0,0,0,0
Hyundai Accent GLS 1.6 ABS,2004,110000,110000,2,14.4,1599.0,94.0,5.0,0.0,0.0,1.0,1.0,0.0,1.0,21,Accent,5238.0952380952385,2,0.058786741713570984,2310000,1353.6000000000001,0,0,1,0,0,0,0,0,0,0
Maruti Swift ZDi,2014,390000,90000,2,22.9,1248.0,74.0,5.0,1.0,0.0,0.0,1.0,0.0,1.0,11,Swift,8181.818181818182,2,0.05929487179487179,990000,1694.6,0,0,0,1,0,0,0,0,0,0
Maruti Alto LXi,2011,122000,110000,4,19.7,796.0,46.3,5.0,0.0,0.0,1.0,1.0,0.0,1.0,14,Alto,7857.142857142857,2,0.05816582914572864,1540000,912.1099999999999,0,0,0,1,0,0,0,0,0,0
Hyundai i20 1.4 CRDi Sportz,2012,330000,40000,2,23.0,1396.0,90.0,5.0,1.0,0.0,0.0,1.0,0.0,1.0,13,i20,3076.923076923077,1,0.06446991404011461,520000,2070.0,0,0,1,0,0,0,0,0,0,0
Hyundai i10 Sportz,2011,215000,100000,3,20.36,1197.0,78.9,5.0,0.0,0.0,1.0,1.0,0.0,1.0,14,i10,7142.857142857143,2,0.06591478696741855,1400000,1606.404,0,0,1,0,0,0,0,0,0,0
Maruti Wagon R LXI Minor,2009,150000,75000,3,18.9,1061.0,67.0,5.0,0.0,0.0,1.0,1.0,0.0,1.0,16,Wagon,4687.5,1,0.06314797360980208,1200000,1266.3,0,0,0,1,0,0,0,0,0,0
Hyundai EON Era,2013,250000,42130,1,21.1,814.0,55.2,5.0,0.0,0.0,1.0,1.0,0.0,1.0,12,EON,3510.8333333333335,1,0.06781326781326781,505560,1164.72,0,0,1,0,0,0,0,0,0,0
Maruti Ritz LXI,2010,180000,53000,2,21.1,1197.0,85.8,5.0,0.0,0.0,1.0,1.0,0.0,1.0,15,Ritz,3533.3333333333335,1,0.07167919799498747,795000,1810.38,0,0,0,1,0,0,0,0,0,0
Maruti Zen LXI,2006,150000,106000,2,17.3,993.0,60.0,5.0,0.0,0.0,1.0,1.0,0.0,1.0,19,Zen,5578.9473684210525,2,0.06042296072507553,2014000,1038.0,0,0,0,1,0,0,0,0,0,0
Maruti Baleno Sigma,2019,556000,10000,1,21.01,1197.0,81.8,5.0,0.0,0.0,1.0,1.0,0.0,1.0,6,Baleno,1666.6666666666667,1,0.0683375104427736,60000,1718.6180000000002,0,0,0,1,0,0,0,0,0,0
Maruti Swift Dzire VXI Optional,2016,550000,37000,1,20.85,1197.0,83.14,5.0,0.0,0.0,1.0,1.0,0.0,1.0,9,Swift,4111.111111111111,1,0.06945697577276524,333000,1733.469,0,0,0,1,0,0,0,0,0,0
Toyota Etios Liva 1.2 V Dual Tone,2017,549000,35000,1,17.71,1197.0,78.9,5.0,0.0,0.0,1.0,1.0,0.0,1.0,8,Etios,4375.0,1,0.06591478696741855,280000,1397.3190000000002,0,0,0,0,0,0,0,0,1,0
Hyundai i20 2015-2017 Asta 1.2,2016,630000,50000,1,18.6,1197.0,81.83,5.0,0.0,0.0,1.0,1.0,0.0,1.0,9,i20,5555.555555555556,2,0.06836257309941521,450000,1522.038,0,0,1,0,0,0,0,0,0,0
Maruti Swift 1.3 ZXI,2011,320000,85000,1,19.5,1248.0,81.83,5.0,0.0,0.0,1.0,1.0,0.0,1.0,14,Swift,6071.428571428572,2,0.06556891025641025,1190000,1595.685,0,0,0,1,0,0,0,0,0,0
Maruti Baleno Alpha 1.3,2017,680000,71000,1,27.39,1248.0,74.0,5.0,1.0,0.0,0.0,1.0,0.0,1.0,8,Baleno,8875.0,2,0.05929487179487179,568000,2026.8600000000001,0,0,0,1,0,0,0,0,0,0
Honda City i-DTEC ZX,2017,1050000,50000,1,25.6,1498.0,97.9,5.0,1.0,0.0,0.0,1.0,0.0,1.0,8,City,6250.0,2,0.06535380507343125,400000,2506.2400000000002,0,1,0,0,0,0,0,0,0,0
Tata Zest Quadrajet 1.3 XMS,2015,450000,57000,1,23.0,1248.0,88.7,5.0,1.0,0.0,0.0,1.0,0.0,1.0,10,Zest,5700.0,2,0.07107371794871795,570000,2040.1000000000001,0,0,0,0,0,0,0,1,0,0
Maruti Wagon R VXI BS IV,2010,210000,43000,1,18.9,998.0,67.1,5.0,0.0,0.0,1.0,1.0,0.0,1.0,15,Wagon,2866.6666666666665,1,0.06723446893787574,645000,1268.1899999999998,0,0,0,1,0,0,0,0,0,0
Maruti Swift Dzire VDI,2014,470000,60000,1,23.4,1248.0,74.0,5.0,1.0,0.0,0.0,1.0,0.0,1.0,11,Swift,5454.545454545455,2,0.05929487179487179,660000,1731.6,0,0,0,1,0,0,0,0,0,0
Maruti Swift Dzire VXI,2014,470000,60000,1,19.1,1197.0,85.8,5.0,0.0,0.0,1.0,1.0,0.0,1.0,11,Swift,5454.545454545455,2,0.07167919799498747,660000,1638.78,0,0,0,1,0,0,0,0,0,0
Hyundai i20 Asta 1.4 CRDi,2015,550000,40000,1,22.54,1396.0,88.73,5.0,1.0,0.0,0.0,1.0,0.0,1.0,10,i20,4000.0,1,0.06356017191977077,400000,1999.9742,0,0,1,0,0,0,0,0,0,0
Maruti A-Star Vxi,2011,204999,60000,1,19.0,998.0,66.1,5.0,0.0,0.0,1.0,1.0,0.0,1.0,14,A-Star,4285.714285714285,1,0.06623246492985971,840000,1255.8999999999999,0,0,0,1,0,0,0,0,0,0
Honda City i VTEC CVT VX,2015,950000,30000,1,18.0,1497.0,117.3,5.0,0.0,0.0,1.0,1.0,0.0,0.0,10,City,3000.0,1,0.0783567134268537,300000,2111.4,0,1,0,0,0,0,0,0,0,0
Hyundai i20 Asta Option 1.4 CRDi,2015,550000,160000,2,22.54,1396.0,88.73,5.0,1.0,0.0,0.0,1.0,0.0,1.0,10,i20,16000.0,3,0.06356017191977077,1600000,1999.9742,0,0,1,0,0,0,0,0,0,0
Volkswagen Polo Diesel Trendline 1.2L,2013,280000,90000,3,22.07,1199.0,73.9,5.0,1.0,0.0,0.0,1.0,0.0,1.0,12,Polo,7500.0,2,0.06163469557964971,1080000,1630.9730000000002,0,0,0,0,0,0,0,0,0,1
Maruti Ciaz ZDi Plus SHVS,2015,630000,70000,2,28.09,1248.0,88.5,5.0,1.0,0.0,0.0,1.0,0.0,1.0,10,Ciaz,7000.0,2,0.07091346153846154,700000,2485.965,0,0,0,1,0,0,0,0,0,0
Honda City 2017-2020 EXi,2007,220000,70000,1,17.7,1497.0,78.0,5.0,0.0,0.0,1.0,1.0,0.0,1.0,18,City,3888.8888888888887,1,0.052104208416833664,1260000,1380.6,0,1,0,0,0,0,0,0,0,0
Hyundai EON Era Plus,2013,225000,75000,2,21.1,814.0,55.2,5.0,0.0,0.0,1.0,1.0,0.0,1.0,12,EON,6250.0,2,0.06781326781326781,900000,1164.72,0,0,1,0,0,0,0,0,0,0
Honda City 1.5 V MT,2010,380000,85000,2,17.0,1497.0,118.0,5.0,0.0,0.0,1.0,1.0,0.0,1.0,15,City,5666.666666666667,2,0.0788243152972612,1275000,2006.0,0,1,0,0,0,0,0,0,0,0
Maruti Swift Dzire VDi,2012,380000,70000,3,19.3,1248.0,73.9,5.0,1.0,0.0,0.0,1.0,0.0,1.0,13,Swift,5384.615384615385,2,0.059214743589743594,910000,1426.2700000000002,0,0,0,1,0,0,0,0,0,0
Volkswagen Ameo 1.5 TDI Highline 16 Alloy,2017,600000,29000,1,22.0,1498.0,108.495,5.0,1.0,0.0,0.0,1.0,0.0,1.0,8,Ameo,3625.0,1,0.07242656875834447,232000,2386.8900000000003,0,0,0,0,0,0,0,0,0,1
Ford EcoSport 1.5 TDCi Titanium Plus BSIV,2015,550000,138000,1,22.77,1498.0,98.59,5.0,1.0,0.0,0.0,1.0,0.0,1.0,10,EcoSport,13800.0,2,0.06581441922563418,1380000,2244.8943,1,0,0,0,0,0,0,0,0,0
Maruti Swift VDI Optional,2016,600000,70000,1,25.2,1248.0,74.0,5.0,1.0,0.0,0.0,1.0,0.0,1.0,9,Swift,7777.777777777777,2,0.05929487179487179,630000,1864.8,0,0,0,1,0,0,0,0,0,0
Volkswagen Ameo 1.0 MPI Comfortline,2019,550000,30000,2,19.44,999.0,75.0,5.0,0.0,0.0,1.0,1.0,0.0,1.0,6,Ameo,5000.0,1,0.07507507507507508,180000,1458.0,0,0,0,0,0,0,0,0,0,1
Honda City i DTEC S,2015,615000,120000,2,26.0,1498.0,98.6,5.0,1.0,0.0,0.0,1.0,0.0,1.0,10,City,12000.0,2,0.06582109479305741,1200000,2563.6,0,1,0,0,0,0,0,0,0,0
Maruti Swift Dzire LDI,2013,385000,180000,2,23.4,1248.0,74.0,5.0,1.0,0.0,0.0,1.0,0.0,1.0,12,Swift,15000.0,2,0.05929487179487179,2160000,1731.6,0,0,0,1,0,0,0,0,0,0
Tata Zest Revotron 1.2T XMS,2015,500000,20000,1,17.57,1193.0,88.7,5.0,0.0,0.0,1.0,1.0,0.0,1.0,10,Zest,2000.0,1,0.07435037720033529,200000,1558.459,0,0,0,0,0,0,0,1,0,0
Renault Duster 85PS Diesel RxL Option,2012,450000,80000,1,19.87,1461.0,83.8,5.0,1.0,0.0,0.0,1.0,0.0,1.0,13,Duster,6153.846153846154,2,0.05735797399041752,1040000,1665.106,0,0,0,0,0,0,1,0,0,0
Toyota Platinum Etios 1.4 GXD,2017,550000,40000,1,23.59,1364.0,67.05,5.0,1.0,0.0,0.0,1.0,0.0,1.0,8,Platinum,5000.0,1,0.04915689149560117,320000,1581.7095,0,0,0,0,0,0,0,0,1,0
Honda WR-V i-VTEC S,2018,780000,30000,1,17.5,1199.0,88.7,5.0,0.0,0.0,1.0,1.0,0.0,1.0,7,WR-V,4285.714285714285,1,0.07397831526271893,210000,1552.25,0,1,0,0,0,0,0,0,0,0
Ford Fiesta 1.5 TDCi Titanium,2014,500000,80000,1,25.01,1498.0,89.75,5.0,1.0,0.0,0.0,1.0,0.0,1.0,11,Fiesta,7272.727272727273,2,0.059913217623497994,880000,2244.6475,1,0,0,0,0,0,0,0,0,0
Maruti Alto K10 VXI,2017,335000,25000,1,23.95,998.0,67.05,5.0,0.0,0.0,1.0,1.0,0.0,1.0,8,Alto,3125.0,1,0.06718436873747495,200000,1605.8474999999999,0,0,0,1,0,0,0,0,0,0
Maruti Swift Dzire VDI,2017,755000,20000,1,28.4,1248.0,74.02,5.0,1.0,0.0,0.0,1.0,0.0,1.0,8,Swift,2500.0,1,0.05931089743589743,160000,2102.1679999999997,0,0,0,1,0,0,0,0,0,0
Hyundai EON Magna Plus,2017,340000,30000,1,21.1,814.0,55.2,5.0,0.0,0.0,1.0,1.0,0.0,1.0,8,EON,3750.0,1,0.06781326781326781,240000,1164.72,0,0,1,0,0,0,0,0,0,0
Volkswagen Polo Diesel Highline 1.2L,2013,350000,70000,2,22.07,1199.0,73.9,5.0,1.0,0.0,0.0,1.0,0.0,1.0,12,Polo,5833.333333333333,2,0.06163469557964971,840000,1630.9730000000002,0,0,0,0,0,0,0,0,0,1
Maruti Swift ZXI Plus,2018,695000,40000,1,22.0,1197.0,81.8,5.0,0.0,0.0,1.0,1.0,0.0,1.0,7,Swift,5714.285714285715,2,0.0683375104427736,280000,1799.6,0,0,0,1,0,0,0,0,0,0
Maruti Alto 800 VXI,2015,270000,40000,1,22.74,796.0,47.3,5.0,0.0,0.0,1.0,1.0,0.0,1.0,10,Alto,4000.0,1,0.059422110552763814,400000,1075.6019999999999,0,0,0,1,0,0,0,0,0,0
Maruti Swift VDI Optional,2016,590000,120000,1,25.2,1248.0,74.0,5.0,1.0,0.0,0.0,1.0,0.0,1.0,9,Swift,13333.333333333334,2,0.05929487179487179,1080000,1864.8,0,0,0,1,0,0,0,0,0,0
Maruti Swift Dzire AMT VXI,2017,635000,120000,1,21.21,1197.0,81.8,5.0,0.0,0.0,1.0,1.0,0.0,0.0,8,Swift,15000.0,2,0.0683375104427736,960000,1734.978,0,0,0,1,0,0,0,0,0,0
Renault Pulse RxZ,2012,265000,67000,2,23.08,1461.0,63.12,5.0,1.0,0.0,0.0,1.0,0.0,1.0,13,Pulse,5153.846153846154,2,0.04320328542094456,871000,1456.8095999999998,0,0,0,0,0,0,1,0,0,0
Maruti Swift Dzire ZDI,2014,600000,50000,1,23.4,1248.0,74.0,5.0,1.0,0.0,0.0,1.0,0.0,1.0,11,Swift,4545.454545454545,1,0.05929487179487179,550000,1731.6,0,0,0,1,0,0,0,0,0,0
Toyota Etios GD,2015,525000,80000,2,23.59,1364.0,67.05,5.0,1.0,0.0,0.0,1.0,0.0,1.0,10,Etios,8000.0,2,0.04915689149560117,800000,1581.7095,0,0,0,0,0,0,0,0,1,0
Ford Figo Diesel EXI Option,2011,150000,50000,1,18.5,1399.0,68.0,5.0,1.0,0.0,0.0,1.0,0.0,1.0,14,Figo,3571.4285714285716,1,0.04860614724803431,700000,1258.0,1,0,0,0,0,0,0,0,0,0
Maruti Esteem Lxi - BSIII,2007,55000,70000,3,15.9,1298.0,85.0,5.0,0.0,0.0,1.0,1.0,0.0,1.0,18,Esteem,3888.8888888888887,1,0.06548536209553159,1260000,1351.5,0,0,0,1,0,0,0,0,0,0
Maruti Omni 5 Seater BSIV,2011,130000,70000,2,14.0,796.0,35.0,5.0,0.0,0.0,1.0,1.0,0.0,1.0,14,Omni,5000.0,1,0.04396984924623116,980000,490.0,0,0,0,1,0,0,0,0,0,0
Maruti Vitara Brezza ZDi Plus Dual Tone,2017,925000,50000,1,24.3,1248.0,88.5,5.0,1.0,0.0,0.0,1.0,0.0,1.0,8,Vitara,6250.0,2,0.07091346153846154,400000,2150.55,0,0,0,1,0,0,0,0,0,0
Maruti Ciaz Zeta Diesel,2018,950000,7500,1,28.09,1248.0,88.5,5.0,1.0,0.0,0.0,1.0,0.0,1.0,7,Ciaz,1071.4285714285713,1,0.07091346153846154,52500,2485.965,0,0,0,1,0,0,0,0,0,0
Maruti Swift VXI,2013,450000,35000,2,18.6,1197.0,85.8,5.0,0.0,0.0,1.0,1.0,0.0,1.0,12,Swift,2916.6666666666665,1,0.07167919799498747,420000,1595.88,0,0,0,1,0,0,0,0,0,0
Maruti Swift VXi BSIV,2009,229999,71000,1,16.1,1197.0,85.0,5.0,0.0,0.0,1.0,1.0,0.0,1.0,16,Swift,4437.5,1,0.07101086048454469,1136000,1368.5000000000002,0,0,0,1,0,0,0,0,0,0
Maruti Alto K10 LXI,2017,300000,30000,1,23.95,998.0,67.05,5.0,0.0,0.0,1.0,1.0,0.0,1.0,8,Alto,3750.0,1,0.06718436873747495,240000,1605.8474999999999,0,0,0,1,0,0,0,0,0,0
Maruti Alto LXi,2012,200000,50000,2,19.7,796.0,46.3,5.0,0.0,0.0,1.0,1.0,0.0,1.0,13,Alto,3846.153846153846,1,0.05816582914572864,650000,912.1099999999999,0,0,0,1,0,0,0,0,0,0
Nissan Micra XV,2011,235000,90000,2,18.06,1198.0,75.0,5.0,0.0,0.0,1.0,1.0,0.0,1.0,14,Micra,6428.571428571428,2,0.06260434056761269,1260000,1354.5,0,0,0,0,1,0,0,0,0,0
Hyundai i20 2015-2017 Sportz 1.2,2017,666000,13000,1,18.6,1197.0,81.83,5.0,0.0,0.0,1.0,1.0,0.0,1.0,8,i20,1625.0,1,0.06836257309941521,104000,1522.038,0,0,1,0,0,0,0,0,0,0
Hyundai Santro Xing XG,2004,85000,80000,3,19.5,1248.0,81.83,5.0,0.0,0.0,1.0,1.0,0.0,1.0,21,Santro,3809.5238095238096,1,0.06556891025641025,1680000,1595.685,0,0,1,0,0,0,0,0,0,0
Honda WR-V i-DTEC VX,2018,834000,30000,1,25.5,1498.0,98.6,5.0,1.0,0.0,0.0,1.0,0.0,1.0,7,WR-V,4285.714285714285,1,0.06582109479305741,210000,2514.2999999999997,0,1,0,0,0,0,0,0,0,0
Maruti Swift Vdi BSIII,2010,360000,120000,2,17.8,1248.0,75.0,5.0,1.0,0.0,0.0,1.0,0.0,1.0,15,Swift,8000.0,2,0.06009615384615385,1800000,1335.0,0,0,0,1,0,0,0,0,0,0
Hyundai EON Era Plus,2014,240000,70000,1,21.1,814.0,55.2,5.0,0.0,0.0,1.0,1.0,0.0,1.0,11,EON,6363.636363636364,2,0.06781326781326781,770000,1164.72,0,0,1,0,0,0,0,0,0,0
Tata Indigo eCS LE TDI BSIII,2010,135000,148000,2,19.09,1396.0,69.0,5.0,1.0,0.0,0.0,1.0,0.0,1.0,15,Indigo,9866.666666666666,2,0.0494269340974212,2220000,1317.21,0,0,0,0,0,0,0,1,0,0
Skoda Rapid 1.6 TDI Elegance,2012,425000,90000,1,20.5,1598.0,103.5,5.0,1.0,0.0,0.0,1.0,0.0,1.0,13,Rapid,6923.076923076923,2,0.06476846057571965,1170000,2121.75,0,0,0,0,0,1,0,0,0,0
Chevrolet Beat LT,2011,150000,100000,3,18.6,1199.0,79.4,5.0,0.0,0.0,1.0,1.0,0.0,1.0,14,Beat,7142.857142857143,2,0.06622185154295246,1400000,1476.8400000000001,0,0,0,0,0,0,0,0,0,0
Hyundai EON D Lite Plus,2014,215000,40000,1,21.1,814.0,55.2,5.0,0.0,0.0,1.0,1.0,0.0,1.0,11,EON,3636.3636363636365,1,0.06781326781326781,440000,1164.72,0,0,1,0,0,0,0,0,0,0
Datsun GO T BSIV,2014,225000,35000,1,20.63,1198.0,67.0,5.0,0.0,0.0,1.0,1.0,0.0,1.0,11,GO,3181.818181818182,1,0.055926544240400666,385000,1382.21,0,0,0,0,0,1,0,0,0,0
Renault KWID Climber 1.0 MT,2017,330000,20000,1,23.01,999.0,67.0,5.0,0.0,0.0,1.0,1.0,0.0,1.0,8,KWID,2500.0,1,0.06706706706706707,160000,1541.67,0,0,0,0,0,0,1,0,0,0
Hyundai Grand i10 AT Sportz,2014,374000,54043,1,18.9,1197.0,81.86,5.0,0.0,0.0,1.0,0.0,0.0,0.0,11,Grand,4913.0,1,0.0683876357560568,594473,1547.1539999999998,0,0,1,0,0,0,0,0,0,0
Tata Indigo CS LS (TDI) BS-III,2016,390000,42000,2,19.09,1405.0,69.01,5.0,1.0,0.0,0.0,1.0,0.0,1.0,9,Indigo,4666.666666666667,1,0.04911743772241993,378000,1317.4009,0,0,0,0,0,0,0,1,0,0
Hyundai i20 Asta Optional with Sunroof 1.2,2013,455999,35582,1,18.5,1197.0,82.85,5.0,0.0,0.0,1.0,0.0,0.0,1.0,12,i20,2965.1666666666665,1,0.06921470342522974,426984,1532.725,0,0,1,0,0,0,0,0,0,0
Volkswagen Polo GT TSI,2013,453000,54327,2,17.2,1197.0,103.6,5.0,0.0,0.0,1.0,0.0,0.0,0.0,12,Polo,4527.25,1,0.08654970760233918,651924,1781.9199999999998,0,0,0,0,0,0,0,0,0,1
Volkswagen Ameo 1.2 MPI Highline,2016,579000,7949,1,17.0,1198.0,73.75,5.0,0.0,0.0,1.0,0.0,0.0,1.0,9,Ameo,883.2222222222222,1,0.061560934891485806,71541,1253.75,0,0,0,0,0,0,0,0,0,1
Hyundai i10 Sportz 1.2 AT,2010,258000,59734,1,16.95,1197.0,78.9,5.0,0.0,0.0,1.0,0.0,0.0,0.0,15,i10,3982.266666666667,1,0.06591478696741855,896010,1337.355,0,0,1,0,0,0,0,0,0,0
Honda City S,2012,428000,49185,1,16.8,1497.0,116.4,5.0,0.0,0.0,1.0,0.0,0.0,1.0,13,City,3783.4615384615386,1,0.07775551102204409,639405,1955.5200000000002,0,1,0,0,0,0,0,0,0,0
Hyundai i10 Magna,2011,262000,56389,1,20.36,1197.0,78.9,5.0,0.0,0.0,1.0,0.0,0.0,1.0,14,i10,4027.785714285714,1,0.06591478696741855,789446,1606.404,0,0,1,0,0,0,0,0,0,0
Volkswagen Polo Petrol Highline 1.2L,2013,389000,58245,1,16.47,1198.0,73.9,5.0,0.0,0.0,1.0,0.0,0.0,1.0,12,Polo,4853.75,1,0.06168614357262104,698940,1217.133,0,0,0,0,0,0,0,0,0,1
Nissan Micra XL Optional,2015,346000,36422,1,18.44,1198.0,75.0,5.0,0.0,0.0,1.0,0.0,0.0,1.0,10,Micra,3642.2,1,0.06260434056761269,364220,1383.0,0,0,0,0,1,0,0,0,0,0
Honda Jazz Basic,2011,339000,42535,1,16.7,1198.0,88.8,5.0,0.0,0.0,1.0,0.0,0.0,1.0,14,Jazz,3038.214285714286,1,0.07412353923205342,595490,1482.9599999999998,0,1,0,0,0,0,0,0,0,0
Hyundai i10 Sportz AT,2011,272000,40736,1,16.95,1197.0,78.9,5.0,0.0,0.0,1.0,0.0,0.0,0.0,14,i10,2909.714285714286,1,0.06591478696741855,570304,1337.355,0,0,1,0,0,0,0,0,0,0
Maruti Swift VXI,2012,369000,56246,1,18.6,1197.0,85.8,5.0,0.0,0.0,1.0,0.0,0.0,1.0,13,Swift,4326.615384615385,1,0.07167919799498747,731198,1595.88,0,0,0,1,0,0,0,0,0,0
Maruti Swift LXI,2011,277000,55403,1,18.6,1197.0,85.8,5.0,0.0,0.0,1.0,0.0,0.0,1.0,14,Swift,3957.3571428571427,1,0.07167919799498747,775642,1595.88,0,0,0,1,0,0,0,0,0,0
Tata Tigor 1.2 Revotron XZ,2018,535000,30000,1,20.3,1199.0,84.0,5.0,0.0,0.0,1.0,1.0,0.0,1.0,7,Tigor,4285.714285714285,1,0.07005838198498748,210000,1705.2,0,0,0,0,0,0,0,1,0,0
Maruti Alto K10 VXI,2015,265000,67000,1,23.95,998.0,67.05,5.0,0.0,0.0,1.0,1.0,0.0,1.0,10,Alto,6700.0,2,0.06718436873747495,670000,1605.8474999999999,0,0,0,1,0,0,0,0,0,0
Hyundai Grand i10 CRDi Asta,2014,459999,90000,2,24.0,1120.0,70.0,5.0,1.0,0.0,0.0,1.0,0.0,1.0,11,Grand,8181.818181818182,2,0.0625,990000,1680.0,0,0,1,0,0,0,0,0,0,0
Hyundai Elite i20 Petrol Sportz,2019,667000,7500,1,18.6,1197.0,81.86,5.0,0.0,0.0,1.0,1.0,0.0,1.0,6,Elite,1250.0,1,0.0683876357560568,45000,1522.596,0,0,1,0,0,0,0,0,0,0
Tata Indigo CR4,2012,229999,186000,1,23.57,1396.0,70.0,5.0,1.0,0.0,0.0,1.0,0.0,1.0,13,Indigo,14307.692307692309,2,0.050143266475644696,2418000,1649.9,0,0,0,0,0,0,0,1,0,0
Tata Indica V2 eLS,2016,200000,110000,2,25.0,1396.0,69.0,5.0,1.0,0.0,0.0,1.0,0.0,1.0,9,Indica,12222.222222222223,2,0.0494269340974212,990000,1725.0,0,0,0,0,0,0,0,1,0,0
Ford Fiesta 1.4 TDCi EXI,2005,150000,120000,3,17.8,1399.0,68.0,5.0,1.0,0.0,0.0,1.0,0.0,1.0,20,Fiesta,6000.0,2,0.04860614724803431,2400000,1210.4,1,0,0,0,0,0,0,0,0,0
Ford Fiesta Classic 1.4 Duratorq CLXI,2012,280000,105358,3,17.8,1399.0,67.0,5.0,1.0,0.0,0.0,1.0,0.0,1.0,13,Fiesta,8104.461538461538,2,0.04789135096497498,1369654,1192.6000000000001,1,0,0,0,0,0,0,0,0,0
Hyundai i20 Sportz Option 1.2,2014,590000,70000,2,18.6,1197.0,81.83,5.0,0.0,0.0,1.0,1.0,0.0,1.0,11,i20,6363.636363636364,2,0.06836257309941521,770000,1522.038,0,0,1,0,0,0,0,0,0,0
Hyundai i10 Era,2010,142000,49200,2,19.81,1086.0,68.05,5.0,0.0,0.0,1.0,1.0,0.0,1.0,15,i10,3280.0,1,0.06266114180478821,738000,1348.0704999999998,0,0,1,0,0,0,0,0,0,0
Honda City i-VTEC VX,2017,850000,40000,1,17.4,1497.0,117.6,5.0,0.0,0.0,1.0,1.0,0.0,1.0,8,City,5000.0,1,0.0785571142284569,320000,2046.2399999999998,0,1,0,0,0,0,0,0,0,0
Chevrolet Beat LS,2013,200000,70000,1,18.6,1199.0,79.4,5.0,0.0,0.0,1.0,1.0,0.0,1.0,12,Beat,5833.333333333333,2,0.06622185154295246,840000,1476.8400000000001,0,0,0,0,0,0,0,0,0,0
Maruti Alto K10 VXI,2014,220000,100000,1,23.95,998.0,67.05,5.0,0.0,0.0,1.0,1.0,0.0,1.0,11,Alto,9090.90909090909,2,0.06718436873747495,1100000,1605.8474999999999,0,0,0,1,0,0,0,0,0,0
Hyundai Grand i10 1.2 Kappa Sportz AT,2018,650000,10000,2,18.9,1197.0,81.86,5.0,0.0,0.0,1.0,1.0,0.0,0.0,7,Grand,1428.5714285714287,1,0.0683876357560568,70000,1547.1539999999998,0,0,1,0,0,0,0,0,0,0
Ford Fiesta 1.4 ZXi TDCi LE,2010,250000,110000,3,17.8,1399.0,68.0,5.0,1.0,0.0,0.0,1.0,0.0,1.0,15,Fiesta,7333.333333333333,2,0.04860614724803431,1650000,1210.4,1,0,0,0,0,0,0,0,0,0
Renault Duster 110PS Diesel RxZ,2012,550000,86000,1,19.01,1461.0,108.45,5.0,1.0,0.0,0.0,1.0,0.0,1.0,13,Duster,6615.384615384615,2,0.0742299794661191,1118000,2061.6345,0,0,0,0,0,0,1,0,0,0
Maruti Alto LXi,2009,125000,141000,2,19.7,796.0,46.3,5.0,0.0,0.0,1.0,1.0,0.0,1.0,16,Alto,8812.5,2,0.05816582914572864,2256000,912.1099999999999,0,0,0,1,0,0,0,0,0,0
Honda City 1.5 S MT,2011,450000,80000,3,17.0,1497.0,118.0,5.0,0.0,0.0,1.0,1.0,0.0,1.0,14,City,5714.285714285715,2,0.0788243152972612,1120000,2006.0,0,1,0,0,0,0,0,0,0,0
Maruti Swift Dzire ZDI,2014,459999,65000,2,23.4,1248.0,74.0,5.0,1.0,0.0,0.0,1.0,0.0,1.0,11,Swift,5909.090909090909,2,0.05929487179487179,715000,1731.6,0,0,0,1,0,0,0,0,0,0
Maruti Swift Dzire VDI,2014,434999,110000,2,23.4,1248.0,74.0,5.0,1.0,0.0,0.0,1.0,0.0,1.0,11,Swift,10000.0,2,0.05929487179487179,1210000,1731.6,0,0,0,1,0,0,0,0,0,0
Tata Indigo LX,2008,120000,100000,2,17.0,1405.0,70.0,5.0,1.0,0.0,0.0,1.0,0.0,1.0,17,Indigo,5882.35294117647,2,0.0498220640569395,1700000,1190.0,0,0,0,0,0,0,0,1,0,0
Maruti Swift VDI Optional,2015,600000,80000,1,25.2,1248.0,74.0,5.0,1.0,0.0,0.0,1.0,0.0,1.0,10,Swift,8000.0,2,0.05929487179487179,800000,1864.8,0,0,0,1,0,0,0,0,0,0
Maruti Wagon R VXI BS IV,2008,135000,90000,2,18.9,998.0,67.1,5.0,0.0,0.0,1.0,1.0,0.0,1.0,17,Wagon,5294.117647058823,2,0.06723446893787574,1530000,1268.1899999999998,0,0,0,1,0,0,0,0,0,0
Hyundai i20 2015-2017 Asta Option 1.4 CRDi,2016,780000,35000,1,22.54,1396.0,88.73,5.0,1.0,0.0,0.0,1.0,0.0,1.0,9,i20,3888.8888888888887,1,0.06356017191977077,315000,1999.9742,0,0,1,0,0,0,0,0,0,0
Hyundai i20 2015-2017 Sportz 1.4 CRDi,2017,650000,60000,1,22.54,1396.0,88.73,5.0,1.0,0.0,0.0,1.0,0.0,1.0,8,i20,7500.0,2,0.06356017191977077,480000,1999.9742,0,0,1,0,0,0,0,0,0,0
Fiat Linea 1.3 Multijet Emotion,2015,500000,70000,1,20.4,1248.0,91.7,5.0,1.0,0.0,0.0,1.0,0.0,1.0,10,Linea,7000.0,2,0.0734775641025641,700000,1870.6799999999998,0,0,0,0,0,1,0,0,0,0
Maruti Swift VDI BSIV,2017,590000,30000,1,25.2,1248.0,74.0,5.0,1.0,0.0,0.0,1.0,0.0,1.0,8,Swift,3750.0,1,0.05929487179487179,240000,1864.8,0,0,0,1,0,0,0,0,0,0
Maruti Celerio ZXI,2016,459999,27000,1,23.1,998.0,67.04,5.0,0.0,0.0,1.0,1.0,0.0,1.0,9,Celerio,3000.0,1,0.06717434869739479,243000,1548.6240000000003,0,0,0,1,0,0,0,0,0,0
Maruti Swift ZXI Plus,2020,578000,5000,1,21.21,1197.0,81.8,5.0,0.0,0.0,1.0,1.0,0.0,1.0,5,Swift,1000.0,1,0.0683375104427736,25000,1734.978,0,0,0,1,0,0,0,0,0,0
Honda City Corporate Edition,2013,465000,80000,2,16.8,1497.0,116.3,5.0,0.0,0.0,1.0,1.0,0.0,1.0,12,City,6666.666666666667,2,0.07768871075484302,960000,1953.8400000000001,0,1,0,0,0,0,0,0,0,0
Mahindra Verito 1.5 D6 BSIII,2014,250000,110000,1,20.8,1461.0,65.0,5.0,1.0,0.0,0.0,1.0,0.0,1.0,11,Verito,10000.0,2,0.044490075290896644,1210000,1352.0,0,0,0,0,0,1,0,0,0,0
Maruti Swift Dzire VDI,2015,615000,60000,1,26.59,1248.0,74.0,5.0,1.0,0.0,0.0,1.0,0.0,1.0,10,Swift,6000.0,2,0.05929487179487179,600000,1967.66,0,0,0,1,0,0,0,0,0,0
Renault Duster 85PS Diesel RxE,2014,500000,120000,1,20.45,1461.0,83.8,5.0,1.0,0.0,0.0,1.0,0.0,1.0,11,Duster,10909.09090909091,2,0.05735797399041752,1320000,1713.7099999999998,0,0,0,0,0,0,1,0,0,0
Renault Duster 85PS Diesel RxE,2014,520000,120000,1,20.45,1461.0,83.8,5.0,1.0,0.0,0.0,1.0,0.0,1.0,11,Duster,10909.09090909091,2,0.05735797399041752,1320000,1713.7099999999998,0,0,0,0,0,0,1,0,0,0
Toyota Etios GD SP,2012,390000,140000,2,19.5,1248.0,81.83,5.0,1.0,0.0,0.0,1.0,0.0,1.0,13,Etios,10769.23076923077,2,0.06556891025641025,1820000,1595.685,0,0,0,0,0,0,0,0,1,0
Toyota Etios GD SP,2012,434999,135000,3,19.5,1248.0,81.83,5.0,1.0,0.0,0.0,1.0,0.0,1.0,13,Etios,10384.615384615385,2,0.06556891025641025,1755000,1595.685,0,0,0,0,0,0,0,0,1,0
Maruti Swift VDI BSIV,2010,350000,166000,2,19.5,1248.0,81.83,5.0,1.0,0.0,0.0,1.0,0.0,1.0,15,Swift,11066.666666666666,2,0.06556891025641025,2490000,1595.685,0,0,0,1,0,0,0,0,0,0
Ford Freestyle Trend Diesel BSIV,2018,675000,60000,1,24.4,1498.0,98.63,5.0,1.0,0.0,0.0,1.0,0.0,1.0,7,Freestyle,8571.42857142857,2,0.0658411214953271,420000,2406.5719999999997,1,0,0,0,0,0,0,0,0,0
Mahindra XUV300 W8 Option Diesel BSIV,2019,1200000,15000,1,20.0,1497.0,115.0,5.0,1.0,0.0,0.0,1.0,0.0,1.0,6,XUV300,2500.0,1,0.07682030728122913,90000,2300.0,0,0,0,0,0,1,0,0,0,0
Maruti Swift Dzire Vdi BSIV,2011,265000,60000,1,19.3,1248.0,73.9,5.0,1.0,0.0,0.0,1.0,0.0,1.0,14,Swift,4285.714285714285,1,0.059214743589743594,840000,1426.2700000000002,0,0,0,1,0,0,0,0,0,0
Volkswagen Polo 1.2 MPI Comfortline,2016,395000,40000,2,16.2,1199.0,74.0,5.0,0.0,0.0,1.0,1.0,0.0,1.0,9,Polo,4444.444444444444,1,0.061718098415346125,360000,1198.8,0,0,0,0,0,0,0,0,0,1
Volkswagen Polo 1.2 MPI Comfortline,2016,385000,40000,2,16.2,1199.0,74.0,5.0,0.0,0.0,1.0,1.0,0.0,1.0,9,Polo,4444.444444444444,1,0.061718098415346125,360000,1198.8,0,0,0,0,0,0,0,0,0,1
Maruti Wagon R LXI Minor,2009,142000,70000,2,18.9,1061.0,67.0,5.0,0.0,0.0,1.0,1.0,0.0,1.0,16,Wagon,4375.0,1,0.06314797360980208,1120000,1266.3,0,0,0,1,0,0,0,0,0,0
Hyundai i10 Era,2009,160000,35000,1,19.81,1086.0,68.05,5.0,0.0,0.0,1.0,1.0,0.0,1.0,16,i10,2187.5,1,0.06266114180478821,560000,1348.0704999999998,0,0,1,0,0,0,0,0,0,0
Tata Indigo CS LX (TDI) BS III,2012,180000,50000,3,19.09,1396.0,69.0,5.0,1.0,0.0,0.0,1.0,0.0,1.0,13,Indigo,3846.153846153846,1,0.0494269340974212,650000,1317.21,0,0,0,0,0,0,0,1,0,0
Ford Figo Titanium Blu,2019,700000,3177,1,18.5,1194.0,94.93,5.0,0.0,0.0,1.0,0.0,0.0,1.0,6,Figo,529.5,1,0.07950586264656617,19062,1756.2050000000002,1,0,0,0,0,0,0,0,0,0
Hyundai Grand i10 Magna,2015,400000,39414,1,18.9,1197.0,81.86,5.0,0.0,0.0,1.0,0.0,0.0,1.0,10,Grand,3941.4,1,0.0683876357560568,394140,1547.1539999999998,0,0,1,0,0,0,0,0,0,0
Tata Indica V2 GLX BSIII,2012,200000,30078,1,15.3,1396.0,70.0,5.0,0.0,0.0,1.0,0.0,0.0,1.0,13,Indica,2313.6923076923076,1,0.050143266475644696,391014,1071.0,0,0,0,0,0,0,0,1,0,0
Hyundai EON Magna Plus Option,2012,250000,44588,1,21.1,814.0,55.2,5.0,0.0,0.0,1.0,0.0,0.0,1.0,13,EON,3429.846153846154,1,0.06781326781326781,579644,1164.72,0,0,1,0,0,0,0,0,0,0
Maruti Celerio ZXI,2015,400000,49907,1,21.63,998.0,67.04,5.0,0.0,0.0,1.0,0.0,0.0,1.0,10,Celerio,4990.7,1,0.06717434869739479,499070,1450.0752,0,0,0,1,0,0,0,0,0,0
Maruti Swift VXI,2013,371000,67082,2,21.21,1197.0,81.8,5.0,0.0,0.0,1.0,0.0,0.0,1.0,12,Swift,5590.166666666667,2,0.0683375104427736,804984,1734.978,0,0,0,1,0,0,0,0,0,0
Ford EcoSport 1.5 Diesel Titanium BSIV,2016,570000,112879,2,23.0,1498.0,98.96,5.0,1.0,0.0,0.0,0.0,0.0,1.0,9,EcoSport,12542.111111111111,2,0.06606141522029373,1015911,2276.08,1,0,0,0,0,0,0,0,0,0
Honda Brio S MT,2013,300000,80000,2,19.4,1198.0,86.8,5.0,0.0,0.0,1.0,1.0,0.0,1.0,12,Brio,6666.666666666667,2,0.07245409015025041,960000,1683.9199999999998,0,1,0,0,0,0,0,0,0,0
Hyundai i20 1.2 Asta,2017,620000,25000,1,18.6,1197.0,81.83,5.0,0.0,0.0,1.0,1.0,0.0,1.0,8,i20,3125.0,1,0.06836257309941521,200000,1522.038,0,0,1,0,0,0,0,0,0,0
Honda City i-VTEC V,2018,949000,10200,1,17.4,1497.0,117.6,5.0,0.0,0.0,1.0,1.0,0.0,1.0,7,City,1457.142857142857,1,0.0785571142284569,71400,2046.2399999999998,0,1,0,0,0,0,0,0,0,0
Maruti Celerio VXI,2017,350000,20000,2,23.1,998.0,67.04,5.0,0.0,0.0,1.0,1.0,0.0,1.0,8,Celerio,2500.0,1,0.06717434869739479,160000,1548.6240000000003,0,0,0,1,0,0,0,0,0,0
Renault KWID 1.0,2016,270000,30000,3,23.01,999.0,67.0,5.0,0.0,0.0,1.0,1.0,0.0,1.0,9,KWID,3333.3333333333335,1,0.06706706706706707,270000,1541.67,0,0,0,0,0,0,1,0,0,0
Hyundai EON Magna Plus,2013,235000,40000,2,21.1,814.0,55.2,5.0,0.0,0.0,1.0,1.0,0.0,1.0,12,EON,3333.3333333333335,1,0.06781326781326781,480000,1164.72,0,0,1,0,0,0,0,0,0,0
Maruti Swift VXI Optional,2016,500000,60000,1,20.4,1197.0,81.8,5.0,0.0,0.0,1.0,1.0,0.0,1.0,9,Swift,6666.666666666667,2,0.0683375104427736,540000,1668.7199999999998,0,0,0,1,0,0,0,0,0,0
Maruti Alto LXi,2012,220000,111000,1,19.7,796.0,46.3,5.0,0.0,0.0,1.0,1.0,0.0,1.0,13,Alto,8538.461538461539,2,0.05816582914572864,1443000,912.1099999999999,0,0,0,1,0,0,0,0,0,0
Maruti Swift Dzire LDIX Limited Edition,2014,380000,70000,2,23.4,1248.0,74.0,5.0,1.0,0.0,0.0,1.0,0.0,1.0,11,Swift,6363.636363636364,2,0.05929487179487179,770000,1731.6,0,0,0,1,0,0,0,0,0,0
Maruti Alto K10 2010-2014 VXI,2010,160000,100000,3,20.92,998.0,67.1,5.0,0.0,0.0,1.0,1.0,0.0,1.0,15,Alto,6666.666666666667,2,0.06723446893787574,1500000,1403.732,0,0,0,1,0,0,0,0,0,0
Hyundai EON 1.0 Era Plus,2017,339000,25000,1,20.3,998.0,68.05,5.0,0.0,0.0,1.0,1.0,0.0,1.0,8,EON,3125.0,1,0.06818637274549098,200000,1381.415,0,0,1,0,0,0,0,0,0,0
Ford Fiesta Classic 1.6 Duratec CLXI,2011,229999,100000,1,15.3,1596.0,99.6,5.0,0.0,0.0,1.0,1.0,0.0,1.0,14,Fiesta,7142.857142857143,2,0.06240601503759398,1400000,1523.8799999999999,1,0,0,0,0,0,0,0,0,0
Hyundai Xcent 1.2 CRDi E Plus,2018,470000,25000,1,25.4,1186.0,73.97,5.0,1.0,0.0,0.0,1.0,0.0,1.0,7,Xcent,3571.4285714285716,1,0.062369308600337264,175000,1878.838,0,0,1,0,0,0,0,0,0,0
Ford Aspire Titanium BSIV,2019,575000,20000,1,19.4,1194.0,94.93,5.0,0.0,0.0,1.0,1.0,0.0,1.0,6,Aspire,3333.3333333333335,1,0.07950586264656617,120000,1841.642,1,0,0,0,0,0,0,0,0,0
Datsun RediGO SV 1.0,2019,325000,1300,1,22.5,999.0,67.0,5.0,0.0,0.0,1.0,1.0,0.0,1.0,6,RediGO,216.66666666666666,1,0.06706706706706707,7800,1507.5,0,0,0,0,0,1,0,0,0,0
Maruti Wagon R VXI BS IV,2014,350000,15000,1,20.51,998.0,67.04,5.0,0.0,0.0,1.0,1.0,0.0,1.0,11,Wagon,1363.6363636363637,1,0.06717434869739479,165000,1374.9904000000001,0,0,0,1,0,0,0,0,0,0
Renault KWID RXT Optional,2016,300000,25000,1,25.17,799.0,53.3,5.0,0.0,0.0,1.0,1.0,0.0,1.0,9,KWID,2777.777777777778,1,0.06670838548185232,225000,1341.561,0,0,0,0,0,0,1,0,0,0
Nissan Terrano XL 110 PS,2014,540000,150000,1,19.01,1461.0,108.5,5.0,1.0,0.0,0.0,1.0,0.0,1.0,11,Terrano,13636.363636363636,2,0.07426420260095824,1650000,2062.585,0,0,0,0,1,0,0,0,0,0
Maruti Celerio ZXI Optional MT BSIV,2018,580000,10000,1,23.1,998.0,67.04,5.0,0.0,0.0,1.0,1.0,0.0,1.0,7,Celerio,1428.5714285714287,1,0.06717434869739479,70000,1548.6240000000003,0,0,0,1,0,0,0,0,0,0
Tata Zest Quadrajet 1.3 75PS XM,2017,459999,80000,1,22.95,1248.0,74.0,5.0,1.0,0.0,0.0,1.0,0.0,1.0,8,Zest,10000.0,2,0.05929487179487179,640000,1698.3,0,0,0,0,0,0,0,1,0,0
Maruti Swift VDI BSIV,2015,635000,50000,1,25.2,1248.0,74.0,5.0,1.0,0.0,0.0,1.0,0.0,1.0,10,Swift,5000.0,1,0.05929487179487179,500000,1864.8,0,0,0,1,0,0,0,0,0,0
Maruti Swift Dzire VDI,2013,525000,116000,2,23.4,1248.0,74.0,5.0,1.0,0.0,0.0,1.0,0.0,1.0,12,Swift,9666.666666666666,2,0.05929487179487179,1392000,1731.6,0,0,0,1,0,0,0,0,0,0
Fiat Grande Punto EVO 1.2 Dynamic,2015,350000,60000,3,15.8,1172.0,67.1,5.0,0.0,0.0,1.0,1.0,0.0,1.0,10,Grande,6000.0,2,0.05725255972696245,600000,1060.18,0,0,0,0,0,1,0,0,0,0
Maruti Swift Dzire ZDi,2008,320000,175802,3,19.3,1248.0,73.9,5.0,1.0,0.0,0.0,1.0,0.0,1.0,17,Swift,10341.29411764706,2,0.059214743589743594,2988634,1426.2700000000002,0,0,0,1,0,0,0,0,0,0
Volkswagen Vento Petrol Trendline,2011,227000,73840,1,15.04,1598.0,103.6,5.0,0.0,0.0,1.0,1.0,0.0,1.0,14,Vento,5274.285714285715,2,0.06483103879849812,1033760,1558.1439999999998,0,0,0,0,0,0,0,0,0,1
Datsun RediGO AMT 1.0 S,2018,275000,20000,1,23.0,999.0,67.0,5.0,0.0,0.0,1.0,1.0,0.0,0.0,7,RediGO,2857.1428571428573,1,0.06706706706706707,140000,1541.0,0,0,0,0,0,1,0,0,0,0
Hyundai Grand i10 Magna,2013,300000,75000,3,18.9,1197.0,82.0,5.0,0.0,0.0,1.0,1.0,0.0,1.0,12,Grand,6250.0,2,0.06850459482038429,900000,1549.8,0,0,1,0,0,0,0,0,0,0
Volkswagen Vento 1.5 TDI Highline,2015,550000,120000,2,20.34,1498.0,103.2,5.0,1.0,0.0,0.0,1.0,0.0,1.0,10,Vento,12000.0,2,0.06889185580774367,1200000,2099.088,0,0,0,0,0,0,0,0,0,1
Skoda Rapid Monte Carlo 1.5 TDI AT BSIV,2017,900000,40000,1,21.66,1498.0,108.6,5.0,1.0,0.0,0.0,1.0,0.0,0.0,8,Rapid,5000.0,1,0.07249666221628838,320000,2352.276,0,0,0,0,0,1,0,0,0,0
Maruti Alto LXi BSIII,2010,165000,20000,1,19.7,796.0,46.3,5.0,0.0,0.0,1.0,1.0,0.0,1.0,15,Alto,1333.3333333333333,1,0.05816582914572864,300000,912.1099999999999,0,0,0,1,0,0,0,0,0,0
Hyundai EON Magna Plus,2014,210000,70000,1,21.1,814.0,55.2,5.0,0.0,0.0,1.0,1.0,0.0,1.0,11,EON,6363.636363636364,2,0.06781326781326781,770000,1164.72,0,0,1,0,0,0,0,0,0,0
Renault Duster 110PS Diesel RxL Explore,2016,650000,30000,1,19.64,1461.0,108.45,5.0,1.0,0.0,0.0,1.0,0.0,1.0,9,Duster,3333.3333333333335,1,0.0742299794661191,270000,2129.958,0,0,0,0,0,0,1,0,0,0
Renault KWID 1.0 RXT BSIV,2019,390000,25000,1,23.01,999.0,67.0,5.0,0.0,0.0,1.0,1.0,0.0,1.0,6,KWID,4166.666666666667,1,0.06706706706706707,150000,1541.67,0,0,0,0,0,0,1,0,0,0
Renault KWID RXL,2016,260000,80000,1,25.17,799.0,53.3,5.0,0.0,0.0,1.0,1.0,0.0,1.0,9,KWID,8888.888888888889,2,0.06670838548185232,720000,1341.561,0,0,0,0,0,0,1,0,0,0
Maruti Swift Dzire VXI,2013,450000,67000,1,19.1,1197.0,85.8,5.0,0.0,0.0,1.0,1.0,0.0,1.0,12,Swift,5583.333333333333,2,0.07167919799498747,804000,1638.78,0,0,0,1,0,0,0,0,0,0
Hyundai i10 Era,2008,130000,120000,2,19.81,1086.0,68.05,5.0,0.0,0.0,1.0,1.0,0.0,1.0,17,i10,7058.823529411765,2,0.06266114180478821,2040000,1348.0704999999998,0,0,1,0,0,0,0,0,0,0
Maruti Vitara Brezza ZDi,2019,890000,9000,1,24.3,1248.0,88.5,5.0,1.0,0.0,0.0,1.0,0.0,1.0,6,Vitara,1500.0,1,0.07091346153846154,54000,2150.55,0,0,0,1,0,0,0,0,0,0
Honda City i DTEC VX,2014,750000,80000,2,25.1,1498.0,98.6,5.0,1.0,0.0,0.0,1.0,0.0,1.0,11,City,7272.727272727273,2,0.06582109479305741,880000,2474.86,0,1,0,0,0,0,0,0,0,0
Hyundai EON 1.0 Era Plus,2017,270000,26442,1,20.3,998.0,68.05,5.0,0.0,0.0,1.0,1.0,0.0,1.0,8,EON,3305.25,1,0.06818637274549098,211536,1381.415,0,0,1,0,0,0,0,0,0,0
Maruti Alto LXi,2010,130000,28000,2,19.7,796.0,46.3,5.0,0.0,0.0,1.0,1.0,0.0,1.0,15,Alto,1866.6666666666667,1,0.05816582914572864,420000,912.1099999999999,0,0,0,1,0,0,0,0,0,0
Maruti Alto LX,2005,55000,39000,1,19.7,796.0,46.3,5.0,0.0,0.0,1.0,1.0,0.0,1.0,20,Alto,1950.0,1,0.05816582914572864,780000,912.1099999999999,0,0,0,1,0,0,0,0,0,0
Maruti Wagon R AMT VXI Plus,2017,475000,20000,1,20.51,998.0,67.0,5.0,0.0,0.0,1.0,1.0,0.0,0.0,8,Wagon,2500.0,1,0.06713426853707415,160000,1374.17,0,0,0,1,0,0,0,0,0,0
Nissan Sunny Diesel XL,2013,325000,50000,1,21.64,1461.0,84.8,5.0,1.0,0.0,0.0,1.0,0.0,1.0,12,Sunny,4166.666666666667,1,0.05804243668720054,600000,1835.072,0,0,0,0,1,0,0,0,0,0
Honda Jazz 1.2 V AT i VTEC Privilege,2017,615000,40000,1,19.0,1199.0,88.7,5.0,0.0,0.0,1.0,1.0,0.0,0.0,8,Jazz,5000.0,1,0.07397831526271893,320000,1685.3,0,1,0,0,0,0,0,0,0,0
Hyundai Grand i10 Sportz,2015,390000,15000,1,18.9,1197.0,82.0,5.0,0.0,0.0,1.0,1.0,0.0,1.0,10,Grand,1500.0,1,0.06850459482038429,150000,1549.8,0,0,1,0,0,0,0,0,0,0
Maruti Swift AMT ZXI Plus BSIV,2019,650000,15000,1,22.0,1197.0,81.8,5.0,0.0,0.0,1.0,1.0,0.0,0.0,6,Swift,2500.0,1,0.0683375104427736,90000,1799.6,0,0,0,1,0,0,0,0,0,0
Maruti Swift VXI Optional,2015,440000,30000,1,20.4,1197.0,81.8,5.0,0.0,0.0,1.0,1.0,0.0,1.0,10,Swift,3000.0,1,0.0683375104427736,300000,1668.7199999999998,0,0,0,1,0,0,0,0,0,0
Honda City i DTEC V,2014,600000,70000,1,26.0,1498.0,98.6,5.0,1.0,0.0,0.0,1.0,0.0,1.0,11,City,6363.636363636364,2,0.06582109479305741,770000,2563.6,0,1,0,0,0,0,0,0,0,0
Chevrolet Spark 1.0 LT,2012,170000,80000,1,16.2,995.0,62.1,5.0,0.0,0.0,1.0,1.0,0.0,1.0,13,Spark,6153.846153846154,2,0.06241206030150754,1040000,1006.02,0,0,0,0,0,0,0,0,0,0
Maruti Swift VXI,2020,600000,5000,1,21.21,1197.0,81.8,5.0,0.0,0.0,1.0,1.0,0.0,1.0,5,Swift,1000.0,1,0.0683375104427736,25000,1734.978,0,0,0,1,0,0,0,0,0,0
Honda Brio 1.2 E MT,2017,400000,50000,1,18.5,1198.0,86.8,5.0,0.0,0.0,1.0,1.0,0.0,1.0,8,Brio,6250.0,2,0.07245409015025041,400000,1605.8,0,1,0,0,0,0,0,0,0,0
Maruti Swift Dzire VDI,2017,700000,65000,1,26.59,1248.0,74.0,5.0,1.0,0.0,0.0,1.0,0.0,1.0,8,Swift,8125.0,2,0.05929487179487179,520000,1967.66,0,0,0,1,0,0,0,0,0,0
Maruti Baleno Alpha 1.3,2017,800000,35000,1,27.39,1248.0,74.0,5.0,1.0,0.0,0.0,1.0,0.0,1.0,8,Baleno,4375.0,1,0.05929487179487179,280000,2026.8600000000001,0,0,0,1,0,0,0,0,0,0
Honda Jazz 1.5 V i DTEC,2015,600000,90000,1,27.3,1498.0,98.6,5.0,1.0,0.0,0.0,1.0,0.0,1.0,10,Jazz,9000.0,2,0.06582109479305741,900000,2691.7799999999997,0,1,0,0,0,0,0,0,0,0
Maruti Swift VDI BSIV,2016,580000,100000,1,25.2,1248.0,74.0,5.0,1.0,0.0,0.0,1.0,0.0,1.0,9,Swift,11111.111111111111,2,0.05929487179487179,900000,1864.8,0,0,0,1,0,0,0,0,0,0
Renault KWID RXT,2016,350000,15000,1,25.17,799.0,53.3,5.0,0.0,0.0,1.0,1.0,0.0,1.0,9,KWID,1666.6666666666667,1,0.06670838548185232,135000,1341.561,0,0,0,0,0,0,1,0,0,0
Ford Figo Diesel ZXI,2011,204999,147000,1,20.0,1399.0,68.0,5.0,1.0,0.0,0.0,1.0,0.0,1.0,14,Figo,10500.0,2,0.04860614724803431,2058000,1360.0,1,0,0,0,0,0,0,0,0,0
Hyundai i20 Asta 1.4 CRDi (Diesel),2009,310000,120000,2,23.0,1396.0,90.0,5.0,1.0,0.0,0.0,1.0,0.0,1.0,16,i20,7500.0,2,0.06446991404011461,1920000,2070.0,0,0,1,0,0,0,0,0,0,0
Ford Figo 1.5D Titanium Opt MT,2016,459999,69000,2,25.83,1498.0,99.0,5.0,1.0,0.0,0.0,1.0,0.0,1.0,9,Figo,7666.666666666667,2,0.06608811748998665,621000,2557.1699999999996,1,0,0,0,0,0,0,0,0,0
Maruti Ciaz ZDi Plus SHVS,2017,860000,80000,1,28.09,1248.0,88.5,5.0,1.0,0.0,0.0,1.0,0.0,1.0,8,Ciaz,10000.0,2,0.07091346153846154,640000,2485.965,0,0,0,1,0,0,0,0,0,0
Hyundai i10 LPG,2012,275000,97000,3,25.65,1086.0,68.1,5.0,0.0,1.0,0.0,1.0,0.0,1.0,13,i10,7461.538461538462,2,0.06270718232044198,1261000,1746.7649999999996,0,0,1,0,0,0,0,0,0,0
Renault KWID RXT Optional,2016,390000,15000,1,25.17,799.0,53.3,5.0,0.0,0.0,1.0,1.0,0.0,1.0,9,KWID,1666.6666666666667,1,0.06670838548185232,135000,1341.561,0,0,0,0,0,0,1,0,0,0
Maruti Alto LX BSIII,2005,110000,50800,2,19.7,796.0,46.3,5.0,0.0,0.0,1.0,0.0,0.0,1.0,20,Alto,2540.0,1,0.05816582914572864,1016000,912.1099999999999,0,0,0,1,0,0,0,0,0,0
Hyundai Xcent 1.1 CRDi SX Option,2018,665000,40142,1,24.4,1120.0,71.0,5.0,1.0,0.0,0.0,0.0,0.0,1.0,7,Xcent,5734.571428571428,2,0.06339285714285714,280994,1732.3999999999999,0,0,1,0,0,0,0,0,0,0
Hyundai i20 1.2 Asta,2019,721000,9400,1,18.6,1197.0,81.83,5.0,0.0,0.0,1.0,0.0,0.0,1.0,6,i20,1566.6666666666667,1,0.06836257309941521,56400,1522.038,0,0,1,0,0,0,0,0,0,0
Mahindra KUV 100 D75 K6 Plus 5Str,2016,390000,62000,1,25.32,1198.0,77.0,5.0,1.0,0.0,0.0,0.0,0.0,1.0,9,KUV,6888.888888888889,2,0.0642737896494157,558000,1949.64,0,0,0,0,0,1,0,0,0,0
Hyundai Elite i20 Sportz Plus Dual Tone BSIV,2019,685000,4300,1,18.6,1197.0,81.86,5.0,0.0,0.0,1.0,0.0,0.0,1.0,6,Elite,716.6666666666666,1,0.0683876357560568,25800,1522.596,0,0,1,0,0,0,0,0,0,0
Maruti Swift VXI,2019,595000,14548,1,21.21,1197.0,81.8,5.0,0.0,0.0,1.0,0.0,0.0,1.0,6,Swift,2424.6666666666665,1,0.0683375104427736,87288,1734.978,0,0,0,1,0,0,0,0,0,0
Ford EcoSport 1.5 Diesel Titanium Plus BSIV,2018,900000,44772,2,23.0,1498.0,98.96,5.0,1.0,0.0,0.0,0.0,0.0,1.0,7,EcoSport,6396.0,2,0.06606141522029373,313404,2276.08,1,0,0,0,0,0,0,0,0,0
Hyundai i20 2015-2017 Magna 1.2,2017,570000,28782,1,18.6,1197.0,81.83,5.0,0.0,0.0,1.0,0.0,0.0,1.0,8,i20,3597.75,1,0.06836257309941521,230256,1522.038,0,0,1,0,0,0,0,0,0,0
Hyundai i20 Asta 1.2,2018,700000,28451,1,18.6,1197.0,81.83,5.0,0.0,0.0,1.0,0.0,0.0,1.0,7,i20,4064.4285714285716,1,0.06836257309941521,199157,1522.038,0,0,1,0,0,0,0,0,0,0
Maruti Vitara Brezza ZDi,2018,910000,36500,1,24.3,1248.0,88.5,5.0,1.0,0.0,0.0,0.0,0.0,1.0,7,Vitara,5214.285714285715,2,0.07091346153846154,255500,2150.55,0,0,0,1,0,0,0,0,0,0
Maruti Swift Dzire VDI Optional,2018,751000,44885,1,26.59,1248.0,74.0,5.0,1.0,0.0,0.0,0.0,0.0,1.0,7,Swift,6412.142857142857,2,0.05929487179487179,314195,1967.66,0,0,0,1,0,0,0,0,0,0
Tata Indica Vista Terra 1.4 TDI,2009,135000,110000,2,17.0,1405.0,71.0,5.0,1.0,0.0,0.0,1.0,0.0,1.0,16,Indica,6875.0,2,0.050533807829181494,1760000,1207.0,0,0,0,0,0,0,0,1,0,0
Hyundai i20 Diesel Asta Option,2014,550000,76000,1,22.54,1396.0,88.73,5.0,1.0,0.0,0.0,0.0,0.0,1.0,11,i20,6909.090909090909,2,0.06356017191977077,836000,1999.9742,0,0,1,0,0,0,0,0,0,0
Honda City 1.5 V MT,2013,475000,55000,2,17.0,1497.0,118.0,5.0,0.0,0.0,1.0,0.0,0.0,1.0,12,City,4583.333333333333,1,0.0788243152972612,660000,2006.0,0,1,0,0,0,0,0,0,0,0
Maruti Swift Dzire VDI,2017,625000,70000,1,23.4,1248.0,74.0,5.0,1.0,0.0,0.0,0.0,0.0,1.0,8,Swift,8750.0,2,0.05929487179487179,560000,1731.6,0,0,0,1,0,0,0,0,0,0
Hyundai Santro GLS I - Euro II,2009,195000,56000,2,19.5,1248.0,81.83,5.0,0.0,0.0,1.0,0.0,0.0,1.0,16,Santro,3500.0,1,0.06556891025641025,896000,1595.685,0,0,1,0,0,0,0,0,0,0
Maruti Swift ZDi,2014,470000,89000,1,22.9,1248.0,74.0,5.0,1.0,0.0,0.0,0.0,0.0,1.0,11,Swift,8090.909090909091,2,0.05929487179487179,979000,1694.6,0,0,0,1,0,0,0,0,0,0
Maruti Swift VDI,2013,380000,57000,1,22.9,1248.0,74.0,5.0,1.0,0.0,0.0,1.0,0.0,1.0,12,Swift,4750.0,1,0.05929487179487179,684000,1694.6,0,0,0,1,0,0,0,0,0,0
Maruti Swift Dzire VDI,2017,650000,70000,1,26.59,1248.0,74.0,5.0,1.0,0.0,0.0,1.0,0.0,1.0,8,Swift,8750.0,2,0.05929487179487179,560000,1967.66,0,0,0,1,0,0,0,0,0,0
Hyundai EON Era Plus,2016,275000,49200,1,21.1,814.0,55.2,5.0,0.0,0.0,1.0,1.0,0.0,1.0,9,EON,5466.666666666667,2,0.06781326781326781,442800,1164.72,0,0,1,0,0,0,0,0,0,0
Hyundai i10 Era,2008,200000,60000,2,19.81,1086.0,68.05,5.0,0.0,0.0,1.0,1.0,0.0,1.0,17,i10,3529.4117647058824,1,0.06266114180478821,1020000,1348.0704999999998,0,0,1,0,0,0,0,0,0,0
Maruti Eeco 5 Seater AC BSIV,2015,315000,120000,2,15.37,1196.0,73.0,5.0,0.0,0.0,1.0,1.0,0.0,1.0,10,Eeco,12000.0,2,0.061036789297658864,1200000,1122.01,0,0,0,1,0,0,0,0,0,0
Maruti Alto LXI,2004,90000,110000,3,19.7,796.0,46.3,5.0,0.0,0.0,1.0,1.0,0.0,1.0,21,Alto,5238.0952380952385,2,0.05816582914572864,2310000,912.1099999999999,0,0,0,1,0,0,0,0,0,0
Maruti Wagon R LXI Minor,2007,120000,70000,2,18.9,1061.0,67.0,5.0,0.0,0.0,1.0,1.0,0.0,1.0,18,Wagon,3888.8888888888887,1,0.06314797360980208,1260000,1266.3,0,0,0,1,0,0,0,0,0,0
Maruti Wagon R LXI,2006,90000,168000,2,18.9,998.0,67.1,5.0,0.0,0.0,1.0,1.0,0.0,1.0,19,Wagon,8842.105263157895,2,0.06723446893787574,3192000,1268.1899999999998,0,0,0,1,0,0,0,0,0,0
Hyundai Grand i10 CRDi Sportz,2015,370000,60000,1,24.0,1120.0,70.0,5.0,1.0,0.0,0.0,1.0,0.0,1.0,10,Grand,6000.0,2,0.0625,600000,1680.0,0,0,1,0,0,0,0,0,0,0
Maruti Swift VDI BSIV,2016,595000,131111,1,25.2,1248.0,74.0,5.0,1.0,0.0,0.0,1.0,0.0,1.0,9,Swift,14567.888888888889,2,0.05929487179487179,1179999,1864.8,0,0,0,1,0,0,0,0,0,0
Mahindra Renault Logan 1.5 DLE Diesel,2007,150000,120000,2,19.2,1461.0,65.0,5.0,1.0,0.0,0.0,1.0,0.0,1.0,18,Renault,6666.666666666667,2,0.044490075290896644,2160000,1248.0,0,0,0,0,0,1,0,0,0,0
Maruti Swift Dzire VDi,2012,400000,58400,2,19.3,1248.0,73.9,5.0,1.0,0.0,0.0,1.0,0.0,1.0,13,Swift,4492.307692307692,1,0.059214743589743594,759200,1426.2700000000002,0,0,0,1,0,0,0,0,0,0
Maruti Alto K10 VXI Airbag,2016,310000,23400,2,23.95,998.0,67.1,5.0,0.0,0.0,1.0,1.0,0.0,1.0,9,Alto,2600.0,1,0.06723446893787574,210600,1607.0449999999998,0,0,0,1,0,0,0,0,0,0
Maruti Celerio VXI MT BSIV,2018,385000,50000,1,23.1,998.0,67.04,5.0,0.0,0.0,1.0,1.0,0.0,1.0,7,Celerio,7142.857142857143,2,0.06717434869739479,350000,1548.6240000000003,0,0,0,1,0,0,0,0,0,0
Maruti Swift 1.3 LXI,2005,105000,158107,2,19.5,1248.0,81.83,5.0,0.0,0.0,1.0,1.0,0.0,1.0,20,Swift,7905.35,2,0.06556891025641025,3162140,1595.685,0,0,0,1,0,0,0,0,0,0
Hyundai Santro Sportz AMT BSIV,2019,521000,3010,1,20.3,1086.0,68.0,5.0,0.0,0.0,1.0,1.0,0.0,0.0,6,Santro,501.6666666666667,1,0.06261510128913444,18060,1380.4,0,0,1,0,0,0,0,0,0,0
Tata Manza Aqua Quadrajet BS IV,2010,180000,80000,1,21.12,1248.0,88.8,5.0,1.0,0.0,0.0,1.0,0.0,1.0,15,Manza,5333.333333333333,2,0.07115384615384615,1200000,1875.4560000000001,0,0,0,0,0,0,0,1,0,0
Ford Fiesta EXi 1.4 TDCi Ltd,2011,220000,155000,2,17.8,1399.0,68.0,5.0,1.0,0.0,0.0,1.0,0.0,1.0,14,Fiesta,11071.42857142857,2,0.04860614724803431,2170000,1210.4,1,0,0,0,0,0,0,0,0,0
Hyundai Grand i10 1.2 Kappa Magna BSIV,2018,540000,4000,1,18.9,1197.0,81.86,5.0,0.0,0.0,1.0,1.0,0.0,1.0,7,Grand,571.4285714285714,1,0.0683876357560568,28000,1547.1539999999998,0,0,1,0,0,0,0,0,0,0
Maruti Alto LXi BSIII,2007,140000,35000,2,19.7,796.0,46.3,5.0,0.0,0.0,1.0,1.0,0.0,1.0,18,Alto,1944.4444444444443,1,0.05816582914572864,630000,912.1099999999999,0,0,0,1,0,0,0,0,0,0
Maruti Zen VXI,2003,200000,121000,1,17.3,993.0,60.0,5.0,0.0,0.0,1.0,1.0,0.0,1.0,22,Zen,5500.0,2,0.06042296072507553,2662000,1038.0,0,0,0,1,0,0,0,0,0,0
Ford EcoSport 1.5 TDCi Titanium BSIV,2015,650000,110000,2,22.77,1498.0,98.59,5.0,1.0,0.0,0.0,1.0,0.0,1.0,10,EcoSport,11000.0,2,0.06581441922563418,1100000,2244.8943,1,0,0,0,0,0,0,0,0,0
Ford Fiesta 1.4 SXi TDCi ABS,2010,229999,170000,2,17.8,1399.0,68.0,5.0,1.0,0.0,0.0,1.0,0.0,1.0,15,Fiesta,11333.333333333334,2,0.04860614724803431,2550000,1210.4,1,0,0,0,0,0,0,0,0,0
Maruti Swift Vdi BSIII,2010,305000,175000,3,17.8,1248.0,75.0,5.0,1.0,0.0,0.0,1.0,0.0,1.0,15,Swift,11666.666666666666,2,0.06009615384615385,2625000,1335.0,0,0,0,1,0,0,0,0,0,0
Ford Fiesta 1.4 ZXi TDCi LE,2008,200000,163000,1,17.8,1399.0,68.0,5.0,1.0,0.0,0.0,1.0,0.0,1.0,17,Fiesta,9588.235294117647,2,0.04860614724803431,2771000,1210.4,1,0,0,0,0,0,0,0,0,0
Ford Fiesta 1.4 ZXi TDCi ABS,2008,200000,163000,1,17.8,1399.0,68.0,5.0,1.0,0.0,0.0,1.0,0.0,1.0,17,Fiesta,9588.235294117647,2,0.04860614724803431,2771000,1210.4,1,0,0,0,0,0,0,0,0,0
Nissan Micra Diesel XV,2011,210000,110000,3,23.08,1461.0,63.1,5.0,1.0,0.0,0.0,1.0,0.0,1.0,14,Micra,7857.142857142857,2,0.0431895961670089,1540000,1456.348,0,0,0,0,1,0,0,0,0,0
Maruti Swift Dzire ZXI,2016,620000,36000,1,20.85,1197.0,83.14,5.0,0.0,0.0,1.0,1.0,0.0,1.0,9,Swift,4000.0,1,0.06945697577276524,324000,1733.469,0,0,0,1,0,0,0,0,0,0
Maruti Wagon R VXI BS IV,2012,250000,65000,2,18.9,998.0,67.1,5.0,0.0,0.0,1.0,1.0,0.0,1.0,13,Wagon,5000.0,1,0.06723446893787574,845000,1268.1899999999998,0,0,0,1,0,0,0,0,0,0
Fiat Grande Punto 1.3 Emotion (Diesel),2013,300000,82500,1,20.3,1248.0,75.0,5.0,1.0,0.0,0.0,1.0,0.0,1.0,12,Grande,6875.0,2,0.06009615384615385,990000,1522.5,0,0,0,0,0,1,0,0,0,0
Ford EcoSport 1.5 Diesel Titanium BSIV,2018,810000,30000,2,23.0,1498.0,98.96,5.0,1.0,0.0,0.0,1.0,0.0,1.0,7,EcoSport,4285.714285714285,1,0.06606141522029373,210000,2276.08,1,0,0,0,0,0,0,0,0,0
Maruti Swift Dzire LDI Optional,2015,470000,70000,2,26.59,1248.0,74.0,5.0,1.0,0.0,0.0,1.0,0.0,1.0,10,Swift,7000.0,2,0.05929487179487179,700000,1967.66,0,0,0,1,0,0,0,0,0,0
Tata Zest Quadrajet 1.3 XT,2017,400000,85000,1,20.65,1248.0,88.7,5.0,1.0,0.0,0.0,1.0,0.0,1.0,8,Zest,10625.0,2,0.07107371794871795,680000,1831.655,0,0,0,0,0,0,0,1,0,0
Maruti Wagon R Stingray VXI,2014,300000,60000,2,20.51,998.0,67.04,5.0,0.0,0.0,1.0,1.0,0.0,1.0,11,Wagon,5454.545454545455,2,0.06717434869739479,660000,1374.9904000000001,0,0,0,1,0,0,0,0,0,0
Maruti Alto 800 Base,2015,170000,20000,3,22.74,796.0,47.3,5.0,0.0,0.0,1.0,1.0,0.0,1.0,10,Alto,2000.0,1,0.059422110552763814,200000,1075.6019999999999,0,0,0,1,0,0,0,0,0,0
Renault Duster 110PS Diesel RXZ Optional with Nav,2014,455999,80000,1,19.01,1461.0,108.45,5.0,1.0,0.0,0.0,1.0,0.0,1.0,11,Duster,7272.727272727273,2,0.0742299794661191,880000,2061.6345,0,0,0,0,0,0,1,0,0,0
Hyundai Santro LS zipPlus,2002,35000,75000,2,19.5,1248.0,81.83,5.0,0.0,0.0,1.0,1.0,0.0,1.0,23,Santro,3260.8695652173915,1,0.06556891025641025,1725000,1595.685,0,0,1,0,0,0,0,0,0,0
Maruti Swift 1.3 LXI,2005,85000,100000,1,19.5,1248.0,81.83,5.0,0.0,0.0,1.0,1.0,0.0,1.0,20,Swift,5000.0,1,0.06556891025641025,2000000,1595.685,0,0,0,1,0,0,0,0,0,0
Maruti Vitara Brezza VDi Option,2016,650000,80000,2,24.3,1248.0,88.5,5.0,1.0,0.0,0.0,1.0,0.0,1.0,9,Vitara,8888.888888888889,2,0.07091346153846154,720000,2150.55,0,0,0,1,0,0,0,0,0,0
Tata Bolt Revotron XE,2017,350000,35000,1,17.57,1193.0,88.7,5.0,0.0,0.0,1.0,1.0,0.0,1.0,8,Bolt,4375.0,1,0.07435037720033529,280000,1558.459,0,0,0,0,0,0,0,1,0,0
Chevrolet Beat Diesel,2013,125000,139000,1,25.44,936.0,57.6,5.0,1.0,0.0,0.0,1.0,0.0,1.0,12,Beat,11583.333333333334,2,0.06153846153846154,1668000,1465.344,0,0,0,0,0,0,0,0,0,0
Maruti Alto AX,2005,80000,90000,2,19.7,796.0,46.3,5.0,0.0,0.0,1.0,1.0,0.0,0.0,20,Alto,4500.0,1,0.05816582914572864,1800000,912.1099999999999,0,0,0,1,0,0,0,0,0,0
Maruti Omni E 8 Str STD,2009,120000,120000,1,19.5,1248.0,81.83,5.0,0.0,0.0,1.0,1.0,0.0,1.0,16,Omni,7500.0,2,0.06556891025641025,1920000,1595.685,0,0,0,1,0,0,0,0,0,0
Honda City 2017-2020 GXi,2008,250000,100000,1,17.7,1497.0,78.0,5.0,0.0,0.0,1.0,1.0,0.0,1.0,17,City,5882.35294117647,2,0.052104208416833664,1700000,1380.6,0,1,0,0,0,0,0,0,0,0
Volkswagen Vento Diesel Trendline,2011,225000,90000,1,20.54,1598.0,103.6,5.0,1.0,0.0,0.0,1.0,0.0,1.0,14,Vento,6428.571428571428,2,0.06483103879849812,1260000,2127.944,0,0,0,0,0,0,0,0,0,1
Hyundai Xcent 1.2 CRDi E Plus,2017,450000,40000,2,25.4,1186.0,73.97,5.0,1.0,0.0,0.0,1.0,0.0,1.0,8,Xcent,5000.0,1,0.062369308600337264,320000,1878.838,0,0,1,0,0,0,0,0,0,0
Hyundai Xcent 1.2 VTVT S,2017,509999,90000,1,20.14,1197.0,81.86,5.0,0.0,0.0,1.0,1.0,0.0,1.0,8,Xcent,11250.0,2,0.0683876357560568,720000,1648.6604,0,0,1,0,0,0,0,0,0,0
Maruti Alto 800 LXI,2015,245000,36710,2,22.74,796.0,47.3,5.0,0.0,0.0,1.0,1.0,0.0,1.0,10,Alto,3671.0,1,0.059422110552763814,367100,1075.6019999999999,0,0,0,1,0,0,0,0,0,0
Maruti SX4 S Cross 2015-2017 DDiS 200 Alpha,2016,620000,28180,1,23.65,1248.0,88.5,5.0,1.0,0.0,0.0,0.0,0.0,1.0,9,SX4,3131.1111111111113,1,0.07091346153846154,253620,2093.025,0,0,0,1,0,0,0,0,0,0
Maruti Ritz VDi,2014,370000,30000,1,23.2,1248.0,73.94,5.0,1.0,0.0,0.0,1.0,0.0,1.0,11,Ritz,2727.2727272727275,1,0.05924679487179487,330000,1715.408,0,0,0,1,0,0,0,0,0,0
Maruti Swift VXI,2013,350000,15000,1,18.6,1197.0,85.8,5.0,0.0,0.0,1.0,1.0,0.0,1.0,12,Swift,1250.0,1,0.07167919799498747,180000,1595.88,0,0,0,1,0,0,0,0,0,0
Maruti Baleno Alpha 1.2,2017,580000,20000,1,21.4,1197.0,83.1,5.0,0.0,0.0,1.0,1.0,0.0,1.0,8,Baleno,2500.0,1,0.06942355889724311,160000,1778.3399999999997,0,0,0,1,0,0,0,0,0,0
Hyundai Grand i10 1.2 Kappa Sportz BSIV,2018,450000,56000,1,18.9,1197.0,81.86,5.0,0.0,0.0,1.0,1.0,0.0,1.0,7,Grand,8000.0,2,0.0683876357560568,392000,1547.1539999999998,0,0,1,0,0,0,0,0,0,0
Hyundai i20 Active 1.2 S,2017,600000,19000,1,17.19,1197.0,81.86,5.0,0.0,0.0,1.0,1.0,0.0,1.0,8,i20,2375.0,1,0.0683876357560568,152000,1407.1734000000001,0,0,1,0,0,0,0,0,0,0
Hyundai i20 1.2 Magna Executive,2017,450000,70000,1,18.6,1197.0,81.83,5.0,0.0,0.0,1.0,1.0,0.0,1.0,8,i20,8750.0,2,0.06836257309941521,560000,1522.038,0,0,1,0,0,0,0,0,0,0
Tata Indigo CS LX (TDI) BS III,2009,150000,30000,1,19.09,1396.0,69.0,5.0,1.0,0.0,0.0,1.0,0.0,1.0,16,Indigo,1875.0,1,0.0494269340974212,480000,1317.21,0,0,0,0,0,0,0,1,0,0
Maruti Eeco 5 Seater AC BSIV,2019,400000,15000,1,15.37,1196.0,73.0,5.0,0.0,0.0,1.0,1.0,0.0,1.0,6,Eeco,2500.0,1,0.061036789297658864,90000,1122.01,0,0,0,1,0,0,0,0,0,0
Maruti Alto 800 LXI,2013,185000,85000,1,22.74,796.0,47.3,5.0,0.0,0.0,1.0,1.0,0.0,1.0,12,Alto,7083.333333333333,2,0.059422110552763814,1020000,1075.6019999999999,0,0,0,1,0,0,0,0,0,0
Maruti Swift AMT VXI,2018,625000,50000,1,22.0,1197.0,81.8,5.0,0.0,0.0,1.0,1.0,0.0,0.0,7,Swift,7142.857142857143,2,0.0683375104427736,350000,1799.6,0,0,0,1,0,0,0,0,0,0
Hyundai i20 Active SX Petrol,2019,700000,20000,1,17.19,1197.0,81.86,5.0,0.0,0.0,1.0,1.0,0.0,1.0,6,i20,3333.3333333333335,1,0.0683876357560568,120000,1407.1734000000001,0,0,1,0,0,0,0,0,0,0
Maruti Wagon R VXI Optional,2017,390000,25000,1,20.51,998.0,67.04,5.0,0.0,0.0,1.0,1.0,0.0,1.0,8,Wagon,3125.0,1,0.06717434869739479,200000,1374.9904000000001,0,0,0,1,0,0,0,0,0,0
Tata Nexon 1.2 Revotron XM,2018,625000,25000,1,17.0,1198.0,108.5,5.0,0.0,0.0,1.0,1.0,0.0,1.0,7,Nexon,3571.4285714285716,1,0.09056761268781302,175000,1844.5,0,0,0,0,0,0,0,1,0,0
Maruti Swift Dzire VXI,2014,400000,50000,1,19.1,1197.0,85.8,5.0,0.0,0.0,1.0,1.0,0.0,1.0,11,Swift,4545.454545454545,1,0.07167919799498747,550000,1638.78,0,0,0,1,0,0,0,0,0,0
Hyundai i20 1.4 CRDi Asta,2011,380000,150000,4,23.0,1396.0,90.0,5.0,1.0,0.0,0.0,1.0,0.0,1.0,14,i20,10714.285714285714,2,0.06446991404011461,2100000,2070.0,0,0,1,0,0,0,0,0,0,0
Tata Zest Revotron 1.2T XMS,2019,620000,100000,1,17.57,1193.0,88.7,5.0,0.0,0.0,1.0,1.0,0.0,1.0,6,Zest,16666.666666666668,3,0.07435037720033529,600000,1558.459,0,0,0,0,0,0,0,1,0,0
Ford Fiesta Classic 1.4 SXI Duratorq,2008,190000,180000,2,17.8,1399.0,67.0,5.0,1.0,0.0,0.0,1.0,0.0,1.0,17,Fiesta,10588.235294117647,2,0.04789135096497498,3060000,1192.6000000000001,1,0,0,0,0,0,0,0,0,0
Maruti Alto 800 LXI,2013,210000,50000,2,22.74,796.0,47.3,5.0,0.0,0.0,1.0,1.0,0.0,1.0,12,Alto,4166.666666666667,1,0.059422110552763814,600000,1075.6019999999999,0,0,0,1,0,0,0,0,0,0
Maruti Ritz VDi,2012,270000,80000,3,23.2,1248.0,73.94,5.0,1.0,0.0,0.0,1.0,0.0,1.0,13,Ritz,6153.846153846154,2,0.05924679487179487,1040000,1715.408,0,0,0,1,0,0,0,0,0,0
Hyundai EON D Lite Plus,2014,220000,93000,2,21.1,814.0,55.2,5.0,0.0,0.0,1.0,1.0,0.0,1.0,11,EON,8454.545454545454,2,0.06781326781326781,1023000,1164.72,0,0,1,0,0,0,0,0,0,0
Hyundai i20 Asta 1.2,2013,370000,120000,1,18.5,1197.0,82.85,5.0,0.0,0.0,1.0,1.0,0.0,1.0,12,i20,10000.0,2,0.06921470342522974,1440000,1532.725,0,0,1,0,0,0,0,0,0,0
Hyundai Santro Xing XG AT eRLX Euro II,2006,95000,100000,2,19.5,1248.0,81.83,5.0,0.0,0.0,1.0,1.0,0.0,0.0,19,Santro,5263.1578947368425,2,0.06556891025641025,1900000,1595.685,0,0,1,0,0,0,0,0,0,0
Honda City V MT,2012,550000,120000,1,16.8,1497.0,116.3,5.0,0.0,0.0,1.0,1.0,0.0,1.0,13,City,9230.76923076923,2,0.07768871075484302,1560000,1953.8400000000001,0,1,0,0,0,0,0,0,0,0
Ford Fiesta 1.4 SXi TDCi ABS,2010,225000,100000,2,17.8,1399.0,68.0,5.0,1.0,0.0,0.0,1.0,0.0,1.0,15,Fiesta,6666.666666666667,2,0.04860614724803431,1500000,1210.4,1,0,0,0,0,0,0,0,0,0
Hyundai EON Era Plus,2016,280000,60000,1,21.1,814.0,55.2,5.0,0.0,0.0,1.0,1.0,0.0,1.0,9,EON,6666.666666666667,2,0.06781326781326781,540000,1164.72,0,0,1,0,0,0,0,0,0,0
Ford Figo Aspire 1.5 Ti-VCT Titanium,2017,570000,44077,1,17.01,1499.0,110.5,5.0,0.0,0.0,1.0,0.0,0.0,0.0,8,Figo,5509.625,2,0.07371581054036024,352616,1879.6050000000002,1,0,0,0,0,0,0,0,0,0
Maruti Alto 800 LXI,2017,290000,90000,2,24.7,796.0,47.3,5.0,0.0,0.0,1.0,1.0,0.0,1.0,8,Alto,11250.0,2,0.059422110552763814,720000,1168.31,0,0,0,1,0,0,0,0,0,0
Hyundai i20 Active 1.4 S,2018,720000,50000,2,21.19,1396.0,88.73,5.0,1.0,0.0,0.0,1.0,0.0,1.0,7,i20,7142.857142857143,2,0.06356017191977077,350000,1880.1887000000002,0,0,1,0,0,0,0,0,0,0
Ford EcoSport 1.5 TDCi Trend Plus BSIV,2017,800000,60000,1,22.77,1498.0,98.59,5.0,1.0,0.0,0.0,1.0,0.0,1.0,8,EcoSport,7500.0,2,0.06581441922563418,480000,2244.8943,1,0,0,0,0,0,0,0,0,0
Hyundai i10 Era,2012,265000,20000,3,19.81,1086.0,68.05,5.0,0.0,0.0,1.0,1.0,0.0,1.0,13,i10,1538.4615384615386,1,0.06266114180478821,260000,1348.0704999999998,0,0,1,0,0,0,0,0,0,0
Maruti Alto LX BSIII,2010,135000,90000,3,19.7,796.0,46.3,5.0,0.0,0.0,1.0,1.0,0.0,1.0,15,Alto,6000.0,2,0.05816582914572864,1350000,912.1099999999999,0,0,0,1,0,0,0,0,0,0
Ford Figo 1.5D Ambiente MT,2016,350000,70000,2,25.83,1498.0,99.0,5.0,1.0,0.0,0.0,1.0,0.0,1.0,9,Figo,7777.777777777777,2,0.06608811748998665,630000,2557.1699999999996,1,0,0,0,0,0,0,0,0,0
Maruti Swift 1.3 VXi,2008,200000,80000,2,19.5,1248.0,81.83,5.0,0.0,0.0,1.0,1.0,0.0,1.0,17,Swift,4705.882352941177,1,0.06556891025641025,1360000,1595.685,0,0,0,1,0,0,0,0,0,0
Maruti Swift Dzire ZXi,2012,355000,90000,2,17.5,1298.0,85.8,5.0,0.0,0.0,1.0,1.0,0.0,1.0,13,Swift,6923.076923076923,2,0.06610169491525424,1170000,1501.5,0,0,0,1,0,0,0,0,0,0
Hyundai Elite i20 Petrol Asta,2019,700000,17000,1,18.6,1197.0,81.86,5.0,0.0,0.0,1.0,1.0,0.0,1.0,6,Elite,2833.3333333333335,1,0.0683876357560568,102000,1522.596,0,0,1,0,0,0,0,0,0,0
Volkswagen Polo Diesel Highline 1.2L,2012,350000,74000,2,22.07,1199.0,73.9,5.0,1.0,0.0,0.0,1.0,0.0,1.0,13,Polo,5692.307692307692,2,0.06163469557964971,962000,1630.9730000000002,0,0,0,0,0,0,0,0,0,1
Maruti Alto LX BSIII,2006,85000,60000,2,19.7,796.0,46.3,5.0,0.0,0.0,1.0,1.0,0.0,1.0,19,Alto,3157.8947368421054,1,0.05816582914572864,1140000,912.1099999999999,0,0,0,1,0,0,0,0,0,0
Maruti Alto 800 LX,2016,290000,15000,1,22.74,796.0,47.3,5.0,0.0,0.0,1.0,1.0,0.0,1.0,9,Alto,1666.6666666666667,1,0.059422110552763814,135000,1075.6019999999999,0,0,0,1,0,0,0,0,0,0
Honda WR-V i-DTEC VX,2019,1000000,72000,1,25.5,1498.0,98.6,5.0,1.0,0.0,0.0,1.0,0.0,1.0,6,WR-V,12000.0,2,0.06582109479305741,432000,2514.2999999999997,0,1,0,0,0,0,0,0,0,0
Tata Indica V2 LSi,2008,85000,25000,2,16.84,1193.0,64.4,5.0,0.0,0.0,1.0,1.0,0.0,1.0,17,Indica,1470.5882352941176,1,0.0539815590947192,425000,1084.496,0,0,0,0,0,0,0,1,0,0
Maruti Alto LXI,2003,65000,114000,1,19.7,796.0,46.3,5.0,0.0,0.0,1.0,1.0,0.0,1.0,22,Alto,5181.818181818182,2,0.05816582914572864,2508000,912.1099999999999,0,0,0,1,0,0,0,0,0,0
Honda City 1.5 EXI,2005,75000,120000,1,13.0,1493.0,100.0,5.0,0.0,0.0,1.0,1.0,0.0,1.0,20,City,6000.0,2,0.06697923643670463,2400000,1300.0,0,1,0,0,0,0,0,0,0,0
Tata Indica Vista Terra 1.4 TDI,2009,170000,55768,1,17.0,1405.0,71.0,5.0,1.0,0.0,0.0,1.0,0.0,1.0,16,Indica,3485.5,1,0.050533807829181494,892288,1207.0,0,0,0,0,0,0,0,1,0,0
Hyundai Grand i10 1.2 Kappa Magna AT,2017,525000,40000,1,18.9,1197.0,81.86,5.0,0.0,0.0,1.0,1.0,0.0,0.0,8,Grand,5000.0,1,0.0683876357560568,320000,1547.1539999999998,0,0,1,0,0,0,0,0,0,0
Maruti Wagon R LXI,2020,265000,70000,2,21.79,998.0,67.05,5.0,0.0,0.0,1.0,1.0,0.0,1.0,5,Wagon,14000.0,2,0.06718436873747495,350000,1461.0194999999999,0,0,0,1,0,0,0,0,0,0
Tata Tigor 1.2 Revotron XZ,2018,459999,50000,1,20.3,1199.0,84.0,5.0,0.0,0.0,1.0,1.0,0.0,1.0,7,Tigor,7142.857142857143,2,0.07005838198498748,350000,1705.2,0,0,0,0,0,0,0,1,0,0
Maruti Alto K10 VXI,2017,250000,20000,1,23.95,998.0,67.05,5.0,0.0,0.0,1.0,1.0,0.0,1.0,8,Alto,2500.0,1,0.06718436873747495,160000,1605.8474999999999,0,0,0,1,0,0,0,0,0,0
Maruti Swift Dzire VDI,2013,395000,70000,2,23.4,1248.0,74.0,5.0,1.0,0.0,0.0,1.0,0.0,1.0,12,Swift,5833.333333333333,2,0.05929487179487179,840000,1731.6,0,0,0,1,0,0,0,0,0,0
Hyundai Grand i10 Asta Option,2014,375000,60000,1,18.9,1197.0,82.0,5.0,0.0,0.0,1.0,1.0,0.0,1.0,11,Grand,5454.545454545455,2,0.06850459482038429,660000,1549.8,0,0,1,0,0,0,0,0,0,0
Tata Indica Vista Aqua 1.4 TDI,2009,120000,120000,1,17.0,1405.0,71.0,5.0,1.0,0.0,0.0,1.0,0.0,1.0,16,Indica,7500.0,2,0.050533807829181494,1920000,1207.0,0,0,0,0,0,0,0,1,0,0
Maruti Ritz VDi,2011,290000,110000,2,21.1,1248.0,73.9,5.0,1.0,0.0,0.0,1.0,0.0,1.0,14,Ritz,7857.142857142857,2,0.059214743589743594,1540000,1559.2900000000002,0,0,0,1,0,0,0,0,0,0
Tata Tiago 1.2 Revotron XZ,2017,409999,60000,1,23.84,1199.0,84.0,5.0,0.0,0.0,1.0,1.0,0.0,1.0,8,Tiago,7500.0,2,0.07005838198498748,480000,2002.56,0,0,0,0,0,0,0,1,0,0
Chevrolet Spark 1.0 LT Option Pack w/ Airbag,2009,200000,30000,1,16.5,995.0,63.0,5.0,0.0,0.0,1.0,1.0,0.0,1.0,16,Spark,1875.0,1,0.06331658291457286,480000,1039.5,0,0,0,0,0,0,0,0,0,0
Skoda Rapid 1.5 TDI Ambition BSIV,2018,900000,35000,1,21.13,1498.0,108.6,5.0,1.0,0.0,0.0,1.0,0.0,1.0,7,Rapid,5000.0,1,0.07249666221628838,245000,2294.718,0,0,0,0,0,1,0,0,0,0
Renault Duster 110PS Diesel RxZ,2012,450000,100000,1,19.01,1461.0,108.45,5.0,1.0,0.0,0.0,1.0,0.0,1.0,13,Duster,7692.307692307692,2,0.0742299794661191,1300000,2061.6345,0,0,0,0,0,0,1,0,0,0
Volkswagen CrossPolo 1.5 TDI,2014,300000,84000,2,20.14,1498.0,88.5,5.0,1.0,0.0,0.0,1.0,0.0,1.0,11,CrossPolo,7636.363636363636,2,0.059078771695594126,924000,1782.39,0,0,0,0,0,0,0,0,0,1
Ford Fiesta 1.5 TDCi Ambiente,2014,425000,60000,1,25.01,1498.0,89.75,5.0,1.0,0.0,0.0,1.0,0.0,1.0,11,Fiesta,5454.545454545455,2,0.059913217623497994,660000,2244.6475,1,0,0,0,0,0,0,0,0,0
Hyundai i10 Magna 1.2 iTech SE,2011,200000,60000,2,20.36,1197.0,78.9,5.0,0.0,0.0,1.0,1.0,0.0,1.0,14,i10,4285.714285714285,1,0.06591478696741855,840000,1606.404,0,0,1,0,0,0,0,0,0,0
Tata Indica Vista Terra Quadrajet 1.3L BS IV,2011,180000,87000,1,18.0,1248.0,75.0,5.0,1.0,0.0,0.0,1.0,0.0,1.0,14,Indica,6214.285714285715,2,0.06009615384615385,1218000,1350.0,0,0,0,0,0,0,0,1,0,0
Tata Zest Revotron 1.2T XM,2016,350000,70000,2,17.57,1193.0,88.7,5.0,0.0,0.0,1.0,1.0,0.0,1.0,9,Zest,7777.777777777777,2,0.07435037720033529,630000,1558.459,0,0,0,0,0,0,0,1,0,0
Maruti Swift Dzire VDI,2014,465000,90000,1,23.4,1248.0,74.0,5.0,1.0,0.0,0.0,1.0,0.0,1.0,11,Swift,8181.818181818182,2,0.05929487179487179,990000,1731.6,0,0,0,1,0,0,0,0,0,0
Tata Manza Aura (ABS) Quadrajet BS IV,2010,200000,188000,2,21.12,1248.0,88.8,5.0,1.0,0.0,0.0,1.0,0.0,1.0,15,Manza,12533.333333333334,2,0.07115384615384615,2820000,1875.4560000000001,0,0,0,0,0,0,0,1,0,0
Honda City i VTEC V,2015,650000,80000,1,17.4,1497.0,117.3,5.0,0.0,0.0,1.0,1.0,0.0,1.0,10,City,8000.0,2,0.0783567134268537,800000,2041.0199999999998,0,1,0,0,0,0,0,0,0,0
Hyundai i10 Magna,2010,150000,123278,2,20.36,1197.0,78.9,5.0,0.0,0.0,1.0,1.0,0.0,1.0,15,i10,8218.533333333333,2,0.06591478696741855,1849170,1606.404,0,0,1,0,0,0,0,0,0,0
Honda City i DTEC V,2014,560000,100000,2,26.0,1498.0,98.6,5.0,1.0,0.0,0.0,1.0,0.0,1.0,11,City,9090.90909090909,2,0.06582109479305741,1100000,2563.6,0,1,0,0,0,0,0,0,0,0
Hyundai i20 Active 1.4 SX with AVN,2015,625000,90000,1,21.19,1396.0,88.73,5.0,1.0,0.0,0.0,1.0,0.0,1.0,10,i20,9000.0,2,0.06356017191977077,900000,1880.1887000000002,0,0,1,0,0,0,0,0,0,0
Ford Figo Diesel Titanium,2012,220000,110000,1,20.0,1399.0,68.0,5.0,1.0,0.0,0.0,1.0,0.0,1.0,13,Figo,8461.538461538461,2,0.04860614724803431,1430000,1360.0,1,0,0,0,0,0,0,0,0,0
Ford Figo Diesel Celebration Edition,2013,250000,110000,1,20.0,1399.0,68.1,5.0,1.0,0.0,0.0,1.0,0.0,1.0,12,Figo,9166.666666666666,2,0.04867762687634024,1320000,1362.0,1,0,0,0,0,0,0,0,0,0
Tata Zest Quadrajet 1.3 XT,2018,575000,70000,1,20.65,1248.0,88.7,5.0,1.0,0.0,0.0,1.0,0.0,1.0,7,Zest,10000.0,2,0.07107371794871795,490000,1831.655,0,0,0,0,0,0,0,1,0,0
Maruti Alto 800 VXI,2016,262000,50000,1,22.74,796.0,47.3,5.0,0.0,0.0,1.0,1.0,0.0,1.0,9,Alto,5555.555555555556,2,0.059422110552763814,450000,1075.6019999999999,0,0,0,1,0,0,0,0,0,0
Hyundai EON Era Plus,2018,299000,33000,1,21.1,814.0,55.2,5.0,0.0,0.0,1.0,1.0,0.0,1.0,7,EON,4714.285714285715,1,0.06781326781326781,231000,1164.72,0,0,1,0,0,0,0,0,0,0
Maruti Alto 800 LXI,2015,250000,26500,1,22.74,796.0,47.3,5.0,0.0,0.0,1.0,1.0,0.0,1.0,10,Alto,2650.0,1,0.059422110552763814,265000,1075.6019999999999,0,0,0,1,0,0,0,0,0,0
Hyundai Santro Xing GLS,2011,140000,60000,4,17.92,1086.0,62.1,5.0,0.0,0.0,1.0,1.0,0.0,1.0,14,Santro,4285.714285714285,1,0.057182320441988954,840000,1112.832,0,0,1,0,0,0,0,0,0,0
Maruti Swift Dzire VDI,2013,360000,70000,3,23.4,1248.0,74.0,5.0,1.0,0.0,0.0,1.0,0.0,1.0,12,Swift,5833.333333333333,2,0.05929487179487179,840000,1731.6,0,0,0,1,0,0,0,0,0,0
Datsun GO A,2015,210000,80000,1,20.63,1198.0,67.06,5.0,0.0,0.0,1.0,1.0,0.0,1.0,10,GO,8000.0,2,0.05597662771285476,800000,1383.4478,0,0,0,0,0,1,0,0,0,0
Hyundai i20 1.4 Sportz,2017,600000,60000,1,22.54,1396.0,88.73,5.0,1.0,0.0,0.0,1.0,0.0,1.0,8,i20,7500.0,2,0.06356017191977077,480000,1999.9742,0,0,1,0,0,0,0,0,0,0
Skoda Fabia 1.2L Diesel Ambiente,2011,210000,100000,1,19.5,1199.0,75.0,5.0,1.0,0.0,0.0,1.0,0.0,1.0,14,Fabia,7142.857142857143,2,0.06255212677231026,1400000,1462.5,0,0,0,0,0,1,0,0,0,0
Volkswagen Vento Diesel Comfortline,2011,300000,80000,2,20.54,1598.0,103.6,5.0,1.0,0.0,0.0,1.0,0.0,1.0,14,Vento,5714.285714285715,2,0.06483103879849812,1120000,2127.944,0,0,0,0,0,0,0,0,0,1
Hyundai Grand i10 Asta,2016,450000,35000,1,18.9,1197.0,82.0,5.0,0.0,0.0,1.0,1.0,0.0,1.0,9,Grand,3888.8888888888887,1,0.06850459482038429,315000,1549.8,0,0,1,0,0,0,0,0,0,0
Hyundai Grand i10 1.2 Kappa Sportz BSIV,2019,550000,10000,1,18.9,1197.0,81.86,5.0,0.0,0.0,1.0,1.0,0.0,1.0,6,Grand,1666.6666666666667,1,0.0683876357560568,60000,1547.1539999999998,0,0,1,0,0,0,0,0,0,0
Tata Indica Vista Aura 1.3 Quadrajet (ABS),2011,100000,80000,1,18.0,1248.0,75.0,5.0,1.0,0.0,0.0,1.0,0.0,1.0,14,Indica,5714.285714285715,2,0.06009615384615385,1120000,1350.0,0,0,0,0,0,0,0,1,0,0
Hyundai EON Era Plus,2012,185000,50000,2,21.1,814.0,55.2,5.0,0.0,0.0,1.0,1.0,0.0,1.0,13,EON,3846.153846153846,1,0.06781326781326781,650000,1164.72,0,0,1,0,0,0,0,0,0,0
Maruti Wagon R LX BSIII,2006,80000,90000,2,17.3,1061.0,64.0,5.0,0.0,0.0,1.0,1.0,0.0,1.0,19,Wagon,4736.8421052631575,1,0.060320452403393024,1710000,1107.2,0,0,0,1,0,0,0,0,0,0
Maruti Alto 800 VXI,2017,295000,80000,1,24.7,796.0,47.3,5.0,0.0,0.0,1.0,1.0,0.0,1.0,8,Alto,10000.0,2,0.059422110552763814,640000,1168.31,0,0,0,1,0,0,0,0,0,0
Renault KWID Climber 1.0 MT,2017,360000,25000,1,23.01,999.0,67.0,5.0,0.0,0.0,1.0,1.0,0.0,1.0,8,KWID,3125.0,1,0.06706706706706707,200000,1541.67,0,0,0,0,0,0,1,0,0,0
Maruti Alto K10 2010-2014 VXI,2014,210000,70000,1,20.92,998.0,67.1,5.0,0.0,0.0,1.0,1.0,0.0,1.0,11,Alto,6363.636363636364,2,0.06723446893787574,770000,1403.732,0,0,0,1,0,0,0,0,0,0
Hyundai Elite i20 Petrol CVT Magna Executive,2019,585000,80000,1,17.4,1197.0,81.86,5.0,0.0,0.0,1.0,1.0,0.0,0.0,6,Elite,13333.333333333334,2,0.0683876357560568,480000,1424.3639999999998,0,0,1,0,0,0,0,0,0,0
Volkswagen Polo Select 1.5 TDI Highline,2016,560000,50000,1,20.14,1498.0,88.7,5.0,1.0,0.0,0.0,1.0,0.0,1.0,9,Polo,5555.555555555556,2,0.05921228304405875,450000,1786.4180000000001,0,0,0,0,0,0,0,0,0,1
Honda City i DTEC S,2015,600000,70000,1,26.0,1498.0,98.6,5.0,1.0,0.0,0.0,1.0,0.0,1.0,10,City,7000.0,2,0.06582109479305741,700000,2563.6,0,1,0,0,0,0,0,0,0,0
Datsun GO T BSIV,2017,330000,60000,1,20.63,1198.0,67.0,5.0,0.0,0.0,1.0,1.0,0.0,1.0,8,GO,7500.0,2,0.055926544240400666,480000,1382.21,0,0,0,0,0,1,0,0,0,0
Toyota Etios Diesel TRD Sportivo,2012,300000,90000,1,23.59,1364.0,67.1,5.0,1.0,0.0,0.0,1.0,0.0,1.0,13,Etios,6923.076923076923,2,0.04919354838709677,1170000,1582.889,0,0,0,0,0,0,0,0,1,0
Tata Nexon 1.2 Revotron XM,2018,650000,28000,1,17.0,1198.0,108.5,5.0,0.0,0.0,1.0,1.0,0.0,1.0,7,Nexon,4000.0,1,0.09056761268781302,196000,1844.5,0,0,0,0,0,0,0,1,0,0
Hyundai Elite i20 Sportz Plus CVT BSIV,2019,695000,20000,1,17.4,1197.0,81.86,5.0,0.0,0.0,1.0,1.0,0.0,0.0,6,Elite,3333.3333333333335,1,0.0683876357560568,120000,1424.3639999999998,0,0,1,0,0,0,0,0,0,0
Hyundai Grand i10 CRDi Magna,2014,300000,60000,1,24.0,1120.0,70.0,5.0,1.0,0.0,0.0,1.0,0.0,1.0,11,Grand,5454.545454545455,2,0.0625,660000,1680.0,0,0,1,0,0,0,0,0,0,0
Maruti Alto 800 LXI,2015,270000,22000,1,22.74,796.0,47.3,5.0,0.0,0.0,1.0,1.0,0.0,1.0,10,Alto,2200.0,1,0.059422110552763814,220000,1075.6019999999999,0,0,0,1,0,0,0,0,0,0
Chevrolet Sail Hatchback LT ABS,2013,200000,80000,1,22.1,1248.0,76.9,5.0,1.0,0.0,0.0,1.0,0.0,1.0,12,Sail,6666.666666666667,2,0.06161858974358975,960000,1699.4900000000002,0,0,0,0,0,0,0,0,0,0
Tata Nexon 1.5 Revotorq XZ Plus Dual Tone,2018,860000,60000,1,21.5,1497.0,108.5,5.0,1.0,0.0,0.0,1.0,0.0,1.0,7,Nexon,8571.42857142857,2,0.07247828991315965,420000,2332.75,0,0,0,0,0,0,0,1,0,0
Tata Tiago 1.2 Revotron XE,2018,400000,20000,1,23.84,1199.0,84.0,5.0,0.0,0.0,1.0,1.0,0.0,1.0,7,Tiago,2857.1428571428573,1,0.07005838198498748,140000,2002.56,0,0,0,0,0,0,0,1,0,0
Maruti Ritz VDi,2013,240000,142000,2,23.2,1248.0,73.94,5.0,1.0,0.0,0.0,1.0,0.0,1.0,12,Ritz,11833.333333333334,2,0.05924679487179487,1704000,1715.408,0,0,0,1,0,0,0,0,0,0
Maruti Swift Dzire ZDI,2015,570000,72000,1,26.59,1248.0,74.0,5.0,1.0,0.0,0.0,1.0,0.0,1.0,10,Swift,7200.0,2,0.05929487179487179,720000,1967.66,0,0,0,1,0,0,0,0,0,0
Ford EcoSport 1.5 Diesel Titanium BSIV,2018,850000,90000,1,23.0,1498.0,98.96,5.0,1.0,0.0,0.0,1.0,0.0,1.0,7,EcoSport,12857.142857142857,2,0.06606141522029373,630000,2276.08,1,0,0,0,0,0,0,0,0,0
Ford Figo Diesel Titanium,2011,155000,80000,3,20.0,1399.0,68.0,5.0,1.0,0.0,0.0,1.0,0.0,1.0,14,Figo,5714.285714285715,2,0.04860614724803431,1120000,1360.0,1,0,0,0,0,0,0,0,0,0
Hyundai i20 1.4 CRDi Asta,2011,270000,125000,1,23.0,1396.0,90.0,5.0,1.0,0.0,0.0,1.0,0.0,1.0,14,i20,8928.57142857143,2,0.06446991404011461,1750000,2070.0,0,0,1,0,0,0,0,0,0,0
Maruti Ciaz ZXi Plus,2015,610000,33000,1,20.73,1373.0,91.1,5.0,0.0,0.0,1.0,1.0,0.0,1.0,10,Ciaz,3300.0,1,0.0663510560815732,330000,1888.503,0,0,0,1,0,0,0,0,0,0
Hyundai Xcent 1.2 CRDi E,2018,500000,35000,1,25.4,1186.0,73.97,5.0,1.0,0.0,0.0,1.0,0.0,1.0,7,Xcent,5000.0,1,0.062369308600337264,245000,1878.838,0,0,1,0,0,0,0,0,0,0
Honda Amaze S Diesel BSIV,2018,700000,43000,1,27.4,1498.0,98.63,5.0,1.0,0.0,0.0,1.0,0.0,1.0,7,Amaze,6142.857142857143,2,0.0658411214953271,301000,2702.4619999999995,0,1,0,0,0,0,0,0,0,0
Maruti Alto LXi,2007,135000,60000,1,19.7,796.0,46.3,5.0,0.0,0.0,1.0,1.0,0.0,1.0,18,Alto,3333.3333333333335,1,0.05816582914572864,1080000,912.1099999999999,0,0,0,1,0,0,0,0,0,0
Nissan Sunny XL,2011,280000,96000,1,16.95,1498.0,97.7,5.0,0.0,0.0,1.0,1.0,0.0,1.0,14,Sunny,6857.142857142857,2,0.06522029372496663,1344000,1656.0149999999999,0,0,0,0,1,0,0,0,0,0
Maruti Ritz VDi,2012,220000,70000,2,23.2,1248.0,73.94,5.0,1.0,0.0,0.0,1.0,0.0,1.0,13,Ritz,5384.615384615385,2,0.05924679487179487,910000,1715.408,0,0,0,1,0,0,0,0,0,0
Maruti Ignis 1.2 Alpha BSIV,2017,620000,18484,1,20.89,1197.0,81.8,5.0,0.0,0.0,1.0,1.0,0.0,1.0,8,Ignis,2310.5,1,0.0683375104427736,147872,1708.802,0,0,0,1,0,0,0,0,0,0
Maruti Alto LX,2010,180000,25000,2,19.7,796.0,46.3,5.0,0.0,0.0,1.0,1.0,0.0,1.0,15,Alto,1666.6666666666667,1,0.05816582914572864,375000,912.1099999999999,0,0,0,1,0,0,0,0,0,0
Volkswagen Polo Diesel Highline 1.2L,2013,250000,120000,3,22.07,1199.0,73.9,5.0,1.0,0.0,0.0,1.0,0.0,1.0,12,Polo,10000.0,2,0.06163469557964971,1440000,1630.9730000000002,0,0,0,0,0,0,0,0,0,1
Maruti Swift Dzire LXI,2017,480000,55000,1,20.85,1197.0,83.14,5.0,0.0,0.0,1.0,1.0,0.0,1.0,8,Swift,6875.0,2,0.06945697577276524,440000,1733.469,0,0,0,1,0,0,0,0,0,0
Maruti Swift Dzire ZDI Plus,2018,800000,30000,1,28.4,1248.0,74.02,5.0,1.0,0.0,0.0,1.0,0.0,1.0,7,Swift,4285.714285714285,1,0.05931089743589743,210000,2102.1679999999997,0,0,0,1,0,0,0,0,0,0
Hyundai Santro Xing GLS,2013,180000,65000,1,17.92,1086.0,62.1,5.0,0.0,0.0,1.0,1.0,0.0,1.0,12,Santro,5416.666666666667,2,0.057182320441988954,780000,1112.832,0,0,1,0,0,0,0,0,0,0
Maruti Estilo LXI,2010,200000,27000,1,19.5,1248.0,81.83,5.0,0.0,0.0,1.0,1.0,0.0,1.0,15,Estilo,1800.0,1,0.06556891025641025,405000,1595.685,0,0,0,1,0,0,0,0,0,0
Hyundai i20 Sportz 1.4 CRDi,2012,380000,50000,2,21.9,1396.0,88.76,5.0,1.0,0.0,0.0,1.0,0.0,1.0,13,i20,3846.153846153846,1,0.06358166189111748,650000,1943.844,0,0,1,0,0,0,0,0,0,0
Tata Tiago NRG Petrol AMT,2019,520000,2560,1,24.0,1199.0,83.81,5.0,0.0,0.0,1.0,1.0,0.0,0.0,6,Tiago,426.6666666666667,1,0.06989991659716431,15360,2011.44,0,0,0,0,0,0,0,1,0,0
Maruti Alto LX,2004,90000,60000,1,19.7,796.0,46.3,5.0,0.0,0.0,1.0,1.0,0.0,1.0,21,Alto,2857.1428571428573,1,0.05816582914572864,1260000,912.1099999999999,0,0,0,1,0,0,0,0,0,0
Maruti Wagon R VXI BS IV,2016,330000,80000,2,20.51,998.0,67.04,5.0,0.0,0.0,1.0,1.0,0.0,1.0,9,Wagon,8888.888888888889,2,0.06717434869739479,720000,1374.9904000000001,0,0,0,1,0,0,0,0,0,0
Honda City V MT,2009,290000,120000,2,16.8,1497.0,116.3,5.0,0.0,0.0,1.0,1.0,0.0,1.0,16,City,7500.0,2,0.07768871075484302,1920000,1953.8400000000001,0,1,0,0,0,0,0,0,0,0
Hyundai EON Magna Plus,2013,215000,47000,2,21.1,814.0,55.2,5.0,0.0,0.0,1.0,1.0,0.0,1.0,12,EON,3916.6666666666665,1,0.06781326781326781,564000,1164.72,0,0,1,0,0,0,0,0,0,0
Hyundai i20 Asta 1.4 CRDi,2013,380000,110000,2,21.27,1396.0,88.76,5.0,1.0,0.0,0.0,1.0,0.0,1.0,12,i20,9166.666666666666,2,0.06358166189111748,1320000,1887.9252000000001,0,0,1,0,0,0,0,0,0,0
Hyundai i20 Petrol CVT Asta,2018,700000,25000,2,17.4,1197.0,81.86,5.0,0.0,0.0,1.0,1.0,0.0,0.0,7,i20,3571.4285714285716,1,0.0683876357560568,175000,1424.3639999999998,0,0,1,0,0,0,0,0,0,0
Renault Duster 110PS Diesel RxZ,2014,650000,80000,1,19.01,1461.0,108.45,5.0,1.0,0.0,0.0,1.0,0.0,1.0,11,Duster,7272.727272727273,2,0.0742299794661191,880000,2061.6345,0,0,0,0,0,0,1,0,0,0
Maruti Alto LX BSIII,2008,120000,80000,3,19.7,796.0,46.3,5.0,0.0,0.0,1.0,1.0,0.0,1.0,17,Alto,4705.882352941177,1,0.05816582914572864,1360000,912.1099999999999,0,0,0,1,0,0,0,0,0,0
Hyundai Santro AT CNG,2003,130000,74770,3,19.5,1248.0,81.83,5.0,0.0,0.0,0.0,1.0,0.0,1.0,22,Santro,3398.6363636363635,1,0.06556891025641025,1644940,1595.685,0,0,1,0,0,0,0,0,0,0
Ford Fiesta EXi 1.4 TDCi Ltd,2010,180000,187000,2,17.8,1399.0,68.0,5.0,1.0,0.0,0.0,0.0,0.0,1.0,15,Fiesta,12466.666666666666,2,0.04860614724803431,2805000,1210.4,1,0,0,0,0,0,0,0,0,0
Ford Fiesta Classic 1.4 Duratorq LXI,2013,325000,69000,1,18.6,1388.0,67.0,5.0,1.0,0.0,0.0,0.0,0.0,1.0,12,Fiesta,5750.0,2,0.048270893371757925,828000,1246.2,1,0,0,0,0,0,0,0,0,0
Ford EcoSport 1.5 TDCi Signature BSIV,2018,950000,27000,1,22.77,1498.0,98.59,5.0,1.0,0.0,0.0,0.0,0.0,1.0,7,EcoSport,3857.1428571428573,1,0.06581441922563418,189000,2244.8943,1,0,0,0,0,0,0,0,0,0
Ford Ecosport 1.5 DV5 MT Titanium Optional,2014,500000,132000,2,22.7,1498.0,89.84,5.0,1.0,0.0,0.0,0.0,0.0,1.0,11,Ecosport,12000.0,2,0.05997329773030708,1452000,2039.368,1,0,0,0,0,0,0,0,0,0
Ford Aspire Titanium Diesel BSIV,2017,725000,75000,1,26.1,1498.0,99.23,5.0,1.0,0.0,0.0,0.0,0.0,1.0,8,Aspire,9375.0,2,0.06624165554072096,600000,2589.9030000000002,1,0,0,0,0,0,0,0,0,0
Ford Figo Aspire Titanium,2015,500000,18000,2,18.5,1194.0,94.93,5.0,0.0,0.0,1.0,0.0,0.0,1.0,10,Figo,1800.0,1,0.07950586264656617,180000,1756.2050000000002,1,0,0,0,0,0,0,0,0,0
Hyundai i20 2015-2017 Magna 1.4 CRDi,2016,650000,10000,1,22.54,1396.0,88.73,5.0,1.0,0.0,0.0,1.0,0.0,1.0,9,i20,1111.111111111111,1,0.06356017191977077,90000,1999.9742,0,0,1,0,0,0,0,0,0,0
Maruti Swift VDi BSIII W/ ABS,2010,285000,80000,1,17.8,1248.0,75.0,5.0,1.0,0.0,0.0,1.0,0.0,1.0,15,Swift,5333.333333333333,2,0.06009615384615385,1200000,1335.0,0,0,0,1,0,0,0,0,0,0
Ford Fiesta Classic 1.4 Duratorq CLXI,2012,200000,137000,1,17.8,1399.0,67.0,5.0,1.0,0.0,0.0,1.0,0.0,1.0,13,Fiesta,10538.461538461539,2,0.04789135096497498,1781000,1192.6000000000001,1,0,0,0,0,0,0,0,0,0
Volkswagen Vento Diesel Highline,2011,295000,65000,2,20.54,1598.0,103.6,5.0,1.0,0.0,0.0,1.0,0.0,1.0,14,Vento,4642.857142857143,1,0.06483103879849812,910000,2127.944,0,0,0,0,0,0,0,0,0,1
Honda City 2017-2020 GXi,2007,160000,120000,3,17.7,1497.0,78.0,5.0,0.0,0.0,1.0,1.0,0.0,1.0,18,City,6666.666666666667,2,0.052104208416833664,2160000,1380.6,0,1,0,0,0,0,0,0,0,0
Maruti Celerio VXI AT,2017,450000,10000,1,23.1,998.0,67.04,5.0,0.0,0.0,1.0,1.0,0.0,0.0,8,Celerio,1250.0,1,0.06717434869739479,80000,1548.6240000000003,0,0,0,1,0,0,0,0,0,0
Ford Fiesta Classic 1.4 Duratorq LXI,2011,350000,93500,2,18.6,1388.0,67.0,5.0,1.0,0.0,0.0,1.0,0.0,1.0,14,Fiesta,6678.571428571428,2,0.048270893371757925,1309000,1246.2,1,0,0,0,0,0,0,0,0,0
Maruti Swift Dzire LDI,2019,558000,70000,1,28.4,1248.0,74.02,5.0,1.0,0.0,0.0,1.0,0.0,1.0,6,Swift,11666.666666666666,2,0.05931089743589743,420000,2102.1679999999997,0,0,0,1,0,0,0,0,0,0
Hyundai Santro Xing GLS,2010,165000,56000,3,17.92,1086.0,62.1,5.0,0.0,0.0,1.0,1.0,0.0,1.0,15,Santro,3733.3333333333335,1,0.057182320441988954,840000,1112.832,0,0,1,0,0,0,0,0,0,0
Hyundai i20 Sportz 1.4 CRDi,2012,300000,80000,2,21.9,1396.0,88.76,5.0,1.0,0.0,0.0,1.0,0.0,1.0,13,i20,6153.846153846154,2,0.06358166189111748,1040000,1943.844,0,0,1,0,0,0,0,0,0,0
BMW 5 Series 520d Sedan,2008,890000,70000,3,19.5,1248.0,81.83,5.0,1.0,0.0,0.0,1.0,0.0,0.0,17,5,4117.64705882353,1,0.06556891025641025,1190000,1595.685,0,0,0,0,0,1,0,0,0,0
Skoda Rapid 1.5 TDI Ambition,2014,640000,65000,2,21.14,1498.0,103.52,5.0,1.0,0.0,0.0,1.0,0.0,1.0,11,Rapid,5909.090909090909,2,0.06910547396528705,715000,2188.4128,0,0,0,0,0,1,0,0,0,0
Maruti Ciaz 1.3 Alpha,2018,825000,82000,1,28.09,1248.0,88.5,5.0,1.0,0.0,0.0,1.0,0.0,1.0,7,Ciaz,11714.285714285714,2,0.07091346153846154,574000,2485.965,0,0,0,1,0,0,0,0,0,0
Renault Duster 110PS Diesel RxL,2014,450000,133000,1,19.01,1461.0,108.45,5.0,1.0,0.0,0.0,1.0,0.0,1.0,11,Duster,12090.90909090909,2,0.0742299794661191,1463000,2061.6345,0,0,0,0,0,0,1,0,0,0
Honda WR-V i-VTEC VX,2017,675000,25000,2,17.5,1199.0,88.7,5.0,0.0,0.0,1.0,1.0,0.0,1.0,8,WR-V,3125.0,1,0.07397831526271893,200000,1552.25,0,1,0,0,0,0,0,0,0,0
Tata Zest Revotron 1.2 XT,2017,415000,15000,1,17.57,1193.0,88.7,5.0,0.0,0.0,1.0,1.0,0.0,1.0,8,Zest,1875.0,1,0.07435037720033529,120000,1558.459,0,0,0,0,0,0,0,1,0,0
Hyundai Creta 1.4 CRDi S,2017,1100000,40000,1,21.38,1396.0,88.7,5.0,1.0,0.0,0.0,1.0,0.0,1.0,8,Creta,5000.0,1,0.06353868194842408,320000,1896.406,0,0,1,0,0,0,0,0,0,0
Volkswagen Ameo 1.2 MPI Comfortline,2016,500000,35000,1,17.0,1198.0,73.75,5.0,0.0,0.0,1.0,1.0,0.0,1.0,9,Ameo,3888.8888888888887,1,0.061560934891485806,315000,1253.75,0,0,0,0,0,0,0,0,0,1
Tata Indica V2 DLE BSII,2009,45000,100000,2,17.2,1396.0,53.5,5.0,1.0,0.0,0.0,1.0,0.0,1.0,16,Indica,6250.0,2,0.03832378223495702,1600000,920.1999999999999,0,0,0,0,0,0,0,1,0,0
Renault KWID RXT,2017,270000,50000,1,25.17,799.0,53.3,5.0,0.0,0.0,1.0,1.0,0.0,1.0,8,KWID,6250.0,2,0.06670838548185232,400000,1341.561,0,0,0,0,0,0,1,0,0,0
Hyundai i20 Active 1.2 S,2017,550000,40000,1,17.19,1197.0,81.86,5.0,0.0,0.0,1.0,1.0,0.0,1.0,8,i20,5000.0,1,0.0683876357560568,320000,1407.1734000000001,0,0,1,0,0,0,0,0,0,0
Renault KWID 1.0 RXT Optional,2016,235000,60000,1,23.01,999.0,67.0,5.0,0.0,0.0,1.0,1.0,0.0,1.0,9,KWID,6666.666666666667,2,0.06706706706706707,540000,1541.67,0,0,0,0,0,0,1,0,0,0
Hyundai i20 1.2 Spotz,2018,600000,40000,1,18.6,1197.0,81.83,5.0,0.0,0.0,1.0,1.0,0.0,1.0,7,i20,5714.285714285715,2,0.06836257309941521,280000,1522.038,0,0,1,0,0,0,0,0,0,0
Honda Jazz 1.5 VX i DTEC,2015,525000,60000,1,27.3,1498.0,98.6,5.0,1.0,0.0,0.0,1.0,0.0,1.0,10,Jazz,6000.0,2,0.06582109479305741,600000,2691.7799999999997,0,1,0,0,0,0,0,0,0,0
Maruti Swift VDI,2012,325000,90000,1,22.9,1248.0,74.0,5.0,1.0,0.0,0.0,1.0,0.0,1.0,13,Swift,6923.076923076923,2,0.05929487179487179,1170000,1694.6,0,0,0,1,0,0,0,0,0,0
Maruti Swift Dzire ZDI,2014,420000,90000,1,23.4,1248.0,74.0,5.0,1.0,0.0,0.0,1.0,0.0,1.0,11,Swift,8181.818181818182,2,0.05929487179487179,990000,1731.6,0,0,0,1,0,0,0,0,0,0
Maruti Alto K10 LXI,2014,229999,60000,2,20.92,998.0,67.1,5.0,0.0,0.0,1.0,1.0,0.0,1.0,11,Alto,5454.545454545455,2,0.06723446893787574,660000,1403.732,0,0,0,1,0,0,0,0,0,0
Maruti Swift Dzire ZDI,2013,375000,80000,4,23.4,1248.0,74.0,5.0,1.0,0.0,0.0,1.0,0.0,1.0,12,Swift,6666.666666666667,2,0.05929487179487179,960000,1731.6,0,0,0,1,0,0,0,0,0,0
Tata Tiago 1.2 Revotron XZ,2018,400000,40000,1,23.84,1199.0,84.0,5.0,0.0,0.0,1.0,1.0,0.0,1.0,7,Tiago,5714.285714285715,2,0.07005838198498748,280000,2002.56,0,0,0,0,0,0,0,1,0,0
Hyundai Santro Xing XK eRLX Euro II,2008,110000,80000,3,17.8,1086.0,63.0,5.0,0.0,0.0,1.0,1.0,0.0,1.0,17,Santro,4705.882352941177,1,0.058011049723756904,1360000,1121.4,0,0,1,0,0,0,0,0,0,0
Tata Tiago 2019-2020 XZ,2020,500000,15000,1,23.84,1199.0,83.83,5.0,0.0,0.0,1.0,1.0,0.0,1.0,5,Tiago,3000.0,1,0.06991659716430358,75000,1998.5072,0,0,0,0,0,0,0,1,0,0
Hyundai Verna CRDi SX ABS,2007,250000,110000,2,18.1,1493.0,110.0,5.0,1.0,0.0,0.0,1.0,0.0,1.0,18,Verna,6111.111111111111,2,0.07367716008037509,1980000,1991.0000000000002,0,0,1,0,0,0,0,0,0,0
Skoda Rapid 1.5 TDI Ambition BSIV,2018,950000,40000,1,21.13,1498.0,108.6,5.0,1.0,0.0,0.0,1.0,0.0,1.0,7,Rapid,5714.285714285715,2,0.07249666221628838,280000,2294.718,0,0,0,0,0,1,0,0,0,0
Maruti Swift Dzire ZDI,2018,780000,30000,1,28.4,1248.0,74.02,5.0,1.0,0.0,0.0,1.0,0.0,1.0,7,Swift,4285.714285714285,1,0.05931089743589743,210000,2102.1679999999997,0,0,0,1,0,0,0,0,0,0
Hyundai Santro Asta BSIV,2018,575000,30000,1,20.3,1086.0,68.0,5.0,0.0,0.0,1.0,1.0,0.0,1.0,7,Santro,4285.714285714285,1,0.06261510128913444,210000,1380.4,0,0,1,0,0,0,0,0,0,0
Hyundai i20 1.2 Spotz,2017,563000,30000,2,18.6,1197.0,81.83,5.0,0.0,0.0,1.0,1.0,0.0,1.0,8,i20,3750.0,1,0.06836257309941521,240000,1522.038,0,0,1,0,0,0,0,0,0,0
Tata Tiago 1.2 Revotron XZ,2017,450000,15000,1,23.84,1199.0,84.0,5.0,0.0,0.0,1.0,1.0,0.0,1.0,8,Tiago,1875.0,1,0.07005838198498748,120000,2002.56,0,0,0,0,0,0,0,1,0,0
Hyundai i20 Asta 1.4 CRDi (Diesel),2010,320000,135000,2,23.0,1396.0,90.0,5.0,1.0,0.0,0.0,1.0,0.0,1.0,15,i20,9000.0,2,0.06446991404011461,2025000,2070.0,0,0,1,0,0,0,0,0,0,0
Maruti Eeco 5 Seater AC BSIV,2017,400000,120000,1,15.37,1196.0,73.0,5.0,0.0,0.0,1.0,1.0,0.0,1.0,8,Eeco,15000.0,2,0.061036789297658864,960000,1122.01,0,0,0,1,0,0,0,0,0,0
Renault KWID 1.0 RXT Optional,2016,315000,60000,2,23.01,999.0,67.0,5.0,0.0,0.0,1.0,1.0,0.0,1.0,9,KWID,6666.666666666667,2,0.06706706706706707,540000,1541.67,0,0,0,0,0,0,1,0,0,0
Maruti Swift Dzire VDi,2010,350000,190000,2,19.3,1248.0,73.9,5.0,1.0,0.0,0.0,1.0,0.0,1.0,15,Swift,12666.666666666666,2,0.059214743589743594,2850000,1426.2700000000002,0,0,0,1,0,0,0,0,0,0
Maruti Eeco 5 Seater AC BSIV,2016,375000,120000,1,15.37,1196.0,73.0,5.0,0.0,0.0,1.0,1.0,0.0,1.0,9,Eeco,13333.333333333334,2,0.061036789297658864,1080000,1122.01,0,0,0,1,0,0,0,0,0,0
Ford Ikon 1.8 D,2005,130000,90000,3,19.5,1248.0,81.83,5.0,1.0,0.0,0.0,1.0,0.0,1.0,20,Ikon,4500.0,1,0.06556891025641025,1800000,1595.685,1,0,0,0,0,0,0,0,0,0
Maruti Celerio VXI,2015,350000,29000,1,23.1,998.0,67.04,5.0,0.0,0.0,1.0,1.0,0.0,1.0,10,Celerio,2900.0,1,0.06717434869739479,290000,1548.6240000000003,0,0,0,1,0,0,0,0,0,0
Hyundai Santro Xing GL CNG,2011,170000,120000,4,19.5,1248.0,81.83,5.0,0.0,0.0,0.0,1.0,0.0,1.0,14,Santro,8571.42857142857,2,0.06556891025641025,1680000,1595.685,0,0,1,0,0,0,0,0,0,0
Maruti Wagon R LX Minor,2010,120000,120000,3,18.9,1061.0,67.0,5.0,0.0,0.0,1.0,1.0,0.0,1.0,15,Wagon,8000.0,2,0.06314797360980208,1800000,1266.3,0,0,0,1,0,0,0,0,0,0
Maruti Celerio ZXI Optional AMT BSIV,2018,451999,30000,2,23.1,998.0,67.04,5.0,0.0,0.0,1.0,1.0,0.0,0.0,7,Celerio,4285.714285714285,1,0.06717434869739479,210000,1548.6240000000003,0,0,0,1,0,0,0,0,0,0
Hyundai Grand i10 Magna,2016,500000,56000,3,18.9,1197.0,82.0,5.0,0.0,0.0,1.0,1.0,0.0,1.0,9,Grand,6222.222222222223,2,0.06850459482038429,504000,1549.8,0,0,1,0,0,0,0,0,0,0
Maruti Swift VDI BSIV,2015,490000,60000,1,25.2,1248.0,74.0,5.0,1.0,0.0,0.0,1.0,0.0,1.0,10,Swift,6000.0,2,0.05929487179487179,600000,1864.8,0,0,0,1,0,0,0,0,0,0
Maruti Swift Dzire ZDi,2008,200000,147000,2,19.3,1248.0,73.9,5.0,1.0,0.0,0.0,1.0,0.0,1.0,17,Swift,8647.058823529413,2,0.059214743589743594,2499000,1426.2700000000002,0,0,0,1,0,0,0,0,0,0
Maruti Wagon R VXI BSIII,2012,240000,35000,1,18.9,998.0,67.1,5.0,0.0,0.0,1.0,1.0,0.0,1.0,13,Wagon,2692.3076923076924,1,0.06723446893787574,455000,1268.1899999999998,0,0,0,1,0,0,0,0,0,0
Hyundai i20 1.2 Spotz,2018,655000,19500,1,18.6,1197.0,81.83,5.0,0.0,0.0,1.0,1.0,0.0,1.0,7,i20,2785.714285714286,1,0.06836257309941521,136500,1522.038,0,0,1,0,0,0,0,0,0,0
Hyundai i20 Active 1.2 SX,2018,620000,38426,1,17.19,1197.0,81.86,5.0,0.0,0.0,1.0,1.0,0.0,1.0,7,i20,5489.428571428572,2,0.0683876357560568,268982,1407.1734000000001,0,0,1,0,0,0,0,0,0,0
Maruti Swift VXI Windsong Limited edition,2015,450000,35000,2,20.4,1197.0,83.11,5.0,0.0,0.0,1.0,1.0,0.0,1.0,10,Swift,3500.0,1,0.06943191311612364,350000,1695.444,0,0,0,1,0,0,0,0,0,0
Maruti Wagon R LXI BS IV,2014,310000,35000,2,20.51,998.0,67.04,5.0,0.0,0.0,1.0,1.0,0.0,1.0,11,Wagon,3181.818181818182,1,0.06717434869739479,385000,1374.9904000000001,0,0,0,1,0,0,0,0,0,0
Maruti Alto LXi,2007,150000,50000,3,19.7,796.0,46.3,5.0,0.0,0.0,1.0,1.0,0.0,1.0,18,Alto,2777.777777777778,1,0.05816582914572864,900000,912.1099999999999,0,0,0,1,0,0,0,0,0,0
Chevrolet Beat Diesel LT,2012,180000,120000,1,25.44,936.0,57.6,5.0,1.0,0.0,0.0,1.0,0.0,1.0,13,Beat,9230.76923076923,2,0.06153846153846154,1560000,1465.344,0,0,0,0,0,0,0,0,0,0
Tata Indica Vista TDI LS,2011,150000,120000,1,19.4,1405.0,70.0,5.0,1.0,0.0,0.0,1.0,0.0,1.0,14,Indica,8571.42857142857,2,0.0498220640569395,1680000,1358.0,0,0,0,0,0,0,0,1,0,0
Ford Figo Diesel EXI,2011,160000,112000,2,20.0,1399.0,68.0,5.0,1.0,0.0,0.0,1.0,0.0,1.0,14,Figo,8000.0,2,0.04860614724803431,1568000,1360.0,1,0,0,0,0,0,0,0,0,0
Skoda Rapid 1.6 TDI Ambition Plus Alloy,2012,380000,145000,1,20.5,1598.0,103.5,5.0,1.0,0.0,0.0,1.0,0.0,1.0,13,Rapid,11153.846153846154,2,0.06476846057571965,1885000,2121.75,0,0,0,0,0,1,0,0,0,0
Tata Indigo LX,2007,120000,135000,1,17.0,1405.0,70.0,5.0,1.0,0.0,0.0,1.0,0.0,1.0,18,Indigo,7500.0,2,0.0498220640569395,2430000,1190.0,0,0,0,0,0,0,0,1,0,0
Tata Indigo TDI,2012,135000,146000,1,19.61,1405.0,70.0,5.0,1.0,0.0,0.0,1.0,0.0,1.0,13,Indigo,11230.76923076923,2,0.0498220640569395,1898000,1372.7,0,0,0,0,0,0,0,1,0,0
Hyundai Grand i10 1.2 Kappa Sportz BSIV,2018,610000,10000,1,18.9,1197.0,81.86,5.0,0.0,0.0,1.0,1.0,0.0,1.0,7,Grand,1428.5714285714287,1,0.0683876357560568,70000,1547.1539999999998,0,0,1,0,0,0,0,0,0,0
Volkswagen Polo 1.5 TDI Comfortline,2020,260000,50000,1,20.14,1498.0,88.5,5.0,1.0,0.0,0.0,1.0,0.0,1.0,5,Polo,10000.0,2,0.059078771695594126,250000,1782.39,0,0,0,0,0,0,0,0,0,1
Hyundai Xcent 1.2 VTVT S,2017,500000,25000,1,20.14,1197.0,81.86,5.0,0.0,0.0,1.0,1.0,0.0,1.0,8,Xcent,3125.0,1,0.0683876357560568,200000,1648.6604,0,0,1,0,0,0,0,0,0,0
Renault KWID 1.0,2016,220000,20000,1,23.01,999.0,67.0,5.0,0.0,0.0,1.0,1.0,0.0,1.0,9,KWID,2222.222222222222,1,0.06706706706706707,180000,1541.67,0,0,0,0,0,0,1,0,0,0
Tata Indigo CS eLX BS IV,2017,350000,50000,1,25.0,1396.0,69.01,5.0,1.0,0.0,0.0,1.0,0.0,1.0,8,Indigo,6250.0,2,0.04943409742120344,400000,1725.2500000000002,0,0,0,0,0,0,0,1,0,0
Hyundai i20 1.4 CRDi Asta,2011,280000,100000,2,23.0,1396.0,90.0,5.0,1.0,0.0,0.0,1.0,0.0,1.0,14,i20,7142.857142857143,2,0.06446991404011461,1400000,2070.0,0,0,1,0,0,0,0,0,0,0
Tata Nexon 1.2 Revotron XZ Plus,2020,919999,20000,1,17.0,1198.0,108.5,5.0,0.0,0.0,1.0,1.0,0.0,1.0,5,Nexon,4000.0,1,0.09056761268781302,100000,1844.5,0,0,0,0,0,0,0,1,0,0
Hyundai i20 1.4 CRDi Asta,2011,320000,155000,1,23.0,1396.0,90.0,5.0,1.0,0.0,0.0,1.0,0.0,1.0,14,i20,11071.42857142857,2,0.06446991404011461,2170000,2070.0,0,0,1,0,0,0,0,0,0,0
Ford Figo Diesel LXI,2012,140000,70000,4,20.0,1399.0,68.0,5.0,1.0,0.0,0.0,1.0,0.0,1.0,13,Figo,5384.615384615385,2,0.04860614724803431,910000,1360.0,1,0,0,0,0,0,0,0,0,0
Maruti SX4 VDI,2012,310000,25000,2,21.5,1248.0,88.8,5.0,1.0,0.0,0.0,1.0,0.0,1.0,13,SX4,1923.076923076923,1,0.07115384615384615,325000,1909.2,0,0,0,1,0,0,0,0,0,0
Maruti Swift VDI,2012,380000,100000,2,22.9,1248.0,74.0,5.0,1.0,0.0,0.0,1.0,0.0,1.0,13,Swift,7692.307692307692,2,0.05929487179487179,1300000,1694.6,0,0,0,1,0,0,0,0,0,0
Tata Manza Aura (ABS) Safire,2010,140000,116700,4,15.0,1368.0,90.0,5.0,0.0,0.0,1.0,1.0,0.0,1.0,15,Manza,7780.0,2,0.06578947368421052,1750500,1350.0,0,0,0,0,0,0,0,1,0,0
Tata Zest Quadrajet 1.3 75PS XE,2015,475000,25000,1,22.95,1248.0,74.0,5.0,1.0,0.0,0.0,1.0,0.0,1.0,10,Zest,2500.0,1,0.05929487179487179,250000,1698.3,0,0,0,0,0,0,0,1,0,0
Maruti Swift Ldi BSIV,2010,400000,176062,1,17.8,1248.0,75.0,5.0,1.0,0.0,0.0,1.0,0.0,1.0,15,Swift,11737.466666666667,2,0.06009615384615385,2640930,1335.0,0,0,0,1,0,0,0,0,0,0
Hyundai Santro LP zipPlus,2003,68000,70000,2,19.5,1248.0,81.83,5.0,0.0,0.0,1.0,1.0,0.0,1.0,22,Santro,3181.818181818182,1,0.06556891025641025,1540000,1595.685,0,0,1,0,0,0,0,0,0,0
Honda Amaze Anniversary Edition,2015,509999,82000,1,25.8,1498.0,98.6,5.0,1.0,0.0,0.0,1.0,0.0,1.0,10,Amaze,8200.0,2,0.06582109479305741,820000,2543.88,0,1,0,0,0,0,0,0,0,0
Hyundai i10 Era 1.1 iTech SE,2010,275000,80000,1,19.81,1086.0,68.05,5.0,0.0,0.0,1.0,1.0,0.0,1.0,15,i10,5333.333333333333,2,0.06266114180478821,1200000,1348.0704999999998,0,0,1,0,0,0,0,0,0,0
Renault Duster 4x4,2014,650000,129000,1,19.72,1461.0,108.45,5.0,1.0,0.0,0.0,1.0,0.0,1.0,11,Duster,11727.272727272728,2,0.0742299794661191,1419000,2138.634,0,0,0,0,0,0,1,0,0,0
Fiat Punto EVO 1.3 Emotion,2016,360000,60000,2,20.5,1248.0,91.7,5.0,1.0,0.0,0.0,1.0,0.0,1.0,9,Punto,6666.666666666667,2,0.0734775641025641,540000,1879.8500000000001,0,0,0,0,0,1,0,0,0,0
Volkswagen Ameo 1.5 TDI Highline Plus 16 AT,2018,650000,82000,1,21.73,1498.0,108.62,5.0,1.0,0.0,0.0,1.0,0.0,0.0,7,Ameo,11714.285714285714,2,0.07251001335113486,574000,2360.3126,0,0,0,0,0,0,0,0,0,1
Maruti Wagon R VXI Opt 1.2,2017,445000,39500,1,20.52,1197.0,81.8,5.0,0.0,0.0,1.0,1.0,0.0,1.0,8,Wagon,4937.5,1,0.0683375104427736,316000,1678.5359999999998,0,0,0,1,0,0,0,0,0,0
Hyundai Elite i20 Sportz Plus Diesel,2018,750000,40000,1,22.54,1396.0,88.76,5.0,1.0,0.0,0.0,1.0,0.0,1.0,7,Elite,5714.285714285715,2,0.06358166189111748,280000,2000.6504,0,0,1,0,0,0,0,0,0,0
Maruti Swift VDI,2012,425000,56000,2,22.9,1248.0,74.0,5.0,1.0,0.0,0.0,1.0,0.0,1.0,13,Swift,4307.692307692308,1,0.05929487179487179,728000,1694.6,0,0,0,1,0,0,0,0,0,0
Hyundai i20 1.4 Asta Option,2017,850000,54000,1,22.54,1396.0,88.73,5.0,1.0,0.0,0.0,1.0,0.0,1.0,8,i20,6750.0,2,0.06356017191977077,432000,1999.9742,0,0,1,0,0,0,0,0,0,0
Maruti Wagon R VXI BS IV,2016,400000,20000,2,20.51,998.0,67.04,5.0,0.0,0.0,1.0,1.0,0.0,1.0,9,Wagon,2222.222222222222,1,0.06717434869739479,180000,1374.9904000000001,0,0,0,1,0,0,0,0,0,0
Tata Indica V2 eLX,2014,200000,55896,2,25.0,1396.0,69.0,5.0,1.0,0.0,0.0,1.0,0.0,1.0,11,Indica,5081.454545454545,2,0.0494269340974212,614856,1725.0,0,0,0,0,0,0,0,1,0,0
Honda Amaze SX i-DTEC,2016,550000,35000,1,25.8,1498.0,98.6,5.0,1.0,0.0,0.0,1.0,0.0,1.0,9,Amaze,3888.8888888888887,1,0.06582109479305741,315000,2543.88,0,1,0,0,0,0,0,0,0,0
Honda Brio V MT,2012,250000,97000,2,19.4,1198.0,86.8,5.0,0.0,0.0,1.0,1.0,0.0,1.0,13,Brio,7461.538461538462,2,0.07245409015025041,1261000,1683.9199999999998,0,1,0,0,0,0,0,0,0,0
Maruti Alto 800 LXI,2014,206000,120000,2,22.74,796.0,47.3,5.0,0.0,0.0,1.0,1.0,0.0,1.0,11,Alto,10909.09090909091,2,0.059422110552763814,1320000,1075.6019999999999,0,0,0,1,0,0,0,0,0,0
Hyundai EON Magna Plus,2014,290000,50000,1,21.1,814.0,55.2,5.0,0.0,0.0,1.0,1.0,0.0,1.0,11,EON,4545.454545454545,1,0.06781326781326781,550000,1164.72,0,0,1,0,0,0,0,0,0,0
Nissan Sunny Diesel XL,2012,220000,110000,3,21.64,1461.0,84.8,5.0,1.0,0.0,0.0,1.0,0.0,1.0,13,Sunny,8461.538461538461,2,0.05804243668720054,1430000,1835.072,0,0,0,0,1,0,0,0,0,0
Maruti Alto LX,2010,170000,100000,1,19.7,796.0,46.3,5.0,0.0,0.0,1.0,1.0,0.0,1.0,15,Alto,6666.666666666667,2,0.05816582914572864,1500000,912.1099999999999,0,0,0,1,0,0,0,0,0,0
Maruti Swift Vdi BSIII,2010,260000,120000,2,17.8,1248.0,75.0,5.0,1.0,0.0,0.0,1.0,0.0,1.0,15,Swift,8000.0,2,0.06009615384615385,1800000,1335.0,0,0,0,1,0,0,0,0,0,0
Volkswagen Vento Diesel Highline,2012,315000,130000,2,20.54,1598.0,103.6,5.0,1.0,0.0,0.0,1.0,0.0,1.0,13,Vento,10000.0,2,0.06483103879849812,1690000,2127.944,0,0,0,0,0,0,0,0,0,1
Maruti Alto K10 2010-2014 VXI,2011,225000,76000,2,20.92,998.0,67.1,5.0,0.0,0.0,1.0,1.0,0.0,1.0,14,Alto,5428.571428571428,2,0.06723446893787574,1064000,1403.732,0,0,0,1,0,0,0,0,0,0
Maruti Swift AMT ZDI,2018,670000,90000,1,28.4,1248.0,74.0,5.0,1.0,0.0,0.0,1.0,0.0,0.0,7,Swift,12857.142857142857,2,0.05929487179487179,630000,2101.6,0,0,0,1,0,0,0,0,0,0
Ford Figo Diesel Celebration Edition,2013,250000,25000,1,20.0,1399.0,68.1,5.0,1.0,0.0,0.0,1.0,0.0,1.0,12,Figo,2083.3333333333335,1,0.04867762687634024,300000,1362.0,1,0,0,0,0,0,0,0,0,0
Maruti Swift Dzire VDi,2009,229999,90000,2,19.3,1248.0,73.9,5.0,1.0,0.0,0.0,1.0,0.0,1.0,16,Swift,5625.0,2,0.059214743589743594,1440000,1426.2700000000002,0,0,0,1,0,0,0,0,0,0
Maruti Swift Dzire VDi,2009,229999,164000,2,19.3,1248.0,73.9,5.0,1.0,0.0,0.0,1.0,0.0,1.0,16,Swift,10250.0,2,0.059214743589743594,2624000,1426.2700000000002,0,0,0,1,0,0,0,0,0,0
Honda Amaze EX i-Vtech,2013,300000,120000,2,18.0,1198.0,86.7,5.0,0.0,0.0,1.0,1.0,0.0,1.0,12,Amaze,10000.0,2,0.07237061769616027,1440000,1560.6000000000001,0,1,0,0,0,0,0,0,0,0
Maruti A-Star Vxi,2010,165000,66000,2,19.0,998.0,66.1,5.0,0.0,0.0,1.0,1.0,0.0,1.0,15,A-Star,4400.0,1,0.06623246492985971,990000,1255.8999999999999,0,0,0,1,0,0,0,0,0,0
Renault KWID 1.0 RXT 02 Anniversary Edition,2017,300000,35000,1,23.01,999.0,67.0,5.0,0.0,0.0,1.0,1.0,0.0,1.0,8,KWID,4375.0,1,0.06706706706706707,280000,1541.67,0,0,0,0,0,0,1,0,0,0
Tata Manza Aqua Quadrajet BS IV,2010,160000,30000,2,21.12,1248.0,88.8,5.0,1.0,0.0,0.0,1.0,0.0,1.0,15,Manza,2000.0,1,0.07115384615384615,450000,1875.4560000000001,0,0,0,0,0,0,0,1,0,0
Maruti Alto 800 VXI,2014,229999,30000,2,22.74,796.0,47.3,5.0,0.0,0.0,1.0,1.0,0.0,1.0,11,Alto,2727.2727272727275,1,0.059422110552763814,330000,1075.6019999999999,0,0,0,1,0,0,0,0,0,0
Maruti Swift ZDi,2014,440000,70000,2,22.9,1248.0,74.0,5.0,1.0,0.0,0.0,1.0,0.0,1.0,11,Swift,6363.636363636364,2,0.05929487179487179,770000,1694.6,0,0,0,1,0,0,0,0,0,0
Chevrolet Spark 1.0 LT,2007,90000,60000,2,18.0,995.0,62.0,5.0,0.0,0.0,1.0,1.0,0.0,1.0,18,Spark,3333.3333333333335,1,0.062311557788944726,1080000,1116.0,0,0,0,0,0,0,0,0,0,0
Maruti Ciaz VDI SHVS,2017,750000,60000,1,28.09,1248.0,88.5,5.0,1.0,0.0,0.0,1.0,0.0,1.0,8,Ciaz,7500.0,2,0.07091346153846154,480000,2485.965,0,0,0,1,0,0,0,0,0,0
Honda City V MT,2012,330000,80000,2,16.8,1497.0,116.3,5.0,0.0,0.0,1.0,1.0,0.0,1.0,13,City,6153.846153846154,2,0.07768871075484302,1040000,1953.8400000000001,0,1,0,0,0,0,0,0,0,0
Maruti Ciaz ZDi Plus SHVS,2016,715000,70000,2,28.09,1248.0,88.5,5.0,1.0,0.0,0.0,1.0,0.0,1.0,9,Ciaz,7777.777777777777,2,0.07091346153846154,630000,2485.965,0,0,0,1,0,0,0,0,0,0
Skoda Fabia 1.2 TDI Active Plus,2013,250000,150000,2,20.86,1199.0,75.0,5.0,1.0,0.0,0.0,1.0,0.0,1.0,12,Fabia,12500.0,2,0.06255212677231026,1800000,1564.5,0,0,0,0,0,1,0,0,0,0
Maruti Zen Estilo 1.1 LX BSIII,2007,120000,150000,2,18.2,1061.0,64.0,5.0,0.0,0.0,1.0,1.0,0.0,1.0,18,Zen,8333.333333333334,2,0.060320452403393024,2700000,1164.8,0,0,0,1,0,0,0,0,0,0
Ford Ikon 1.6 Nxt,2004,100000,25000,3,14.2,1597.0,92.0,5.0,0.0,0.0,1.0,1.0,0.0,1.0,21,Ikon,1190.4761904761904,1,0.057608015028177834,525000,1306.3999999999999,1,0,0,0,0,0,0,0,0,0
Skoda Rapid 1.5 TDI AT Style BSIV,2017,850000,35000,2,21.72,1498.0,108.6,5.0,1.0,0.0,0.0,1.0,0.0,0.0,8,Rapid,4375.0,1,0.07249666221628838,280000,2358.792,0,0,0,0,0,1,0,0,0,0
Hyundai Xcent 1.2 CRDi E Plus,2018,450000,48000,1,25.4,1186.0,73.97,5.0,1.0,0.0,0.0,1.0,0.0,1.0,7,Xcent,6857.142857142857,2,0.062369308600337264,336000,1878.838,0,0,1,0,0,0,0,0,0,0
Maruti Swift Dzire VDI,2015,600000,135000,1,26.59,1248.0,74.0,5.0,1.0,0.0,0.0,1.0,0.0,1.0,10,Swift,13500.0,2,0.05929487179487179,1350000,1967.66,0,0,0,1,0,0,0,0,0,0
Maruti Alto 800 LXI,2018,350000,44000,1,24.7,796.0,47.3,5.0,0.0,0.0,1.0,1.0,0.0,1.0,7,Alto,6285.714285714285,2,0.059422110552763814,308000,1168.31,0,0,0,1,0,0,0,0,0,0
Hyundai i10 Magna 1.2 iTech SE,2013,325000,70000,1,20.36,1197.0,78.9,5.0,0.0,0.0,1.0,1.0,0.0,1.0,12,i10,5833.333333333333,2,0.06591478696741855,840000,1606.404,0,0,1,0,0,0,0,0,0,0
Maruti Alto LXi BSIII,2006,110000,120000,3,19.7,796.0,46.3,5.0,0.0,0.0,1.0,1.0,0.0,1.0,19,Alto,6315.789473684211,2,0.05816582914572864,2280000,912.1099999999999,0,0,0,1,0,0,0,0,0,0
Maruti Ciaz 1.4 Sigma,2018,750000,40000,1,20.73,1373.0,91.1,5.0,0.0,0.0,1.0,1.0,0.0,1.0,7,Ciaz,5714.285714285715,2,0.0663510560815732,280000,1888.503,0,0,0,1,0,0,0,0,0,0
Hyundai EON Sportz,2018,350000,25000,1,21.1,814.0,55.2,5.0,0.0,0.0,1.0,1.0,0.0,1.0,7,EON,3571.4285714285716,1,0.06781326781326781,175000,1164.72,0,0,1,0,0,0,0,0,0,0
Hyundai Grand i10 1.2 Kappa Sportz BSIV,2019,488999,15000,1,18.9,1197.0,81.86,5.0,0.0,0.0,1.0,1.0,0.0,1.0,6,Grand,2500.0,1,0.0683876357560568,90000,1547.1539999999998,0,0,1,0,0,0,0,0,0,0
Maruti Alto 800 LXI,2017,300000,27000,1,24.7,796.0,47.3,5.0,0.0,0.0,1.0,1.0,0.0,1.0,8,Alto,3375.0,1,0.059422110552763814,216000,1168.31,0,0,0,1,0,0,0,0,0,0
Maruti Baleno Alpha 1.3,2017,650000,35000,2,27.39,1248.0,74.0,5.0,1.0,0.0,0.0,1.0,0.0,1.0,8,Baleno,4375.0,1,0.05929487179487179,280000,2026.8600000000001,0,0,0,1,0,0,0,0,0,0
Maruti A-Star Vxi,2014,250000,40000,1,19.0,998.0,66.1,5.0,0.0,0.0,1.0,1.0,0.0,1.0,11,A-Star,3636.3636363636365,1,0.06623246492985971,440000,1255.8999999999999,0,0,0,1,0,0,0,0,0,0
Maruti Alto 800 LXI,2014,200000,40000,3,22.74,796.0,47.3,5.0,0.0,0.0,1.0,1.0,0.0,1.0,11,Alto,3636.3636363636365,1,0.059422110552763814,440000,1075.6019999999999,0,0,0,1,0,0,0,0,0,0
Tata Indigo eCS LX BSIV,2012,200000,120000,1,23.03,1396.0,69.0,5.0,1.0,0.0,0.0,1.0,0.0,1.0,13,Indigo,9230.76923076923,2,0.0494269340974212,1560000,1589.0700000000002,0,0,0,0,0,0,0,1,0,0
Hyundai EON 1.0 Era Plus,2016,276000,60000,1,20.3,998.0,68.05,5.0,0.0,0.0,1.0,1.0,0.0,1.0,9,EON,6666.666666666667,2,0.06818637274549098,540000,1381.415,0,0,1,0,0,0,0,0,0,0
Hyundai EON Magna Plus,2014,250000,40000,1,21.1,814.0,55.2,5.0,0.0,0.0,1.0,1.0,0.0,1.0,11,EON,3636.3636363636365,1,0.06781326781326781,440000,1164.72,0,0,1,0,0,0,0,0,0,0
Maruti Alto LX,2008,95000,80000,2,19.7,796.0,46.3,5.0,0.0,0.0,1.0,1.0,0.0,1.0,17,Alto,4705.882352941177,1,0.05816582914572864,1360000,912.1099999999999,0,0,0,1,0,0,0,0,0,0
Tata Indigo CR4,2011,200000,70000,2,23.57,1396.0,70.0,5.0,1.0,0.0,0.0,1.0,0.0,1.0,14,Indigo,5000.0,1,0.050143266475644696,980000,1649.9,0,0,0,0,0,0,0,1,0,0
Tata Indigo CS LX (TDI) BS III,2010,200000,175000,1,19.09,1396.0,69.0,5.0,1.0,0.0,0.0,1.0,0.0,1.0,15,Indigo,11666.666666666666,2,0.0494269340974212,2625000,1317.21,0,0,0,0,0,0,0,1,0,0
Hyundai i10 Sportz,2010,200000,70000,2,20.36,1197.0,78.9,5.0,0.0,0.0,1.0,1.0,0.0,1.0,15,i10,4666.666666666667,1,0.06591478696741855,1050000,1606.404,0,0,1,0,0,0,0,0,0,0
Tata Indigo CS GLX BS III,2008,250000,100000,1,15.2,1193.0,65.0,5.0,0.0,0.0,1.0,1.0,0.0,1.0,17,Indigo,5882.35294117647,2,0.054484492875104776,1700000,988.0,0,0,0,0,0,0,0,1,0,0
Renault KWID RXT,2016,290000,10000,1,25.17,799.0,53.3,5.0,0.0,0.0,1.0,1.0,0.0,1.0,9,KWID,1111.111111111111,1,0.06670838548185232,90000,1341.561,0,0,0,0,0,0,1,0,0,0
Ford Figo Diesel Celebration Edition,2013,325000,120000,2,20.0,1399.0,68.1,5.0,1.0,0.0,0.0,1.0,0.0,1.0,12,Figo,10000.0,2,0.04867762687634024,1440000,1362.0,1,0,0,0,0,0,0,0,0,0
Hyundai Grand i10 Magna,2016,425000,30000,1,18.9,1197.0,82.0,5.0,0.0,0.0,1.0,1.0,0.0,1.0,9,Grand,3333.3333333333335,1,0.06850459482038429,270000,1549.8,0,0,1,0,0,0,0,0,0,0
Renault KWID RXT,2016,315000,60000,1,25.17,799.0,53.3,5.0,0.0,0.0,1.0,1.0,0.0,1.0,9,KWID,6666.666666666667,2,0.06670838548185232,540000,1341.561,0,0,0,0,0,0,1,0,0,0
Maruti Alto K10 VXI,2014,300000,70000,1,23.95,998.0,67.05,5.0,0.0,0.0,1.0,1.0,0.0,1.0,11,Alto,6363.636363636364,2,0.06718436873747495,770000,1605.8474999999999,0,0,0,1,0,0,0,0,0,0
Hyundai i10 Sportz,2013,325000,70000,2,20.36,1197.0,78.9,5.0,0.0,0.0,1.0,1.0,0.0,1.0,12,i10,5833.333333333333,2,0.06591478696741855,840000,1606.404,0,0,1,0,0,0,0,0,0,0
Hyundai Creta 1.4 CRDi S,2016,900000,130000,1,21.38,1396.0,88.7,5.0,1.0,0.0,0.0,1.0,0.0,1.0,9,Creta,14444.444444444445,2,0.06353868194842408,1170000,1896.406,0,0,1,0,0,0,0,0,0,0
Hyundai Creta 1.4 CRDi S Plus,2016,950000,133000,1,21.38,1396.0,88.7,5.0,1.0,0.0,0.0,1.0,0.0,1.0,9,Creta,14777.777777777777,2,0.06353868194842408,1197000,1896.406,0,0,1,0,0,0,0,0,0,0
Volkswagen Vento Diesel Trendline,2010,320000,120000,3,20.54,1598.0,103.6,5.0,1.0,0.0,0.0,1.0,0.0,1.0,15,Vento,8000.0,2,0.06483103879849812,1800000,2127.944,0,0,0,0,0,0,0,0,0,1
Volkswagen Ameo 1.0 MPI Trendline,2019,500000,20000,1,19.44,999.0,75.0,5.0,0.0,0.0,1.0,1.0,0.0,1.0,6,Ameo,3333.3333333333335,1,0.07507507507507508,120000,1458.0,0,0,0,0,0,0,0,0,0,1
Ford Figo Petrol LXI,2012,290000,25000,1,15.6,1196.0,70.0,5.0,0.0,0.0,1.0,1.0,0.0,1.0,13,Figo,1923.076923076923,1,0.05852842809364549,325000,1092.0,1,0,0,0,0,0,0,0,0,0
Maruti A-Star Vxi,2009,120000,140000,3,19.0,998.0,66.1,5.0,0.0,0.0,1.0,1.0,0.0,1.0,16,A-Star,8750.0,2,0.06623246492985971,2240000,1255.8999999999999,0,0,0,1,0,0,0,0,0,0
Honda City i-DTEC VX,2017,850000,103000,1,25.6,1498.0,97.9,5.0,1.0,0.0,0.0,0.0,0.0,1.0,8,City,12875.0,2,0.06535380507343125,824000,2506.2400000000002,0,1,0,0,0,0,0,0,0,0
Honda City i DTEC V,2015,600000,128000,1,26.0,1498.0,98.6,5.0,1.0,0.0,0.0,0.0,0.0,1.0,10,City,12800.0,2,0.06582109479305741,1280000,2563.6,0,1,0,0,0,0,0,0,0,0
Volkswagen Polo 1.5 TDI Highline,2015,620000,33000,1,20.14,1498.0,88.8,5.0,1.0,0.0,0.0,1.0,0.0,1.0,10,Polo,3300.0,1,0.05927903871829105,330000,1788.432,0,0,0,0,0,0,0,0,0,1
Maruti Alto LXi BSIII,2009,150000,70000,2,19.7,796.0,46.3,5.0,0.0,0.0,1.0,1.0,0.0,1.0,16,Alto,4375.0,1,0.05816582914572864,1120000,912.1099999999999,0,0,0,1,0,0,0,0,0,0
Tata Indigo Grand Petrol,2008,135000,40000,4,12.85,1396.0,99.6,5.0,0.0,0.0,1.0,1.0,0.0,1.0,17,Indigo,2352.9411764705883,1,0.07134670487106017,680000,1279.86,0,0,0,0,0,0,0,1,0,0
Tata Indica Vista Terra 1.4 TDI,2011,200000,80000,1,17.0,1405.0,71.0,5.0,1.0,0.0,0.0,1.0,0.0,1.0,14,Indica,5714.285714285715,2,0.050533807829181494,1120000,1207.0,0,0,0,0,0,0,0,1,0,0
Maruti Ciaz ZDi,2015,730000,70000,1,26.21,1248.0,88.5,5.0,1.0,0.0,0.0,1.0,0.0,1.0,10,Ciaz,7000.0,2,0.07091346153846154,700000,2319.585,0,0,0,1,0,0,0,0,0,0
Ford Figo Diesel Titanium,2012,190000,112000,2,20.0,1399.0,68.0,5.0,1.0,0.0,0.0,1.0,0.0,1.0,13,Figo,8615.384615384615,2,0.04860614724803431,1456000,1360.0,1,0,0,0,0,0,0,0,0,0
Hyundai Xcent 1.1 CRDi S,2015,509999,62000,2,24.4,1120.0,71.0,5.0,1.0,0.0,0.0,1.0,0.0,1.0,10,Xcent,6200.0,2,0.06339285714285714,620000,1732.3999999999999,0,0,1,0,0,0,0,0,0,0
Maruti Vitara Brezza ZDi Plus Dual Tone,2016,720000,40000,2,24.3,1248.0,88.5,5.0,1.0,0.0,0.0,1.0,0.0,1.0,9,Vitara,4444.444444444444,1,0.07091346153846154,360000,2150.55,0,0,0,1,0,0,0,0,0,0
Ford Figo Petrol EXI,2011,225000,15000,1,15.6,1196.0,70.0,5.0,0.0,0.0,1.0,1.0,0.0,1.0,14,Figo,1071.4285714285713,1,0.05852842809364549,210000,1092.0,1,0,0,0,0,0,0,0,0,0
Ford EcoSport 1.5 Diesel Titanium Plus BSIV,2019,950000,20000,1,23.0,1498.0,98.96,5.0,1.0,0.0,0.0,1.0,0.0,1.0,6,EcoSport,3333.3333333333335,1,0.06606141522029373,120000,2276.08,1,0,0,0,0,0,0,0,0,0
Hyundai i20 Active 1.2,2018,530000,52000,1,17.19,1197.0,81.86,5.0,0.0,0.0,1.0,1.0,0.0,1.0,7,i20,7428.571428571428,2,0.0683876357560568,364000,1407.1734000000001,0,0,1,0,0,0,0,0,0,0
Hyundai i20 Magna 1.2,2016,470000,70000,1,18.6,1197.0,81.83,5.0,0.0,0.0,1.0,1.0,0.0,1.0,9,i20,7777.777777777777,2,0.06836257309941521,630000,1522.038,0,0,1,0,0,0,0,0,0,0
Maruti Swift VDI BSIV,2015,459999,100000,2,25.2,1248.0,74.0,5.0,1.0,0.0,0.0,1.0,0.0,1.0,10,Swift,10000.0,2,0.05929487179487179,1000000,1864.8,0,0,0,1,0,0,0,0,0,0
Renault KWID RXL,2019,325000,14700,1,25.17,799.0,53.3,5.0,0.0,0.0,1.0,1.0,0.0,1.0,6,KWID,2450.0,1,0.06670838548185232,88200,1341.561,0,0,0,0,0,0,1,0,0,0
Maruti Alto LXI,2004,70000,70000,2,19.7,796.0,46.3,5.0,0.0,0.0,1.0,1.0,0.0,1.0,21,Alto,3333.3333333333335,1,0.05816582914572864,1470000,912.1099999999999,0,0,0,1,0,0,0,0,0,0
Maruti Swift Dzire VXi,2009,250000,80000,1,17.5,1298.0,85.8,5.0,0.0,0.0,1.0,1.0,0.0,1.0,16,Swift,5000.0,1,0.06610169491525424,1280000,1501.5,0,0,0,1,0,0,0,0,0,0
Maruti Swift Dzire VDI,2018,720000,25000,1,28.4,1248.0,74.02,5.0,1.0,0.0,0.0,1.0,0.0,1.0,7,Swift,3571.4285714285716,1,0.05931089743589743,175000,2102.1679999999997,0,0,0,1,0,0,0,0,0,0
Maruti Swift Dzire ZDI,2015,590000,50000,1,26.59,1248.0,74.0,5.0,1.0,0.0,0.0,1.0,0.0,1.0,10,Swift,5000.0,1,0.05929487179487179,500000,1967.66,0,0,0,1,0,0,0,0,0,0
Mahindra KUV 100 G80 K4 Plus 5Str,2018,445000,19700,1,18.15,1198.0,82.0,5.0,0.0,0.0,1.0,1.0,0.0,1.0,7,KUV,2814.285714285714,1,0.06844741235392321,137900,1488.3,0,0,0,0,0,1,0,0,0,0
Hyundai Santro Xing GL Plus LPG,2011,191000,70000,1,18.1575,1086.0,62.1,5.0,0.0,1.0,0.0,1.0,0.0,1.0,14,Santro,5000.0,1,0.057182320441988954,980000,1127.5807499999999,0,0,1,0,0,0,0,0,0,0
Ford Figo Aspire 1.5 TDCi Titanium,2018,372000,50000,4,25.83,1498.0,99.0,5.0,1.0,0.0,0.0,1.0,0.0,1.0,7,Figo,7142.857142857143,2,0.06608811748998665,350000,2557.1699999999996,1,0,0,0,0,0,0,0,0,0
Maruti Wagon R LXI,2005,65000,90000,2,18.9,998.0,67.1,5.0,0.0,0.0,1.0,1.0,0.0,1.0,20,Wagon,4500.0,1,0.06723446893787574,1800000,1268.1899999999998,0,0,0,1,0,0,0,0,0,0
Hyundai Santro GLS I - Euro II,2007,150000,60000,3,19.5,1248.0,81.83,5.0,0.0,0.0,1.0,1.0,0.0,1.0,18,Santro,3333.3333333333335,1,0.06556891025641025,1080000,1595.685,0,0,1,0,0,0,0,0,0,0
Ford Figo Diesel LXI,2015,300000,140000,1,20.0,1399.0,68.05,5.0,1.0,0.0,0.0,1.0,0.0,1.0,10,Figo,14000.0,2,0.04864188706218728,1400000,1361.0,1,0,0,0,0,0,0,0,0,0
Tata Tigor 1.2 Revotron XZ Option,2017,520000,40000,1,20.3,1199.0,84.0,5.0,0.0,0.0,1.0,1.0,0.0,1.0,8,Tigor,5000.0,1,0.07005838198498748,320000,1705.2,0,0,0,0,0,0,0,1,0,0
Maruti Alto 800 LXI,2014,190000,70000,3,22.74,796.0,47.3,5.0,0.0,0.0,1.0,1.0,0.0,1.0,11,Alto,6363.636363636364,2,0.059422110552763814,770000,1075.6019999999999,0,0,0,1,0,0,0,0,0,0
Datsun RediGO 1.0 S,2018,310000,7000,1,22.5,999.0,67.0,5.0,0.0,0.0,1.0,1.0,0.0,1.0,7,RediGO,1000.0,1,0.06706706706706707,49000,1507.5,0,0,0,0,0,1,0,0,0,0
Maruti Alto K10 VXI,2019,350000,15000,1,23.95,998.0,67.05,5.0,0.0,0.0,1.0,1.0,0.0,1.0,6,Alto,2500.0,1,0.06718436873747495,90000,1605.8474999999999,0,0,0,1,0,0,0,0,0,0
Maruti Alto 800 VXI,2020,360000,5000,1,22.05,796.0,47.3,5.0,0.0,0.0,1.0,1.0,0.0,1.0,5,Alto,1000.0,1,0.059422110552763814,25000,1042.965,0,0,0,1,0,0,0,0,0,0
Renault KWID RXE,2017,285000,5000,1,25.17,799.0,53.3,5.0,0.0,0.0,1.0,1.0,0.0,1.0,8,KWID,625.0,1,0.06670838548185232,40000,1341.561,0,0,0,0,0,0,1,0,0,0
Maruti Alto 800 LX,2013,160000,70000,2,22.74,796.0,47.3,5.0,0.0,0.0,1.0,1.0,0.0,1.0,12,Alto,5833.333333333333,2,0.059422110552763814,840000,1075.6019999999999,0,0,0,1,0,0,0,0,0,0
Maruti Alto LXi,2007,85000,120000,3,19.7,796.0,46.3,5.0,0.0,0.0,1.0,1.0,0.0,1.0,18,Alto,6666.666666666667,2,0.05816582914572864,2160000,912.1099999999999,0,0,0,1,0,0,0,0,0,0
Datsun RediGO 1.0 S,2018,300000,7000,1,22.5,999.0,67.0,5.0,0.0,0.0,1.0,1.0,0.0,1.0,7,RediGO,1000.0,1,0.06706706706706707,49000,1507.5,0,0,0,0,0,1,0,0,0,0
Renault KWID RXT,2016,254999,30000,3,25.17,799.0,53.3,5.0,0.0,0.0,1.0,1.0,0.0,1.0,9,KWID,3333.3333333333335,1,0.06670838548185232,270000,1341.561,0,0,0,0,0,0,1,0,0,0
Maruti Swift Dzire VDI,2013,390000,100000,1,23.4,1248.0,74.0,5.0,1.0,0.0,0.0,1.0,0.0,1.0,12,Swift,8333.333333333334,2,0.05929487179487179,1200000,1731.6,0,0,0,1,0,0,0,0,0,0
Toyota Etios Liva GD,2015,450000,80000,1,23.59,1364.0,67.04,5.0,1.0,0.0,0.0,1.0,0.0,1.0,10,Etios,8000.0,2,0.04914956011730206,800000,1581.4736,0,0,0,0,0,0,0,0,1,0
Maruti Vitara Brezza VDi Option,2017,725000,50000,1,24.3,1248.0,88.5,5.0,1.0,0.0,0.0,1.0,0.0,1.0,8,Vitara,6250.0,2,0.07091346153846154,400000,2150.55,0,0,0,1,0,0,0,0,0,0
Maruti Alto K10 VXI,2014,229999,53473,1,23.95,998.0,67.05,5.0,0.0,0.0,1.0,1.0,0.0,1.0,11,Alto,4861.181818181818,1,0.06718436873747495,588203,1605.8474999999999,0,0,0,1,0,0,0,0,0,0
Hyundai Santro Xing GLS,2013,220000,80000,1,17.92,1086.0,62.1,5.0,0.0,0.0,1.0,1.0,0.0,1.0,12,Santro,6666.666666666667,2,0.057182320441988954,960000,1112.832,0,0,1,0,0,0,0,0,0,0
Hyundai Xcent 1.1 CRDi S,2015,360000,120000,1,24.4,1120.0,71.0,5.0,1.0,0.0,0.0,1.0,0.0,1.0,10,Xcent,12000.0,2,0.06339285714285714,1200000,1732.3999999999999,0,0,1,0,0,0,0,0,0,0
Maruti Alto K10 VXI,2018,350000,40000,1,23.95,998.0,67.05,5.0,0.0,0.0,1.0,1.0,0.0,1.0,7,Alto,5714.285714285715,2,0.06718436873747495,280000,1605.8474999999999,0,0,0,1,0,0,0,0,0,0
Chevrolet Beat Diesel LT,2013,145000,90000,3,25.44,936.0,57.6,5.0,1.0,0.0,0.0,1.0,0.0,1.0,12,Beat,7500.0,2,0.06153846153846154,1080000,1465.344,0,0,0,0,0,0,0,0,0,0
Chevrolet Sail Hatchback 1.2,2014,300000,51000,1,18.2,1199.0,82.5,5.0,0.0,0.0,1.0,1.0,0.0,1.0,11,Sail,4636.363636363636,1,0.06880733944954129,561000,1501.5,0,0,0,0,0,0,0,0,0,0
Tata Indica Vista Aqua 1.3 Quadrajet (ABS),2010,180000,87000,1,19.5,1248.0,81.83,5.0,1.0,0.0,0.0,1.0,0.0,1.0,15,Indica,5800.0,2,0.06556891025641025,1305000,1595.685,0,0,0,0,0,0,0,1,0,0
Hyundai Accent GLE,2009,180000,87000,2,13.2,1495.0,94.0,5.0,0.0,0.0,1.0,1.0,0.0,1.0,16,Accent,5437.5,2,0.06287625418060201,1392000,1240.8,0,0,1,0,0,0,0,0,0,0
Mahindra Bolero GLX,2006,200000,120000,2,19.5,1248.0,81.83,5.0,1.0,0.0,0.0,1.0,0.0,1.0,19,Bolero,6315.789473684211,2,0.06556891025641025,2280000,1595.685,0,0,0,0,0,1,0,0,0,0
Renault Duster 110PS Diesel RxL,2014,620000,90000,2,19.01,1461.0,108.45,5.0,1.0,0.0,0.0,1.0,0.0,1.0,11,Duster,8181.818181818182,2,0.0742299794661191,990000,2061.6345,0,0,0,0,0,0,1,0,0,0
Toyota Etios G,2015,360000,110000,3,16.78,1496.0,88.73,5.0,0.0,0.0,1.0,1.0,0.0,1.0,10,Etios,11000.0,2,0.05931149732620321,1100000,1488.8894000000003,0,0,0,0,0,0,0,0,1,0
Hyundai Santro Xing GLS,2010,245000,86000,2,17.92,1086.0,62.1,5.0,0.0,0.0,1.0,1.0,0.0,1.0,15,Santro,5733.333333333333,2,0.057182320441988954,1290000,1112.832,0,0,1,0,0,0,0,0,0,0
Maruti Swift VDI BSIV,2009,370000,120000,1,19.5,1248.0,81.83,5.0,1.0,0.0,0.0,1.0,0.0,1.0,16,Swift,7500.0,2,0.06556891025641025,1920000,1595.685,0,0,0,1,0,0,0,0,0,0
Ford Ikon 1.6 Really Sport,2003,130000,80000,3,14.2,1597.0,92.0,5.0,0.0,0.0,1.0,1.0,0.0,1.0,22,Ikon,3636.3636363636365,1,0.057608015028177834,1760000,1306.3999999999999,1,0,0,0,0,0,0,0,0,0
Ford Fiesta 1.5 TDCi Titanium,2014,650000,140000,2,25.01,1498.0,89.75,5.0,1.0,0.0,0.0,1.0,0.0,1.0,11,Fiesta,12727.272727272728,2,0.059913217623497994,1540000,2244.6475,1,0,0,0,0,0,0,0,0,0
Maruti Swift VXI,2019,610000,18000,1,21.21,1197.0,81.8,5.0,0.0,0.0,1.0,1.0,0.0,1.0,6,Swift,3000.0,1,0.0683375104427736,108000,1734.978,0,0,0,1,0,0,0,0,0,0
Maruti Alto K10 VXI,2015,300000,24000,1,23.95,998.0,67.05,5.0,0.0,0.0,1.0,1.0,0.0,1.0,10,Alto,2400.0,1,0.06718436873747495,240000,1605.8474999999999,0,0,0,1,0,0,0,0,0,0
Hyundai Grand i10 CRDi Magna,2014,425000,60000,1,24.0,1120.0,70.0,5.0,1.0,0.0,0.0,1.0,0.0,1.0,11,Grand,5454.545454545455,2,0.0625,660000,1680.0,0,0,1,0,0,0,0,0,0,0
Hyundai i10 Sportz AT,2011,340000,60000,3,16.95,1197.0,78.9,5.0,0.0,0.0,1.0,1.0,0.0,0.0,14,i10,4285.714285714285,1,0.06591478696741855,840000,1337.355,0,0,1,0,0,0,0,0,0,0
Tata Indigo CS LS (TDI) BS III,2009,160000,70000,1,19.09,1396.0,69.0,5.0,1.0,0.0,0.0,1.0,0.0,1.0,16,Indigo,4375.0,1,0.0494269340974212,1120000,1317.21,0,0,0,0,0,0,0,1,0,0
Tata Indica Vista TDI LS,2014,250000,120000,1,19.1,1405.0,70.0,5.0,1.0,0.0,0.0,1.0,0.0,1.0,11,Indica,10909.09090909091,2,0.0498220640569395,1320000,1337.0,0,0,0,0,0,0,0,1,0,0
Chevrolet Beat Diesel LT,2012,225000,100000,3,25.44,936.0,57.6,5.0,1.0,0.0,0.0,1.0,0.0,1.0,13,Beat,7692.307692307692,2,0.06153846153846154,1300000,1465.344,0,0,0,0,0,0,0,0,0,0
Tata Indica V2 2001-2011 DLS BSIII,2007,55000,75958,2,17.88,1396.0,52.8,5.0,1.0,0.0,0.0,1.0,0.0,1.0,18,Indica,4219.888888888889,1,0.03782234957020057,1367244,944.0639999999999,0,0,0,0,0,0,0,1,0,0
Tata Indica Vista Aqua 1.3 Quadrajet (ABS),2012,250000,100000,2,19.5,1248.0,81.83,5.0,1.0,0.0,0.0,1.0,0.0,1.0,13,Indica,7692.307692307692,2,0.06556891025641025,1300000,1595.685,0,0,0,0,0,0,0,1,0,0
Tata Indica V2 DLS TC,2007,80000,110000,3,16.8,1405.0,62.0,5.0,1.0,0.0,0.0,1.0,0.0,1.0,18,Indica,6111.111111111111,2,0.04412811387900356,1980000,1041.6000000000001,0,0,0,0,0,0,0,1,0,0
Maruti Swift Dzire VXI,2016,500000,40000,1,20.85,1197.0,83.14,5.0,0.0,0.0,1.0,1.0,0.0,1.0,9,Swift,4444.444444444444,1,0.06945697577276524,360000,1733.469,0,0,0,1,0,0,0,0,0,0
Ford Figo Aspire 1.5 TDCi Ambiente,2016,500000,70000,1,25.83,1498.0,99.0,5.0,1.0,0.0,0.0,1.0,0.0,1.0,9,Figo,7777.777777777777,2,0.06608811748998665,630000,2557.1699999999996,1,0,0,0,0,0,0,0,0,0
Maruti Swift VDI,2011,400000,60000,1,22.9,1248.0,74.0,5.0,1.0,0.0,0.0,1.0,0.0,1.0,14,Swift,4285.714285714285,1,0.05929487179487179,840000,1694.6,0,0,0,1,0,0,0,0,0,0
Hyundai i10 Sportz,2012,280000,65000,1,20.36,1197.0,78.9,5.0,0.0,0.0,1.0,1.0,0.0,1.0,13,i10,5000.0,1,0.06591478696741855,845000,1606.404,0,0,1,0,0,0,0,0,0,0
Maruti Swift Dzire VDI,2014,580000,88000,1,23.4,1248.0,74.0,5.0,1.0,0.0,0.0,1.0,0.0,1.0,11,Swift,8000.0,2,0.05929487179487179,968000,1731.6,0,0,0,1,0,0,0,0,0,0
Tata Manza Aura (ABS) Quadrajet,2009,100000,80000,3,18.8,1248.0,90.0,5.0,1.0,0.0,0.0,1.0,0.0,1.0,16,Manza,5000.0,1,0.07211538461538461,1280000,1692.0,0,0,0,0,0,0,0,1,0,0
Tata Manza Aqua Safire,2010,150000,80000,3,15.0,1368.0,90.0,5.0,0.0,0.0,1.0,1.0,0.0,1.0,15,Manza,5333.333333333333,2,0.06578947368421052,1200000,1350.0,0,0,0,0,0,0,0,1,0,0
Hyundai EON Magna Plus,2014,190000,60000,2,21.1,814.0,55.2,5.0,0.0,0.0,1.0,1.0,0.0,1.0,11,EON,5454.545454545455,2,0.06781326781326781,660000,1164.72,0,0,1,0,0,0,0,0,0,0
Maruti Swift VDI BSIV,2017,640000,110000,1,25.2,1248.0,74.0,5.0,1.0,0.0,0.0,1.0,0.0,1.0,8,Swift,13750.0,2,0.05929487179487179,880000,1864.8,0,0,0,1,0,0,0,0,0,0
Skoda Fabia 1.2L Diesel Elegance,2011,340000,145000,1,20.86,1199.0,75.0,5.0,1.0,0.0,0.0,1.0,0.0,1.0,14,Fabia,10357.142857142857,2,0.06255212677231026,2030000,1564.5,0,0,0,0,0,1,0,0,0,0
Hyundai Elite i20 Asta Option Diesel,2019,811000,43000,1,22.54,1396.0,88.76,5.0,1.0,0.0,0.0,1.0,0.0,1.0,6,Elite,7166.666666666667,2,0.06358166189111748,258000,2000.6504,0,0,1,0,0,0,0,0,0,0
Maruti Ritz LDi,2016,409999,120000,1,23.2,1248.0,73.94,5.0,1.0,0.0,0.0,1.0,0.0,1.0,9,Ritz,13333.333333333334,2,0.05924679487179487,1080000,1715.408,0,0,0,1,0,0,0,0,0,0
Maruti Swift Lxi BSIII,2007,220000,136000,2,16.1,1298.0,88.2,5.0,0.0,0.0,1.0,1.0,0.0,1.0,18,Swift,7555.555555555556,2,0.0679506933744222,2448000,1420.0200000000002,0,0,0,1,0,0,0,0,0,0
Tata Indica V2 DLS BSIII,2013,170000,120000,2,17.88,1405.0,48.21,5.0,1.0,0.0,0.0,1.0,0.0,1.0,12,Indica,10000.0,2,0.034313167259786476,1440000,861.9947999999999,0,0,0,0,0,0,0,1,0,0
Hyundai Elite i20 Petrol Asta Option,2018,700000,25000,1,18.6,1197.0,81.86,5.0,0.0,0.0,1.0,1.0,0.0,1.0,7,Elite,3571.4285714285716,1,0.0683876357560568,175000,1522.596,0,0,1,0,0,0,0,0,0,0
Hyundai Accent GLS 1.6 ABS,2003,80000,40000,2,14.4,1599.0,94.0,5.0,0.0,0.0,1.0,1.0,0.0,1.0,22,Accent,1818.1818181818182,1,0.058786741713570984,880000,1353.6000000000001,0,0,1,0,0,0,0,0,0,0
Maruti Swift Dzire VDI,2014,420000,120000,2,23.4,1248.0,74.0,5.0,1.0,0.0,0.0,1.0,0.0,1.0,11,Swift,10909.09090909091,2,0.05929487179487179,1320000,1731.6,0,0,0,1,0,0,0,0,0,0
Maruti S-Cross 2017-2020 Zeta DDiS 200 SH,2018,899000,35000,1,25.1,1248.0,88.5,5.0,1.0,0.0,0.0,1.0,0.0,1.0,7,S-Cross,5000.0,1,0.07091346153846154,245000,2221.35,0,0,0,1,0,0,0,0,0,0
Datsun GO T Petrol,2019,459999,35000,1,19.83,1198.0,67.0,5.0,0.0,0.0,1.0,1.0,0.0,1.0,6,GO,5833.333333333333,2,0.055926544240400666,210000,1328.61,0,0,0,0,0,1,0,0,0,0
Hyundai Verna CRDi SX ABS,2008,150000,120000,2,18.1,1493.0,110.0,5.0,1.0,0.0,0.0,1.0,0.0,1.0,17,Verna,7058.823529411765,2,0.07367716008037509,2040000,1991.0000000000002,0,0,1,0,0,0,0,0,0,0
Renault KWID 1.0 RXT Optional,2017,350000,25000,1,23.01,999.0,67.0,5.0,0.0,0.0,1.0,1.0,0.0,1.0,8,KWID,3125.0,1,0.06706706706706707,200000,1541.67,0,0,0,0,0,0,1,0,0,0
Toyota Etios GD,2015,509999,100000,2,23.59,1364.0,67.05,5.0,1.0,0.0,0.0,1.0,0.0,1.0,10,Etios,10000.0,2,0.04915689149560117,1000000,1581.7095,0,0,0,0,0,0,0,0,1,0
Tata Zest Revotron 1.2 XT,2017,370000,35000,1,17.57,1193.0,88.7,5.0,0.0,0.0,1.0,1.0,0.0,1.0,8,Zest,4375.0,1,0.07435037720033529,280000,1558.459,0,0,0,0,0,0,0,1,0,0
Maruti Alto K10 2010-2014 VXI,2013,240000,44000,2,20.92,998.0,67.1,5.0,0.0,0.0,1.0,1.0,0.0,1.0,12,Alto,3666.6666666666665,1,0.06723446893787574,528000,1403.732,0,0,0,1,0,0,0,0,0,0
Hyundai i20 Asta 1.4 CRDi,2015,530000,100000,2,22.54,1396.0,88.73,5.0,1.0,0.0,0.0,1.0,0.0,1.0,10,i20,10000.0,2,0.06356017191977077,1000000,1999.9742,0,0,1,0,0,0,0,0,0,0
Hyundai i10 Sportz,2014,350000,64000,1,20.36,1197.0,78.9,5.0,0.0,0.0,1.0,1.0,0.0,1.0,11,i10,5818.181818181818,2,0.06591478696741855,704000,1606.404,0,0,1,0,0,0,0,0,0,0
Hyundai i20 1.2 Magna,2011,220000,70000,1,18.5,1197.0,80.0,5.0,0.0,0.0,1.0,1.0,0.0,1.0,14,i20,5000.0,1,0.06683375104427736,980000,1480.0,0,0,1,0,0,0,0,0,0,0
Hyundai Grand i10 Sportz,2015,350000,100000,1,18.9,1197.0,82.0,5.0,0.0,0.0,1.0,1.0,0.0,1.0,10,Grand,10000.0,2,0.06850459482038429,1000000,1549.8,0,0,1,0,0,0,0,0,0,0
Maruti Swift LDI,2013,370000,90000,2,22.9,1248.0,74.0,5.0,1.0,0.0,0.0,1.0,0.0,1.0,12,Swift,7500.0,2,0.05929487179487179,1080000,1694.6,0,0,0,1,0,0,0,0,0,0
Maruti Swift Dzire VXi,2014,220000,50000,1,17.5,1298.0,85.8,5.0,0.0,0.0,1.0,1.0,0.0,1.0,11,Swift,4545.454545454545,1,0.06610169491525424,550000,1501.5,0,0,0,1,0,0,0,0,0,0
Datsun RediGO T Option,2018,250000,10000,1,22.7,799.0,53.64,5.0,0.0,0.0,1.0,1.0,0.0,1.0,7,RediGO,1428.5714285714287,1,0.06713391739674593,70000,1217.628,0,0,0,0,0,1,0,0,0,0
Hyundai i10 Sportz,2014,320000,15000,1,20.36,1197.0,78.9,5.0,0.0,0.0,1.0,1.0,0.0,1.0,11,i10,1363.6363636363637,1,0.06591478696741855,165000,1606.404,0,0,1,0,0,0,0,0,0,0
Maruti Wagon R AMT VXI,2017,440000,35000,1,20.51,998.0,67.0,5.0,0.0,0.0,1.0,1.0,0.0,0.0,8,Wagon,4375.0,1,0.06713426853707415,280000,1374.17,0,0,0,1,0,0,0,0,0,0
Hyundai i20 Sportz 1.2,2013,315000,49000,2,18.5,1197.0,82.85,5.0,0.0,0.0,1.0,1.0,0.0,1.0,12,i20,4083.3333333333335,1,0.06921470342522974,588000,1532.725,0,0,1,0,0,0,0,0,0,0
Hyundai Santro Xing ABS,2007,100000,70000,3,19.5,1248.0,81.83,5.0,0.0,0.0,1.0,1.0,0.0,1.0,18,Santro,3888.8888888888887,1,0.06556891025641025,1260000,1595.685,0,0,1,0,0,0,0,0,0,0
Tata Manza Aura Quadrajet,2010,202999,158000,1,18.8,1248.0,90.0,5.0,1.0,0.0,0.0,1.0,0.0,1.0,15,Manza,10533.333333333334,2,0.07211538461538461,2370000,1692.0,0,0,0,0,0,0,0,1,0,0
Hyundai EON Era,2012,179000,30000,2,21.1,814.0,55.2,5.0,0.0,0.0,1.0,1.0,0.0,1.0,13,EON,2307.6923076923076,1,0.06781326781326781,390000,1164.72,0,0,1,0,0,0,0,0,0,0
Hyundai i10 Magna 1.2 iTech SE,2008,140000,60000,2,20.36,1197.0,78.9,5.0,0.0,0.0,1.0,1.0,0.0,1.0,17,i10,3529.4117647058824,1,0.06591478696741855,1020000,1606.404,0,0,1,0,0,0,0,0,0,0
Maruti Zen Estilo 1.1 LXI BSIII,2008,150000,40000,2,18.2,1061.0,64.0,5.0,0.0,0.0,1.0,1.0,0.0,1.0,17,Zen,2352.9411764705883,1,0.060320452403393024,680000,1164.8,0,0,0,1,0,0,0,0,0,0
Ford Figo Diesel EXI,2011,250000,55130,2,20.0,1399.0,68.0,5.0,1.0,0.0,0.0,0.0,0.0,1.0,14,Figo,3937.8571428571427,1,0.04860614724803431,771820,1360.0,1,0,0,0,0,0,0,0,0,0
Maruti Wagon R VXI BS IV,2014,330000,22000,1,20.51,998.0,67.04,5.0,0.0,0.0,1.0,1.0,0.0,1.0,11,Wagon,2000.0,1,0.06717434869739479,242000,1374.9904000000001,0,0,0,1,0,0,0,0,0,0
Ford Figo Petrol ZXI,2010,250000,48000,1,15.6,1196.0,70.0,5.0,0.0,0.0,1.0,1.0,0.0,1.0,15,Figo,3200.0,1,0.05852842809364549,720000,1092.0,1,0,0,0,0,0,0,0,0,0
Hyundai i20 Magna,2012,335000,45000,1,18.5,1197.0,82.85,5.0,0.0,0.0,1.0,1.0,0.0,1.0,13,i20,3461.5384615384614,1,0.06921470342522974,585000,1532.725,0,0,1,0,0,0,0,0,0,0
Hyundai i20 1.2 Magna,2012,320000,51856,3,18.5,1197.0,80.0,5.0,0.0,0.0,1.0,0.0,0.0,1.0,13,i20,3988.923076923077,1,0.06683375104427736,674128,1480.0,0,0,1,0,0,0,0,0,0,0
Maruti Ciaz RS ZXi Plus,2015,550000,29434,1,20.73,1373.0,91.1,5.0,0.0,0.0,1.0,1.0,0.0,1.0,10,Ciaz,2943.4,1,0.0663510560815732,294340,1888.503,0,0,0,1,0,0,0,0,0,0
Honda WR-V i-DTEC VX,2018,800000,25000,1,25.5,1498.0,98.6,5.0,1.0,0.0,0.0,1.0,0.0,1.0,7,WR-V,3571.4285714285716,1,0.06582109479305741,175000,2514.2999999999997,0,1,0,0,0,0,0,0,0,0
Tata Tiago 1.2 Revotron XZ,2017,380000,28000,2,23.84,1199.0,84.0,5.0,0.0,0.0,1.0,1.0,0.0,1.0,8,Tiago,3500.0,1,0.07005838198498748,224000,2002.56,0,0,0,0,0,0,0,1,0,0
Renault Duster 85PS Diesel RxL Optional,2013,400000,44500,2,20.46,1461.0,83.8,5.0,1.0,0.0,0.0,1.0,0.0,1.0,12,Duster,3708.3333333333335,1,0.05735797399041752,534000,1714.548,0,0,0,0,0,0,1,0,0,0
Maruti Wagon R VXI BS IV,2016,375000,34500,1,20.51,998.0,67.04,5.0,0.0,0.0,1.0,1.0,0.0,1.0,9,Wagon,3833.3333333333335,1,0.06717434869739479,310500,1374.9904000000001,0,0,0,1,0,0,0,0,0,0
Honda City i-VTEC CVT ZX,2017,1100000,20000,1,18.0,1497.0,117.6,5.0,0.0,0.0,1.0,1.0,0.0,0.0,8,City,2500.0,1,0.0785571142284569,160000,2116.7999999999997,0,1,0,0,0,0,0,0,0,0
Hyundai i20 1.2 Spotz,2018,650000,15000,1,18.6,1197.0,81.83,5.0,0.0,0.0,1.0,1.0,0.0,1.0,7,i20,2142.8571428571427,1,0.06836257309941521,105000,1522.038,0,0,1,0,0,0,0,0,0,0
Nissan Micra XV CVT,2014,361000,26000,1,19.34,1198.0,76.0,5.0,0.0,0.0,1.0,1.0,0.0,0.0,11,Micra,2363.6363636363635,1,0.06343906510851419,286000,1469.84,0,0,0,0,1,0,0,0,0,0
Hyundai EON D Lite Plus,2012,140000,20000,1,21.1,814.0,55.2,5.0,0.0,0.0,1.0,1.0,0.0,1.0,13,EON,1538.4615384615386,1,0.06781326781326781,260000,1164.72,0,0,1,0,0,0,0,0,0,0
Hyundai Xcent 1.2 VTVT S,2019,550000,3000,1,20.14,1197.0,81.86,5.0,0.0,0.0,1.0,1.0,0.0,1.0,6,Xcent,500.0,1,0.0683876357560568,18000,1648.6604,0,0,1,0,0,0,0,0,0,0
Honda Amaze VX Petrol BSIV,2019,670000,20000,1,19.5,1199.0,88.76,5.0,0.0,0.0,1.0,1.0,0.0,1.0,6,Amaze,3333.3333333333335,1,0.07402835696413679,120000,1730.8200000000002,0,1,0,0,0,0,0,0,0,0
Maruti Vitara Brezza ZDi Plus,2017,880000,25000,1,24.3,1248.0,88.5,5.0,1.0,0.0,0.0,1.0,0.0,1.0,8,Vitara,3125.0,1,0.07091346153846154,200000,2150.55,0,0,0,1,0,0,0,0,0,0
Ford EcoSport 1.5 Diesel Titanium Plus BSIV,2018,950000,35000,1,23.0,1498.0,98.96,5.0,1.0,0.0,0.0,1.0,0.0,1.0,7,EcoSport,5000.0,1,0.06606141522029373,245000,2276.08,1,0,0,0,0,0,0,0,0,0
Honda City i-VTEC CVT VX,2017,1150000,6825,1,18.0,1497.0,117.6,5.0,0.0,0.0,1.0,1.0,0.0,0.0,8,City,853.125,1,0.0785571142284569,54600,2116.7999999999997,0,1,0,0,0,0,0,0,0,0
Maruti Eeco CNG 5 Seater AC BSIV,2018,375000,50000,1,29.619000000000003,1196.0,61.7,5.0,0.0,0.0,0.0,1.0,0.0,1.0,7,Eeco,7142.857142857143,2,0.051588628762541805,350000,1827.4923000000003,0,0,0,1,0,0,0,0,0,0
Hyundai Xcent 1.2 CRDi S,2018,600000,65000,1,25.4,1186.0,73.97,5.0,1.0,0.0,0.0,1.0,0.0,1.0,7,Xcent,9285.714285714286,2,0.062369308600337264,455000,1878.838,0,0,1,0,0,0,0,0,0,0
Maruti Ciaz ZXi,2016,590000,40000,2,20.73,1373.0,91.1,5.0,0.0,0.0,1.0,1.0,0.0,1.0,9,Ciaz,4444.444444444444,1,0.0663510560815732,360000,1888.503,0,0,0,1,0,0,0,0,0,0
Hyundai Santro Era,2019,420000,30000,1,20.3,1086.0,68.0,5.0,0.0,0.0,1.0,1.0,0.0,1.0,6,Santro,5000.0,1,0.06261510128913444,180000,1380.4,0,0,1,0,0,0,0,0,0,0
Tata Manza Aura Quadrajet,2009,250000,43000,1,18.8,1248.0,90.0,5.0,1.0,0.0,0.0,1.0,0.0,1.0,16,Manza,2687.5,1,0.07211538461538461,688000,1692.0,0,0,0,0,0,0,0,1,0,0
Tata Tigor 2017-2020 XZ Plus,2019,530000,20000,1,20.3,1199.0,83.81,5.0,0.0,0.0,1.0,1.0,0.0,1.0,6,Tigor,3333.3333333333335,1,0.06989991659716431,120000,1701.343,0,0,0,0,0,0,0,1,0,0
Chevrolet Beat Diesel LT,2012,150000,70000,2,25.44,936.0,57.6,5.0,1.0,0.0,0.0,1.0,0.0,1.0,13,Beat,5384.615384615385,2,0.06153846153846154,910000,1465.344,0,0,0,0,0,0,0,0,0,0
Tata Indica Vista TDI LX,2012,180000,100000,2,19.4,1405.0,70.0,5.0,1.0,0.0,0.0,1.0,0.0,1.0,13,Indica,7692.307692307692,2,0.0498220640569395,1300000,1358.0,0,0,0,0,0,0,0,1,0,0
Hyundai i20 Magna,2013,345000,120000,2,18.5,1197.0,82.85,5.0,0.0,0.0,1.0,1.0,0.0,1.0,12,i20,10000.0,2,0.06921470342522974,1440000,1532.725,0,0,1,0,0,0,0,0,0,0
Maruti Swift VDI,2013,350000,110000,3,22.9,1248.0,74.0,5.0,1.0,0.0,0.0,1.0,0.0,1.0,12,Swift,9166.666666666666,2,0.05929487179487179,1320000,1694.6,0,0,0,1,0,0,0,0,0,0
Renault KWID 1.0 RXT Optional,2017,325000,16500,2,23.01,999.0,67.0,5.0,0.0,0.0,1.0,1.0,0.0,1.0,8,KWID,2062.5,1,0.06706706706706707,132000,1541.67,0,0,0,0,0,0,1,0,0,0
Maruti Alto K10 VXI,2016,350000,9900,1,23.95,998.0,67.05,5.0,0.0,0.0,1.0,1.0,0.0,1.0,9,Alto,1100.0,1,0.06718436873747495,89100,1605.8474999999999,0,0,0,1,0,0,0,0,0,0
Maruti Alto LXi,2012,180000,80000,3,19.7,796.0,46.3,5.0,0.0,0.0,1.0,1.0,0.0,1.0,13,Alto,6153.846153846154,2,0.05816582914572864,1040000,912.1099999999999,0,0,0,1,0,0,0,0,0,0
Fiat Linea Emotion,2010,150000,100000,2,16.0,1368.0,90.0,5.0,0.0,0.0,1.0,1.0,0.0,1.0,15,Linea,6666.666666666667,2,0.06578947368421052,1500000,1440.0,0,0,0,0,0,1,0,0,0,0
Maruti Dzire ZXI,2020,700000,20000,1,23.26,1197.0,88.5,5.0,0.0,0.0,1.0,1.0,0.0,1.0,5,Dzire,4000.0,1,0.07393483709273183,100000,2058.51,0,0,0,1,0,0,0,0,0,0
Maruti Ciaz ZDi Plus SHVS,2016,795000,90000,1,28.09,1248.0,88.5,5.0,1.0,0.0,0.0,1.0,0.0,1.0,9,Ciaz,10000.0,2,0.07091346153846154,810000,2485.965,0,0,0,1,0,0,0,0,0,0
Volkswagen Vento 1.5 Highline Plus AT 16 Alloy,2018,885000,75000,1,21.5,1498.0,108.5,5.0,1.0,0.0,0.0,1.0,0.0,0.0,7,Vento,10714.285714285714,2,0.07242990654205607,525000,2332.75,0,0,0,0,0,0,0,0,0,1
Maruti Ritz LDi,2011,160000,140000,1,21.1,1248.0,73.9,5.0,1.0,0.0,0.0,1.0,0.0,1.0,14,Ritz,10000.0,2,0.059214743589743594,1960000,1559.2900000000002,0,0,0,1,0,0,0,0,0,0
Hyundai i20 1.4 CRDi Asta,2012,300000,120000,2,23.0,1396.0,90.0,5.0,1.0,0.0,0.0,1.0,0.0,1.0,13,i20,9230.76923076923,2,0.06446991404011461,1560000,2070.0,0,0,1,0,0,0,0,0,0,0
Volkswagen Vento 1.5 Highline Plus AT 16 Alloy,2018,950000,75000,1,21.5,1498.0,108.5,5.0,1.0,0.0,0.0,1.0,0.0,0.0,7,Vento,10714.285714285714,2,0.07242990654205607,525000,2332.75,0,0,0,0,0,0,0,0,0,1
Renault Fluence Diesel E4,2012,570000,100000,2,21.8,1461.0,78.0,5.0,1.0,0.0,0.0,1.0,0.0,1.0,13,Fluence,7692.307692307692,2,0.053388090349075976,1300000,1700.4,0,0,0,0,0,0,1,0,0,0
Hyundai Verna CRDi SX ABS,2009,375000,100000,1,18.1,1493.0,110.0,5.0,1.0,0.0,0.0,1.0,0.0,1.0,16,Verna,6250.0,2,0.07367716008037509,1600000,1991.0000000000002,0,0,1,0,0,0,0,0,0,0
Toyota Etios G,2013,350000,100000,2,16.78,1496.0,88.73,5.0,0.0,0.0,1.0,1.0,0.0,1.0,12,Etios,8333.333333333334,2,0.05931149732620321,1200000,1488.8894000000003,0,0,0,0,0,0,0,0,1,0
Volkswagen Polo 1.5 TDI Comfortline,2015,434999,50000,1,20.14,1498.0,88.8,5.0,1.0,0.0,0.0,1.0,0.0,1.0,10,Polo,5000.0,1,0.05927903871829105,500000,1788.432,0,0,0,0,0,0,0,0,0,1
Toyota Etios Liva G,2012,200000,120000,2,19.5,1248.0,81.83,5.0,0.0,0.0,1.0,1.0,0.0,1.0,13,Etios,9230.76923076923,2,0.06556891025641025,1560000,1595.685,0,0,0,0,0,0,0,0,1,0
Maruti Alto 800 LXI,2015,260000,25000,1,22.74,796.0,47.3,5.0,0.0,0.0,1.0,1.0,0.0,1.0,10,Alto,2500.0,1,0.059422110552763814,250000,1075.6019999999999,0,0,0,1,0,0,0,0,0,0
Maruti Swift VDI,2013,450000,24019,1,22.9,1248.0,74.0,5.0,1.0,0.0,0.0,1.0,0.0,1.0,12,Swift,2001.5833333333333,1,0.05929487179487179,288228,1694.6,0,0,0,1,0,0,0,0,0,0
Maruti Ritz VDi ABS,2011,210000,100000,2,21.1,1248.0,73.9,5.0,1.0,0.0,0.0,1.0,0.0,1.0,14,Ritz,7142.857142857143,2,0.059214743589743594,1400000,1559.2900000000002,0,0,0,1,0,0,0,0,0,0
Maruti Swift Dzire VXI,2015,540000,93000,2,20.85,1197.0,83.14,5.0,0.0,0.0,1.0,1.0,0.0,1.0,10,Swift,9300.0,2,0.06945697577276524,930000,1733.469,0,0,0,1,0,0,0,0,0,0
Maruti Alto 800 VXI,2018,285000,22000,1,24.7,796.0,47.3,5.0,0.0,0.0,1.0,1.0,0.0,1.0,7,Alto,3142.8571428571427,1,0.059422110552763814,154000,1168.31,0,0,0,1,0,0,0,0,0,0
Hyundai Creta 1.4 E Plus,2019,990000,19600,1,22.1,1396.0,88.7,5.0,1.0,0.0,0.0,1.0,0.0,1.0,6,Creta,3266.6666666666665,1,0.06353868194842408,117600,1960.2700000000002,0,0,1,0,0,0,0,0,0,0
Tata Indigo CS eGLS BS IV,2017,362000,104000,1,15.64,1193.0,64.1,5.0,0.0,0.0,1.0,1.0,0.0,1.0,8,Indigo,13000.0,2,0.053730092204526396,832000,1002.524,0,0,0,0,0,0,0,1,0,0
Ford EcoSport 1.5 Diesel Titanium Plus BSIV,2017,880000,33000,1,23.0,1498.0,98.96,5.0,1.0,0.0,0.0,1.0,0.0,1.0,8,EcoSport,4125.0,1,0.06606141522029373,264000,2276.08,1,0,0,0,0,0,0,0,0,0
Nissan Terrano XL,2015,700000,40000,1,13.24,1598.0,102.5,5.0,0.0,0.0,1.0,1.0,0.0,1.0,10,Terrano,4000.0,1,0.06414267834793493,400000,1357.1,0,0,0,0,1,0,0,0,0,0
Tata Tiago 1.05 Revotorq XT,2016,400000,60000,1,27.28,1047.0,69.0,5.0,1.0,0.0,0.0,1.0,0.0,1.0,9,Tiago,6666.666666666667,2,0.0659025787965616,540000,1882.3200000000002,0,0,0,0,0,0,0,1,0,0
Hyundai Accent Executive LPG,2010,165000,80000,1,17.82,1495.0,93.7,5.0,0.0,1.0,0.0,1.0,0.0,1.0,15,Accent,5333.333333333333,2,0.06267558528428094,1200000,1669.7340000000002,0,0,1,0,0,0,0,0,0,0
Hyundai Santro Xing GL Plus,2012,180000,70000,1,17.92,1086.0,62.1,5.0,0.0,0.0,1.0,1.0,0.0,1.0,13,Santro,5384.615384615385,2,0.057182320441988954,910000,1112.832,0,0,1,0,0,0,0,0,0,0
Maruti Alto K10 2010-2014 VXI,2012,170000,90000,3,20.92,998.0,67.1,5.0,0.0,0.0,1.0,1.0,0.0,1.0,13,Alto,6923.076923076923,2,0.06723446893787574,1170000,1403.732,0,0,0,1,0,0,0,0,0,0
Maruti Vitara Brezza VDi,2018,800000,27000,1,24.3,1248.0,88.5,5.0,1.0,0.0,0.0,1.0,0.0,1.0,7,Vitara,3857.1428571428573,1,0.07091346153846154,189000,2150.55,0,0,0,1,0,0,0,0,0,0
Ford EcoSport 1.5 Diesel Titanium Plus BSIV,2017,900000,35000,1,23.0,1498.0,98.96,5.0,1.0,0.0,0.0,1.0,0.0,1.0,8,EcoSport,4375.0,1,0.06606141522029373,280000,2276.08,1,0,0,0,0,0,0,0,0,0
Maruti Swift VDI,2013,390000,120000,1,22.9,1248.0,74.0,5.0,1.0,0.0,0.0,1.0,0.0,1.0,12,Swift,10000.0,2,0.05929487179487179,1440000,1694.6,0,0,0,1,0,0,0,0,0,0
Maruti Swift Dzire VDI,2014,445000,80000,2,23.4,1248.0,74.0,5.0,1.0,0.0,0.0,1.0,0.0,1.0,11,Swift,7272.727272727273,2,0.05929487179487179,880000,1731.6,0,0,0,1,0,0,0,0,0,0
Maruti Swift Dzire VDI,2014,459999,70000,4,23.4,1248.0,74.0,5.0,1.0,0.0,0.0,1.0,0.0,1.0,11,Swift,6363.636363636364,2,0.05929487179487179,770000,1731.6,0,0,0,1,0,0,0,0,0,0
Maruti Wagon R LXI DUO BS IV,2013,275000,55000,1,19.44,998.0,61.7,5.0,0.0,1.0,0.0,1.0,0.0,1.0,12,Wagon,4583.333333333333,1,0.06182364729458918,660000,1199.448,0,0,0,1,0,0,0,0,0,0
Maruti Ritz VDi,2009,200000,120000,2,21.1,1248.0,73.9,5.0,1.0,0.0,0.0,1.0,0.0,1.0,16,Ritz,7500.0,2,0.059214743589743594,1920000,1559.2900000000002,0,0,0,1,0,0,0,0,0,0
Maruti Swift Dzire 1.2 Lxi BSIV,2012,350000,72000,2,17.5,1197.0,85.8,5.0,0.0,0.0,1.0,1.0,0.0,1.0,13,Swift,5538.461538461538,2,0.07167919799498747,936000,1501.5,0,0,0,1,0,0,0,0,0,0
Hyundai Grand i10 Asta,2014,455999,32000,1,18.9,1197.0,82.0,5.0,0.0,0.0,1.0,1.0,0.0,1.0,11,Grand,2909.090909090909,1,0.06850459482038429,352000,1549.8,0,0,1,0,0,0,0,0,0,0
Maruti Alto STD,2008,129000,60000,1,19.7,796.0,46.3,5.0,0.0,0.0,1.0,1.0,0.0,1.0,17,Alto,3529.4117647058824,1,0.05816582914572864,1020000,912.1099999999999,0,0,0,1,0,0,0,0,0,0
Maruti Alto 800 LXI,2017,254000,40000,1,24.7,796.0,47.3,5.0,0.0,0.0,1.0,1.0,0.0,1.0,8,Alto,5000.0,1,0.059422110552763814,320000,1168.31,0,0,0,1,0,0,0,0,0,0
Ford Ecosport 1.5 Diesel Trend,2014,570000,48000,1,21.7,1498.0,98.96,5.0,1.0,0.0,0.0,1.0,0.0,1.0,11,Ecosport,4363.636363636364,1,0.06606141522029373,528000,2147.432,1,0,0,0,0,0,0,0,0,0
Nissan Terrano XL D Option,2018,840000,30000,1,19.87,1461.0,83.14,5.0,1.0,0.0,0.0,1.0,0.0,1.0,7,Terrano,4285.714285714285,1,0.056906228610540725,210000,1651.9918,0,0,0,0,1,0,0,0,0,0
Hyundai Santro Xing ABS,2010,140000,40000,2,19.5,1248.0,81.83,5.0,0.0,0.0,1.0,1.0,0.0,1.0,15,Santro,2666.6666666666665,1,0.06556891025641025,600000,1595.685,0,0,1,0,0,0,0,0,0,0
Hyundai Grand i10 1.2 Kappa Sportz Option,2018,528000,5000,1,18.9,1197.0,81.86,5.0,0.0,0.0,1.0,1.0,0.0,1.0,7,Grand,714.2857142857143,1,0.0683876357560568,35000,1547.1539999999998,0,0,1,0,0,0,0,0,0,0
Chevrolet Aveo U-VA 1.2 LS,2007,102000,50000,2,15.26,1150.0,74.9,5.0,0.0,0.0,1.0,1.0,0.0,1.0,18,Aveo,2777.777777777778,1,0.0651304347826087,900000,1142.9740000000002,0,0,0,0,0,0,0,0,0,0
Chevrolet Aveo U-VA 1.2,2010,148000,70000,3,14.7,1150.0,76.0,5.0,0.0,0.0,1.0,1.0,0.0,1.0,15,Aveo,4666.666666666667,1,0.06608695652173913,1050000,1117.2,0,0,0,0,0,0,0,0,0,0
Maruti Baleno Alpha 1.2,2015,650000,50000,1,21.4,1197.0,83.1,5.0,0.0,0.0,1.0,1.0,0.0,1.0,10,Baleno,5000.0,1,0.06942355889724311,500000,1778.3399999999997,0,0,0,1,0,0,0,0,0,0
Volkswagen Polo Petrol Trendline 1.2L,2012,310000,40000,1,16.47,1198.0,73.9,5.0,0.0,0.0,1.0,1.0,0.0,1.0,13,Polo,3076.923076923077,1,0.06168614357262104,520000,1217.133,0,0,0,0,0,0,0,0,0,1
Hyundai Xcent 1.2 Kappa S,2014,480000,30000,1,19.1,1197.0,82.0,5.0,0.0,0.0,1.0,1.0,0.0,1.0,11,Xcent,2727.2727272727275,1,0.06850459482038429,330000,1566.2,0,0,1,0,0,0,0,0,0,0
Maruti Alto 800 VXI,2018,320000,15000,1,24.7,796.0,47.3,5.0,0.0,0.0,1.0,1.0,0.0,1.0,7,Alto,2142.8571428571427,1,0.059422110552763814,105000,1168.31,0,0,0,1,0,0,0,0,0,0
Honda City i VTEC VX,2015,750000,40000,1,17.4,1497.0,117.3,5.0,0.0,0.0,1.0,1.0,0.0,1.0,10,City,4000.0,1,0.0783567134268537,400000,2041.0199999999998,0,1,0,0,0,0,0,0,0,0
Nissan Micra Active XL Petrol,2017,370000,40000,1,19.49,1198.0,67.04,5.0,0.0,0.0,1.0,1.0,0.0,1.0,8,Micra,5000.0,1,0.05595993322203673,320000,1306.6096,0,0,0,0,1,0,0,0,0,0
Maruti Swift ZXI,2013,320000,60000,4,18.6,1197.0,85.8,5.0,0.0,0.0,1.0,1.0,0.0,1.0,12,Swift,5000.0,1,0.07167919799498747,720000,1595.88,0,0,0,1,0,0,0,0,0,0
Maruti Swift ZXI,2013,420000,67000,1,18.6,1197.0,85.8,5.0,0.0,0.0,1.0,1.0,0.0,1.0,12,Swift,5583.333333333333,2,0.07167919799498747,804000,1595.88,0,0,0,1,0,0,0,0,0,0
Maruti Swift Dzire VXi,2010,240000,60000,2,17.5,1298.0,85.8,5.0,0.0,0.0,1.0,1.0,0.0,1.0,15,Swift,4000.0,1,0.06610169491525424,900000,1501.5,0,0,0,1,0,0,0,0,0,0
Datsun RediGO 1.0 S,2017,220000,60000,1,22.5,999.0,67.0,5.0,0.0,0.0,1.0,1.0,0.0,1.0,8,RediGO,7500.0,2,0.06706706706706707,480000,1507.5,0,0,0,0,0,1,0,0,0,0
Tata Tiago 1.2 Revotron XM,2016,350000,30000,1,23.84,1199.0,84.0,5.0,0.0,0.0,1.0,1.0,0.0,1.0,9,Tiago,3333.3333333333335,1,0.07005838198498748,270000,2002.56,0,0,0,0,0,0,0,1,0,0
Honda Amaze VX i-DTEC,2018,675000,40000,1,25.8,1498.0,98.6,5.0,1.0,0.0,0.0,1.0,0.0,1.0,7,Amaze,5714.285714285715,2,0.06582109479305741,280000,2543.88,0,1,0,0,0,0,0,0,0,0
Toyota Etios Cross 1.2L G,2016,434999,50000,2,18.16,1197.0,78.8,5.0,0.0,0.0,1.0,1.0,0.0,1.0,9,Etios,5555.555555555556,2,0.0658312447786132,450000,1431.008,0,0,0,0,0,0,0,0,1,0
Maruti Ritz Genus VDi,2010,311000,94000,2,21.1,1248.0,75.0,5.0,1.0,0.0,0.0,1.0,0.0,1.0,15,Ritz,6266.666666666667,2,0.06009615384615385,1410000,1582.5,0,0,0,1,0,0,0,0,0,0
Ford Figo 1.5D Trend MT,2015,530000,79000,2,25.83,1498.0,99.0,5.0,1.0,0.0,0.0,1.0,0.0,1.0,10,Figo,7900.0,2,0.06608811748998665,790000,2557.1699999999996,1,0,0,0,0,0,0,0,0,0
Skoda Octavia Rider 1.9 AT TDI,2008,210000,120000,2,18.7,1896.0,66.0,5.0,1.0,0.0,0.0,1.0,0.0,1.0,17,Octavia,7058.823529411765,2,0.03481012658227848,2040000,1234.2,0,0,0,0,0,1,0,0,0,0
Maruti Wagon R VXI BS IV,2018,440000,20000,1,20.51,998.0,67.04,5.0,0.0,0.0,1.0,1.0,0.0,1.0,7,Wagon,2857.1428571428573,1,0.06717434869739479,140000,1374.9904000000001,0,0,0,1,0,0,0,0,0,0
Maruti Wagon R VXI BS IV,2018,440000,17000,1,20.51,998.0,67.04,5.0,0.0,0.0,1.0,1.0,0.0,1.0,7,Wagon,2428.5714285714284,1,0.06717434869739479,119000,1374.9904000000001,0,0,0,1,0,0,0,0,0,0
Hyundai i20 1.2 Spotz,2018,655000,20000,1,18.6,1197.0,81.83,5.0,0.0,0.0,1.0,1.0,0.0,1.0,7,i20,2857.1428571428573,1,0.06836257309941521,140000,1522.038,0,0,1,0,0,0,0,0,0,0
Renault KWID RXT Optional,2016,295000,60000,1,25.17,799.0,53.3,5.0,0.0,0.0,1.0,1.0,0.0,1.0,9,KWID,6666.666666666667,2,0.06670838548185232,540000,1341.561,0,0,0,0,0,0,1,0,0,0
Hyundai Getz 1.1 GLE,2007,65000,70000,3,15.0,1086.0,66.6,5.0,0.0,0.0,1.0,1.0,0.0,1.0,18,Getz,3888.8888888888887,1,0.06132596685082872,1260000,998.9999999999999,0,0,1,0,0,0,0,0,0,0
Tata Indigo CS eLX BS IV,2010,200000,60000,1,23.03,1396.0,69.0,5.0,1.0,0.0,0.0,1.0,0.0,1.0,15,Indigo,4000.0,1,0.0494269340974212,900000,1589.0700000000002,0,0,0,0,0,0,0,1,0,0
Hyundai i20 Active 1.4 SX with AVN,2016,750000,40000,1,21.19,1396.0,88.73,5.0,1.0,0.0,0.0,1.0,0.0,1.0,9,i20,4444.444444444444,1,0.06356017191977077,360000,1880.1887000000002,0,0,1,0,0,0,0,0,0,0
Honda Amaze E i-VTEC,2017,475000,57000,1,17.8,1198.0,86.7,5.0,0.0,0.0,1.0,1.0,0.0,1.0,8,Amaze,7125.0,2,0.07237061769616027,456000,1543.2600000000002,0,1,0,0,0,0,0,0,0,0
Tata Indigo VS,2012,110000,120000,2,17.8,1405.0,70.0,5.0,1.0,0.0,0.0,1.0,0.0,1.0,13,Indigo,9230.76923076923,2,0.0498220640569395,1560000,1246.0,0,0,0,0,0,0,0,1,0,0
Renault KWID 1.0 RXT 02 Anniversary Edition,2017,350000,30000,1,23.01,999.0,67.0,5.0,0.0,0.0,1.0,1.0,0.0,1.0,8,KWID,3750.0,1,0.06706706706706707,240000,1541.67,0,0,0,0,0,0,1,0,0,0
Maruti Swift Dzire Tour LDI,2016,450000,175000,1,23.4,1248.0,74.0,5.0,1.0,0.0,0.0,1.0,0.0,1.0,9,Swift,19444.444444444445,3,0.05929487179487179,1575000,1731.6,0,0,0,1,0,0,0,0,0,0
Tata Indigo LX,2010,150000,90000,1,17.0,1405.0,70.0,5.0,1.0,0.0,0.0,1.0,0.0,1.0,15,Indigo,6000.0,2,0.0498220640569395,1350000,1190.0,0,0,0,0,0,0,0,1,0,0
Tata Indica V2 DLS,2009,80000,110000,2,17.2,1396.0,53.5,5.0,1.0,0.0,0.0,1.0,0.0,1.0,16,Indica,6875.0,2,0.03832378223495702,1760000,920.1999999999999,0,0,0,0,0,0,0,1,0,0
Hyundai i20 Magna 1.2,2015,430000,35000,2,18.6,1197.0,81.83,5.0,0.0,0.0,1.0,1.0,0.0,1.0,10,i20,3500.0,1,0.06836257309941521,350000,1522.038,0,0,1,0,0,0,0,0,0,0
Honda City i DTec S,2016,670000,60000,1,26.0,1498.0,98.6,5.0,1.0,0.0,0.0,1.0,0.0,1.0,9,City,6666.666666666667,2,0.06582109479305741,540000,2563.6,0,1,0,0,0,0,0,0,0,0
Maruti Swift 1.3 VXi,2010,175000,83000,2,19.5,1248.0,81.83,5.0,0.0,0.0,1.0,1.0,0.0,1.0,15,Swift,5533.333333333333,2,0.06556891025641025,1245000,1595.685,0,0,0,1,0,0,0,0,0,0
Honda Amaze S i-Dtech,2015,440000,50000,1,25.8,1498.0,98.6,5.0,1.0,0.0,0.0,1.0,0.0,1.0,10,Amaze,5000.0,1,0.06582109479305741,500000,2543.88,0,1,0,0,0,0,0,0,0,0
Hyundai i20 1.4 CRDi Era,2012,254999,90000,1,23.0,1396.0,90.0,5.0,1.0,0.0,0.0,1.0,0.0,1.0,13,i20,6923.076923076923,2,0.06446991404011461,1170000,2070.0,0,0,1,0,0,0,0,0,0,0
Volkswagen Polo Diesel Comfortline 1.2L,2013,280000,80000,2,22.07,1199.0,73.9,5.0,1.0,0.0,0.0,1.0,0.0,1.0,12,Polo,6666.666666666667,2,0.06163469557964971,960000,1630.9730000000002,0,0,0,0,0,0,0,0,0,1
Maruti Swift Dzire AMT ZXI,2017,725000,35000,1,21.21,1197.0,81.8,5.0,0.0,0.0,1.0,1.0,0.0,0.0,8,Swift,4375.0,1,0.0683375104427736,280000,1734.978,0,0,0,1,0,0,0,0,0,0
Maruti Zen Estilo LXI BSIII,2007,90000,70000,1,18.2,998.0,67.1,5.0,0.0,0.0,1.0,1.0,0.0,1.0,18,Zen,3888.8888888888887,1,0.06723446893787574,1260000,1221.2199999999998,0,0,0,1,0,0,0,0,0,0
Hyundai i10 Magna 1.1L,2015,287000,100000,2,19.81,1086.0,68.05,5.0,0.0,0.0,1.0,1.0,0.0,1.0,10,i10,10000.0,2,0.06266114180478821,1000000,1348.0704999999998,0,0,1,0,0,0,0,0,0,0
Hyundai Verna 1.4 VTVT,2016,650000,40000,1,17.43,1396.0,105.5,5.0,0.0,0.0,1.0,1.0,0.0,1.0,9,Verna,4444.444444444444,1,0.0755730659025788,360000,1838.865,0,0,1,0,0,0,0,0,0,0
Maruti Wagon R LXI BS IV,2013,240000,108916,2,20.51,998.0,67.04,5.0,0.0,0.0,1.0,1.0,0.0,1.0,12,Wagon,9076.333333333334,2,0.06717434869739479,1306992,1374.9904000000001,0,0,0,1,0,0,0,0,0,0
Hyundai EON Magna Optional,2013,290000,40000,2,21.1,814.0,55.2,5.0,0.0,0.0,1.0,1.0,0.0,1.0,12,EON,3333.3333333333335,1,0.06781326781326781,480000,1164.72,0,0,1,0,0,0,0,0,0,0
Hyundai EON Era Plus,2014,229999,80000,1,21.1,814.0,55.2,5.0,0.0,0.0,1.0,1.0,0.0,1.0,11,EON,7272.727272727273,2,0.06781326781326781,880000,1164.72,0,0,1,0,0,0,0,0,0,0
Honda City i DTec VX,2016,1000000,50000,2,26.0,1498.0,98.6,5.0,1.0,0.0,0.0,1.0,0.0,1.0,9,City,5555.555555555556,2,0.06582109479305741,450000,2563.6,0,1,0,0,0,0,0,0,0,0
Hyundai Santro Xing GL Plus,2012,200000,90000,2,17.92,1086.0,62.1,5.0,0.0,0.0,1.0,1.0,0.0,1.0,13,Santro,6923.076923076923,2,0.057182320441988954,1170000,1112.832,0,0,1,0,0,0,0,0,0,0
Maruti Alto LX,2004,90000,70000,4,19.7,796.0,46.3,5.0,0.0,0.0,1.0,1.0,0.0,1.0,21,Alto,3333.3333333333335,1,0.05816582914572864,1470000,912.1099999999999,0,0,0,1,0,0,0,0,0,0
Hyundai i20 1.4 CRDi Asta,2012,330000,90000,1,23.0,1396.0,90.0,5.0,1.0,0.0,0.0,1.0,0.0,1.0,13,i20,6923.076923076923,2,0.06446991404011461,1170000,2070.0,0,0,1,0,0,0,0,0,0,0
Maruti Ritz VDi ABS,2009,200000,70000,1,21.1,1248.0,73.9,5.0,1.0,0.0,0.0,1.0,0.0,1.0,16,Ritz,4375.0,1,0.059214743589743594,1120000,1559.2900000000002,0,0,0,1,0,0,0,0,0,0
Maruti Swift Dzire VDi,2009,260000,120000,2,19.3,1248.0,73.9,5.0,1.0,0.0,0.0,1.0,0.0,1.0,16,Swift,7500.0,2,0.059214743589743594,1920000,1426.2700000000002,0,0,0,1,0,0,0,0,0,0
Hyundai i20 Sportz 1.2,2016,590000,40000,1,18.6,1197.0,81.83,5.0,0.0,0.0,1.0,1.0,0.0,1.0,9,i20,4444.444444444444,1,0.06836257309941521,360000,1522.038,0,0,1,0,0,0,0,0,0,0
Maruti Swift VDI BSIV,2015,545000,180000,1,25.2,1248.0,74.0,5.0,1.0,0.0,0.0,1.0,0.0,1.0,10,Swift,18000.0,3,0.05929487179487179,1800000,1864.8,0,0,0,1,0,0,0,0,0,0
Maruti Wagon R LXI BS IV,2011,210000,90000,2,18.9,998.0,67.1,5.0,0.0,0.0,1.0,1.0,0.0,1.0,14,Wagon,6428.571428571428,2,0.06723446893787574,1260000,1268.1899999999998,0,0,0,1,0,0,0,0,0,0
Honda City 2017-2020 GXi,2008,185000,110000,2,17.7,1497.0,78.0,5.0,0.0,0.0,1.0,1.0,0.0,1.0,17,City,6470.588235294118,2,0.052104208416833664,1870000,1380.6,0,1,0,0,0,0,0,0,0,0
Maruti Wagon R LXI,2006,125000,59000,2,18.9,998.0,67.1,5.0,0.0,0.0,1.0,1.0,0.0,1.0,19,Wagon,3105.2631578947367,1,0.06723446893787574,1121000,1268.1899999999998,0,0,0,1,0,0,0,0,0,0
Hyundai EON Magna Plus,2014,280000,60000,2,21.1,814.0,55.2,5.0,0.0,0.0,1.0,1.0,0.0,1.0,11,EON,5454.545454545455,2,0.06781326781326781,660000,1164.72,0,0,1,0,0,0,0,0,0,0
Hyundai Santro Xing XO,2005,99000,89500,1,19.5,1248.0,81.83,5.0,0.0,0.0,1.0,1.0,0.0,1.0,20,Santro,4475.0,1,0.06556891025641025,1790000,1595.685,0,0,1,0,0,0,0,0,0,0
Maruti Wagon R VXI,2005,98000,70000,2,18.9,998.0,67.1,5.0,0.0,0.0,1.0,1.0,0.0,1.0,20,Wagon,3500.0,1,0.06723446893787574,1400000,1268.1899999999998,0,0,0,1,0,0,0,0,0,0
Tata Indica Vista Aqua 1.4 TDI,2009,100000,190000,1,17.0,1405.0,71.0,5.0,1.0,0.0,0.0,1.0,0.0,1.0,16,Indica,11875.0,2,0.050533807829181494,3040000,1207.0,0,0,0,0,0,0,0,1,0,0
Mahindra Verito Vibe 1.5 dCi D4,2013,250000,180000,1,20.8,1461.0,64.1,5.0,1.0,0.0,0.0,1.0,0.0,1.0,12,Verito,15000.0,2,0.04387405886379192,2160000,1333.28,0,0,0,0,0,1,0,0,0,0
Tata Indica V2 DL,2009,95000,80000,2,17.88,1396.0,52.8,5.0,1.0,0.0,0.0,1.0,0.0,1.0,16,Indica,5000.0,1,0.03782234957020057,1280000,944.0639999999999,0,0,0,0,0,0,0,1,0,0
Datsun RediGO 1.0 T Option,2017,278000,20000,1,22.5,999.0,67.0,5.0,0.0,0.0,1.0,1.0,0.0,1.0,8,RediGO,2500.0,1,0.06706706706706707,160000,1507.5,0,0,0,0,0,1,0,0,0,0
Volkswagen Polo Diesel Highline 1.2L,2011,254999,120000,3,22.07,1199.0,73.9,5.0,1.0,0.0,0.0,1.0,0.0,1.0,14,Polo,8571.42857142857,2,0.06163469557964971,1680000,1630.9730000000002,0,0,0,0,0,0,0,0,0,1
Maruti S-Cross 2017-2020 Zeta DDiS 200 SH,2018,950000,51000,1,25.1,1248.0,88.5,5.0,1.0,0.0,0.0,1.0,0.0,1.0,7,S-Cross,7285.714285714285,2,0.07091346153846154,357000,2221.35,0,0,0,1,0,0,0,0,0,0
Honda City 2017-2020 GXi,2007,229999,60000,3,17.7,1497.0,78.0,5.0,0.0,0.0,1.0,1.0,0.0,1.0,18,City,3333.3333333333335,1,0.052104208416833664,1080000,1380.6,0,1,0,0,0,0,0,0,0,0
Maruti Alto 800 VXI Optional,2017,330000,20000,1,24.7,796.0,47.3,5.0,0.0,0.0,1.0,1.0,0.0,1.0,8,Alto,2500.0,1,0.059422110552763814,160000,1168.31,0,0,0,1,0,0,0,0,0,0
Maruti Alto K10 VXI,2017,350000,40000,1,23.95,998.0,67.05,5.0,0.0,0.0,1.0,1.0,0.0,1.0,8,Alto,5000.0,1,0.06718436873747495,320000,1605.8474999999999,0,0,0,1,0,0,0,0,0,0
Volkswagen Polo 1.2 MPI Comfortline,2016,560000,35000,1,16.2,1199.0,74.0,5.0,0.0,0.0,1.0,1.0,0.0,1.0,9,Polo,3888.8888888888887,1,0.061718098415346125,315000,1198.8,0,0,0,0,0,0,0,0,0,1
Maruti Wagon R VXI BS IV,2017,440000,30000,1,20.51,998.0,67.04,5.0,0.0,0.0,1.0,1.0,0.0,1.0,8,Wagon,3750.0,1,0.06717434869739479,240000,1374.9904000000001,0,0,0,1,0,0,0,0,0,0
Maruti A-Star Vxi,2011,220000,90000,2,19.0,998.0,66.1,5.0,0.0,0.0,1.0,1.0,0.0,1.0,14,A-Star,6428.571428571428,2,0.06623246492985971,1260000,1255.8999999999999,0,0,0,1,0,0,0,0,0,0
Maruti Swift Dzire ZDI,2017,750000,110000,2,28.4,1248.0,74.02,5.0,1.0,0.0,0.0,1.0,0.0,1.0,8,Swift,13750.0,2,0.05931089743589743,880000,2102.1679999999997,0,0,0,1,0,0,0,0,0,0
Tata Indica V2 DLX,2007,59259,104000,2,17.2,1396.0,53.5,5.0,1.0,0.0,0.0,1.0,0.0,1.0,18,Indica,5777.777777777777,2,0.03832378223495702,1872000,920.1999999999999,0,0,0,0,0,0,0,1,0,0
Maruti Baleno RS 1.0 Petrol,2019,780000,7200,1,21.1,998.0,100.5,5.0,0.0,0.0,1.0,1.0,0.0,1.0,6,Baleno,1200.0,1,0.10070140280561123,43200,2120.55,0,0,0,1,0,0,0,0,0,0
Volkswagen Polo Diesel Comfortline 1.2L,2011,320000,77000,2,22.07,1199.0,73.9,5.0,1.0,0.0,0.0,1.0,0.0,1.0,14,Polo,5500.0,2,0.06163469557964971,1078000,1630.9730000000002,0,0,0,0,0,0,0,0,0,1
Maruti Swift Dzire ZDi,2012,375000,70000,2,19.3,1248.0,73.9,5.0,1.0,0.0,0.0,1.0,0.0,1.0,13,Swift,5384.615384615385,2,0.059214743589743594,910000,1426.2700000000002,0,0,0,1,0,0,0,0,0,0
Ford Figo 1.2P Sports Edition MT,2017,620000,50000,1,18.12,1196.0,86.8,5.0,0.0,0.0,1.0,1.0,0.0,1.0,8,Figo,6250.0,2,0.0725752508361204,400000,1572.816,1,0,0,0,0,0,0,0,0,0
Hyundai Santro Xing GL Plus LPG,2015,300000,85000,1,18.1575,1086.0,62.1,5.0,0.0,1.0,0.0,1.0,0.0,1.0,10,Santro,8500.0,2,0.057182320441988954,850000,1127.5807499999999,0,0,1,0,0,0,0,0,0,0
Hyundai Xcent 1.2 Kappa S Option,2014,500000,65000,1,19.1,1197.0,81.86,5.0,0.0,0.0,1.0,1.0,0.0,1.0,11,Xcent,5909.090909090909,2,0.0683876357560568,715000,1563.526,0,0,1,0,0,0,0,0,0,0
Hyundai Santro Xing GL Plus,2013,195000,50000,2,17.92,1086.0,62.1,5.0,0.0,0.0,1.0,1.0,0.0,1.0,12,Santro,4166.666666666667,1,0.057182320441988954,600000,1112.832,0,0,1,0,0,0,0,0,0,0
Maruti Wagon R AMT VXI Option,2018,472000,30000,1,20.51,998.0,67.0,5.0,0.0,0.0,1.0,1.0,0.0,0.0,7,Wagon,4285.714285714285,1,0.06713426853707415,210000,1374.17,0,0,0,1,0,0,0,0,0,0
Maruti Alto K10 VXI,2014,250000,58000,2,23.95,998.0,67.05,5.0,0.0,0.0,1.0,1.0,0.0,1.0,11,Alto,5272.727272727273,2,0.06718436873747495,638000,1605.8474999999999,0,0,0,1,0,0,0,0,0,0
Chevrolet Beat Diesel,2011,165000,70000,2,25.44,936.0,57.6,5.0,1.0,0.0,0.0,1.0,0.0,1.0,14,Beat,5000.0,1,0.06153846153846154,980000,1465.344,0,0,0,0,0,0,0,0,0,0
Tata Zest Quadrajet 1.3 XT,2018,525000,110000,2,20.65,1248.0,88.7,5.0,1.0,0.0,0.0,1.0,0.0,1.0,7,Zest,15714.285714285714,3,0.07107371794871795,770000,1831.655,0,0,0,0,0,0,0,1,0,0
Maruti Wagon R LXI,2003,145000,65000,3,18.9,998.0,67.1,5.0,0.0,0.0,1.0,1.0,0.0,1.0,22,Wagon,2954.5454545454545,1,0.06723446893787574,1430000,1268.1899999999998,0,0,0,1,0,0,0,0,0,0
Tata Indica Vista Quadrajet 90 VX,2013,325000,100000,1,22.3,1248.0,88.8,5.0,1.0,0.0,0.0,1.0,0.0,1.0,12,Indica,8333.333333333334,2,0.07115384615384615,1200000,1980.24,0,0,0,0,0,0,0,1,0,0
Ford Classic 1.4 Duratorq CLXI,2014,310000,90000,2,19.68,1399.0,67.0,5.0,1.0,0.0,0.0,1.0,0.0,1.0,11,Classic,8181.818181818182,2,0.04789135096497498,990000,1318.56,1,0,0,0,0,0,0,0,0,0
Ford Classic 1.4 Duratorq CLXI,2014,330000,100000,2,19.68,1399.0,67.0,5.0,1.0,0.0,0.0,1.0,0.0,1.0,11,Classic,9090.90909090909,2,0.04789135096497498,1100000,1318.56,1,0,0,0,0,0,0,0,0,0
Ford Figo Diesel Titanium,2012,250000,80000,2,20.0,1399.0,68.0,5.0,1.0,0.0,0.0,1.0,0.0,1.0,13,Figo,6153.846153846154,2,0.04860614724803431,1040000,1360.0,1,0,0,0,0,0,0,0,0,0
Maruti Alto K10 VXI,2016,305000,40000,1,23.95,998.0,67.05,5.0,0.0,0.0,1.0,1.0,0.0,1.0,9,Alto,4444.444444444444,1,0.06718436873747495,360000,1605.8474999999999,0,0,0,1,0,0,0,0,0,0
Maruti Ciaz VDi Plus,2015,600000,50000,1,26.21,1248.0,88.5,5.0,1.0,0.0,0.0,1.0,0.0,1.0,10,Ciaz,5000.0,1,0.07091346153846154,500000,2319.585,0,0,0,1,0,0,0,0,0,0
Maruti Wagon R LXI Optional,2015,280000,110000,1,20.51,998.0,67.04,5.0,0.0,0.0,1.0,1.0,0.0,1.0,10,Wagon,11000.0,2,0.06717434869739479,1100000,1374.9904000000001,0,0,0,1,0,0,0,0,0,0
Tata Indigo CR4,2011,153000,50000,2,23.57,1396.0,70.0,5.0,1.0,0.0,0.0,1.0,0.0,1.0,14,Indigo,3571.4285714285716,1,0.050143266475644696,700000,1649.9,0,0,0,0,0,0,0,1,0,0
Renault KWID RXL,2017,325000,40000,1,25.17,799.0,53.3,5.0,0.0,0.0,1.0,1.0,0.0,1.0,8,KWID,5000.0,1,0.06670838548185232,320000,1341.561,0,0,0,0,0,0,1,0,0,0
Maruti Alto K10 2010-2014 VXI,2012,235000,80000,3,20.92,998.0,67.1,5.0,0.0,0.0,1.0,1.0,0.0,1.0,13,Alto,6153.846153846154,2,0.06723446893787574,1040000,1403.732,0,0,0,1,0,0,0,0,0,0
Tata Indica DLS,2005,60000,100000,4,19.5,1248.0,81.83,5.0,1.0,0.0,0.0,1.0,0.0,1.0,20,Indica,5000.0,1,0.06556891025641025,2000000,1595.685,0,0,0,0,0,0,0,1,0,0
Maruti Swift VXI Optional,2016,500000,15000,1,20.4,1197.0,81.8,5.0,0.0,0.0,1.0,1.0,0.0,1.0,9,Swift,1666.6666666666667,1,0.0683375104427736,135000,1668.7199999999998,0,0,0,1,0,0,0,0,0,0
Maruti Estilo LXI,2009,155000,63000,3,19.5,1248.0,81.83,5.0,0.0,0.0,1.0,1.0,0.0,1.0,16,Estilo,3937.5,1,0.06556891025641025,1008000,1595.685,0,0,0,1,0,0,0,0,0,0
Skoda Rapid 1.5 TDI AT Style Plus,2016,675000,88000,1,21.66,1498.0,103.52,5.0,1.0,0.0,0.0,0.0,0.0,0.0,9,Rapid,9777.777777777777,2,0.06910547396528705,792000,2242.2432,0,0,0,0,0,1,0,0,0,0
Volkswagen Polo 2015-2019 GT 1.5 TDI,2016,591000,60000,1,21.49,1498.0,108.5,5.0,1.0,0.0,0.0,0.0,0.0,1.0,9,Polo,6666.666666666667,2,0.07242990654205607,540000,2331.665,0,0,0,0,0,0,0,0,0,1
Hyundai i20 Asta 1.4 CRDi,2015,585000,72000,1,22.54,1396.0,88.73,5.0,1.0,0.0,0.0,0.0,0.0,1.0,10,i20,7200.0,2,0.06356017191977077,720000,1999.9742,0,0,1,0,0,0,0,0,0,0
Honda City i-VTEC CVT ZX,2017,1025000,68140,1,18.0,1497.0,117.6,5.0,0.0,0.0,1.0,0.0,0.0,0.0,8,City,8517.5,2,0.0785571142284569,545120,2116.7999999999997,0,1,0,0,0,0,0,0,0,0
Maruti Swift VDI,2014,450000,53190,1,28.4,1248.0,74.0,5.0,1.0,0.0,0.0,0.0,0.0,1.0,11,Swift,4835.454545454545,1,0.05929487179487179,585090,2101.6,0,0,0,1,0,0,0,0,0,0
Hyundai i20 2015-2017 Sportz 1.4 CRDi,2014,484999,70100,1,22.54,1396.0,88.73,5.0,1.0,0.0,0.0,0.0,0.0,1.0,11,i20,6372.727272727273,2,0.06356017191977077,771100,1999.9742,0,0,1,0,0,0,0,0,0,0
Honda Jazz 1.5 S i DTEC,2018,650000,47725,1,27.3,1498.0,98.6,5.0,1.0,0.0,0.0,0.0,0.0,1.0,7,Jazz,6817.857142857143,2,0.06582109479305741,334075,2691.7799999999997,0,1,0,0,0,0,0,0,0,0
Maruti Swift Dzire VDI,2014,434999,70195,2,28.4,1248.0,74.02,5.0,1.0,0.0,0.0,0.0,0.0,1.0,11,Swift,6381.363636363636,2,0.05931089743589743,772145,2102.1679999999997,0,0,0,1,0,0,0,0,0,0
Ford Figo Diesel EXI,2011,195000,77395,2,20.0,1399.0,68.0,5.0,1.0,0.0,0.0,0.0,0.0,1.0,14,Figo,5528.214285714285,2,0.04860614724803431,1083530,1360.0,1,0,0,0,0,0,0,0,0,0
Hyundai Elantra CRDi SX Option AT,2013,650000,64000,1,14.62,1498.0,113.42,5.0,1.0,0.0,0.0,0.0,0.0,0.0,12,Elantra,5333.333333333333,2,0.07571428571428572,768000,1658.2004,0,0,1,0,0,0,0,0,0,0
Chevrolet Beat Diesel LS,2014,190000,74321,1,25.44,936.0,56.3,5.0,1.0,0.0,0.0,0.0,0.0,1.0,11,Beat,6756.454545454545,2,0.060149572649572644,817531,1432.272,0,0,0,0,0,0,0,0,0,0
Maruti Swift Dzire ZDI,2013,409999,80235,2,28.4,1248.0,74.02,5.0,1.0,0.0,0.0,0.0,0.0,1.0,12,Swift,6686.25,2,0.05931089743589743,962820,2102.1679999999997,0,0,0,1,0,0,0,0,0,0
Volkswagen Vento 1.5 TDI Highline Plus AT,2015,651000,69000,1,22.15,1498.0,108.6,5.0,1.0,0.0,0.0,0.0,0.0,0.0,10,Vento,6900.0,2,0.07249666221628838,690000,2405.49,0,0,0,0,0,0,0,0,0,1
Maruti SX4 S Cross 2015-2017 DDiS 200 Alpha,2015,650000,57000,1,23.65,1248.0,88.5,5.0,1.0,0.0,0.0,0.0,0.0,1.0,10,SX4,5700.0,2,0.07091346153846154,570000,2093.025,0,0,0,1,0,0,0,0,0,0
Skoda Rapid 1.5 TDI Ambition Plus,2017,750000,89000,1,21.14,1498.0,103.6,5.0,1.0,0.0,0.0,0.0,0.0,1.0,8,Rapid,11125.0,2,0.0691588785046729,712000,2190.104,0,0,0,0,0,1,0,0,0,0
Skoda Octavia Ambiente 1.9 TDI,2010,355000,116000,1,18.7,1896.0,66.0,5.0,1.0,0.0,0.0,1.0,0.0,1.0,15,Octavia,7733.333333333333,2,0.03481012658227848,1740000,1234.2,0,0,0,0,0,1,0,0,0,0
Maruti Swift VDI,2018,685000,26000,1,28.4,1248.0,74.0,5.0,1.0,0.0,0.0,1.0,0.0,1.0,7,Swift,3714.285714285714,1,0.05929487179487179,182000,2101.6,0,0,0,1,0,0,0,0,0,0
Maruti Swift LDI,2018,509999,100000,1,28.4,1248.0,74.0,5.0,1.0,0.0,0.0,1.0,0.0,1.0,7,Swift,14285.714285714286,2,0.05929487179487179,700000,2101.6,0,0,0,1,0,0,0,0,0,0
Maruti Swift Dzire Vdi BSIV,2017,650000,82050,1,19.3,1248.0,73.9,5.0,1.0,0.0,0.0,1.0,0.0,1.0,8,Swift,10256.25,2,0.059214743589743594,656400,1426.2700000000002,0,0,0,1,0,0,0,0,0,0
Toyota Etios VD,2012,400000,74500,1,19.5,1248.0,81.83,5.0,1.0,0.0,0.0,1.0,0.0,1.0,13,Etios,5730.7692307692305,2,0.06556891025641025,968500,1595.685,0,0,0,0,0,0,0,0,1,0
Renault KWID AMT,2018,319000,30000,1,24.04,999.0,67.0,5.0,0.0,0.0,1.0,1.0,0.0,0.0,7,KWID,4285.714285714285,1,0.06706706706706707,210000,1610.6799999999998,0,0,0,0,0,0,1,0,0,0
Honda Amaze S Petrol BSIV,2019,640000,6000,1,19.5,1199.0,88.76,5.0,0.0,0.0,1.0,1.0,0.0,1.0,6,Amaze,1000.0,1,0.07402835696413679,36000,1730.8200000000002,0,1,0,0,0,0,0,0,0,0
Hyundai i20 1.2 Asta,2017,650000,30000,1,18.6,1197.0,81.83,5.0,0.0,0.0,1.0,1.0,0.0,1.0,8,i20,3750.0,1,0.06836257309941521,240000,1522.038,0,0,1,0,0,0,0,0,0,0
Maruti Swift Ldi BSIII,2008,175000,120000,1,17.8,1248.0,75.0,5.0,1.0,0.0,0.0,1.0,0.0,1.0,17,Swift,7058.823529411765,2,0.06009615384615385,2040000,1335.0,0,0,0,1,0,0,0,0,0,0
Hyundai Grand i10 CRDi SportZ Edition,2014,375000,76000,3,24.0,1120.0,70.0,5.0,1.0,0.0,0.0,1.0,0.0,1.0,11,Grand,6909.090909090909,2,0.0625,836000,1680.0,0,0,1,0,0,0,0,0,0,0
Hyundai Grand i10 CRDi Asta,2014,430000,80000,2,24.0,1120.0,70.0,5.0,1.0,0.0,0.0,1.0,0.0,1.0,11,Grand,7272.727272727273,2,0.0625,880000,1680.0,0,0,1,0,0,0,0,0,0,0
Tata Indica V2 DLS,2008,65000,110000,2,17.2,1396.0,53.5,5.0,1.0,0.0,0.0,1.0,0.0,1.0,17,Indica,6470.588235294118,2,0.03832378223495702,1870000,920.1999999999999,0,0,0,0,0,0,0,1,0,0
Hyundai Accent GLS,2009,150000,70000,3,13.2,1495.0,94.0,5.0,0.0,0.0,1.0,1.0,0.0,1.0,16,Accent,4375.0,1,0.06287625418060201,1120000,1240.8,0,0,1,0,0,0,0,0,0,0
Hyundai i20 Active S Petrol,2019,620000,13000,1,17.19,1197.0,81.86,5.0,0.0,0.0,1.0,1.0,0.0,1.0,6,i20,2166.6666666666665,1,0.0683876357560568,78000,1407.1734000000001,0,0,1,0,0,0,0,0,0,0
Ford Classic 1.6 Duratec CLXI,2013,250000,60000,2,14.09,1596.0,99.6,5.0,0.0,0.0,1.0,1.0,0.0,1.0,12,Classic,5000.0,1,0.06240601503759398,720000,1403.3639999999998,1,0,0,0,0,0,0,0,0,0
Maruti Ritz VDi,2011,275000,165000,1,21.1,1248.0,73.9,5.0,1.0,0.0,0.0,1.0,0.0,1.0,14,Ritz,11785.714285714286,2,0.059214743589743594,2310000,1559.2900000000002,0,0,0,1,0,0,0,0,0,0
Volkswagen Vento Diesel Comfortline,2011,400000,100000,2,20.54,1598.0,103.6,5.0,1.0,0.0,0.0,1.0,0.0,1.0,14,Vento,7142.857142857143,2,0.06483103879849812,1400000,2127.944,0,0,0,0,0,0,0,0,0,1
Mahindra Renault Logan 1.5 DLE Diesel,2007,180000,187000,2,19.2,1461.0,65.0,5.0,1.0,0.0,0.0,1.0,0.0,1.0,18,Renault,10388.888888888889,2,0.044490075290896644,3366000,1248.0,0,0,0,0,0,1,0,0,0,0
Maruti Vitara Brezza VDi,2016,750000,70000,1,24.3,1248.0,88.5,5.0,1.0,0.0,0.0,1.0,0.0,1.0,9,Vitara,7777.777777777777,2,0.07091346153846154,630000,2150.55,0,0,0,1,0,0,0,0,0,0
Maruti Swift VXI Optional,2016,500000,40000,1,20.4,1197.0,81.8,5.0,0.0,0.0,1.0,1.0,0.0,1.0,9,Swift,4444.444444444444,1,0.0683375104427736,360000,1668.7199999999998,0,0,0,1,0,0,0,0,0,0
Maruti Baleno Alpha 1.3,2017,740000,24400,1,27.39,1248.0,74.0,5.0,1.0,0.0,0.0,1.0,0.0,1.0,8,Baleno,3050.0,1,0.05929487179487179,195200,2026.8600000000001,0,0,0,1,0,0,0,0,0,0
Hyundai Grand i10 Nios Sportz,2020,775000,2000,1,20.7,1197.0,81.86,5.0,0.0,0.0,1.0,0.0,0.0,1.0,5,Grand,400.0,1,0.0683876357560568,10000,1694.502,0,0,1,0,0,0,0,0,0,0
Hyundai Elite i20 Asta Option CVT BSIV,2018,730000,31000,1,17.4,1197.0,81.86,5.0,0.0,0.0,1.0,0.0,0.0,0.0,7,Elite,4428.571428571428,1,0.0683876357560568,217000,1424.3639999999998,0,0,1,0,0,0,0,0,0,0
Maruti Celerio ZXI Optional AMT BSIV,2016,434999,10000,1,23.1,998.0,67.04,5.0,0.0,0.0,1.0,0.0,0.0,0.0,9,Celerio,1111.111111111111,1,0.06717434869739479,90000,1548.6240000000003,0,0,0,1,0,0,0,0,0,0
Honda Amaze S i-Dtech,2014,520000,48000,1,25.8,1498.0,98.6,5.0,1.0,0.0,0.0,1.0,0.0,1.0,11,Amaze,4363.636363636364,1,0.06582109479305741,528000,2543.88,0,1,0,0,0,0,0,0,0,0
Maruti Swift Dzire LDi,2011,430000,120000,2,19.3,1248.0,73.9,5.0,1.0,0.0,0.0,1.0,0.0,1.0,14,Swift,8571.42857142857,2,0.059214743589743594,1680000,1426.2700000000002,0,0,0,1,0,0,0,0,0,0
Hyundai i20 Magna Optional 1.4 CRDi,2013,360000,144000,1,21.9,1396.0,88.8,5.0,1.0,0.0,0.0,1.0,0.0,1.0,12,i20,12000.0,2,0.06361031518624642,1728000,1944.7199999999998,0,0,1,0,0,0,0,0,0,0
Hyundai i20 Magna Optional 1.4 CRDi,2013,350000,144000,1,21.9,1396.0,88.8,5.0,1.0,0.0,0.0,1.0,0.0,1.0,12,i20,12000.0,2,0.06361031518624642,1728000,1944.7199999999998,0,0,1,0,0,0,0,0,0,0
Maruti Vitara Brezza ZDi Plus Dual Tone,2016,791000,190000,1,24.3,1248.0,88.5,5.0,1.0,0.0,0.0,1.0,0.0,1.0,9,Vitara,21111.11111111111,3,0.07091346153846154,1710000,2150.55,0,0,0,1,0,0,0,0,0,0
Maruti Swift VDI,2019,690000,20000,1,28.4,1248.0,74.0,5.0,1.0,0.0,0.0,1.0,0.0,1.0,6,Swift,3333.3333333333335,1,0.05929487179487179,120000,2101.6,0,0,0,1,0,0,0,0,0,0
Maruti Swift Dzire Vdi BSIV,2012,371000,100000,1,19.3,1248.0,73.9,5.0,1.0,0.0,0.0,1.0,0.0,1.0,13,Swift,7692.307692307692,2,0.059214743589743594,1300000,1426.2700000000002,0,0,0,1,0,0,0,0,0,0
Tata Indica V2 DLX TC,2008,45000,60000,2,16.8,1405.0,68.0,5.0,1.0,0.0,0.0,1.0,0.0,1.0,17,Indica,3529.4117647058824,1,0.048398576512455514,1020000,1142.4,0,0,0,0,0,0,0,1,0,0
Volkswagen Vento Diesel Highline,2011,240000,110000,1,20.54,1598.0,103.6,5.0,1.0,0.0,0.0,1.0,0.0,1.0,14,Vento,7857.142857142857,2,0.06483103879849812,1540000,2127.944,0,0,0,0,0,0,0,0,0,1
Maruti Swift VDI BSIV,2014,495000,77215,2,25.2,1248.0,74.0,5.0,1.0,0.0,0.0,1.0,0.0,1.0,11,Swift,7019.545454545455,2,0.05929487179487179,849365,1864.8,0,0,0,1,0,0,0,0,0,0
Maruti Swift 1.3 LXI,2005,170000,50000,1,19.5,1248.0,81.83,5.0,0.0,0.0,1.0,1.0,0.0,1.0,20,Swift,2500.0,1,0.06556891025641025,1000000,1595.685,0,0,0,1,0,0,0,0,0,0
Honda Jazz 1.2 S i VTEC,2015,671000,48228,1,18.7,1199.0,88.7,5.0,0.0,0.0,1.0,0.0,0.0,1.0,10,Jazz,4822.8,1,0.07397831526271893,482280,1658.69,0,1,0,0,0,0,0,0,0,0
Maruti Swift VDI Optional,2017,693000,58559,1,25.2,1248.0,74.0,5.0,1.0,0.0,0.0,0.0,0.0,1.0,8,Swift,7319.875,2,0.05929487179487179,468472,1864.8,0,0,0,1,0,0,0,0,0,0
Maruti Swift VDI BSIV,2010,352000,72179,1,19.5,1248.0,81.83,5.0,1.0,0.0,0.0,0.0,0.0,1.0,15,Swift,4811.933333333333,1,0.06556891025641025,1082685,1595.685,0,0,0,1,0,0,0,0,0,0
Honda City i DTec SV,2016,802999,50856,1,26.0,1498.0,98.6,5.0,1.0,0.0,0.0,0.0,0.0,1.0,9,City,5650.666666666667,2,0.06582109479305741,457704,2563.6,0,1,0,0,0,0,0,0,0,0
Honda City i VTEC VX,2017,890000,18300,1,17.8,1497.0,117.3,5.0,0.0,0.0,1.0,1.0,0.0,1.0,8,City,2287.5,1,0.0783567134268537,146400,2087.94,0,1,0,0,0,0,0,0,0,0
Maruti Swift LDI,2015,495000,59292,1,28.4,1248.0,74.0,5.0,1.0,0.0,0.0,0.0,0.0,1.0,10,Swift,5929.2,2,0.05929487179487179,592920,2101.6,0,0,0,1,0,0,0,0,0,0
Maruti Celerio ZXI Optional AMT BSIV,2018,545000,10000,1,23.1,998.0,67.04,5.0,0.0,0.0,1.0,0.0,0.0,0.0,7,Celerio,1428.5714285714287,1,0.06717434869739479,70000,1548.6240000000003,0,0,0,1,0,0,0,0,0,0
Maruti Baleno Zeta Automatic,2018,775000,21147,1,21.4,1197.0,83.1,5.0,0.0,0.0,1.0,0.0,0.0,0.0,7,Baleno,3021.0,1,0.06942355889724311,148029,1778.3399999999997,0,0,0,1,0,0,0,0,0,0
Honda City i-DTEC ZX,2017,925000,69000,1,25.6,1498.0,97.9,5.0,1.0,0.0,0.0,0.0,0.0,1.0,8,City,8625.0,2,0.06535380507343125,552000,2506.2400000000002,0,1,0,0,0,0,0,0,0,0
Maruti Swift AMT VDI,2018,790000,16000,1,28.4,1248.0,74.0,5.0,1.0,0.0,0.0,0.0,0.0,0.0,7,Swift,2285.714285714286,1,0.05929487179487179,112000,2101.6,0,0,0,1,0,0,0,0,0,0
Maruti Baleno Delta,2017,620000,37000,1,21.01,1197.0,81.8,5.0,0.0,0.0,1.0,0.0,0.0,1.0,8,Baleno,4625.0,1,0.0683375104427736,296000,1718.6180000000002,0,0,0,1,0,0,0,0,0,0
Maruti Celerio VDi,2016,375000,61173,1,27.62,793.0,47.0,5.0,1.0,0.0,0.0,0.0,0.0,1.0,9,Celerio,6797.0,2,0.05926860025220681,550557,1298.14,0,0,0,1,0,0,0,0,0,0
Maruti Swift VDI BSIV W ABS,2016,595000,77321,1,19.5,1248.0,81.83,5.0,1.0,0.0,0.0,0.0,0.0,1.0,9,Swift,8591.222222222223,2,0.06556891025641025,695889,1595.685,0,0,0,1,0,0,0,0,0,0
Maruti Baleno Alpha CVT,2017,750000,51000,1,19.56,1197.0,81.8,5.0,0.0,0.0,1.0,0.0,0.0,0.0,8,Baleno,6375.0,2,0.0683375104427736,408000,1600.0079999999998,0,0,0,1,0,0,0,0,0,0
Maruti Baleno Alpha,2018,775000,17000,1,21.01,1197.0,81.8,5.0,0.0,0.0,1.0,0.0,0.0,1.0,7,Baleno,2428.5714285714284,1,0.0683375104427736,119000,1718.6180000000002,0,0,0,1,0,0,0,0,0,0
Maruti Swift Vdi BSIII,2008,260000,100000,2,17.8,1248.0,75.0,5.0,1.0,0.0,0.0,1.0,0.0,1.0,17,Swift,5882.35294117647,2,0.06009615384615385,1700000,1335.0,0,0,0,1,0,0,0,0,0,0
Maruti Celerio VXI,2017,380000,50000,1,23.1,998.0,67.04,5.0,0.0,0.0,1.0,1.0,0.0,1.0,8,Celerio,6250.0,2,0.06717434869739479,400000,1548.6240000000003,0,0,0,1,0,0,0,0,0,0
Hyundai Grand i10 1.2 Kappa Sportz Option,2017,480000,60000,1,18.9,1197.0,81.86,5.0,0.0,0.0,1.0,1.0,0.0,1.0,8,Grand,7500.0,2,0.0683876357560568,480000,1547.1539999999998,0,0,1,0,0,0,0,0,0,0
Maruti Alto 800 LXI,2016,240000,35000,2,22.74,796.0,47.3,5.0,0.0,0.0,1.0,1.0,0.0,1.0,9,Alto,3888.8888888888887,1,0.059422110552763814,315000,1075.6019999999999,0,0,0,1,0,0,0,0,0,0
Hyundai Verna 1.4 VTVT,2014,500000,33400,1,17.43,1396.0,105.5,5.0,0.0,0.0,1.0,1.0,0.0,1.0,11,Verna,3036.3636363636365,1,0.0755730659025788,367400,1838.865,0,0,1,0,0,0,0,0,0,0
Maruti Swift LXI Optional-O,2015,420000,36000,1,20.4,1197.0,83.11,5.0,0.0,0.0,1.0,1.0,0.0,1.0,10,Swift,3600.0,1,0.06943191311612364,360000,1695.444,0,0,0,1,0,0,0,0,0,0
Ford Figo Diesel ZXI,2011,130000,180000,2,20.0,1399.0,68.0,5.0,1.0,0.0,0.0,1.0,0.0,1.0,14,Figo,12857.142857142857,2,0.04860614724803431,2520000,1360.0,1,0,0,0,0,0,0,0,0,0
Maruti Alto K10 2010-2014 VXI,2012,110000,80000,1,20.92,998.0,67.1,5.0,0.0,0.0,1.0,1.0,0.0,1.0,13,Alto,6153.846153846154,2,0.06723446893787574,1040000,1403.732,0,0,0,1,0,0,0,0,0,0
Maruti Alto LX BSIII,2007,120000,120000,2,19.7,796.0,46.3,5.0,0.0,0.0,1.0,1.0,0.0,1.0,18,Alto,6666.666666666667,2,0.05816582914572864,2160000,912.1099999999999,0,0,0,1,0,0,0,0,0,0
Maruti Swift Dzire AMT ZDI,2017,700000,80000,1,28.4,1248.0,74.02,5.0,1.0,0.0,0.0,1.0,0.0,0.0,8,Swift,10000.0,2,0.05931089743589743,640000,2102.1679999999997,0,0,0,1,0,0,0,0,0,0
Maruti Swift Dzire LDI,2018,550000,120000,1,28.4,1248.0,74.02,5.0,1.0,0.0,0.0,1.0,0.0,1.0,7,Swift,17142.85714285714,3,0.05931089743589743,840000,2102.1679999999997,0,0,0,1,0,0,0,0,0,0
Tata Indigo CS LX (TDI) BS-III,2014,190000,110000,2,19.09,1405.0,69.01,5.0,1.0,0.0,0.0,1.0,0.0,1.0,11,Indigo,10000.0,2,0.04911743772241993,1210000,1317.4009,0,0,0,0,0,0,0,1,0,0
Toyota Etios Liva 1.4 VD,2018,665000,70000,1,23.59,1364.0,67.04,5.0,1.0,0.0,0.0,1.0,0.0,1.0,7,Etios,10000.0,2,0.04914956011730206,490000,1581.4736,0,0,0,0,0,0,0,0,1,0
Hyundai i20 Magna 1.4 CRDi (Diesel),2012,340000,92686,2,21.9,1396.0,88.76,5.0,1.0,0.0,0.0,0.0,0.0,1.0,13,i20,7129.692307692308,2,0.06358166189111748,1204918,1943.844,0,0,1,0,0,0,0,0,0,0
Tata Manza Club Class Quadrajet90 LX,2012,270000,80000,1,21.02,1248.0,88.76,5.0,1.0,0.0,0.0,1.0,0.0,1.0,13,Manza,6153.846153846154,2,0.07112179487179487,1040000,1865.7352,0,0,0,0,0,0,0,1,0,0
Maruti Swift Ldi BSIV,2009,279000,117000,1,17.8,1248.0,75.0,5.0,1.0,0.0,0.0,1.0,0.0,1.0,16,Swift,7312.5,2,0.06009615384615385,1872000,1335.0,0,0,0,1,0,0,0,0,0,0
Hyundai EON Era Plus,2014,250000,80000,2,21.1,814.0,55.2,5.0,0.0,0.0,1.0,1.0,0.0,1.0,11,EON,7272.727272727273,2,0.06781326781326781,880000,1164.72,0,0,1,0,0,0,0,0,0,0
Honda Amaze VX i-DTEC,2013,445000,100000,1,25.8,1498.0,98.6,5.0,1.0,0.0,0.0,1.0,0.0,1.0,12,Amaze,8333.333333333334,2,0.06582109479305741,1200000,2543.88,0,1,0,0,0,0,0,0,0,0
Volkswagen Jetta 2.0 TDI Comfortline,2010,400000,100000,1,15.0,1896.0,105.0,5.0,1.0,0.0,0.0,1.0,0.0,1.0,15,Jetta,6666.666666666667,2,0.055379746835443035,1500000,1575.0,0,0,0,0,0,0,0,0,0,1
Hyundai i20 1.4 CRDi Era,2010,350000,90000,2,23.0,1396.0,90.0,5.0,1.0,0.0,0.0,1.0,0.0,1.0,15,i20,6000.0,2,0.06446991404011461,1350000,2070.0,0,0,1,0,0,0,0,0,0,0
Skoda Rapid Ultima 1.6 TDI Elegance,2012,295000,140000,1,20.5,1598.0,103.5,5.0,1.0,0.0,0.0,1.0,0.0,1.0,13,Rapid,10769.23076923077,2,0.06476846057571965,1820000,2121.75,0,0,0,0,0,1,0,0,0,0
Maruti Swift Dzire VXI 1.2,2018,600000,25000,1,21.21,1197.0,81.8,5.0,0.0,0.0,1.0,1.0,0.0,1.0,7,Swift,3571.4285714285716,1,0.0683375104427736,175000,1734.978,0,0,0,1,0,0,0,0,0,0
Ford Aspire Trend Plus,2018,690000,13000,1,20.4,1194.0,94.93,5.0,0.0,0.0,1.0,1.0,0.0,1.0,7,Aspire,1857.142857142857,1,0.07950586264656617,91000,1936.5720000000001,1,0,0,0,0,0,0,0,0,0
Hyundai i20 1.2 Asta,2018,710000,42000,1,18.6,1197.0,81.83,5.0,0.0,0.0,1.0,1.0,0.0,1.0,7,i20,6000.0,2,0.06836257309941521,294000,1522.038,0,0,1,0,0,0,0,0,0,0
Hyundai EON 1.0 Kappa Magna Plus Optional,2018,350000,10000,2,20.3,998.0,68.05,5.0,0.0,0.0,1.0,1.0,0.0,1.0,7,EON,1428.5714285714287,1,0.06818637274549098,70000,1381.415,0,0,1,0,0,0,0,0,0,0
Maruti Alto K10 2010-2014 VXI,2012,220000,13000,1,20.92,998.0,67.1,5.0,0.0,0.0,1.0,1.0,0.0,1.0,13,Alto,1000.0,1,0.06723446893787574,169000,1403.732,0,0,0,1,0,0,0,0,0,0
Hyundai EON Magna Plus,2013,198000,49500,2,21.1,814.0,55.2,5.0,0.0,0.0,1.0,1.0,0.0,1.0,12,EON,4125.0,1,0.06781326781326781,594000,1164.72,0,0,1,0,0,0,0,0,0,0
Hyundai i20 1.4 CRDi Sportz,2011,350000,50000,1,23.0,1396.0,90.0,5.0,1.0,0.0,0.0,1.0,0.0,1.0,14,i20,3571.4285714285716,1,0.06446991404011461,700000,2070.0,0,0,1,0,0,0,0,0,0,0
Tata Indigo CR4,2011,210000,175000,2,23.57,1396.0,70.0,5.0,1.0,0.0,0.0,1.0,0.0,1.0,14,Indigo,12500.0,2,0.050143266475644696,2450000,1649.9,0,0,0,0,0,0,0,1,0,0
Tata Indigo eCS LX BSIV,2011,210000,175000,2,23.03,1396.0,69.0,5.0,1.0,0.0,0.0,1.0,0.0,1.0,14,Indigo,12500.0,2,0.0494269340974212,2450000,1589.0700000000002,0,0,0,0,0,0,0,1,0,0
Hyundai Accent Gvs,2003,70000,120000,3,19.5,1248.0,81.83,5.0,0.0,0.0,1.0,1.0,0.0,1.0,22,Accent,5454.545454545455,2,0.06556891025641025,2640000,1595.685,0,0,1,0,0,0,0,0,0,0
Maruti Ritz ZDi,2014,375000,110000,3,23.2,1248.0,73.94,5.0,1.0,0.0,0.0,1.0,0.0,1.0,11,Ritz,10000.0,2,0.05924679487179487,1210000,1715.408,0,0,0,1,0,0,0,0,0,0
Maruti Swift Dzire VXi,2012,380000,112048,2,17.5,1298.0,85.8,5.0,0.0,0.0,1.0,1.0,0.0,1.0,13,Swift,8619.076923076924,2,0.06610169491525424,1456624,1501.5,0,0,0,1,0,0,0,0,0,0
Honda City 1.5 S MT,2010,360000,98000,3,17.0,1497.0,118.0,5.0,0.0,0.0,1.0,1.0,0.0,1.0,15,City,6533.333333333333,2,0.0788243152972612,1470000,2006.0,0,1,0,0,0,0,0,0,0,0
Toyota Platinum Etios 1.4 GXD,2018,780000,116000,1,23.59,1364.0,67.05,5.0,1.0,0.0,0.0,1.0,0.0,1.0,7,Platinum,16571.428571428572,3,0.04915689149560117,812000,1581.7095,0,0,0,0,0,0,0,0,1,0
Maruti Swift LXI,2020,445000,1000,1,21.21,1197.0,81.8,5.0,0.0,0.0,1.0,1.0,0.0,1.0,5,Swift,200.0,1,0.0683375104427736,5000,1734.978,0,0,0,1,0,0,0,0,0,0
Hyundai Xcent 1.2 VTVT S AT,2018,575000,15000,1,17.36,1197.0,81.86,5.0,0.0,0.0,1.0,1.0,0.0,0.0,7,Xcent,2142.8571428571427,1,0.0683876357560568,105000,1421.0896,0,0,1,0,0,0,0,0,0,0
Maruti S-Cross 2017-2020 Delta DDiS 200 SH,2018,975000,5000,1,25.1,1248.0,88.5,5.0,1.0,0.0,0.0,1.0,0.0,1.0,7,S-Cross,714.2857142857143,1,0.07091346153846154,35000,2221.35,0,0,0,1,0,0,0,0,0,0
Tata Tiago 2019-2020 XZ Plus Dual Tone,2019,450000,3500,1,23.84,1199.0,83.83,5.0,0.0,0.0,1.0,1.0,0.0,1.0,6,Tiago,583.3333333333334,1,0.06991659716430358,21000,1998.5072,0,0,0,0,0,0,0,1,0,0
Maruti Swift 1.3 VXi,2009,198000,91000,2,19.5,1248.0,81.83,5.0,0.0,0.0,1.0,1.0,0.0,1.0,16,Swift,5687.5,2,0.06556891025641025,1456000,1595.685,0,0,0,1,0,0,0,0,0,0
Ford Figo 1.5D Trend MT,2017,495000,56000,1,25.83,1498.0,99.0,5.0,1.0,0.0,0.0,1.0,0.0,1.0,8,Figo,7000.0,2,0.06608811748998665,448000,2557.1699999999996,1,0,0,0,0,0,0,0,0,0
Maruti Swift VDI BSIV W ABS,2010,300000,70000,3,19.5,1248.0,81.83,5.0,1.0,0.0,0.0,1.0,0.0,1.0,15,Swift,4666.666666666667,1,0.06556891025641025,1050000,1595.685,0,0,0,1,0,0,0,0,0,0
Maruti Ritz VDi,2013,300000,120000,2,23.2,1248.0,73.94,5.0,1.0,0.0,0.0,1.0,0.0,1.0,12,Ritz,10000.0,2,0.05924679487179487,1440000,1715.408,0,0,0,1,0,0,0,0,0,0
Honda Brio 1.2 S MT,2017,480000,30400,1,18.5,1198.0,86.8,5.0,0.0,0.0,1.0,0.0,0.0,1.0,8,Brio,3800.0,1,0.07245409015025041,243200,1605.8,0,1,0,0,0,0,0,0,0,0
Volkswagen Vento 1.5 TDI Comfortline,2017,750000,50000,1,22.27,1498.0,108.6,5.0,1.0,0.0,0.0,1.0,0.0,1.0,8,Vento,6250.0,2,0.07249666221628838,400000,2418.522,0,0,0,0,0,0,0,0,0,1
Hyundai EON Era Plus,2017,254999,34000,1,21.1,814.0,55.2,5.0,0.0,0.0,1.0,1.0,0.0,1.0,8,EON,4250.0,1,0.06781326781326781,272000,1164.72,0,0,1,0,0,0,0,0,0,0
Chevrolet Beat LT,2012,145000,120000,1,18.6,1199.0,79.4,5.0,0.0,0.0,1.0,1.0,0.0,1.0,13,Beat,9230.76923076923,2,0.06622185154295246,1560000,1476.8400000000001,0,0,0,0,0,0,0,0,0,0
Tata Nexon 1.2 Revotron XM,2018,750000,15000,1,17.0,1198.0,108.5,5.0,0.0,0.0,1.0,1.0,0.0,1.0,7,Nexon,2142.8571428571427,1,0.09056761268781302,105000,1844.5,0,0,0,0,0,0,0,1,0,0
Volkswagen Ameo 1.5 TDI Comfortline AT,2017,655000,50000,1,22.0,1498.0,108.495,5.0,1.0,0.0,0.0,1.0,0.0,0.0,8,Ameo,6250.0,2,0.07242656875834447,400000,2386.8900000000003,0,0,0,0,0,0,0,0,0,1
Ford Figo Diesel ZXI,2011,210000,84000,2,20.0,1399.0,68.0,5.0,1.0,0.0,0.0,1.0,0.0,1.0,14,Figo,6000.0,2,0.04860614724803431,1176000,1360.0,1,0,0,0,0,0,0,0,0,0
Honda City 1.5 E MT,2011,450000,50000,1,17.0,1497.0,118.0,5.0,0.0,0.0,1.0,1.0,0.0,1.0,14,City,3571.4285714285716,1,0.0788243152972612,700000,2006.0,0,1,0,0,0,0,0,0,0,0
Ford Figo Aspire Facelift,2018,624000,14681,1,19.5,1248.0,81.83,5.0,1.0,0.0,0.0,0.0,0.0,1.0,7,Figo,2097.285714285714,1,0.06556891025641025,102767,1595.685,1,0,0,0,0,0,0,0,0,0
Ford Figo 1.5D Titanium MT,2015,580000,52000,1,25.83,1498.0,99.0,5.0,1.0,0.0,0.0,1.0,0.0,1.0,10,Figo,5200.0,2,0.06608811748998665,520000,2557.1699999999996,1,0,0,0,0,0,0,0,0,0
Hyundai Santro Sportz BSIV,2019,430000,18500,1,20.3,1086.0,68.0,5.0,0.0,0.0,1.0,1.0,0.0,1.0,6,Santro,3083.3333333333335,1,0.06261510128913444,111000,1380.4,0,0,1,0,0,0,0,0,0,0
Tata Indigo CS eLX BS IV,2012,155000,50000,1,23.03,1396.0,69.0,5.0,1.0,0.0,0.0,1.0,0.0,1.0,13,Indigo,3846.153846153846,1,0.0494269340974212,650000,1589.0700000000002,0,0,0,0,0,0,0,1,0,0
Datsun RediGO 1.0 S,2017,240000,35000,1,22.5,999.0,67.0,5.0,0.0,0.0,1.0,1.0,0.0,1.0,8,RediGO,4375.0,1,0.06706706706706707,280000,1507.5,0,0,0,0,0,1,0,0,0,0
Toyota Etios G,2016,540000,15500,1,16.78,1496.0,88.73,5.0,0.0,0.0,1.0,1.0,0.0,1.0,9,Etios,1722.2222222222222,1,0.05931149732620321,139500,1488.8894000000003,0,0,0,0,0,0,0,0,1,0
Tata Indigo CS LX (TDI) BS III,2013,250000,120000,1,19.09,1396.0,69.0,5.0,1.0,0.0,0.0,1.0,0.0,1.0,12,Indigo,10000.0,2,0.0494269340974212,1440000,1317.21,0,0,0,0,0,0,0,1,0,0
Tata Indigo eCS VX BSIV,2012,260000,60000,1,25.0,1396.0,69.0,5.0,1.0,0.0,0.0,1.0,0.0,1.0,13,Indigo,4615.384615384615,1,0.0494269340974212,780000,1725.0,0,0,0,0,0,0,0,1,0,0
Renault Duster 110PS Diesel RxL,2015,600000,136000,1,19.01,1461.0,108.45,5.0,1.0,0.0,0.0,1.0,0.0,1.0,10,Duster,13600.0,2,0.0742299794661191,1360000,2061.6345,0,0,0,0,0,0,1,0,0,0
Ford Figo Aspire 1.5 TDCi Titanium,2017,550000,15000,1,25.83,1498.0,99.0,5.0,1.0,0.0,0.0,1.0,0.0,1.0,8,Figo,1875.0,1,0.06608811748998665,120000,2557.1699999999996,1,0,0,0,0,0,0,0,0,0
Hyundai i10 Magna 1.1L,2008,250000,100000,2,19.81,1086.0,68.05,5.0,0.0,0.0,1.0,1.0,0.0,1.0,17,i10,5882.35294117647,2,0.06266114180478821,1700000,1348.0704999999998,0,0,1,0,0,0,0,0,0,0
Maruti Alto LXi BSIII,2005,125000,70000,4,19.7,796.0,46.3,5.0,0.0,0.0,1.0,1.0,0.0,1.0,20,Alto,3500.0,1,0.05816582914572864,1400000,912.1099999999999,0,0,0,1,0,0,0,0,0,0
Tata Indica Vista Aqua 1.4 TDI,2010,200000,110000,1,17.0,1405.0,71.0,5.0,1.0,0.0,0.0,1.0,0.0,1.0,15,Indica,7333.333333333333,2,0.050533807829181494,1650000,1207.0,0,0,0,0,0,0,0,1,0,0
Ford Figo Aspire 1.2 Ti-VCT Titanium,2018,700000,25000,1,18.16,1196.0,86.8,5.0,0.0,0.0,1.0,1.0,0.0,1.0,7,Figo,3571.4285714285716,1,0.0725752508361204,175000,1576.288,1,0,0,0,0,0,0,0,0,0
Hyundai Santro Magna,2020,500000,1000,1,20.3,1086.0,68.07,5.0,0.0,0.0,1.0,1.0,0.0,1.0,5,Santro,200.0,1,0.06267955801104971,5000,1381.821,0,0,1,0,0,0,0,0,0,0
Tata Indica V2 1.2 GLE BSIII,2013,170000,110000,2,15.3,1193.0,65.3,5.0,0.0,0.0,1.0,1.0,0.0,1.0,12,Indica,9166.666666666666,2,0.05473595976529757,1320000,999.09,0,0,0,0,0,0,0,1,0,0
Fiat Linea Emotion (Diesel),2010,275000,110000,3,20.4,1248.0,91.7,5.0,1.0,0.0,0.0,1.0,0.0,1.0,15,Linea,7333.333333333333,2,0.0734775641025641,1650000,1870.6799999999998,0,0,0,0,0,1,0,0,0,0
Maruti Swift Dzire ZDI,2019,802999,24000,1,28.4,1248.0,74.02,5.0,1.0,0.0,0.0,1.0,0.0,1.0,6,Swift,4000.0,1,0.05931089743589743,144000,2102.1679999999997,0,0,0,1,0,0,0,0,0,0
Maruti Swift Dzire VDI,2013,470000,150000,1,23.4,1248.0,74.0,5.0,1.0,0.0,0.0,1.0,0.0,1.0,12,Swift,12500.0,2,0.05929487179487179,1800000,1731.6,0,0,0,1,0,0,0,0,0,0
Renault KWID RXT,2015,300000,60000,1,25.17,799.0,53.3,5.0,0.0,0.0,1.0,1.0,0.0,1.0,10,KWID,6000.0,2,0.06670838548185232,600000,1341.561,0,0,0,0,0,0,1,0,0,0
Renault Duster 110PS Diesel RxL,2014,600000,116000,1,19.01,1461.0,108.45,5.0,1.0,0.0,0.0,1.0,0.0,1.0,11,Duster,10545.454545454546,2,0.0742299794661191,1276000,2061.6345,0,0,0,0,0,0,1,0,0,0
Ford Figo Diesel Celebration Edition,2013,275000,104300,1,20.0,1399.0,68.1,5.0,1.0,0.0,0.0,1.0,0.0,1.0,12,Figo,8691.666666666666,2,0.04867762687634024,1251600,1362.0,1,0,0,0,0,0,0,0,0,0
Volkswagen Ameo 1.5 TDI Comfortline,2020,800000,25000,1,21.66,1498.0,108.62,5.0,1.0,0.0,0.0,1.0,0.0,1.0,5,Ameo,5000.0,1,0.07251001335113486,125000,2352.7092000000002,0,0,0,0,0,0,0,0,0,1
Hyundai Verna CRDi SX ABS,2007,245000,121000,2,18.1,1493.0,110.0,5.0,1.0,0.0,0.0,1.0,0.0,1.0,18,Verna,6722.222222222223,2,0.07367716008037509,2178000,1991.0000000000002,0,0,1,0,0,0,0,0,0,0
Hyundai Verna CRDi SX,2010,310000,120000,2,16.8,1493.0,110.0,5.0,1.0,0.0,0.0,1.0,0.0,1.0,15,Verna,8000.0,2,0.07367716008037509,1800000,1848.0,0,0,1,0,0,0,0,0,0,0
Hyundai Verna CRDi SX ABS,2007,245000,120000,2,18.1,1493.0,110.0,5.0,1.0,0.0,0.0,1.0,0.0,1.0,18,Verna,6666.666666666667,2,0.07367716008037509,2160000,1991.0000000000002,0,0,1,0,0,0,0,0,0,0
Volkswagen Polo Petrol Comfortline 1.2L,2011,450000,110000,1,16.47,1198.0,73.9,5.0,0.0,0.0,1.0,1.0,0.0,1.0,14,Polo,7857.142857142857,2,0.06168614357262104,1540000,1217.133,0,0,0,0,0,0,0,0,0,1
Maruti Swift VDI,2013,409999,100000,3,22.9,1248.0,74.0,5.0,1.0,0.0,0.0,1.0,0.0,1.0,12,Swift,8333.333333333334,2,0.05929487179487179,1200000,1694.6,0,0,0,1,0,0,0,0,0,0
Hyundai Xcent 1.1 CRDi SX,2016,590000,34000,2,24.4,1120.0,71.0,5.0,1.0,0.0,0.0,1.0,0.0,1.0,9,Xcent,3777.777777777778,1,0.06339285714285714,306000,1732.3999999999999,0,0,1,0,0,0,0,0,0,0
Nissan Kicks XV D BSIV,2019,1200000,23000,1,20.45,1461.0,108.5,5.0,1.0,0.0,0.0,1.0,0.0,1.0,6,Kicks,3833.3333333333335,1,0.07426420260095824,138000,2218.825,0,0,0,0,1,0,0,0,0,0
Ford Fiesta 1.4 SXi TDCi ABS,2008,175000,163000,3,17.8,1399.0,68.0,5.0,1.0,0.0,0.0,1.0,0.0,1.0,17,Fiesta,9588.235294117647,2,0.04860614724803431,2771000,1210.4,1,0,0,0,0,0,0,0,0,0
Honda City i-DTEC VX,2019,1110000,10500,1,25.6,1498.0,97.9,5.0,1.0,0.0,0.0,1.0,0.0,1.0,6,City,1750.0,1,0.06535380507343125,63000,2506.2400000000002,0,1,0,0,0,0,0,0,0,0
Volkswagen Vento Diesel Highline,2013,325000,155000,2,20.54,1598.0,103.6,5.0,1.0,0.0,0.0,1.0,0.0,1.0,12,Vento,12916.666666666666,2,0.06483103879849812,1860000,2127.944,0,0,0,0,0,0,0,0,0,1
Ford Fiesta 1.4 SXi TDCi ABS,2010,325000,163000,1,17.8,1399.0,68.0,5.0,1.0,0.0,0.0,1.0,0.0,1.0,15,Fiesta,10866.666666666666,2,0.04860614724803431,2445000,1210.4,1,0,0,0,0,0,0,0,0,0
Honda City 2017-2020 GXi,2008,280000,75000,1,17.7,1497.0,78.0,5.0,0.0,0.0,1.0,1.0,0.0,1.0,17,City,4411.764705882353,1,0.052104208416833664,1275000,1380.6,0,1,0,0,0,0,0,0,0,0
Maruti Estilo LXI,2008,160000,56000,3,19.5,1248.0,81.83,5.0,0.0,0.0,1.0,1.0,0.0,1.0,17,Estilo,3294.1176470588234,1,0.06556891025641025,952000,1595.685,0,0,0,1,0,0,0,0,0,0
Honda City i DTec E,2016,765000,80000,1,26.0,1498.0,98.6,5.0,1.0,0.0,0.0,1.0,0.0,1.0,9,City,8888.888888888889,2,0.06582109479305741,720000,2563.6,0,1,0,0,0,0,0,0,0,0
Honda City i DTEC V,2014,640000,120000,2,26.0,1498.0,98.6,5.0,1.0,0.0,0.0,1.0,0.0,1.0,11,City,10909.09090909091,2,0.06582109479305741,1320000,2563.6,0,1,0,0,0,0,0,0,0,0
Tata Indica V2 DLE BSIII,2007,65000,120000,3,17.88,1396.0,52.8,5.0,1.0,0.0,0.0,1.0,0.0,1.0,18,Indica,6666.666666666667,2,0.03782234957020057,2160000,944.0639999999999,0,0,0,0,0,0,0,1,0,0
Skoda Octavia Ambiente 1.9 TDI MT,2007,195000,175000,2,18.7,1896.0,66.0,5.0,1.0,0.0,0.0,1.0,0.0,1.0,18,Octavia,9722.222222222223,2,0.03481012658227848,3150000,1234.2,0,0,0,0,0,1,0,0,0,0
Maruti Alto 800 LXI,2017,295000,15000,1,24.7,796.0,47.3,5.0,0.0,0.0,1.0,1.0,0.0,1.0,8,Alto,1875.0,1,0.059422110552763814,120000,1168.31,0,0,0,1,0,0,0,0,0,0
Maruti Swift Dzire ZDI,2012,625000,100000,2,23.4,1248.0,74.0,5.0,1.0,0.0,0.0,1.0,0.0,1.0,13,Swift,7692.307692307692,2,0.05929487179487179,1300000,1731.6,0,0,0,1,0,0,0,0,0,0
Maruti Wagon R LX Minor,2009,160000,80000,2,18.9,998.0,67.1,5.0,0.0,0.0,1.0,1.0,0.0,1.0,16,Wagon,5000.0,1,0.06723446893787574,1280000,1268.1899999999998,0,0,0,1,0,0,0,0,0,0
Maruti Celerio VXI,2015,330000,84000,2,23.1,998.0,67.04,5.0,0.0,0.0,1.0,1.0,0.0,1.0,10,Celerio,8400.0,2,0.06717434869739479,840000,1548.6240000000003,0,0,0,1,0,0,0,0,0,0
Ford Figo Petrol LXI,2010,180000,50000,2,15.6,1196.0,70.0,5.0,0.0,0.0,1.0,1.0,0.0,1.0,15,Figo,3333.3333333333335,1,0.05852842809364549,750000,1092.0,1,0,0,0,0,0,0,0,0,0
Hyundai i10 Era,2011,300000,30000,1,19.81,1086.0,68.05,5.0,0.0,0.0,1.0,1.0,0.0,1.0,14,i10,2142.8571428571427,1,0.06266114180478821,420000,1348.0704999999998,0,0,1,0,0,0,0,0,0,0
Maruti Baleno Alpha 1.2,2016,650000,35000,2,21.4,1197.0,83.1,5.0,0.0,0.0,1.0,1.0,0.0,1.0,9,Baleno,3888.8888888888887,1,0.06942355889724311,315000,1778.3399999999997,0,0,0,1,0,0,0,0,0,0
Mahindra Verito 1.5 D4 BSIV,2015,380000,120000,2,21.03,1461.0,65.0,5.0,1.0,0.0,0.0,1.0,0.0,1.0,10,Verito,12000.0,2,0.044490075290896644,1200000,1366.95,0,0,0,0,0,1,0,0,0,0
Tata Zest Revotron 1.2 XT,2014,360000,50000,2,17.57,1193.0,88.7,5.0,0.0,0.0,1.0,1.0,0.0,1.0,11,Zest,4545.454545454545,1,0.07435037720033529,550000,1558.459,0,0,0,0,0,0,0,1,0,0
Skoda Rapid 1.6 MPI Elegance,2012,385000,116000,1,15.0,1598.0,103.5,5.0,0.0,0.0,1.0,1.0,0.0,1.0,13,Rapid,8923.076923076924,2,0.06476846057571965,1508000,1552.5,0,0,0,0,0,1,0,0,0,0
Fiat Grande Punto 1.3 Emotion (Diesel),2011,254999,100000,3,20.3,1248.0,75.0,5.0,1.0,0.0,0.0,1.0,0.0,1.0,14,Grande,7142.857142857143,2,0.06009615384615385,1400000,1522.5,0,0,0,0,0,1,0,0,0,0
Hyundai Grand i10 SportZ Edition,2015,499000,20000,1,18.9,1197.0,81.86,5.0,0.0,0.0,1.0,1.0,0.0,1.0,10,Grand,2000.0,1,0.0683876357560568,200000,1547.1539999999998,0,0,1,0,0,0,0,0,0,0
Maruti Swift Dzire AMT ZDI Plus,2018,730000,60000,1,28.4,1248.0,74.02,5.0,1.0,0.0,0.0,1.0,0.0,0.0,7,Swift,8571.42857142857,2,0.05931089743589743,420000,2102.1679999999997,0,0,0,1,0,0,0,0,0,0
Honda Jazz 1.5 V i DTEC,2016,650000,30000,2,27.3,1498.0,98.6,5.0,1.0,0.0,0.0,1.0,0.0,1.0,9,Jazz,3333.3333333333335,1,0.06582109479305741,270000,2691.7799999999997,0,1,0,0,0,0,0,0,0,0
Renault Pulse RxL,2012,220000,75000,1,23.08,1461.0,63.12,5.0,1.0,0.0,0.0,1.0,0.0,1.0,13,Pulse,5769.2307692307695,2,0.04320328542094456,975000,1456.8095999999998,0,0,0,0,0,0,1,0,0,0
Maruti Swift 1.3 ZXI,2006,229999,110000,3,19.5,1248.0,81.83,5.0,0.0,0.0,1.0,1.0,0.0,1.0,19,Swift,5789.473684210527,2,0.06556891025641025,2090000,1595.685,0,0,0,1,0,0,0,0,0,0
Maruti Swift 1.3 VXi,2006,215000,90000,4,19.5,1248.0,81.83,5.0,0.0,0.0,1.0,1.0,0.0,1.0,19,Swift,4736.8421052631575,1,0.06556891025641025,1710000,1595.685,0,0,0,1,0,0,0,0,0,0
Tata Indica V2 DLS TC,2006,100000,110000,3,16.8,1405.0,62.0,5.0,1.0,0.0,0.0,1.0,0.0,1.0,19,Indica,5789.473684210527,2,0.04412811387900356,2090000,1041.6000000000001,0,0,0,0,0,0,0,1,0,0
Hyundai Accent GLS 1.6,2004,110000,120000,4,14.4,1599.0,94.0,5.0,0.0,0.0,1.0,1.0,0.0,1.0,21,Accent,5714.285714285715,2,0.058786741713570984,2520000,1353.6000000000001,0,0,1,0,0,0,0,0,0,0
Tata Indica Vista Aqua 1.4 TDI,2009,152000,48000,2,17.0,1405.0,71.0,5.0,1.0,0.0,0.0,1.0,0.0,1.0,16,Indica,3000.0,1,0.050533807829181494,768000,1207.0,0,0,0,0,0,0,0,1,0,0
Hyundai i20 1.2 Magna Executive,2014,415000,72000,1,18.6,1197.0,81.83,5.0,0.0,0.0,1.0,0.0,0.0,1.0,11,i20,6545.454545454545,2,0.06836257309941521,792000,1522.038,0,0,1,0,0,0,0,0,0,0
Maruti Swift VXI BSIV,2015,475000,51000,1,22.0,1197.0,81.8,5.0,0.0,0.0,1.0,0.0,0.0,1.0,10,Swift,5100.0,2,0.0683375104427736,510000,1799.6,0,0,0,1,0,0,0,0,0,0
Maruti Ignis Zeta,2017,525000,29000,1,20.89,1197.0,81.8,5.0,0.0,0.0,1.0,0.0,0.0,1.0,8,Ignis,3625.0,1,0.0683375104427736,232000,1708.802,0,0,0,1,0,0,0,0,0,0
Maruti Wagon R VXI 1.2,2015,365000,28000,1,20.52,1197.0,81.8,5.0,0.0,0.0,1.0,0.0,0.0,1.0,10,Wagon,2800.0,1,0.0683375104427736,280000,1678.5359999999998,0,0,0,1,0,0,0,0,0,0
Maruti Swift VDI BSIV,2011,375000,97000,1,25.2,1248.0,74.0,5.0,1.0,0.0,0.0,0.0,0.0,1.0,14,Swift,6928.571428571428,2,0.05929487179487179,1358000,1864.8,0,0,0,1,0,0,0,0,0,0
Maruti Swift Dzire VDI,2018,765000,59000,1,28.4,1248.0,74.02,5.0,1.0,0.0,0.0,0.0,0.0,1.0,7,Swift,8428.57142857143,2,0.05931089743589743,413000,2102.1679999999997,0,0,0,1,0,0,0,0,0,0
Maruti Swift Dzire VDI,2019,770000,27000,1,28.4,1248.0,74.02,5.0,1.0,0.0,0.0,1.0,0.0,1.0,6,Swift,4500.0,1,0.05931089743589743,162000,2102.1679999999997,0,0,0,1,0,0,0,0,0,0
Renault KWID RXT,2018,350000,30000,1,25.17,799.0,53.3,5.0,0.0,0.0,1.0,1.0,0.0,1.0,7,KWID,4285.714285714285,1,0.06670838548185232,210000,1341.561,0,0,0,0,0,0,1,0,0,0
Maruti S-Cross 2017-2020 Zeta DDiS 200 SH,2018,990000,15000,1,25.1,1248.0,88.5,5.0,1.0,0.0,0.0,1.0,0.0,1.0,7,S-Cross,2142.8571428571427,1,0.07091346153846154,105000,2221.35,0,0,0,1,0,0,0,0,0,0
Maruti Swift Dzire VDI,2019,800000,35700,1,28.4,1248.0,74.02,5.0,1.0,0.0,0.0,0.0,0.0,1.0,6,Swift,5950.0,2,0.05931089743589743,214200,2102.1679999999997,0,0,0,1,0,0,0,0,0,0
Volkswagen Polo Diesel Comfortline 1.2L,2013,325000,120000,1,22.07,1199.0,73.9,5.0,1.0,0.0,0.0,1.0,0.0,1.0,12,Polo,10000.0,2,0.06163469557964971,1440000,1630.9730000000002,0,0,0,0,0,0,0,0,0,1
Volkswagen Polo Diesel Comfortline 1.2L,2013,360000,80000,1,22.07,1199.0,73.9,5.0,1.0,0.0,0.0,1.0,0.0,1.0,12,Polo,6666.666666666667,2,0.06163469557964971,960000,1630.9730000000002,0,0,0,0,0,0,0,0,0,1
Maruti Alto K10 2010-2014 VXI,2010,148000,120000,1,20.92,998.0,67.1,5.0,0.0,0.0,1.0,1.0,0.0,1.0,15,Alto,8000.0,2,0.06723446893787574,1800000,1403.732,0,0,0,1,0,0,0,0,0,0
Maruti Baleno Delta 1.3,2017,670000,36000,1,27.39,1248.0,74.0,5.0,1.0,0.0,0.0,1.0,0.0,1.0,8,Baleno,4500.0,1,0.05929487179487179,288000,2026.8600000000001,0,0,0,1,0,0,0,0,0,0
Toyota Etios Liva GD,2014,430999,120000,1,23.59,1364.0,67.04,5.0,1.0,0.0,0.0,1.0,0.0,1.0,11,Etios,10909.09090909091,2,0.04914956011730206,1320000,1581.4736,0,0,0,0,0,0,0,0,1,0
Renault KWID Climber 1.0 MT BSIV,2019,300000,35000,1,23.01,999.0,67.0,5.0,0.0,0.0,1.0,1.0,0.0,1.0,6,KWID,5833.333333333333,2,0.06706706706706707,210000,1541.67,0,0,0,0,0,0,1,0,0,0
Ford Figo Diesel Titanium,2010,260000,70000,1,20.0,1399.0,68.0,5.0,1.0,0.0,0.0,1.0,0.0,1.0,15,Figo,4666.666666666667,1,0.04860614724803431,1050000,1360.0,1,0,0,0,0,0,0,0,0,0
Maruti Swift Dzire VDi,2012,320000,90000,3,19.3,1248.0,73.9,5.0,1.0,0.0,0.0,1.0,0.0,1.0,13,Swift,6923.076923076923,2,0.059214743589743594,1170000,1426.2700000000002,0,0,0,1,0,0,0,0,0,0
Tata Nexon 1.2 Revotron XM,2018,700000,35000,1,17.0,1198.0,108.5,5.0,0.0,0.0,1.0,1.0,0.0,1.0,7,Nexon,5000.0,1,0.09056761268781302,245000,1844.5,0,0,0,0,0,0,0,1,0,0
Volkswagen Polo Petrol Highline 1.2L,2012,415000,80000,1,16.47,1198.0,73.9,5.0,0.0,0.0,1.0,1.0,0.0,1.0,13,Polo,6153.846153846154,2,0.06168614357262104,1040000,1217.133,0,0,0,0,0,0,0,0,0,1
Maruti Swift Vdi BSIII,2008,260000,120000,2,17.8,1248.0,75.0,5.0,1.0,0.0,0.0,1.0,0.0,1.0,17,Swift,7058.823529411765,2,0.06009615384615385,2040000,1335.0,0,0,0,1,0,0,0,0,0,0
Toyota Etios Liva G,2015,515000,30000,1,17.71,1197.0,78.9,5.0,0.0,0.0,1.0,1.0,0.0,1.0,10,Etios,3000.0,1,0.06591478696741855,300000,1397.3190000000002,0,0,0,0,0,0,0,0,1,0
Ford EcoSport 1.5 TDCi Titanium BSIV,2017,934000,101000,1,22.77,1498.0,98.59,5.0,1.0,0.0,0.0,1.0,0.0,1.0,8,EcoSport,12625.0,2,0.06581441922563418,808000,2244.8943,1,0,0,0,0,0,0,0,0,0
Ford Fiesta 1.4 Duratorq ZXI,2007,210000,110000,1,17.8,1399.0,68.0,5.0,1.0,0.0,0.0,1.0,0.0,1.0,18,Fiesta,6111.111111111111,2,0.04860614724803431,1980000,1210.4,1,0,0,0,0,0,0,0,0,0
Honda Jazz 1.2 VX i VTEC,2015,700000,22700,1,18.7,1199.0,88.7,5.0,0.0,0.0,1.0,1.0,0.0,1.0,10,Jazz,2270.0,1,0.07397831526271893,227000,1658.69,0,1,0,0,0,0,0,0,0,0
Hyundai Grand i10 Sportz,2016,525000,45000,1,18.9,1197.0,82.0,5.0,0.0,0.0,1.0,1.0,0.0,1.0,9,Grand,5000.0,1,0.06850459482038429,405000,1549.8,0,0,1,0,0,0,0,0,0,0
Maruti Eeco 5 Seater AC BSIV,2011,250000,36000,2,15.37,1196.0,73.0,5.0,0.0,0.0,1.0,1.0,0.0,1.0,14,Eeco,2571.4285714285716,1,0.061036789297658864,504000,1122.01,0,0,0,1,0,0,0,0,0,0
Maruti Swift Dzire ZDI,2015,575000,57000,2,26.59,1248.0,74.0,5.0,1.0,0.0,0.0,1.0,0.0,1.0,10,Swift,5700.0,2,0.05929487179487179,570000,1967.66,0,0,0,1,0,0,0,0,0,0
Tata Tiago 1.05 Revotorq XZ,2018,540000,33000,1,27.28,1047.0,69.0,5.0,1.0,0.0,0.0,1.0,0.0,1.0,7,Tiago,4714.285714285715,1,0.0659025787965616,231000,1882.3200000000002,0,0,0,0,0,0,0,1,0,0
Ford Figo Petrol Titanium,2011,240000,80000,2,15.6,1196.0,70.0,5.0,0.0,0.0,1.0,1.0,0.0,1.0,14,Figo,5714.285714285715,2,0.05852842809364549,1120000,1092.0,1,0,0,0,0,0,0,0,0,0
Chevrolet Spark 1.0 LT LPG,2012,300000,70000,1,17.82,995.0,60.2,5.0,0.0,1.0,0.0,1.0,0.0,1.0,13,Spark,5384.615384615385,2,0.060502512562814074,910000,1072.7640000000001,0,0,0,0,0,0,0,0,0,0
Datsun RediGO S,2018,280000,50000,1,22.7,799.0,53.64,5.0,0.0,0.0,1.0,1.0,0.0,1.0,7,RediGO,7142.857142857143,2,0.06713391739674593,350000,1217.628,0,0,0,0,0,1,0,0,0,0
Maruti Ritz VDi,2011,350000,118000,2,21.1,1248.0,73.9,5.0,1.0,0.0,0.0,1.0,0.0,1.0,14,Ritz,8428.57142857143,2,0.059214743589743594,1652000,1559.2900000000002,0,0,0,1,0,0,0,0,0,0
Tata Nexon 1.5 Revotorq XZ Plus,2018,980000,20000,1,21.5,1497.0,108.5,5.0,1.0,0.0,0.0,1.0,0.0,1.0,7,Nexon,2857.1428571428573,1,0.07247828991315965,140000,2332.75,0,0,0,0,0,0,0,1,0,0
Tata Nexon 1.5 Revotorq XZ Plus,2018,969999,21871,1,21.5,1497.0,108.5,5.0,1.0,0.0,0.0,1.0,0.0,1.0,7,Nexon,3124.4285714285716,1,0.07247828991315965,153097,2332.75,0,0,0,0,0,0,0,1,0,0
Tata Indica Vista TDI LX,2014,280000,100000,1,19.1,1405.0,70.0,5.0,1.0,0.0,0.0,1.0,0.0,1.0,11,Indica,9090.90909090909,2,0.0498220640569395,1100000,1337.0,0,0,0,0,0,0,0,1,0,0
Maruti Swift VDI BSIV,2014,217000,50000,1,19.5,1248.0,81.83,5.0,1.0,0.0,0.0,1.0,0.0,1.0,11,Swift,4545.454545454545,1,0.06556891025641025,550000,1595.685,0,0,0,1,0,0,0,0,0,0
Maruti Alto 800 LXI Airbag,2015,250000,70000,1,22.74,796.0,47.3,5.0,0.0,0.0,1.0,1.0,0.0,1.0,10,Alto,7000.0,2,0.059422110552763814,700000,1075.6019999999999,0,0,0,1,0,0,0,0,0,0
Tata Tiago 1.2 Revotron XZ,2018,500000,25000,1,23.84,1199.0,84.0,5.0,0.0,0.0,1.0,1.0,0.0,1.0,7,Tiago,3571.4285714285716,1,0.07005838198498748,175000,2002.56,0,0,0,0,0,0,0,1,0,0
Maruti Alto 800 LXI Optional,2017,316000,25000,1,24.7,796.0,47.3,5.0,0.0,0.0,1.0,1.0,0.0,1.0,8,Alto,3125.0,1,0.059422110552763814,200000,1168.31,0,0,0,1,0,0,0,0,0,0
Maruti Alto 800 VXI Optional,2018,350000,50000,1,24.7,796.0,47.3,5.0,0.0,0.0,1.0,1.0,0.0,1.0,7,Alto,7142.857142857143,2,0.059422110552763814,350000,1168.31,0,0,0,1,0,0,0,0,0,0
Tata Nexon 1.5 Revotorq XZ Plus Dual Tone,2018,950000,14000,1,21.5,1497.0,108.5,5.0,1.0,0.0,0.0,1.0,0.0,1.0,7,Nexon,2000.0,1,0.07247828991315965,98000,2332.75,0,0,0,0,0,0,0,1,0,0
Volkswagen Vento 1.6 Highline,2014,430000,100000,1,15.04,1598.0,103.2,5.0,0.0,0.0,1.0,1.0,0.0,1.0,11,Vento,9090.90909090909,2,0.06458072590738423,1100000,1552.128,0,0,0,0,0,0,0,0,0,1
Maruti Ritz VDi,2012,250000,89000,2,23.2,1248.0,73.94,5.0,1.0,0.0,0.0,1.0,0.0,1.0,13,Ritz,6846.153846153846,2,0.05924679487179487,1157000,1715.408,0,0,0,1,0,0,0,0,0,0
Tata Tiago 1.2 Revotron XTA,2018,500000,5000,1,23.84,1199.0,84.0,5.0,0.0,0.0,1.0,1.0,0.0,0.0,7,Tiago,714.2857142857143,1,0.07005838198498748,35000,2002.56,0,0,0,0,0,0,0,1,0,0
Hyundai Grand i10 1.2 Kappa Asta,2013,420000,21000,1,18.9,1197.0,81.86,5.0,0.0,0.0,1.0,1.0,0.0,1.0,12,Grand,1750.0,1,0.0683876357560568,252000,1547.1539999999998,0,0,1,0,0,0,0,0,0,0
Maruti Alto K10 LXI,2017,290000,10000,2,23.95,998.0,67.05,5.0,0.0,0.0,1.0,1.0,0.0,1.0,8,Alto,1250.0,1,0.06718436873747495,80000,1605.8474999999999,0,0,0,1,0,0,0,0,0,0
Maruti Swift Dzire VDI,2017,750000,30000,1,28.4,1248.0,74.02,5.0,1.0,0.0,0.0,1.0,0.0,1.0,8,Swift,3750.0,1,0.05931089743589743,240000,2102.1679999999997,0,0,0,1,0,0,0,0,0,0
Maruti Ritz VDi,2011,250000,90000,3,21.1,1248.0,73.9,5.0,1.0,0.0,0.0,1.0,0.0,1.0,14,Ritz,6428.571428571428,2,0.059214743589743594,1260000,1559.2900000000002,0,0,0,1,0,0,0,0,0,0
Maruti Wagon R LXI Minor,2007,100000,70000,2,18.9,1061.0,67.0,5.0,0.0,0.0,1.0,1.0,0.0,1.0,18,Wagon,3888.8888888888887,1,0.06314797360980208,1260000,1266.3,0,0,0,1,0,0,0,0,0,0
Maruti Wagon R LX BSIII,2007,100000,80000,2,17.3,1061.0,64.0,5.0,0.0,0.0,1.0,1.0,0.0,1.0,18,Wagon,4444.444444444444,1,0.060320452403393024,1440000,1107.2,0,0,0,1,0,0,0,0,0,0
Maruti Swift Dzire VDi,2012,341000,120000,1,19.3,1248.0,73.9,5.0,1.0,0.0,0.0,1.0,0.0,1.0,13,Swift,9230.76923076923,2,0.059214743589743594,1560000,1426.2700000000002,0,0,0,1,0,0,0,0,0,0
Hyundai Grand i10 1.2 CRDi Sportz,2017,600000,50000,1,24.0,1186.0,73.97,5.0,1.0,0.0,0.0,1.0,0.0,1.0,8,Grand,6250.0,2,0.062369308600337264,400000,1775.28,0,0,1,0,0,0,0,0,0,0
Honda City i DTEC VX,2014,650000,167000,1,25.1,1498.0,98.6,5.0,1.0,0.0,0.0,1.0,0.0,1.0,11,City,15181.818181818182,3,0.06582109479305741,1837000,2474.86,0,1,0,0,0,0,0,0,0,0
Chevrolet Spark 1.0 PS,2008,75527,80000,1,16.0,995.0,63.0,5.0,0.0,0.0,1.0,1.0,0.0,1.0,17,Spark,4705.882352941177,1,0.06331658291457286,1360000,1008.0,0,0,0,0,0,0,0,0,0,0
Hyundai i20 Sportz 1.2,2014,500000,17000,1,18.6,1197.0,81.83,5.0,0.0,0.0,1.0,1.0,0.0,1.0,11,i20,1545.4545454545455,1,0.06836257309941521,187000,1522.038,0,0,1,0,0,0,0,0,0,0
Maruti Baleno Delta 1.2,2017,550000,46000,1,21.4,1197.0,83.1,5.0,0.0,0.0,1.0,1.0,0.0,1.0,8,Baleno,5750.0,2,0.06942355889724311,368000,1778.3399999999997,0,0,0,1,0,0,0,0,0,0
Maruti Swift VDI Optional,2015,475000,60000,1,25.2,1248.0,74.0,5.0,1.0,0.0,0.0,1.0,0.0,1.0,10,Swift,6000.0,2,0.05929487179487179,600000,1864.8,0,0,0,1,0,0,0,0,0,0
Hyundai Xcent 1.1 CRDi SX,2015,425000,60000,1,24.4,1120.0,71.0,5.0,1.0,0.0,0.0,1.0,0.0,1.0,10,Xcent,6000.0,2,0.06339285714285714,600000,1732.3999999999999,0,0,1,0,0,0,0,0,0,0
Toyota Corolla Altis Diesel D4DJ,2012,476999,90000,4,21.43,1364.0,87.2,5.0,1.0,0.0,0.0,1.0,0.0,1.0,13,Corolla,6923.076923076923,2,0.06392961876832845,1170000,1868.6960000000001,0,0,0,0,0,0,0,0,1,0
Chevrolet Spark 1.0 LS,2011,150000,40000,2,18.0,995.0,62.0,5.0,0.0,0.0,1.0,1.0,0.0,1.0,14,Spark,2857.1428571428573,1,0.062311557788944726,560000,1116.0,0,0,0,0,0,0,0,0,0,0
Maruti Alto LXi,2011,225000,90000,1,19.7,796.0,46.3,5.0,0.0,0.0,1.0,1.0,0.0,1.0,14,Alto,6428.571428571428,2,0.05816582914572864,1260000,912.1099999999999,0,0,0,1,0,0,0,0,0,0
Maruti Alto LXi,2010,190000,80000,1,19.7,796.0,46.3,5.0,0.0,0.0,1.0,1.0,0.0,1.0,15,Alto,5333.333333333333,2,0.05816582914572864,1200000,912.1099999999999,0,0,0,1,0,0,0,0,0,0
Maruti Alto LX,2003,100000,164000,3,19.7,796.0,46.3,5.0,0.0,0.0,1.0,1.0,0.0,1.0,22,Alto,7454.545454545455,2,0.05816582914572864,3608000,912.1099999999999,0,0,0,1,0,0,0,0,0,0
Hyundai Grand i10 1.2 Kappa Magna AT,2016,475000,45629,1,18.9,1197.0,81.86,5.0,0.0,0.0,1.0,0.0,1.0,0.0,9,Grand,5069.888888888889,2,0.0683876357560568,410661,1547.1539999999998,0,0,1,0,0,0,0,0,0,0
Maruti Wagon R LXI Optional,2018,430000,14000,1,20.51,998.0,67.04,5.0,0.0,0.0,1.0,1.0,0.0,1.0,7,Wagon,2000.0,1,0.06717434869739479,98000,1374.9904000000001,0,0,0,1,0,0,0,0,0,0
Mahindra XUV300 W8 Option BSIV,2019,1132000,20000,1,17.0,1197.0,110.0,5.0,0.0,0.0,1.0,1.0,0.0,1.0,6,XUV300,3333.3333333333335,1,0.09189640768588136,120000,1870.0,0,0,0,0,0,1,0,0,0,0
Maruti Wagon R LXI BS IV,2017,352000,68850,1,18.9,998.0,67.1,5.0,0.0,0.0,1.0,0.0,0.0,1.0,8,Wagon,8606.25,2,0.06723446893787574,550800,1268.1899999999998,0,0,0,1,0,0,0,0,0,0
Tata Tiago 1.2 Revotron XE,2016,252999,45775,1,23.84,1199.0,84.0,5.0,0.0,0.0,1.0,0.0,0.0,1.0,9,Tiago,5086.111111111111,2,0.07005838198498748,411975,2002.56,0,0,0,0,0,0,0,1,0,0
Chevrolet Spark 1.0 LT,2012,80000,70000,2,16.2,995.0,62.1,5.0,0.0,0.0,1.0,1.0,0.0,1.0,13,Spark,5384.615384615385,2,0.06241206030150754,910000,1006.02,0,0,0,0,0,0,0,0,0,0
Maruti Wagon R LXI,2015,313000,68203,1,21.79,998.0,67.05,5.0,0.0,0.0,1.0,0.0,0.0,1.0,10,Wagon,6820.3,2,0.06718436873747495,682030,1461.0194999999999,0,0,0,1,0,0,0,0,0,0
Hyundai Grand i10 SportZ Edition,2014,380000,30000,2,18.9,1197.0,81.86,5.0,0.0,0.0,1.0,1.0,0.0,1.0,11,Grand,2727.2727272727275,1,0.0683876357560568,330000,1547.1539999999998,0,0,1,0,0,0,0,0,0,0
Renault KWID RXL,2018,350000,25000,1,25.17,799.0,53.3,5.0,0.0,0.0,1.0,1.0,0.0,1.0,7,KWID,3571.4285714285716,1,0.06670838548185232,175000,1341.561,0,0,0,0,0,0,1,0,0,0
Renault Duster 85PS Diesel RxE,2016,600000,90000,2,19.87,1461.0,83.8,5.0,1.0,0.0,0.0,1.0,0.0,1.0,9,Duster,10000.0,2,0.05735797399041752,810000,1665.106,0,0,0,0,0,0,1,0,0,0
Tata Manza Aqua Quadrajet,2011,88000,97343,1,18.8,1248.0,90.0,5.0,1.0,0.0,0.0,0.0,0.0,1.0,14,Manza,6953.071428571428,2,0.07211538461538461,1362802,1692.0,0,0,0,0,0,0,0,1,0,0
Maruti Omni E 8 Str STD,2008,125000,70000,4,19.5,1248.0,81.83,5.0,0.0,0.0,1.0,1.0,0.0,1.0,17,Omni,4117.64705882353,1,0.06556891025641025,1190000,1595.685,0,0,0,1,0,0,0,0,0,0
Hyundai i10 Sportz,2014,290000,31000,1,20.36,1197.0,78.9,5.0,0.0,0.0,1.0,1.0,0.0,1.0,11,i10,2818.181818181818,1,0.06591478696741855,341000,1606.404,0,0,1,0,0,0,0,0,0,0
Maruti Eeco CNG 5 Seater AC BSIV,2015,380000,20000,1,29.619000000000003,1196.0,61.7,5.0,0.0,0.0,0.0,1.0,0.0,1.0,10,Eeco,2000.0,1,0.051588628762541805,200000,1827.4923000000003,0,0,0,1,0,0,0,0,0,0
Hyundai EON D Lite Plus,2014,180000,62000,1,21.1,814.0,55.2,5.0,0.0,0.0,1.0,1.0,0.0,1.0,11,EON,5636.363636363636,2,0.06781326781326781,682000,1164.72,0,0,1,0,0,0,0,0,0,0
Chevrolet Beat LS,2010,110000,60000,2,18.6,1199.0,79.4,5.0,0.0,0.0,1.0,1.0,0.0,1.0,15,Beat,4000.0,1,0.06622185154295246,900000,1476.8400000000001,0,0,0,0,0,0,0,0,0,0
Maruti Alto K10 VXI,2018,390000,10000,1,23.95,998.0,67.05,5.0,0.0,0.0,1.0,1.0,0.0,1.0,7,Alto,1428.5714285714287,1,0.06718436873747495,70000,1605.8474999999999,0,0,0,1,0,0,0,0,0,0
Hyundai i20 Asta 1.2,2015,550000,70000,1,18.6,1197.0,81.83,5.0,0.0,0.0,1.0,1.0,0.0,1.0,10,i20,7000.0,2,0.06836257309941521,700000,1522.038,0,0,1,0,0,0,0,0,0,0
Hyundai Santro Xing XG,2004,70000,70000,2,19.5,1248.0,81.83,5.0,0.0,0.0,1.0,1.0,0.0,1.0,21,Santro,3333.3333333333335,1,0.06556891025641025,1470000,1595.685,0,0,1,0,0,0,0,0,0,0
Hyundai EON Era Plus,2013,275000,20000,1,21.1,814.0,55.2,5.0,0.0,0.0,1.0,1.0,0.0,1.0,12,EON,1666.6666666666667,1,0.06781326781326781,240000,1164.72,0,0,1,0,0,0,0,0,0,0
Maruti SX4 Vxi BSIII,2009,250000,125876,2,15.0,1586.0,104.68,5.0,0.0,0.0,1.0,1.0,0.0,1.0,16,SX4,7867.25,2,0.06600252206809584,2014016,1570.2,0,0,0,1,0,0,0,0,0,0
Maruti Celerio VXI AT,2014,325000,65204,1,23.1,998.0,67.04,5.0,0.0,0.0,1.0,0.0,1.0,0.0,11,Celerio,5927.636363636364,2,0.06717434869739479,717244,1548.6240000000003,0,0,0,1,0,0,0,0,0,0
Hyundai Venue SX Plus Dual Tone Turbo DCT,2019,1150000,2286,1,18.15,998.0,118.35,5.0,0.0,0.0,1.0,0.0,1.0,0.0,6,Venue,381.0,1,0.1185871743486974,13716,2148.0525,0,0,1,0,0,0,0,0,0,0
Maruti Swift AMT ZXI,2018,655000,15732,1,22.0,1197.0,81.8,5.0,0.0,0.0,1.0,0.0,0.0,0.0,7,Swift,2247.4285714285716,1,0.0683375104427736,110124,1799.6,0,0,0,1,0,0,0,0,0,0
Maruti Ignis 1.2 Zeta BSIV,2018,525000,33000,1,20.89,1197.0,81.8,5.0,0.0,0.0,1.0,0.0,0.0,1.0,7,Ignis,4714.285714285715,1,0.0683375104427736,231000,1708.802,0,0,0,1,0,0,0,0,0,0
Honda City 1.5 S MT,2017,675000,49523,1,17.0,1497.0,118.0,5.0,0.0,0.0,1.0,0.0,0.0,1.0,8,City,6190.375,2,0.0788243152972612,396184,2006.0,0,1,0,0,0,0,0,0,0,0
Maruti Vitara Brezza VDi,2018,745000,48000,1,24.3,1248.0,88.5,5.0,1.0,0.0,0.0,0.0,0.0,1.0,7,Vitara,6857.142857142857,2,0.07091346153846154,336000,2150.55,0,0,0,1,0,0,0,0,0,0
Maruti Vitara Brezza ZDi,2018,835000,17000,1,24.3,1248.0,88.5,5.0,1.0,0.0,0.0,0.0,0.0,1.0,7,Vitara,2428.5714285714284,1,0.07091346153846154,119000,2150.55,0,0,0,1,0,0,0,0,0,0
Maruti Vitara Brezza LDi Option,2018,725000,36521,1,24.3,1248.0,88.5,5.0,1.0,0.0,0.0,0.0,0.0,1.0,7,Vitara,5217.285714285715,2,0.07091346153846154,255647,2150.55,0,0,0,1,0,0,0,0,0,0
Maruti Swift Dzire VXI 1.2 BS IV,2017,620000,90000,1,22.0,1197.0,81.8,5.0,0.0,0.0,1.0,1.0,0.0,1.0,8,Swift,11250.0,2,0.0683375104427736,720000,1799.6,0,0,0,1,0,0,0,0,0,0
Renault KWID RXT,2017,350000,35000,2,25.17,799.0,53.3,5.0,0.0,0.0,1.0,1.0,0.0,1.0,8,KWID,4375.0,1,0.06670838548185232,280000,1341.561,0,0,0,0,0,0,1,0,0,0
Tata Tigor 1.2 Revotron XT,2018,400000,22000,1,20.3,1199.0,84.0,5.0,0.0,0.0,1.0,1.0,0.0,1.0,7,Tigor,3142.8571428571427,1,0.07005838198498748,154000,1705.2,0,0,0,0,0,0,0,1,0,0
Maruti Wagon R VXI Optional,2017,400000,70000,1,20.51,998.0,67.04,5.0,0.0,0.0,1.0,1.0,0.0,1.0,8,Wagon,8750.0,2,0.06717434869739479,560000,1374.9904000000001,0,0,0,1,0,0,0,0,0,0
Hyundai Xcent 1.2 CRDi SX,2017,550000,49000,1,25.4,1186.0,73.97,5.0,1.0,0.0,0.0,0.0,0.0,1.0,8,Xcent,6125.0,2,0.062369308600337264,392000,1878.838,0,0,1,0,0,0,0,0,0,0
Maruti Ciaz VDi Plus SHVS,2015,550000,50000,2,28.09,1248.0,88.5,5.0,1.0,0.0,0.0,0.0,0.0,1.0,10,Ciaz,5000.0,1,0.07091346153846154,500000,2485.965,0,0,0,1,0,0,0,0,0,0
Maruti Swift VDI,2013,375000,65000,1,28.4,1248.0,74.0,5.0,1.0,0.0,0.0,0.0,0.0,1.0,12,Swift,5416.666666666667,2,0.05929487179487179,780000,2101.6,0,0,0,1,0,0,0,0,0,0
Hyundai Xcent 1.1 CRDi Base,2015,391000,55000,1,24.4,1120.0,71.0,5.0,1.0,0.0,0.0,0.0,0.0,1.0,10,Xcent,5500.0,2,0.06339285714285714,550000,1732.3999999999999,0,0,1,0,0,0,0,0,0,0
Hyundai Verna CRDi SX,2007,212000,58000,2,16.8,1493.0,110.0,5.0,1.0,0.0,0.0,0.0,0.0,1.0,18,Verna,3222.222222222222,1,0.07367716008037509,1044000,1848.0,0,0,1,0,0,0,0,0,0,0
Chevrolet Beat Diesel LT,2011,221000,56000,2,25.44,936.0,57.6,5.0,1.0,0.0,0.0,0.0,0.0,1.0,14,Beat,4000.0,1,0.06153846153846154,784000,1465.344,0,0,0,0,0,0,0,0,0,0
Fiat Linea Emotion (Diesel),2010,265000,61000,2,20.4,1248.0,91.7,5.0,1.0,0.0,0.0,0.0,0.0,1.0,15,Linea,4066.6666666666665,1,0.0734775641025641,915000,1870.6799999999998,0,0,0,0,0,1,0,0,0,0
Renault Scala Diesel RxL,2013,399000,61000,2,21.64,1461.0,84.8,5.0,1.0,0.0,0.0,0.0,0.0,1.0,12,Scala,5083.333333333333,2,0.05804243668720054,732000,1835.072,0,0,0,0,0,0,1,0,0,0
Hyundai Getz 1.5 CRDi GVS,2008,175000,61000,2,17.1,1493.0,110.0,5.0,1.0,0.0,0.0,0.0,0.0,1.0,17,Getz,3588.235294117647,1,0.07367716008037509,1037000,1881.0000000000002,0,0,1,0,0,0,0,0,0,0
Skoda Rapid 1.6 TDI Elegance,2011,411000,64481,2,20.5,1598.0,103.5,5.0,1.0,0.0,0.0,0.0,0.0,1.0,14,Rapid,4605.785714285715,1,0.06476846057571965,902734,2121.75,0,0,0,0,0,1,0,0,0,0
Volkswagen Vento Diesel Comfortline,2011,365000,65000,2,20.54,1598.0,103.6,5.0,1.0,0.0,0.0,0.0,0.0,1.0,14,Vento,4642.857142857143,1,0.06483103879849812,910000,2127.944,0,0,0,0,0,0,0,0,0,1
Nissan Sunny XV D,2015,499000,61000,2,22.71,1461.0,84.8,5.0,1.0,0.0,0.0,0.0,0.0,1.0,10,Sunny,6100.0,2,0.05804243668720054,610000,1925.808,0,0,0,0,1,0,0,0,0,0
Chevrolet Spark 1.0,2009,145000,30000,1,18.0,995.0,62.0,5.0,0.0,0.0,1.0,1.0,0.0,1.0,16,Spark,1875.0,1,0.062311557788944726,480000,1116.0,0,0,0,0,0,0,0,0,0,0
Hyundai EON 1.0 Magna Plus Option O,2016,280000,100000,1,20.3,998.0,68.05,5.0,0.0,0.0,1.0,1.0,0.0,1.0,9,EON,11111.111111111111,2,0.06818637274549098,900000,1381.415,0,0,1,0,0,0,0,0,0,0
Honda City 2017-2020 EXi,2006,150000,140000,3,17.7,1497.0,78.0,5.0,0.0,0.0,1.0,1.0,0.0,1.0,19,City,7368.421052631579,2,0.052104208416833664,2660000,1380.6,0,1,0,0,0,0,0,0,0,0
Renault KWID RXT Optional,2016,275000,60000,1,25.17,799.0,53.3,5.0,0.0,0.0,1.0,1.0,0.0,1.0,9,KWID,6666.666666666667,2,0.06670838548185232,540000,1341.561,0,0,0,0,0,0,1,0,0,0
Tata Manza Aura Quadrajet,2010,110000,88000,1,18.8,1248.0,90.0,5.0,1.0,0.0,0.0,1.0,0.0,1.0,15,Manza,5866.666666666667,2,0.07211538461538461,1320000,1692.0,0,0,0,0,0,0,0,1,0,0
Maruti Wagon R VXI,2005,150000,80000,2,18.9,998.0,67.1,5.0,0.0,0.0,1.0,1.0,0.0,1.0,20,Wagon,4000.0,1,0.06723446893787574,1600000,1268.1899999999998,0,0,0,1,0,0,0,0,0,0
Nissan Sunny XV,2013,275000,80000,3,16.95,1498.0,97.7,5.0,0.0,0.0,1.0,1.0,0.0,1.0,12,Sunny,6666.666666666667,2,0.06522029372496663,960000,1656.0149999999999,0,0,0,0,1,0,0,0,0,0
Maruti Swift VDI,2014,455000,40000,1,28.4,1248.0,74.0,5.0,1.0,0.0,0.0,1.0,0.0,1.0,11,Swift,3636.3636363636365,1,0.05929487179487179,440000,2101.6,0,0,0,1,0,0,0,0,0,0
Maruti Swift VDI BSIV,2014,455000,40000,1,25.2,1248.0,74.0,5.0,1.0,0.0,0.0,1.0,0.0,1.0,11,Swift,3636.3636363636365,1,0.05929487179487179,440000,1864.8,0,0,0,1,0,0,0,0,0,0
Honda City i DTec SV,2017,650000,47000,2,26.0,1498.0,98.6,5.0,1.0,0.0,0.0,1.0,0.0,1.0,8,City,5875.0,2,0.06582109479305741,376000,2563.6,0,1,0,0,0,0,0,0,0,0
Hyundai Grand i10 1.2 Kappa Sportz BSIV,2018,551000,20000,2,18.9,1197.0,81.86,5.0,0.0,0.0,1.0,1.0,0.0,1.0,7,Grand,2857.1428571428573,1,0.0683876357560568,140000,1547.1539999999998,0,0,1,0,0,0,0,0,0,0
Volkswagen Ameo 1.5 TDI Highline 16 Alloy,2017,650000,49060,1,22.0,1498.0,108.495,5.0,1.0,0.0,0.0,1.0,0.0,1.0,8,Ameo,6132.5,2,0.07242656875834447,392480,2386.8900000000003,0,0,0,0,0,0,0,0,0,1
Hyundai i20 Asta 1.2,2015,600000,60000,1,18.6,1197.0,81.83,5.0,0.0,0.0,1.0,1.0,0.0,1.0,10,i20,6000.0,2,0.06836257309941521,600000,1522.038,0,0,1,0,0,0,0,0,0,0
Maruti Alto 800 LXI,2013,235000,18000,1,22.74,796.0,47.3,5.0,0.0,0.0,1.0,1.0,0.0,1.0,12,Alto,1500.0,1,0.059422110552763814,216000,1075.6019999999999,0,0,0,1,0,0,0,0,0,0
Ford Ecosport 1.5 DV5 MT Trend,2018,800000,37161,1,22.7,1498.0,89.84,5.0,1.0,0.0,0.0,0.0,0.0,1.0,7,Ecosport,5308.714285714285,2,0.05997329773030708,260127,2039.368,1,0,0,0,0,0,0,0,0,0
Volkswagen Polo 1.5 TDI Highline,2014,391000,120000,2,20.14,1498.0,88.8,5.0,1.0,0.0,0.0,1.0,0.0,1.0,11,Polo,10909.09090909091,2,0.05927903871829105,1320000,1788.432,0,0,0,0,0,0,0,0,0,1
Maruti Wagon R LXI Minor,2010,170000,90000,2,18.9,1061.0,67.0,5.0,0.0,0.0,1.0,1.0,0.0,1.0,15,Wagon,6000.0,2,0.06314797360980208,1350000,1266.3,0,0,0,1,0,0,0,0,0,0
Maruti Swift Dzire VDI,2012,370000,68000,1,23.4,1248.0,74.0,5.0,1.0,0.0,0.0,1.0,0.0,1.0,13,Swift,5230.7692307692305,2,0.05929487179487179,884000,1731.6,0,0,0,1,0,0,0,0,0,0
Chevrolet Sail Hatchback 1.2 LS,2014,300000,60175,1,18.2,1199.0,82.5,5.0,0.0,0.0,1.0,1.0,0.0,1.0,11,Sail,5470.454545454545,2,0.06880733944954129,661925,1501.5,0,0,0,0,0,0,0,0,0,0
Hyundai EON Era,2012,250000,25000,1,21.1,814.0,55.2,5.0,0.0,0.0,1.0,1.0,0.0,1.0,13,EON,1923.076923076923,1,0.06781326781326781,325000,1164.72,0,0,1,0,0,0,0,0,0,0
Ford Figo Aspire 1.5 TDCi Titanium,2017,700000,49957,1,25.83,1498.0,99.0,5.0,1.0,0.0,0.0,0.0,0.0,1.0,8,Figo,6244.625,2,0.06608811748998665,399656,2557.1699999999996,1,0,0,0,0,0,0,0,0,0
Ford Figo 1.5 Sports Edition MT,2017,600000,43235,1,24.29,1498.0,99.0,5.0,1.0,0.0,0.0,0.0,0.0,1.0,8,Figo,5404.375,2,0.06608811748998665,345880,2404.71,1,0,0,0,0,0,0,0,0,0
Ford EcoSport 1.5 TDCi Titanium Plus BE BSIV,2018,925000,50699,1,22.77,1498.0,98.59,5.0,1.0,0.0,0.0,0.0,0.0,1.0,7,EcoSport,7242.714285714285,2,0.06581441922563418,354893,2244.8943,1,0,0,0,0,0,0,0,0,0
Hyundai i20 Active 1.4 SX,2016,700000,111000,2,21.19,1396.0,88.73,5.0,1.0,0.0,0.0,1.0,0.0,1.0,9,i20,12333.333333333334,2,0.06356017191977077,999000,1880.1887000000002,0,0,1,0,0,0,0,0,0,0
Maruti Baleno RS 1.0 Petrol,2018,700000,48000,2,21.1,998.0,100.5,5.0,0.0,0.0,1.0,1.0,0.0,1.0,7,Baleno,6857.142857142857,2,0.10070140280561123,336000,2120.55,0,0,0,1,0,0,0,0,0,0
Maruti Swift Vdi BSIII,2007,185000,90000,4,17.8,1248.0,75.0,5.0,1.0,0.0,0.0,1.0,0.0,1.0,18,Swift,5000.0,1,0.06009615384615385,1620000,1335.0,0,0,0,1,0,0,0,0,0,0
Ford Figo 1.2P Titanium MT,2017,400000,100000,1,18.16,1196.0,86.8,5.0,0.0,0.0,1.0,1.0,0.0,1.0,8,Figo,12500.0,2,0.0725752508361204,800000,1576.288,1,0,0,0,0,0,0,0,0,0
Ford Figo Diesel Titanium,2011,180000,90000,3,20.0,1399.0,68.0,5.0,1.0,0.0,0.0,1.0,0.0,1.0,14,Figo,6428.571428571428,2,0.04860614724803431,1260000,1360.0,1,0,0,0,0,0,0,0,0,0
Maruti Swift Dzire VDI,2015,600000,50000,1,26.59,1248.0,74.0,5.0,1.0,0.0,0.0,1.0,0.0,1.0,10,Swift,5000.0,1,0.05929487179487179,500000,1967.66,0,0,0,1,0,0,0,0,0,0
Toyota Etios Liva GD,2014,320000,90000,3,23.59,1364.0,67.06,5.0,1.0,0.0,0.0,1.0,0.0,1.0,11,Etios,8181.818181818182,2,0.04916422287390029,990000,1581.9454,0,0,0,0,0,0,0,0,1,0
Volkswagen Vento Petrol Highline AT,2011,250000,140000,2,14.4,1598.0,103.6,5.0,0.0,0.0,1.0,1.0,0.0,0.0,14,Vento,10000.0,2,0.06483103879849812,1960000,1491.84,0,0,0,0,0,0,0,0,0,1
Tata Tigor 2017-2020 XZ Plus,2019,650000,20000,1,20.3,1199.0,83.81,5.0,0.0,0.0,1.0,1.0,0.0,1.0,6,Tigor,3333.3333333333335,1,0.06989991659716431,120000,1701.343,0,0,0,0,0,0,0,1,0,0
Maruti Vitara Brezza ZDi Plus,2017,869999,40000,1,24.3,1248.0,88.5,5.0,1.0,0.0,0.0,1.0,0.0,1.0,8,Vitara,5000.0,1,0.07091346153846154,320000,2150.55,0,0,0,1,0,0,0,0,0,0
Maruti Vitara Brezza ZDi Plus,2017,869999,60000,1,24.3,1248.0,88.5,5.0,1.0,0.0,0.0,1.0,0.0,1.0,8,Vitara,7500.0,2,0.07091346153846154,480000,2150.55,0,0,0,1,0,0,0,0,0,0
Maruti Ritz LDi,2010,200000,70000,2,21.1,1248.0,73.9,5.0,1.0,0.0,0.0,1.0,0.0,1.0,15,Ritz,4666.666666666667,1,0.059214743589743594,1050000,1559.2900000000002,0,0,0,1,0,0,0,0,0,0
Maruti Alto LXi,2008,114999,100000,2,19.7,796.0,46.3,5.0,0.0,0.0,1.0,1.0,0.0,1.0,17,Alto,5882.35294117647,2,0.05816582914572864,1700000,912.1099999999999,0,0,0,1,0,0,0,0,0,0
Maruti Swift VDI BSIV,2014,700000,141000,4,25.2,1248.0,74.0,5.0,1.0,0.0,0.0,1.0,0.0,1.0,11,Swift,12818.181818181818,2,0.05929487179487179,1551000,1864.8,0,0,0,1,0,0,0,0,0,0
Datsun RediGO T Option,2016,200000,35000,1,22.7,799.0,53.64,5.0,0.0,0.0,1.0,1.0,0.0,1.0,9,RediGO,3888.8888888888887,1,0.06713391739674593,315000,1217.628,0,0,0,0,0,1,0,0,0,0
Honda Amaze VX i-VTEC,2015,450000,50000,1,17.8,1198.0,86.7,5.0,0.0,0.0,1.0,1.0,0.0,1.0,10,Amaze,5000.0,1,0.07237061769616027,500000,1543.2600000000002,0,1,0,0,0,0,0,0,0,0
Tata Nexon 1.5 Revotorq XM,2018,850000,9500,1,21.5,1497.0,108.5,5.0,1.0,0.0,0.0,1.0,0.0,1.0,7,Nexon,1357.142857142857,1,0.07247828991315965,66500,2332.75,0,0,0,0,0,0,0,1,0,0
Renault KWID RXT,2017,320000,28000,1,25.17,799.0,53.3,5.0,0.0,0.0,1.0,1.0,0.0,1.0,8,KWID,3500.0,1,0.06670838548185232,224000,1341.561,0,0,0,0,0,0,1,0,0,0
Tata Indica GLS BS IV,2009,110000,113000,1,15.3,1193.0,65.3,5.0,0.0,0.0,1.0,1.0,0.0,1.0,16,Indica,7062.5,2,0.05473595976529757,1808000,999.09,0,0,0,0,0,0,0,1,0,0
Maruti Eeco 5 STR With AC Plus HTR CNG,2011,209000,1,4,20.385,1196.0,73.0,5.0,0.0,0.0,0.0,1.0,0.0,1.0,14,Eeco,0.07142857142857142,1,0.061036789297658864,14,1488.105,0,0,0,1,0,0,0,0,0,0
Tata Manza Aura (ABS) Safire,2010,169000,100000,2,15.0,1368.0,90.0,5.0,0.0,0.0,1.0,1.0,0.0,1.0,15,Manza,6666.666666666667,2,0.06578947368421052,1500000,1350.0,0,0,0,0,0,0,0,1,0,0
Hyundai Grand i10 CRDi Magna,2014,400000,50074,1,24.0,1120.0,70.0,5.0,1.0,0.0,0.0,1.0,0.0,1.0,11,Grand,4552.181818181818,1,0.0625,550814,1680.0,0,0,1,0,0,0,0,0,0,0
Hyundai i20 Asta 1.4 CRDi,2014,600000,100000,4,22.54,1396.0,88.73,5.0,1.0,0.0,0.0,1.0,0.0,1.0,11,i20,9090.90909090909,2,0.06356017191977077,1100000,1999.9742,0,0,1,0,0,0,0,0,0,0
Ford EcoSport 1.5 Diesel Titanium BSIV,2018,990000,60000,1,23.0,1498.0,98.96,5.0,1.0,0.0,0.0,1.0,0.0,1.0,7,EcoSport,8571.42857142857,2,0.06606141522029373,420000,2276.08,1,0,0,0,0,0,0,0,0,0
Maruti Baleno Zeta Automatic,2017,745000,10000,1,21.4,1197.0,83.1,5.0,0.0,0.0,1.0,1.0,0.0,0.0,8,Baleno,1250.0,1,0.06942355889724311,80000,1778.3399999999997,0,0,0,1,0,0,0,0,0,0
Maruti Swift LDI SP Limited Edition,2015,500000,35000,1,25.2,1248.0,74.0,5.0,1.0,0.0,0.0,1.0,0.0,1.0,10,Swift,3500.0,1,0.05929487179487179,350000,1864.8,0,0,0,1,0,0,0,0,0,0
Maruti Wagon R VXI AMT Opt 1.2,2019,540000,5000,1,20.52,1197.0,81.8,5.0,0.0,0.0,1.0,1.0,0.0,0.0,6,Wagon,833.3333333333334,1,0.0683375104427736,30000,1678.5359999999998,0,0,0,1,0,0,0,0,0,0
Tata Bolt Quadrajet XE,2017,600000,27000,1,22.95,1248.0,74.0,5.0,1.0,0.0,0.0,1.0,0.0,1.0,8,Bolt,3375.0,1,0.05929487179487179,216000,1698.3,0,0,0,0,0,0,0,1,0,0
Ford Freestyle Titanium Petrol BSIV,2018,690000,25000,1,19.0,1194.0,94.68,5.0,0.0,0.0,1.0,1.0,0.0,1.0,7,Freestyle,3571.4285714285716,1,0.0792964824120603,175000,1798.92,1,0,0,0,0,0,0,0,0,0
Maruti Swift VDI BSIV,2016,630000,30154,1,25.2,1248.0,74.0,5.0,1.0,0.0,0.0,1.0,0.0,1.0,9,Swift,3350.4444444444443,1,0.05929487179487179,271386,1864.8,0,0,0,1,0,0,0,0,0,0
Hyundai Xcent 1.2 VTVT SX Option,2018,640000,20000,1,20.14,1197.0,81.86,5.0,0.0,0.0,1.0,1.0,0.0,1.0,7,Xcent,2857.1428571428573,1,0.0683876357560568,140000,1648.6604,0,0,1,0,0,0,0,0,0,0
Maruti Swift VXI Deca,2016,500000,100000,1,20.4,1197.0,81.8,5.0,0.0,0.0,1.0,1.0,0.0,1.0,9,Swift,11111.111111111111,2,0.0683375104427736,900000,1668.7199999999998,0,0,0,1,0,0,0,0,0,0
Maruti Alto 800 LXI,2017,310000,54000,1,24.7,796.0,47.3,5.0,0.0,0.0,1.0,1.0,0.0,1.0,8,Alto,6750.0,2,0.059422110552763814,432000,1168.31,0,0,0,1,0,0,0,0,0,0
Hyundai Xcent 1.2 CRDi S,2018,620000,70000,1,25.4,1186.0,73.97,5.0,1.0,0.0,0.0,1.0,0.0,1.0,7,Xcent,10000.0,2,0.062369308600337264,490000,1878.838,0,0,1,0,0,0,0,0,0,0
Maruti Baleno Zeta 1.3,2018,760000,50000,1,27.39,1248.0,74.0,5.0,1.0,0.0,0.0,1.0,0.0,1.0,7,Baleno,7142.857142857143,2,0.05929487179487179,350000,2026.8600000000001,0,0,0,1,0,0,0,0,0,0
Hyundai i10 Sportz Option,2012,300000,45000,1,20.36,1197.0,78.9,5.0,0.0,0.0,1.0,1.0,0.0,1.0,13,i10,3461.5384615384614,1,0.06591478696741855,585000,1606.404,0,0,1,0,0,0,0,0,0,0
Tata Tiago 1.2 Revotron XZ Plus Dual Tone,2019,500000,5000,1,23.84,1199.0,84.0,5.0,0.0,0.0,1.0,1.0,0.0,1.0,6,Tiago,833.3333333333334,1,0.07005838198498748,30000,2002.56,0,0,0,0,0,0,0,1,0,0
Chevrolet Beat LT,2012,120000,70000,3,18.6,1199.0,79.4,5.0,0.0,0.0,1.0,1.0,0.0,1.0,13,Beat,5384.615384615385,2,0.06622185154295246,910000,1476.8400000000001,0,0,0,0,0,0,0,0,0,0
Hyundai EON D Lite Plus,2017,350000,26263,1,21.1,814.0,55.2,5.0,0.0,0.0,1.0,1.0,0.0,1.0,8,EON,3282.875,1,0.06781326781326781,210104,1164.72,0,0,1,0,0,0,0,0,0,0
Mahindra KUV 100 mFALCON G80 K4 Plus 5str,2016,350000,100000,2,18.15,1198.0,82.0,5.0,0.0,0.0,1.0,1.0,0.0,1.0,9,KUV,11111.111111111111,2,0.06844741235392321,900000,1488.3,0,0,0,0,0,1,0,0,0,0
Hyundai Verna SX Diesel,2013,550000,80000,1,25.0,1493.0,113.42,5.0,1.0,0.0,0.0,0.0,0.0,1.0,12,Verna,6666.666666666667,2,0.07596784996651039,960000,2835.5,0,0,1,0,0,0,0,0,0,0
Maruti SX4 S Cross 2015-2017 DDiS 200 Sigma,2016,675000,108000,1,23.65,1248.0,88.5,5.0,1.0,0.0,0.0,0.0,0.0,1.0,9,SX4,12000.0,2,0.07091346153846154,972000,2093.025,0,0,0,1,0,0,0,0,0,0
Maruti Swift VVT ZXI,2017,625000,25000,1,22.0,1197.0,81.8,5.0,0.0,0.0,1.0,1.0,0.0,1.0,8,Swift,3125.0,1,0.0683375104427736,200000,1799.6,0,0,0,1,0,0,0,0,0,0
Maruti S-Presso VXI AT,2019,475000,5000,1,21.7,998.0,67.0,5.0,0.0,0.0,1.0,1.0,0.0,0.0,6,S-Presso,833.3333333333334,1,0.06713426853707415,30000,1453.8999999999999,0,0,0,1,0,0,0,0,0,0
Ford Ecosport 1.5 Diesel Titanium,2014,550000,105000,1,21.7,1498.0,98.96,5.0,1.0,0.0,0.0,0.0,0.0,1.0,11,Ecosport,9545.454545454546,2,0.06606141522029373,1155000,2147.432,1,0,0,0,0,0,0,0,0,0
Maruti Ritz VXi,2012,320000,40000,1,18.5,1197.0,85.8,5.0,0.0,0.0,1.0,1.0,0.0,1.0,13,Ritz,3076.923076923077,1,0.07167919799498747,520000,1587.3,0,0,0,1,0,0,0,0,0,0
Maruti Swift ZDi,2014,530000,90000,1,22.9,1248.0,74.0,5.0,1.0,0.0,0.0,1.0,0.0,1.0,11,Swift,8181.818181818182,2,0.05929487179487179,990000,1694.6,0,0,0,1,0,0,0,0,0,0
Maruti Alto 800 LXI,2018,300000,30000,1,24.7,796.0,47.3,5.0,0.0,0.0,1.0,1.0,0.0,1.0,7,Alto,4285.714285714285,1,0.059422110552763814,210000,1168.31,0,0,0,1,0,0,0,0,0,0
Honda City i-VTEC VX,2018,1180000,5500,1,17.4,1497.0,117.6,5.0,0.0,0.0,1.0,1.0,0.0,1.0,7,City,785.7142857142857,1,0.0785571142284569,38500,2046.2399999999998,0,1,0,0,0,0,0,0,0,0
Hyundai EON Sportz,2012,190000,65000,1,21.1,814.0,55.2,5.0,0.0,0.0,1.0,1.0,0.0,1.0,13,EON,5000.0,1,0.06781326781326781,845000,1164.72,0,0,1,0,0,0,0,0,0,0
Maruti Swift VDI Optional,2015,530000,120000,1,25.2,1248.0,74.0,5.0,1.0,0.0,0.0,1.0,0.0,1.0,10,Swift,12000.0,2,0.05929487179487179,1200000,1864.8,0,0,0,1,0,0,0,0,0,0
Ford Figo 1.2P Titanium MT,2019,530000,9500,1,18.16,1196.0,86.8,5.0,0.0,0.0,1.0,1.0,0.0,1.0,6,Figo,1583.3333333333333,1,0.0725752508361204,57000,1576.288,1,0,0,0,0,0,0,0,0,0
Maruti Ciaz Alpha Diesel,2019,1025000,32000,1,28.09,1248.0,88.5,5.0,1.0,0.0,0.0,1.0,0.0,1.0,6,Ciaz,5333.333333333333,2,0.07091346153846154,192000,2485.965,0,0,0,1,0,0,0,0,0,0
Maruti Alto LXi,2009,130000,60000,1,19.7,796.0,46.3,5.0,0.0,0.0,1.0,1.0,0.0,1.0,16,Alto,3750.0,1,0.05816582914572864,960000,912.1099999999999,0,0,0,1,0,0,0,0,0,0
Hyundai Santro Xing XK eRLX EuroIII,2007,120000,120000,2,17.8,1086.0,63.0,5.0,0.0,0.0,1.0,1.0,0.0,1.0,18,Santro,6666.666666666667,2,0.058011049723756904,2160000,1121.4,0,0,1,0,0,0,0,0,0,0
Hyundai Grand i10 Magna,2017,470000,50000,1,18.9,1197.0,82.0,5.0,0.0,0.0,1.0,1.0,0.0,1.0,8,Grand,6250.0,2,0.06850459482038429,400000,1549.8,0,0,1,0,0,0,0,0,0,0
Tata Indigo CS eLX BS IV,2014,250000,50000,2,25.0,1396.0,69.01,5.0,1.0,0.0,0.0,1.0,0.0,1.0,11,Indigo,4545.454545454545,1,0.04943409742120344,550000,1725.2500000000002,0,0,0,0,0,0,0,1,0,0
Maruti Swift Dzire VXI,2015,500000,117000,1,20.85,1197.0,83.14,5.0,0.0,0.0,1.0,1.0,0.0,1.0,10,Swift,11700.0,2,0.06945697577276524,1170000,1733.469,0,0,0,1,0,0,0,0,0,0
Honda City 2017-2020 GXi,2008,240000,90000,2,17.7,1497.0,78.0,5.0,0.0,0.0,1.0,1.0,0.0,1.0,17,City,5294.117647058823,2,0.052104208416833664,1530000,1380.6,0,1,0,0,0,0,0,0,0,0
Maruti Swift VXI BSIII,2008,170000,80000,3,16.1,1298.0,88.2,5.0,0.0,0.0,1.0,1.0,0.0,1.0,17,Swift,4705.882352941177,1,0.0679506933744222,1360000,1420.0200000000002,0,0,0,1,0,0,0,0,0,0
Maruti Alto 800 LXI,2016,252000,30000,1,22.74,796.0,47.3,5.0,0.0,0.0,1.0,1.0,0.0,1.0,9,Alto,3333.3333333333335,1,0.059422110552763814,270000,1075.6019999999999,0,0,0,1,0,0,0,0,0,0
Maruti Alto 800 LXI,2017,270000,35000,1,24.7,796.0,47.3,5.0,0.0,0.0,1.0,1.0,0.0,1.0,8,Alto,4375.0,1,0.059422110552763814,280000,1168.31,0,0,0,1,0,0,0,0,0,0
Maruti Alto LX,2004,100000,40000,1,19.7,796.0,46.3,5.0,0.0,0.0,1.0,1.0,0.0,1.0,21,Alto,1904.7619047619048,1,0.05816582914572864,840000,912.1099999999999,0,0,0,1,0,0,0,0,0,0
Maruti Wagon R VXI BS IV,2015,350000,46357,2,20.51,998.0,67.04,5.0,0.0,0.0,1.0,1.0,0.0,1.0,10,Wagon,4635.7,1,0.06717434869739479,463570,1374.9904000000001,0,0,0,1,0,0,0,0,0,0
Ford Fiesta 1.4 ZXi Duratec,2011,240000,80000,2,16.6,1388.0,68.0,5.0,0.0,0.0,1.0,1.0,0.0,1.0,14,Fiesta,5714.285714285715,2,0.04899135446685879,1120000,1128.8000000000002,1,0,0,0,0,0,0,0,0,0
Ford Figo Aspire Titanium Diesel,2016,650000,85000,1,24.4,1499.0,98.96,5.0,1.0,0.0,0.0,0.0,0.0,1.0,9,Figo,9444.444444444445,2,0.06601734489659773,765000,2414.624,1,0,0,0,0,0,0,0,0,0
Maruti Swift VDI Optional,2017,660000,56000,1,25.2,1248.0,74.0,5.0,1.0,0.0,0.0,1.0,0.0,1.0,8,Swift,7000.0,2,0.05929487179487179,448000,1864.8,0,0,0,1,0,0,0,0,0,0
Hyundai i20 Sportz 1.4 CRDi,2012,360000,90000,2,21.9,1396.0,88.76,5.0,1.0,0.0,0.0,1.0,0.0,1.0,13,i20,6923.076923076923,2,0.06358166189111748,1170000,1943.844,0,0,1,0,0,0,0,0,0,0
Maruti Alto K10 VXI Airbag,2017,382000,40000,1,23.95,998.0,67.1,5.0,0.0,0.0,1.0,1.0,0.0,1.0,8,Alto,5000.0,1,0.06723446893787574,320000,1607.0449999999998,0,0,0,1,0,0,0,0,0,0
Hyundai Santro Xing XS eRLX Euro III,2006,145000,80000,2,19.5,1248.0,81.83,5.0,0.0,0.0,1.0,1.0,0.0,1.0,19,Santro,4210.526315789473,1,0.06556891025641025,1520000,1595.685,0,0,1,0,0,0,0,0,0,0
Hyundai i10 Magna 1.1L,2011,270000,60000,2,19.81,1086.0,68.05,5.0,0.0,0.0,1.0,1.0,0.0,1.0,14,i10,4285.714285714285,1,0.06266114180478821,840000,1348.0704999999998,0,0,1,0,0,0,0,0,0,0
Hyundai i20 2015-2017 Sportz Option 1.4 CRDi,2015,650000,70000,1,22.54,1396.0,88.73,5.0,1.0,0.0,0.0,1.0,0.0,1.0,10,i20,7000.0,2,0.06356017191977077,700000,1999.9742,0,0,1,0,0,0,0,0,0,0
Ford Figo Diesel Titanium,2011,200000,170000,2,20.0,1399.0,68.0,5.0,1.0,0.0,0.0,1.0,0.0,1.0,14,Figo,12142.857142857143,2,0.04860614724803431,2380000,1360.0,1,0,0,0,0,0,0,0,0,0
Maruti Celerio LDi,2015,400000,95000,1,27.62,793.0,47.0,5.0,1.0,0.0,0.0,1.0,0.0,1.0,10,Celerio,9500.0,2,0.05926860025220681,950000,1298.14,0,0,0,1,0,0,0,0,0,0
Maruti Swift VDI,2012,416000,90000,2,22.9,1248.0,74.0,5.0,1.0,0.0,0.0,1.0,0.0,1.0,13,Swift,6923.076923076923,2,0.05929487179487179,1170000,1694.6,0,0,0,1,0,0,0,0,0,0
Maruti Baleno Alpha Diesel,2018,750000,35000,1,27.39,1248.0,74.0,5.0,1.0,0.0,0.0,1.0,0.0,1.0,7,Baleno,5000.0,1,0.05929487179487179,245000,2026.8600000000001,0,0,0,1,0,0,0,0,0,0
Tata Indica Vista Quadrajet VX,2013,190000,120000,2,22.3,1248.0,74.0,5.0,1.0,0.0,0.0,1.0,0.0,1.0,12,Indica,10000.0,2,0.05929487179487179,1440000,1650.2,0,0,0,0,0,0,0,1,0,0
Tata Indica V2 2001-2011 DLS BSIII,2008,60000,120000,4,17.88,1396.0,52.8,5.0,1.0,0.0,0.0,1.0,0.0,1.0,17,Indica,7058.823529411765,2,0.03782234957020057,2040000,944.0639999999999,0,0,0,0,0,0,0,1,0,0
Maruti Wagon R LX Minor,2013,300000,90000,2,18.9,998.0,67.1,5.0,0.0,0.0,1.0,1.0,0.0,1.0,12,Wagon,7500.0,2,0.06723446893787574,1080000,1268.1899999999998,0,0,0,1,0,0,0,0,0,0
Tata Indica V2 DLS,2007,65000,120000,3,17.2,1396.0,53.5,5.0,1.0,0.0,0.0,1.0,0.0,1.0,18,Indica,6666.666666666667,2,0.03832378223495702,2160000,920.1999999999999,0,0,0,0,0,0,0,1,0,0
Ford Fiesta Classic 1.4 Duratorq CLXI,2012,270000,108000,2,17.8,1399.0,67.0,5.0,1.0,0.0,0.0,1.0,0.0,1.0,13,Fiesta,8307.692307692309,2,0.04789135096497498,1404000,1192.6000000000001,1,0,0,0,0,0,0,0,0,0
Hyundai EON Sportz,2012,195000,35000,2,21.1,814.0,55.2,5.0,0.0,0.0,1.0,1.0,0.0,1.0,13,EON,2692.3076923076924,1,0.06781326781326781,455000,1164.72,0,0,1,0,0,0,0,0,0,0
Tata Indigo CS LX (TDI) BS III,2008,100000,120000,1,19.09,1396.0,69.0,5.0,1.0,0.0,0.0,1.0,0.0,1.0,17,Indigo,7058.823529411765,2,0.0494269340974212,2040000,1317.21,0,0,0,0,0,0,0,1,0,0
Hyundai i10 Magna,2012,220000,67000,2,20.36,1197.0,78.9,5.0,0.0,0.0,1.0,1.0,0.0,1.0,13,i10,5153.846153846154,2,0.06591478696741855,871000,1606.404,0,0,1,0,0,0,0,0,0,0
Maruti Alto 800 VXI,2016,320000,46737,1,22.74,796.0,47.3,5.0,0.0,0.0,1.0,1.0,0.0,1.0,9,Alto,5193.0,2,0.059422110552763814,420633,1075.6019999999999,0,0,0,1,0,0,0,0,0,0
Chevrolet Beat LT,2014,240000,30000,1,18.6,1199.0,76.8,5.0,0.0,0.0,1.0,1.0,0.0,1.0,11,Beat,2727.2727272727275,1,0.0640533778148457,330000,1428.48,0,0,0,0,0,0,0,0,0,0
Tata Indica Vista Aura 1.2 Safire BSIV,2011,130000,70000,2,16.5,1172.0,65.0,5.0,0.0,0.0,1.0,1.0,0.0,1.0,14,Indica,5000.0,1,0.05546075085324232,980000,1072.5,0,0,0,0,0,0,0,1,0,0
Renault Duster 110PS Diesel RxZ,2015,600000,160000,1,19.01,1461.0,108.45,5.0,1.0,0.0,0.0,1.0,0.0,1.0,10,Duster,16000.0,3,0.0742299794661191,1600000,2061.6345,0,0,0,0,0,0,1,0,0,0
Maruti Alto 800 LXI Optional,2018,310000,20000,1,24.7,796.0,47.3,5.0,0.0,0.0,1.0,1.0,0.0,1.0,7,Alto,2857.1428571428573,1,0.059422110552763814,140000,1168.31,0,0,0,1,0,0,0,0,0,0
Maruti Wagon R VXI Optional,2018,432000,30000,1,20.51,998.0,67.04,5.0,0.0,0.0,1.0,1.0,0.0,1.0,7,Wagon,4285.714285714285,1,0.06717434869739479,210000,1374.9904000000001,0,0,0,1,0,0,0,0,0,0
Tata Indica Vista TDI LS,2012,175000,90000,3,19.4,1405.0,70.0,5.0,1.0,0.0,0.0,1.0,0.0,1.0,13,Indica,6923.076923076923,2,0.0498220640569395,1170000,1358.0,0,0,0,0,0,0,0,1,0,0
Maruti Alto K10 LXI,2011,135000,110048,3,20.92,998.0,67.1,5.0,0.0,0.0,1.0,1.0,0.0,1.0,14,Alto,7860.571428571428,2,0.06723446893787574,1540672,1403.732,0,0,0,1,0,0,0,0,0,0
Hyundai Xcent 1.2 CRDi E Plus,2018,680000,26000,1,25.4,1186.0,73.97,5.0,1.0,0.0,0.0,1.0,0.0,1.0,7,Xcent,3714.285714285714,1,0.062369308600337264,182000,1878.838,0,0,1,0,0,0,0,0,0,0
Maruti Wagon R LXI Minor,2007,90000,110000,4,18.9,1061.0,67.0,5.0,0.0,0.0,1.0,1.0,0.0,1.0,18,Wagon,6111.111111111111,2,0.06314797360980208,1980000,1266.3,0,0,0,1,0,0,0,0,0,0
Chevrolet Aveo U-VA 1.2 LT,2007,100000,60000,3,14.7,1150.0,76.0,5.0,0.0,0.0,1.0,1.0,0.0,1.0,18,Aveo,3333.3333333333335,1,0.06608695652173913,1080000,1117.2,0,0,0,0,0,0,0,0,0,0
Maruti Alto LXi BSIII,2006,120000,70000,3,19.7,796.0,46.3,5.0,0.0,0.0,1.0,1.0,0.0,1.0,19,Alto,3684.2105263157896,1,0.05816582914572864,1330000,912.1099999999999,0,0,0,1,0,0,0,0,0,0
Renault Duster RXZ 110PS AMT BSIV,2017,750000,20171,1,19.87,1461.0,108.5,5.0,1.0,0.0,0.0,0.0,0.0,0.0,8,Duster,2521.375,1,0.07426420260095824,161368,2155.895,0,0,0,0,0,0,1,0,0,0
Honda Jazz V Diesel,2017,525000,37151,1,27.3,1498.0,98.6,5.0,1.0,0.0,0.0,0.0,0.0,1.0,8,Jazz,4643.875,1,0.06582109479305741,297208,2691.7799999999997,0,1,0,0,0,0,0,0,0,0
Honda City i VTEC VX Option,2015,649000,39000,1,17.4,1497.0,117.3,5.0,0.0,0.0,1.0,0.0,0.0,1.0,10,City,3900.0,1,0.0783567134268537,390000,2041.0199999999998,0,1,0,0,0,0,0,0,0,0
Volkswagen Polo Select 1.2 MPI Highline,2010,210000,44500,1,16.47,1198.0,74.0,5.0,0.0,0.0,1.0,0.0,0.0,1.0,15,Polo,2966.6666666666665,1,0.06176961602671119,667500,1218.78,0,0,0,0,0,0,0,0,0,1
Honda Jazz 1.2 VX i VTEC,2016,526000,15000,1,18.7,1199.0,88.7,5.0,0.0,0.0,1.0,0.0,0.0,1.0,9,Jazz,1666.6666666666667,1,0.07397831526271893,135000,1658.69,0,1,0,0,0,0,0,0,0,0
Ford Ecosport 1.5 Petrol Titanium,2016,599000,39000,1,15.9,1496.0,120.69,5.0,0.0,0.0,1.0,0.0,0.0,1.0,9,Ecosport,4333.333333333333,1,0.08067513368983957,351000,1918.971,1,0,0,0,0,0,0,0,0,0
Honda City i VTEC S,2015,500000,58161,1,17.8,1497.0,117.3,5.0,0.0,0.0,1.0,0.0,0.0,1.0,10,City,5816.1,2,0.0783567134268537,581610,2087.94,0,1,0,0,0,0,0,0,0,0
Honda City i-VTEC V,2011,325000,40000,1,17.4,1497.0,117.6,5.0,0.0,0.0,1.0,0.0,0.0,1.0,14,City,2857.1428571428573,1,0.0785571142284569,560000,2046.2399999999998,0,1,0,0,0,0,0,0,0,0
Honda City i VTEC SV,2016,575000,55161,1,17.8,1497.0,117.3,5.0,0.0,0.0,1.0,0.0,0.0,1.0,9,City,6129.0,2,0.0783567134268537,496449,2087.94,0,1,0,0,0,0,0,0,0,0
Honda Brio 1.2 S MT,2012,245000,30000,1,18.5,1198.0,86.8,5.0,0.0,0.0,1.0,0.0,0.0,1.0,13,Brio,2307.6923076923076,1,0.07245409015025041,390000,1605.8,0,1,0,0,0,0,0,0,0,0
Honda City i VTEC V,2016,625000,55000,1,17.8,1497.0,117.3,5.0,0.0,0.0,1.0,0.0,0.0,1.0,9,City,6111.111111111111,2,0.0783567134268537,495000,2087.94,0,1,0,0,0,0,0,0,0,0
Honda City i VTEC SV,2015,575000,9599,1,17.8,1497.0,117.3,5.0,0.0,0.0,1.0,0.0,0.0,1.0,10,City,959.9,1,0.0783567134268537,95990,2087.94,0,1,0,0,0,0,0,0,0,0
Hyundai i20 Asta (o),2017,600000,35000,1,17.0,1197.0,80.0,5.0,0.0,0.0,1.0,0.0,0.0,1.0,8,i20,4375.0,1,0.06683375104427736,280000,1360.0,0,0,1,0,0,0,0,0,0,0
Honda City i VTEC VX Option,2016,750000,16151,1,17.8,1497.0,117.3,5.0,0.0,0.0,1.0,0.0,0.0,1.0,9,City,1794.5555555555557,1,0.0783567134268537,145359,2087.94,0,1,0,0,0,0,0,0,0,0
Honda City i VTEC V,2015,600000,28161,1,17.8,1497.0,117.3,5.0,0.0,0.0,1.0,0.0,0.0,1.0,10,City,2816.1,1,0.0783567134268537,281610,2087.94,0,1,0,0,0,0,0,0,0,0
Chevrolet Spark 1.0 LS,2010,114999,60000,2,18.0,995.0,62.0,5.0,0.0,0.0,1.0,1.0,0.0,1.0,15,Spark,4000.0,1,0.062311557788944726,900000,1116.0,0,0,0,0,0,0,0,0,0,0
Chevrolet Spark 1.0 LS,2010,140000,60000,2,18.0,995.0,62.0,5.0,0.0,0.0,1.0,1.0,0.0,1.0,15,Spark,4000.0,1,0.062311557788944726,900000,1116.0,0,0,0,0,0,0,0,0,0,0
Ford Figo Aspire Facelift,2017,580000,165000,1,19.5,1248.0,81.83,5.0,1.0,0.0,0.0,1.0,0.0,1.0,8,Figo,20625.0,3,0.06556891025641025,1320000,1595.685,1,0,0,0,0,0,0,0,0,0
Maruti Swift Dzire Tour S CNG,2017,500000,130000,2,19.0,1197.0,85.8,5.0,0.0,0.0,1.0,1.0,0.0,1.0,8,Swift,16250.0,3,0.07167919799498747,1040000,1630.2,0,0,0,1,0,0,0,0,0,0
Honda Amaze VX O iDTEC,2015,409999,60000,1,25.8,1498.0,98.6,5.0,1.0,0.0,0.0,1.0,0.0,1.0,10,Amaze,6000.0,2,0.06582109479305741,600000,2543.88,0,1,0,0,0,0,0,0,0,0
Nissan Terrano XL 85 PS,2014,450000,82000,2,20.45,1461.0,83.8,5.0,1.0,0.0,0.0,1.0,0.0,1.0,11,Terrano,7454.545454545455,2,0.05735797399041752,902000,1713.7099999999998,0,0,0,0,1,0,0,0,0,0
Hyundai Grand i10 Magna,2014,400000,20000,1,18.9,1197.0,82.0,5.0,0.0,0.0,1.0,1.0,0.0,1.0,11,Grand,1818.1818181818182,1,0.06850459482038429,220000,1549.8,0,0,1,0,0,0,0,0,0,0
Maruti SX4 ZXI MT BSIV,2013,295000,60000,3,16.51,1586.0,103.2,5.0,0.0,0.0,1.0,1.0,0.0,1.0,12,SX4,5000.0,1,0.06506935687263557,720000,1703.832,0,0,0,1,0,0,0,0,0,0
Maruti Ciaz ZDi,2014,560000,90000,2,26.21,1248.0,88.5,5.0,1.0,0.0,0.0,1.0,0.0,1.0,11,Ciaz,8181.818181818182,2,0.07091346153846154,990000,2319.585,0,0,0,1,0,0,0,0,0,0
Maruti Wagon R LXI BSIII,2006,150000,50000,3,14.0,1061.0,64.0,5.0,0.0,0.0,1.0,1.0,0.0,1.0,19,Wagon,2631.5789473684213,1,0.060320452403393024,950000,896.0,0,0,0,1,0,0,0,0,0,0
Chevrolet Spark 1.0 LS,2011,114999,100000,2,18.0,995.0,62.0,5.0,0.0,0.0,1.0,1.0,0.0,1.0,14,Spark,7142.857142857143,2,0.062311557788944726,1400000,1116.0,0,0,0,0,0,0,0,0,0,0
Tata Indigo LS,2007,90177,129000,3,17.0,1405.0,70.0,5.0,1.0,0.0,0.0,1.0,0.0,1.0,18,Indigo,7166.666666666667,2,0.0498220640569395,2322000,1190.0,0,0,0,0,0,0,0,1,0,0
Honda City ZXi AT,2005,110000,100000,2,12.0,1493.0,100.0,5.0,0.0,0.0,1.0,1.0,0.0,0.0,20,City,5000.0,1,0.06697923643670463,2000000,1200.0,0,1,0,0,0,0,0,0,0,0
Ford Fiesta 1.4 Duratorq EXI,2007,125000,110000,3,17.8,1399.0,68.0,5.0,1.0,0.0,0.0,1.0,0.0,1.0,18,Fiesta,6111.111111111111,2,0.04860614724803431,1980000,1210.4,1,0,0,0,0,0,0,0,0,0
Hyundai Grand i10 1.2 Kappa Magna BSIV,2017,450000,20000,1,18.9,1197.0,81.86,5.0,0.0,0.0,1.0,1.0,0.0,1.0,8,Grand,2500.0,1,0.0683876357560568,160000,1547.1539999999998,0,0,1,0,0,0,0,0,0,0
Maruti Celerio ZXI AMT BSIV,2018,470000,30000,1,23.1,998.0,67.04,5.0,0.0,0.0,1.0,1.0,0.0,0.0,7,Celerio,4285.714285714285,1,0.06717434869739479,210000,1548.6240000000003,0,0,0,1,0,0,0,0,0,0
Tata Bolt Revotron XM,2015,330000,25000,1,17.57,1193.0,88.7,5.0,0.0,0.0,1.0,1.0,0.0,1.0,10,Bolt,2500.0,1,0.07435037720033529,250000,1558.459,0,0,0,0,0,0,0,1,0,0
Maruti Wagon R VXI Plus,2018,390000,25000,2,20.51,998.0,67.04,5.0,0.0,0.0,1.0,1.0,0.0,1.0,7,Wagon,3571.4285714285716,1,0.06717434869739479,175000,1374.9904000000001,0,0,0,1,0,0,0,0,0,0
Nissan Terrano XL Plus 85 PS,2013,509999,170000,1,20.45,1461.0,83.8,5.0,1.0,0.0,0.0,1.0,0.0,1.0,12,Terrano,14166.666666666666,2,0.05735797399041752,2040000,1713.7099999999998,0,0,0,0,1,0,0,0,0,0
Fiat Linea Emotion,2010,125000,40000,2,16.0,1368.0,90.0,5.0,0.0,0.0,1.0,1.0,0.0,1.0,15,Linea,2666.6666666666665,1,0.06578947368421052,600000,1440.0,0,0,0,0,0,1,0,0,0,0
Hyundai i20 2015-2017 Asta Option 1.4 CRDi,2017,780000,28000,1,22.54,1396.0,88.73,5.0,1.0,0.0,0.0,1.0,0.0,1.0,8,i20,3500.0,1,0.06356017191977077,224000,1999.9742,0,0,1,0,0,0,0,0,0,0
Tata Manza Aura (ABS) Safire BS IV,2012,200000,80868,3,13.7,1368.0,88.8,5.0,0.0,0.0,1.0,1.0,0.0,1.0,13,Manza,6220.615384615385,2,0.06491228070175438,1051284,1216.56,0,0,0,0,0,0,0,1,0,0
Maruti Swift Vdi BSIII,2009,250000,151000,2,17.8,1248.0,75.0,5.0,1.0,0.0,0.0,1.0,0.0,1.0,16,Swift,9437.5,2,0.06009615384615385,2416000,1335.0,0,0,0,1,0,0,0,0,0,0
Ford EcoSport 1.5 Diesel Titanium BSIV,2018,880000,65000,1,23.0,1498.0,98.96,5.0,1.0,0.0,0.0,1.0,0.0,1.0,7,EcoSport,9285.714285714286,2,0.06606141522029373,455000,2276.08,1,0,0,0,0,0,0,0,0,0
Maruti Swift Vdi BSIII,2009,307000,100000,2,17.8,1248.0,75.0,5.0,1.0,0.0,0.0,1.0,0.0,1.0,16,Swift,6250.0,2,0.06009615384615385,1600000,1335.0,0,0,0,1,0,0,0,0,0,0
Tata Nexon 1.5 Revotorq XT,2018,800000,85000,2,21.5,1497.0,108.5,5.0,1.0,0.0,0.0,1.0,0.0,1.0,7,Nexon,12142.857142857143,2,0.07247828991315965,595000,2332.75,0,0,0,0,0,0,0,1,0,0
Fiat Grande Punto 1.3 Dynamic (Diesel),2012,450000,70000,1,20.3,1248.0,75.0,5.0,1.0,0.0,0.0,1.0,0.0,1.0,13,Grande,5384.615384615385,2,0.06009615384615385,910000,1522.5,0,0,0,0,0,1,0,0,0,0
Maruti Swift 1.3 VXi,2006,130000,100000,2,19.5,1248.0,81.83,5.0,0.0,0.0,1.0,1.0,0.0,1.0,19,Swift,5263.1578947368425,2,0.06556891025641025,1900000,1595.685,0,0,0,1,0,0,0,0,0,0
Honda City 2017-2020 VTEC,2006,160000,70000,2,16.9,1497.0,100.0,5.0,0.0,0.0,1.0,1.0,0.0,1.0,19,City,3684.2105263157896,1,0.06680026720106881,1330000,1689.9999999999998,0,1,0,0,0,0,0,0,0,0
Honda City 1.3 EXI,2004,135000,120000,2,13.0,1343.0,90.0,5.0,0.0,0.0,1.0,1.0,0.0,1.0,21,City,5714.285714285715,2,0.06701414743112435,2520000,1170.0,0,1,0,0,0,0,0,0,0,0
Renault Duster 85PS Diesel RxL Plus,2013,325000,100000,3,20.45,1461.0,83.8,5.0,1.0,0.0,0.0,1.0,0.0,1.0,12,Duster,8333.333333333334,2,0.05735797399041752,1200000,1713.7099999999998,0,0,0,0,0,0,1,0,0,0
Ford Freestyle Titanium Plus Diesel BSIV,2018,750000,24000,1,24.4,1498.0,98.63,5.0,1.0,0.0,0.0,1.0,0.0,1.0,7,Freestyle,3428.5714285714284,1,0.0658411214953271,168000,2406.5719999999997,1,0,0,0,0,0,0,0,0,0
Maruti Celerio VXI,2017,425000,12000,1,23.1,998.0,67.04,5.0,0.0,0.0,1.0,1.0,0.0,1.0,8,Celerio,1500.0,1,0.06717434869739479,96000,1548.6240000000003,0,0,0,1,0,0,0,0,0,0
Toyota Etios Cross 1.4L GD,2014,425000,50000,1,23.59,1364.0,67.06,5.0,1.0,0.0,0.0,1.0,0.0,1.0,11,Etios,4545.454545454545,1,0.04916422287390029,550000,1581.9454,0,0,0,0,0,0,0,0,1,0
Ford Freestyle Titanium Plus Diesel BSIV,2018,746000,24000,1,24.4,1498.0,98.63,5.0,1.0,0.0,0.0,1.0,0.0,1.0,7,Freestyle,3428.5714285714284,1,0.0658411214953271,168000,2406.5719999999997,1,0,0,0,0,0,0,0,0,0
Maruti Alto LXi,2011,200000,73000,1,19.7,796.0,46.3,5.0,0.0,0.0,1.0,1.0,0.0,1.0,14,Alto,5214.285714285715,2,0.05816582914572864,1022000,912.1099999999999,0,0,0,1,0,0,0,0,0,0
Maruti Alto K10 VXI Airbag,2017,340000,45000,1,23.95,998.0,67.1,5.0,0.0,0.0,1.0,1.0,0.0,1.0,8,Alto,5625.0,2,0.06723446893787574,360000,1607.0449999999998,0,0,0,1,0,0,0,0,0,0
Hyundai i20 Magna,2013,380000,25000,1,18.5,1197.0,82.85,5.0,0.0,0.0,1.0,1.0,0.0,1.0,12,i20,2083.3333333333335,1,0.06921470342522974,300000,1532.725,0,0,1,0,0,0,0,0,0,0
Maruti Wagon R LXI Optional,2017,360000,80000,1,20.51,998.0,67.04,5.0,0.0,0.0,1.0,1.0,0.0,1.0,8,Wagon,10000.0,2,0.06717434869739479,640000,1374.9904000000001,0,0,0,1,0,0,0,0,0,0
Maruti Wagon R VXI BS IV with ABS,2013,260000,50000,2,18.9,998.0,67.1,5.0,0.0,0.0,1.0,1.0,0.0,1.0,12,Wagon,4166.666666666667,1,0.06723446893787574,600000,1268.1899999999998,0,0,0,1,0,0,0,0,0,0
Hyundai i20 Magna 1.4 CRDi,2014,475000,80000,2,22.54,1396.0,88.73,5.0,1.0,0.0,0.0,1.0,0.0,1.0,11,i20,7272.727272727273,2,0.06356017191977077,880000,1999.9742,0,0,1,0,0,0,0,0,0,0
Hyundai i20 Magna,2013,320000,110000,1,18.5,1197.0,82.85,5.0,0.0,0.0,1.0,1.0,0.0,1.0,12,i20,9166.666666666666,2,0.06921470342522974,1320000,1532.725,0,0,1,0,0,0,0,0,0,0
Hyundai Verna CRDi SX,2007,135000,119000,4,16.8,1493.0,110.0,5.0,1.0,0.0,0.0,1.0,0.0,1.0,18,Verna,6611.111111111111,2,0.07367716008037509,2142000,1848.0,0,0,1,0,0,0,0,0,0,0
Maruti Swift Dzire ZDi,2009,382000,120000,1,19.3,1248.0,73.9,5.0,1.0,0.0,0.0,1.0,0.0,1.0,16,Swift,7500.0,2,0.059214743589743594,1920000,1426.2700000000002,0,0,0,1,0,0,0,0,0,0
