age_km_interaction,seller_type_Trustmark Dealer,brand_Toyota,brand_Ford,fuel_Diesel,mileage_power_interaction,fuel_LPG,usage_intensity,specific_power,transmission_Manual,brand_Nissan,mileage,engine,brand_Maruti,owner,brand_Renault,brand_Honda,brand_Other,max_power,fuel_Petrol,brand_Hyundai,brand_Volkswagen,km_per_year,seller_type_Individual,car_age,km_driven,brand_Tata,selling_price
1600500,0.0,0,0,1.0,1731.6,0.0,2,0.0592948717948717,1.0,0,23.4,1248.0,1,1,0,0,0,74.0,0.0,0,0,13227.272727272728,1.0,11,145500,0,450000
1320000,0.0,0,0,1.0,2188.4128,0.0,2,0.069105473965287,1.0,0,21.14,1498.0,0,2,0,0,1,103.52,0.0,0,0,10909.09090909091,1.0,11,120000,0,370000
2660000,0.0,0,0,0.0,1380.6,0.0,2,0.0521042084168336,1.0,0,17.7,1497.0,0,3,0,1,0,78.0,1.0,0,0,7368.421052631579,1.0,19,140000,0,158000
1905000,0.0,0,0,1.0,2070.0,0.0,2,0.0644699140401146,1.0,0,23.0,1396.0,0,1,0,0,0,90.0,0.0,1,0,8466.666666666666,1.0,15,127000,0,225000
2160000,0.0,0,0,0.0,1420.0200000000002,0.0,2,0.0679506933744222,1.0,0,16.1,1298.0,1,1,0,0,0,88.2,1.0,0,0,6666.666666666667,1.0,18,120000,0,130000
360000,0.0,0,0,0.0,1648.6604,0.0,2,0.0683876357560568,1.0,0,20.14,1197.0,0,1,0,0,0,81.86,1.0,1,0,5625.0,1.0,8,45000,0,440000
3150000,0.0,0,0,0.0,1342.9125,1.0,2,0.0541941564561734,1.0,0,23.355000000000004,1061.0,1,1,0,0,0,57.5,0.0,0,0,9722.222222222224,1.0,18,175000,0,96000
1260000,0.0,1,0,1.0,1582.889,0.0,2,0.0491935483870967,1.0,0,23.59,1364.0,0,1,0,0,0,67.1,0.0,0,0,6428.571428571428,1.0,14,90000,0,350000
2028000,0.0,0,1,1.0,1362.0,0.0,2,0.0486776268763402,1.0,0,20.0,1399.0,0,1,0,0,0,68.1,0.0,0,0,14083.333333333334,1.0,12,169000,0,200000
748000,0.0,0,0,1.0,2061.6345,0.0,2,0.0742299794661191,1.0,0,19.01,1461.0,0,2,1,0,0,108.45,0.0,0,0,6181.818181818182,1.0,11,68000,0,500000
2000000,0.0,0,0,0.0,1038.0,0.0,1,0.0604229607250755,1.0,0,17.3,993.0,1,2,0,0,0,60.0,1.0,0,0,5000.0,1.0,20,100000,0,92000
2240000,0.0,0,0,1.0,1426.2700000000002,0.0,2,0.0592147435897435,1.0,0,19.3,1248.0,1,2,0,0,0,73.9,0.0,0,0,8750.0,1.0,16,140000,0,280000
1440000,0.0,0,0,0.0,1595.685,0.0,1,0.0655689102564102,1.0,0,19.5,1248.0,1,2,0,0,0,81.83,1.0,0,0,4444.444444444444,1.0,18,80000,0,200000
1440000,0.0,0,0,0.0,1266.3,0.0,2,0.063147973609802,1.0,0,18.9,1061.0,1,2,0,0,0,67.0,1.0,0,0,5625.0,1.0,16,90000,0,180000
360000,0.0,0,0,0.0,1488.3,0.0,1,0.0684474123539232,1.0,0,18.15,1198.0,0,1,0,0,1,82.0,1.0,0,0,4444.444444444444,1.0,9,40000,0,400000
689000,0.0,0,0,1.0,2070.0,0.0,1,0.0644699140401146,1.0,0,23.0,1396.0,0,2,0,0,0,90.0,0.0,1,0,4076.923076923077,1.0,13,53000,0,500000
1840000,0.0,0,0,0.0,912.11,0.0,1,0.0581658291457286,1.0,0,19.7,796.0,1,2,0,0,0,46.3,1.0,0,0,3478.260869565217,1.0,23,80000,0,150000
900000,0.0,0,0,1.0,1999.9742,0.0,2,0.0635601719197707,1.0,0,22.54,1396.0,0,1,0,0,0,88.73,0.0,1,0,11111.111111111111,1.0,9,100000,0,680000
1400000,0.0,0,0,1.0,1346.1,0.0,2,0.0438740588637919,1.0,0,21.0,1461.0,0,2,0,0,1,64.1,0.0,0,0,7142.857142857143,1.0,14,100000,0,174000
400000,0.0,0,0,1.0,2514.3,0.0,2,0.0658210947930574,1.0,0,25.5,1498.0,0,1,0,1,0,98.6,0.0,0,0,6250.0,1.0,8,50000,0,950000
400000,0.0,0,0,1.0,1967.66,0.0,1,0.0592948717948717,1.0,0,26.59,1248.0,1,1,0,0,0,74.0,0.0,0,0,4000.0,1.0,10,40000,0,525000
936000,0.0,0,0,1.0,1909.2,0.0,2,0.0711538461538461,1.0,0,21.5,1248.0,1,1,0,0,0,88.8,0.0,0,0,5538.461538461538,1.0,13,72000,0,600000
245000,0.0,0,0,0.0,1701.343,0.0,1,0.0698999165971643,1.0,0,20.3,1199.0,0,1,0,0,0,83.81,1.0,0,0,5000.0,1.0,7,35000,1,500000
405000,0.0,0,0,0.0,1778.3399999999997,0.0,1,0.0694235588972431,1.0,0,21.4,1197.0,1,1,0,0,0,83.1,1.0,0,0,5000.0,1.0,9,45000,0,575000
224000,0.0,0,0,0.0,1168.31,0.0,1,0.0594221105527638,1.0,0,24.7,796.0,1,1,0,0,0,47.3,1.0,0,0,3500.0,1.0,8,28000,0,275000
1920000,0.0,0,0,0.0,1266.3,0.0,2,0.063147973609802,1.0,0,18.9,1061.0,1,1,0,0,0,67.0,1.0,0,0,7500.0,1.0,16,120000,0,220000
560000,0.0,0,0,1.0,2150.55,0.0,2,0.0709134615384615,1.0,0,24.3,1248.0,1,1,0,0,0,88.5,0.0,0,0,8750.0,1.0,8,70000,0,670000
1100000,0.0,0,0,0.0,1595.685,0.0,1,0.0655689102564102,1.0,0,19.5,1248.0,0,2,0,0,1,81.83,1.0,0,0,2272.7272727272725,1.0,22,50000,0,70000
455000,0.0,0,0,0.0,490.0,0.0,1,0.0439698492462311,1.0,0,14.0,796.0,1,2,0,0,0,35.0,1.0,0,0,2692.3076923076924,1.0,13,35000,0,150000
16716,0.0,0,0,0.0,1522.038,0.0,1,0.0683625730994152,1.0,0,18.6,1197.0,0,1,0,0,0,81.83,1.0,1,0,341.1428571428572,1.0,7,2388,0,730000
129600,0.0,0,0,1.0,2150.55,0.0,1,0.0709134615384615,1.0,0,24.3,1248.0,1,1,0,0,0,88.5,0.0,0,0,2025.0,1.0,8,16200,0,650000
90000,0.0,0,0,0.0,1607.0449999999998,0.0,1,0.0672344689378757,1.0,0,23.95,998.0,1,1,0,0,0,67.1,1.0,0,0,2500.0,1.0,6,15000,0,366000
378000,0.0,0,0,0.0,1382.21,0.0,1,0.0559265442404006,1.0,0,20.63,1198.0,0,1,0,0,1,67.0,1.0,0,0,4666.666666666667,1.0,9,42000,0,150000
202300,0.0,0,0,0.0,2087.94,0.0,1,0.0783567134268537,1.0,0,17.8,1497.0,0,1,0,1,0,117.3,1.0,0,0,4128.571428571428,0.0,7,28900,0,925000
1035600,0.0,0,0,0.0,1953.84,0.0,2,0.077688710754843,1.0,0,16.8,1497.0,0,1,0,1,0,116.3,1.0,0,0,7191.666666666667,0.0,12,86300,0,425000
163100,0.0,0,0,0.0,1538.09,0.0,1,0.0694569757727652,0.0,0,18.5,1197.0,1,1,0,0,0,83.14,1.0,0,0,3328.5714285714284,0.0,7,23300,0,675000
228200,0.0,0,0,1.0,2150.55,0.0,1,0.0709134615384615,1.0,0,24.3,1248.0,1,1,0,0,0,88.5,0.0,0,0,4657.142857142857,0.0,7,32600,0,819999
72100,0.0,0,0,0.0,1605.8475,0.0,1,0.0671843687374749,1.0,0,23.95,998.0,1,1,0,0,0,67.05,1.0,0,0,1471.428571428571,0.0,7,10300,0,390000
498000,0.0,0,0,1.0,2436.161,0.0,1,0.0658411214953271,1.0,0,24.7,1498.0,0,1,0,1,0,98.63,0.0,0,0,4980.0,0.0,10,49800,0,425000
547000,0.0,0,0,1.0,2563.6,0.0,2,0.0658210947930574,1.0,0,26.0,1498.0,0,1,0,1,0,98.6,0.0,0,0,5470.0,0.0,10,54700,0,600000
448000,0.0,0,0,0.0,2132.1125,0.0,2,0.0706224350205198,1.0,0,20.65,1462.0,1,1,0,0,0,103.25,1.0,0,0,9142.857142857143,0.0,7,64000,0,850000
630000,0.0,0,0,1.0,2691.78,0.0,2,0.0658210947930574,1.0,0,27.3,1498.0,0,1,0,1,0,98.6,0.0,0,0,6300.0,0.0,10,63000,0,525000
1680000,0.0,0,0,1.0,1875.456,0.0,2,0.0711538461538461,1.0,0,21.12,1248.0,0,1,0,0,0,88.8,0.0,0,0,8571.42857142857,1.0,14,120000,1,265000
1540000,0.0,0,0,0.0,1606.404,0.0,2,0.0659147869674185,1.0,0,20.36,1197.0,0,3,0,0,0,78.9,1.0,1,0,7857.142857142857,1.0,14,110000,0,190000
720000,0.0,0,0,1.0,1887.9252,0.0,1,0.0635816618911174,1.0,0,21.27,1396.0,0,1,0,0,0,88.76,0.0,1,0,5000.0,1.0,12,60000,0,425000
1470000,0.0,0,0,1.0,1967.66,0.0,2,0.0592948717948717,1.0,0,26.59,1248.0,1,2,0,0,0,74.0,0.0,0,0,14700.0,1.0,10,147000,0,630000
200000,0.0,0,1,0.0,1576.288,0.0,1,0.0725752508361204,1.0,0,18.16,1196.0,0,3,0,0,0,86.8,1.0,0,0,3125.0,1.0,8,25000,0,600000
180000,0.0,0,0,0.0,1778.3399999999997,0.0,1,0.0694235588972431,1.0,0,21.4,1197.0,1,1,0,0,0,83.1,1.0,0,0,5000.0,1.0,6,30000,0,650000
360000,0.0,0,0,1.0,2386.8900000000003,0.0,1,0.0724265687583444,1.0,0,22.0,1498.0,0,1,0,0,0,108.495,0.0,0,1,4444.444444444444,1.0,9,40000,0,540000
1350000,0.0,0,0,1.0,2474.86,0.0,2,0.0658210947930574,1.0,0,25.1,1498.0,0,1,0,1,0,98.6,0.0,0,0,13500.0,1.0,10,135000,0,630000
210000,0.0,0,0,0.0,1374.17,0.0,1,0.0671342685370741,0.0,0,20.51,998.0,1,1,0,0,0,67.0,1.0,0,0,4285.714285714285,1.0,7,30000,0,448000
640000,0.0,0,0,1.0,2352.7092,0.0,2,0.0725100133511348,1.0,0,21.66,1498.0,0,1,0,0,0,108.62,0.0,0,1,10000.0,1.0,8,80000,0,500000
630000,0.0,0,0,1.0,2150.55,0.0,2,0.0709134615384615,1.0,0,24.3,1248.0,1,1,0,0,0,88.5,0.0,0,0,7777.777777777777,1.0,9,70000,0,745000
59100,0.0,0,0,1.0,2150.55,0.0,1,0.0709134615384615,0.0,0,24.3,1248.0,1,1,0,0,0,88.5,0.0,0,0,1641.6666666666667,1.0,6,9850,0,1025000
840000,0.0,0,0,0.0,1606.404,0.0,1,0.0659147869674185,1.0,0,20.36,1197.0,0,2,0,0,0,78.9,1.0,1,0,4285.714285714285,1.0,14,60000,0,235000
630000,0.0,0,0,1.0,1864.8,0.0,2,0.0592948717948717,1.0,0,25.2,1248.0,1,1,0,0,0,74.0,0.0,0,0,7777.777777777777,1.0,9,70000,0,630000
1440000,0.0,0,0,1.0,1694.6,0.0,2,0.0592948717948717,1.0,0,22.9,1248.0,1,2,0,0,0,74.0,0.0,0,0,10000.0,1.0,12,120000,0,450000
1540000,0.0,0,0,1.0,1595.685,0.0,1,0.0655689102564102,1.0,0,19.5,1248.0,0,1,0,0,0,81.83,0.0,0,0,3181.818181818182,1.0,22,70000,1,50000
2040000,0.0,0,0,1.0,2127.944,0.0,2,0.0648310387984981,1.0,0,20.54,1598.0,0,1,0,0,0,103.6,0.0,0,1,14166.666666666666,1.0,12,170000,0,450000
900000,0.0,0,1,1.0,2244.8943,0.0,2,0.0658144192256341,1.0,0,22.77,1498.0,0,1,0,0,0,98.59,0.0,0,0,9000.0,1.0,10,90000,0,610000
80000,0.0,0,0,0.0,1548.6240000000005,0.0,1,0.0671743486973947,1.0,0,23.1,998.0,1,1,0,0,0,67.04,1.0,0,0,1250.0,0.0,8,10000,0,484999
441000,0.0,0,0,0.0,1275.291,0.0,2,0.0559682804674457,1.0,0,19.02,1198.0,0,1,0,0,1,67.05,1.0,0,0,5444.444444444444,0.0,9,49000,0,275000
288000,0.0,0,0,0.0,1168.31,0.0,1,0.0594221105527638,1.0,0,24.7,796.0,1,1,0,0,0,47.3,1.0,0,0,3555.555555555556,0.0,9,32000,0,315000
342000,0.0,0,0,0.0,1168.31,0.0,1,0.0594221105527638,1.0,0,24.7,796.0,1,1,0,0,0,47.3,1.0,0,0,4222.222222222223,0.0,9,38000,0,275000
780000,0.0,0,0,1.0,1595.685,0.0,2,0.0655689102564102,1.0,0,19.5,1248.0,1,1,0,0,0,81.83,0.0,0,0,7800.0,0.0,10,78000,0,475000
364000,0.0,0,0,0.0,1348.0704999999998,0.0,1,0.0626611418047882,1.0,0,19.81,1086.0,0,1,0,0,0,68.05,1.0,1,0,2153.846153846154,0.0,13,28000,0,290000
256000,0.0,0,0,0.0,490.0,0.0,1,0.0439698492462311,1.0,0,14.0,796.0,1,1,0,0,0,35.0,1.0,0,0,4000.0,0.0,8,32000,0,280000
420000,0.0,0,0,0.0,1218.78,0.0,1,0.0617696160267111,1.0,0,16.47,1198.0,0,1,0,0,0,74.0,1.0,0,1,4200.0,0.0,10,42000,0,455000
450000,0.0,0,0,0.0,1348.0704999999998,0.0,1,0.0626611418047882,1.0,0,19.81,1086.0,0,2,0,0,0,68.05,1.0,1,0,4500.0,0.0,10,45000,0,351000
156000,0.0,0,0,0.0,1558.1439999999998,0.0,1,0.0648310387984981,1.0,0,15.04,1598.0,0,2,0,0,0,103.6,1.0,0,1,923.0769230769232,0.0,13,12000,0,535000
888000,0.0,0,0,0.0,1221.2199999999998,0.0,1,0.0672344689378757,1.0,0,18.2,998.0,1,1,0,0,0,67.1,1.0,0,0,3468.75,0.0,16,55500,0,175000
738000,0.0,0,0,0.0,1532.725,0.0,2,0.0692147034252297,1.0,0,18.5,1197.0,0,1,0,0,0,82.85,1.0,1,0,5125.0,0.0,12,61500,0,525000
1350000,0.0,0,0,1.0,1967.66,0.0,3,0.0592948717948717,1.0,0,26.59,1248.0,1,1,0,0,0,74.0,0.0,0,0,16666.666666666668,1.0,9,150000,0,600000
648000,0.0,0,0,0.0,1566.2,0.0,2,0.0685045948203842,0.0,0,19.1,1197.0,0,1,0,0,0,82.0,1.0,1,0,8000.0,0.0,9,72000,0,565000
1156000,0.0,0,0,0.0,912.11,0.0,1,0.0581658291457286,1.0,0,19.7,796.0,1,3,0,0,0,46.3,1.0,0,0,4000.0,0.0,17,68000,0,120000
880000,0.0,0,0,1.0,1999.9742,0.0,2,0.0635601719197707,1.0,0,22.54,1396.0,0,1,0,0,0,88.73,0.0,1,0,13750.0,1.0,8,110000,0,725000
1232000,0.0,0,0,0.0,1461.0195,0.0,1,0.0671843687374749,1.0,0,21.79,998.0,1,2,0,0,0,67.05,1.0,0,0,4812.5,0.0,16,77000,0,185000
1500000,0.0,0,0,1.0,1692.0,0.0,2,0.0721153846153846,1.0,0,18.8,1248.0,0,2,0,0,0,90.0,0.0,0,0,6666.666666666667,1.0,15,100000,1,200000
60000,0.0,0,0,0.0,1734.978,0.0,1,0.0683375104427736,1.0,0,21.21,1197.0,1,1,0,0,0,81.8,1.0,0,0,1666.6666666666667,1.0,6,10000,0,615000
245000,0.0,0,0,0.0,1778.3399999999997,0.0,1,0.0694235588972431,1.0,0,21.4,1197.0,1,1,0,0,0,83.1,1.0,0,0,5000.0,1.0,7,35000,0,610000
25000,0.0,0,1,0.0,1798.92,0.0,1,0.0792964824120603,1.0,0,19.0,1194.0,0,2,0,0,0,94.68,1.0,0,0,1000.0,1.0,5,5000,0,400000
720000,0.0,0,0,0.0,1027.0,0.0,1,0.0554607508532423,1.0,0,15.8,1172.0,0,1,0,0,0,65.0,1.0,0,0,3200.0,1.0,15,48000,1,300000
900000,0.0,0,0,1.0,1317.4009,0.0,2,0.0491174377224199,1.0,0,19.09,1405.0,0,1,0,0,0,69.01,0.0,0,0,11111.111111111111,1.0,9,100000,1,375000
828000,0.0,0,0,1.0,1943.844,0.0,2,0.0635816618911174,1.0,0,21.9,1396.0,0,1,0,0,0,88.76,0.0,1,0,5750.0,1.0,12,69000,0,451999
65000,0.0,0,0,0.0,1450.0752,0.0,1,0.0671743486973947,1.0,0,21.63,998.0,1,1,0,0,0,67.04,1.0,0,0,2600.0,1.0,5,13000,0,475000
540000,0.0,0,0,1.0,2150.55,0.0,2,0.0709134615384615,1.0,0,24.3,1248.0,1,1,0,0,0,88.5,0.0,0,0,6666.666666666667,1.0,9,60000,0,780000
320000,0.0,0,0,0.0,1733.469,0.0,1,0.0694569757727652,1.0,0,20.85,1197.0,1,1,0,0,0,83.14,1.0,0,0,5000.0,1.0,8,40000,0,595000
280000,0.0,0,0,0.0,1374.9904,0.0,1,0.0671743486973947,1.0,0,20.51,998.0,1,1,0,0,0,67.04,1.0,0,0,4375.0,1.0,8,35000,0,440000
1800000,0.0,0,0,1.0,1595.685,0.0,2,0.0655689102564102,1.0,0,19.5,1248.0,1,2,0,0,0,81.83,0.0,0,0,8000.0,1.0,15,120000,0,300000
770000,0.0,0,0,1.0,1713.7099999999998,0.0,2,0.0573579739904175,1.0,1,20.45,1461.0,0,3,0,0,0,83.8,0.0,0,0,6363.636363636364,1.0,11,70000,0,400000
609112,0.0,0,1,1.0,2276.08,0.0,2,0.0660614152202937,1.0,0,23.0,1498.0,0,1,0,0,0,98.96,0.0,0,0,9517.375,1.0,8,76139,0,850000
2275000,0.0,0,0,1.0,1426.2700000000002,0.0,2,0.0592147435897435,1.0,0,19.3,1248.0,1,4,0,0,0,73.9,0.0,0,0,13461.53846153846,1.0,13,175000,0,370000
175000,0.0,0,0,0.0,1541.67,0.0,1,0.067067067067067,1.0,0,23.01,999.0,0,1,1,0,0,67.0,1.0,0,0,3571.428571428572,1.0,7,25000,0,350000
400000,0.0,0,0,0.0,1548.6240000000005,0.0,1,0.0671743486973947,1.0,0,23.1,998.0,1,2,0,0,0,67.04,1.0,0,0,4000.0,1.0,10,40000,0,360000
1105000,0.0,0,0,0.0,912.11,0.0,1,0.0581658291457286,1.0,0,19.7,796.0,1,4,0,0,0,46.3,1.0,0,0,3823.529411764706,1.0,17,65000,0,105000
1280000,0.0,0,0,0.0,1112.832,0.0,1,0.0571823204419889,1.0,0,17.92,1086.0,0,2,0,0,0,62.1,1.0,1,0,5000.0,1.0,16,80000,0,135000
7818,0.0,0,0,0.0,1543.2600000000002,0.0,1,0.0723706176961602,1.0,0,17.8,1198.0,0,1,0,1,0,86.7,1.0,0,0,217.16666666666663,0.0,6,1303,0,690000
328000,0.0,0,0,0.0,2116.8,0.0,2,0.0785571142284569,0.0,0,18.0,1497.0,0,1,0,1,0,117.6,1.0,0,0,5125.0,0.0,8,41000,0,795000
400000,0.0,0,0,1.0,2319.585,0.0,1,0.0709134615384615,1.0,0,26.21,1248.0,1,1,0,0,0,88.5,0.0,0,0,4000.0,0.0,10,40000,0,535000
77000,0.0,0,0,0.0,1844.5,0.0,1,0.090567612687813,1.0,0,17.0,1198.0,0,1,0,0,0,108.5,1.0,0,0,1571.428571428571,0.0,7,11000,1,811000
686000,0.0,0,0,0.0,1558.1439999999998,0.0,1,0.0648310387984981,1.0,0,15.04,1598.0,0,1,0,0,0,103.6,1.0,0,1,3500.0,1.0,14,49000,0,375000
99000,0.0,0,0,0.0,1480.0500000000002,0.0,1,0.0647684605757196,0.0,0,14.3,1598.0,0,1,0,0,1,103.5,1.0,0,0,1222.2222222222222,0.0,9,11000,0,645000
144000,0.0,0,0,0.0,1814.28,0.0,1,0.077688710754843,0.0,0,15.6,1497.0,0,1,0,1,0,116.3,1.0,0,0,2250.0,0.0,8,18000,0,875000
57924,0.0,1,0,0.0,1600.0079999999998,0.0,1,0.0683375104427736,0.0,0,19.56,1197.0,0,1,0,0,0,81.8,1.0,0,0,1609.0,0.0,6,9654,0,894999
154000,0.0,0,0,0.0,1605.8475,0.0,1,0.0671843687374749,1.0,0,23.95,998.0,1,1,0,0,0,67.05,1.0,0,0,785.7142857142857,0.0,14,11000,0,175000
315900,0.0,0,0,0.0,1734.978,0.0,1,0.0683375104427736,1.0,0,21.21,1197.0,1,1,0,0,0,81.8,1.0,0,0,1869.2307692307693,0.0,13,24300,0,340000
56000,0.0,0,0,1.0,2332.75,0.0,1,0.0724782899131596,0.0,0,21.5,1497.0,0,1,0,0,0,108.5,0.0,0,0,1142.857142857143,0.0,7,8000,1,1025000
1400000,0.0,0,0,1.0,2127.944,0.0,2,0.0648310387984981,1.0,0,20.54,1598.0,0,2,0,0,0,103.6,0.0,0,1,7142.857142857143,1.0,14,100000,0,300000
66500,0.0,0,1,0.0,1576.288,0.0,1,0.0725752508361204,1.0,0,18.16,1196.0,0,1,0,0,0,86.8,1.0,0,0,1357.142857142857,1.0,7,9500,0,575000
1680000,0.0,0,1,1.0,1360.0,0.0,2,0.0486061472480343,1.0,0,20.0,1399.0,0,1,0,0,0,68.0,0.0,0,0,8571.42857142857,1.0,14,120000,0,160000
366000,0.0,0,0,0.0,1668.7199999999998,0.0,1,0.0683375104427736,1.0,0,20.4,1197.0,1,1,0,0,0,81.8,1.0,0,0,3660.0,1.0,10,36600,0,515000
500000,0.0,0,0,0.0,1374.17,0.0,1,0.0671342685370741,0.0,0,20.51,998.0,1,2,0,0,0,67.0,1.0,0,0,5000.0,1.0,10,50000,0,390000
126000,0.0,0,0,0.0,1522.038,0.0,1,0.0683625730994152,1.0,0,18.6,1197.0,0,2,0,0,0,81.83,1.0,1,0,1555.5555555555557,1.0,9,14000,0,550000
1800000,0.0,0,0,1.0,1559.2900000000002,0.0,2,0.0592147435897435,1.0,0,21.1,1248.0,1,1,0,0,0,73.9,0.0,0,0,8000.0,1.0,15,120000,0,220000
700000,0.0,0,0,0.0,1549.8,0.0,2,0.0685045948203842,1.0,0,18.9,1197.0,0,1,0,0,0,82.0,1.0,1,0,7000.0,1.0,10,70000,0,425000
78000,0.0,0,0,0.0,1458.0,0.0,1,0.075075075075075,1.0,0,19.44,999.0,0,1,0,0,0,75.0,1.0,0,1,2166.6666666666665,1.0,6,13000,0,480000
660000,0.0,0,0,0.0,1549.8,0.0,2,0.0685045948203842,1.0,0,18.9,1197.0,0,2,0,0,0,82.0,1.0,1,0,5454.545454545455,1.0,11,60000,0,400000
385000,0.0,0,0,0.0,1638.78,0.0,1,0.0716791979949874,1.0,0,19.1,1197.0,1,1,0,0,0,85.8,1.0,0,0,3181.818181818182,1.0,11,35000,0,487000
396000,0.0,0,0,0.0,1566.2,0.0,1,0.0685045948203842,1.0,0,19.1,1197.0,0,2,0,0,0,82.0,1.0,1,0,4888.888888888889,1.0,9,44000,0,386000
2400000,0.0,0,0,0.0,1300.0,0.0,2,0.0669792364367046,1.0,0,13.0,1493.0,0,2,0,1,0,100.0,1.0,0,0,6000.0,1.0,20,120000,0,100000
900000,0.0,1,0,1.0,1868.696,0.0,1,0.0639296187683284,1.0,0,21.43,1364.0,0,1,0,0,0,87.2,0.0,0,0,4000.0,1.0,15,60000,0,300000
720000,0.0,0,0,1.0,1698.3,0.0,2,0.0592948717948717,1.0,0,22.95,1248.0,0,1,0,0,0,74.0,0.0,0,0,11250.0,1.0,8,90000,1,490000
752000,0.0,0,0,0.0,2006.0,0.0,1,0.0788243152972612,1.0,0,17.0,1497.0,0,2,0,1,0,118.0,1.0,0,0,2937.5,1.0,16,47000,0,345000
1800000,0.0,0,0,0.0,1038.0,0.0,1,0.0604229607250755,1.0,0,17.3,993.0,1,1,0,0,0,60.0,1.0,0,0,4500.0,1.0,20,90000,0,85000
1809000,0.0,0,0,0.0,1268.1899999999998,0.0,2,0.0672344689378757,1.0,0,18.9,998.0,1,2,0,0,0,67.1,1.0,0,0,8040.0,1.0,15,120600,0,215000
1500000,0.0,0,0,0.0,1671.84,0.0,2,0.0645403377110694,1.0,0,16.2,1599.0,0,3,0,0,0,103.2,1.0,1,0,6666.666666666667,1.0,15,100000,0,320000
540000,0.0,0,0,0.0,1733.469,0.0,2,0.0694569757727652,1.0,0,20.85,1197.0,1,2,0,0,0,83.14,1.0,0,0,6666.666666666667,1.0,9,60000,0,459999
1720000,0.0,0,0,0.0,1269.9,0.0,1,0.0618941088739746,1.0,0,15.3,1341.0,0,1,0,0,0,83.0,1.0,1,0,4300.0,1.0,20,86000,0,65000
25000,0.0,0,0,0.0,1522.596,0.0,1,0.0683876357560568,1.0,0,18.6,1197.0,0,1,0,0,0,81.86,1.0,1,0,1000.0,1.0,5,5000,0,720000
296000,0.0,0,0,1.0,2485.965,0.0,1,0.0709134615384615,1.0,0,28.09,1248.0,1,1,0,0,0,88.5,0.0,0,0,4625.0,1.0,8,37000,0,800000
84000,0.0,0,0,0.0,1705.2,0.0,1,0.0700583819849874,1.0,0,20.3,1199.0,0,1,0,0,0,84.0,1.0,0,0,2333.333333333333,1.0,6,14000,1,520000
1560000,0.0,1,0,1.0,1595.685,0.0,2,0.0655689102564102,1.0,0,19.5,1248.0,0,1,0,0,0,81.83,0.0,0,0,9230.76923076923,1.0,13,120000,0,235000
500000,0.0,0,0,0.0,2041.02,0.0,1,0.0783567134268537,1.0,0,17.4,1497.0,0,1,0,1,0,117.3,1.0,0,0,5000.0,1.0,10,50000,0,600000
660000,0.0,0,0,0.0,1683.9199999999998,0.0,2,0.0724540901502504,1.0,0,19.4,1198.0,0,2,0,1,0,86.8,1.0,0,0,5454.545454545455,1.0,11,60000,0,290000
400000,0.0,0,0,0.0,1733.469,0.0,2,0.0694569757727652,1.0,0,20.85,1197.0,1,1,0,0,0,83.14,1.0,0,0,6250.0,1.0,8,50000,0,550000
840000,0.0,0,0,0.0,1532.725,0.0,2,0.0692147034252297,1.0,0,18.5,1197.0,0,1,0,0,0,82.85,1.0,1,0,5833.333333333333,1.0,12,70000,0,375000
1980000,0.0,0,0,0.0,1595.685,0.0,1,0.0655689102564102,1.0,0,19.5,1248.0,1,2,0,0,0,81.83,1.0,0,0,4090.909090909091,1.0,22,90000,0,40000
245000,0.0,0,0,0.0,1374.17,0.0,1,0.0671342685370741,0.0,0,20.51,998.0,1,1,0,0,0,67.0,1.0,0,0,5000.0,1.0,7,35000,0,420000
160000,0.0,0,0,0.0,1734.978,0.0,1,0.0683375104427736,1.0,0,21.21,1197.0,1,1,0,0,0,81.8,1.0,0,0,2500.0,1.0,8,20000,0,550000
140000,0.0,0,0,0.0,1168.31,0.0,1,0.0594221105527638,1.0,0,24.7,796.0,1,1,0,0,0,47.3,1.0,0,0,2857.1428571428573,1.0,7,20000,0,270000
54600,0.0,0,0,0.0,1799.6,0.0,1,0.0683375104427736,0.0,0,22.0,1197.0,1,1,0,0,0,81.8,1.0,0,0,1114.2857142857142,1.0,7,7800,0,700000
160000,0.0,0,0,0.0,1668.7199999999998,0.0,1,0.0683375104427736,1.0,0,20.4,1197.0,1,1,0,0,0,81.8,1.0,0,0,2500.0,1.0,8,20000,0,500000
376524,0.0,0,0,0.0,1532.725,0.0,1,0.0692147034252297,1.0,0,18.5,1197.0,0,2,0,0,0,82.85,1.0,1,0,2614.75,1.0,12,31377,0,320000
350000,0.0,0,0,1.0,2102.168,0.0,2,0.0593108974358974,1.0,0,28.4,1248.0,1,1,0,0,0,74.02,0.0,0,0,7142.857142857143,1.0,7,50000,0,700000
600000,0.0,0,0,0.0,1374.9904,0.0,2,0.0671743486973947,1.0,0,20.51,998.0,1,1,0,0,0,67.04,1.0,0,0,6000.0,1.0,10,60000,0,290000
780000,0.0,0,0,0.0,1683.9199999999998,0.0,1,0.0724540901502504,1.0,0,19.4,1198.0,0,1,0,1,0,86.8,1.0,0,0,4615.384615384615,1.0,13,60000,0,265000
35000,0.0,0,0,0.0,1778.3399999999997,0.0,1,0.0694235588972431,0.0,0,21.4,1197.0,1,1,0,0,0,83.1,1.0,0,0,714.2857142857143,1.0,7,5000,0,830000
350000,0.0,0,0,0.0,912.11,0.0,1,0.0581658291457286,1.0,0,19.7,796.0,1,2,0,0,0,46.3,1.0,0,0,1785.7142857142858,1.0,14,25000,0,160000
210000,0.0,0,0,0.0,1341.561,0.0,1,0.0667083854818523,1.0,0,25.17,799.0,0,1,1,0,0,53.3,1.0,0,0,4285.714285714285,1.0,7,30000,0,335000
640000,0.0,0,0,0.0,1382.21,0.0,2,0.0559265442404006,1.0,0,20.63,1198.0,0,2,0,0,1,67.0,1.0,0,0,10000.0,1.0,8,80000,0,329000
600000,0.0,0,0,1.0,2150.55,0.0,2,0.0709134615384615,1.0,0,24.3,1248.0,1,1,0,0,0,88.5,0.0,0,0,9375.0,1.0,8,75000,0,775000
160000,0.0,0,0,0.0,1648.6604,0.0,2,0.0683876357560568,1.0,0,20.14,1197.0,0,1,0,0,0,81.86,1.0,1,0,6400.0,1.0,5,32000,0,524000
400000,0.0,0,0,0.0,1075.602,0.0,1,0.0594221105527638,1.0,0,22.74,796.0,1,1,0,0,0,47.3,1.0,0,0,4000.0,1.0,10,40000,0,245000
1209000,0.0,0,0,0.0,1360.0,0.0,2,0.0668337510442773,1.0,0,17.0,1197.0,0,2,0,0,0,80.0,1.0,1,0,7153.846153846154,1.0,13,93000,0,275000
420000,0.0,0,0,0.0,1558.459,0.0,2,0.0743503772003352,1.0,0,17.57,1193.0,0,1,0,0,0,88.7,1.0,0,0,8571.42857142857,1.0,7,60000,1,520000
2040000,0.0,0,0,0.0,1595.685,0.0,2,0.0655689102564102,1.0,0,19.5,1248.0,1,2,0,0,0,81.83,1.0,0,0,7058.823529411765,1.0,17,120000,0,130000
407000,0.0,0,0,0.0,1656.015,0.0,1,0.0652202937249666,1.0,1,16.95,1498.0,0,1,0,0,0,97.7,1.0,0,0,3363.6363636363635,1.0,11,37000,0,550000
800000,0.0,0,0,0.0,1306.6096,0.0,2,0.0559599332220367,1.0,1,19.49,1198.0,0,1,0,0,0,67.04,1.0,0,0,8000.0,1.0,10,80000,0,300000
1260000,0.0,0,0,0.0,1374.9904,0.0,3,0.0671743486973947,1.0,0,20.51,998.0,1,1,0,0,0,67.04,1.0,0,0,15555.555555555557,1.0,9,140000,0,350000
1650000,0.0,0,0,1.0,1559.2900000000002,0.0,2,0.0592147435897435,1.0,0,21.1,1248.0,1,2,0,0,0,73.9,0.0,0,0,7333.333333333333,1.0,15,110000,0,250000
396000,0.0,0,0,0.0,1341.561,0.0,1,0.0667083854818523,1.0,0,25.17,799.0,0,1,1,0,0,53.3,1.0,0,0,4888.888888888889,1.0,9,44000,0,270000
108000,0.0,0,0,0.0,1122.01,0.0,1,0.0610367892976588,1.0,0,15.37,1196.0,1,1,0,0,0,73.0,1.0,0,0,1687.5,1.0,8,13500,0,409999
1050000,0.0,0,0,0.0,1112.832,0.0,2,0.0571823204419889,1.0,0,17.92,1086.0,0,1,0,0,0,62.1,1.0,1,0,5357.142857142857,1.0,14,75000,0,165000
2160000,0.0,0,0,0.0,1240.8,0.0,2,0.062876254180602,1.0,0,13.2,1495.0,0,2,0,0,0,94.0,1.0,1,0,6666.666666666667,1.0,18,120000,0,80000
840000,0.0,0,0,1.0,1731.6,0.0,2,0.0592948717948717,1.0,0,23.4,1248.0,1,1,0,0,0,74.0,0.0,0,0,5833.333333333333,1.0,12,70000,0,550000
90000,0.0,0,0,0.0,1686.44,0.0,1,0.0740283569641367,0.0,0,19.0,1199.0,0,1,0,1,0,88.76,1.0,0,0,2500.0,1.0,6,15000,0,680000
848000,0.0,0,0,0.0,1606.404,0.0,1,0.0659147869674185,1.0,0,20.36,1197.0,0,2,0,0,0,78.9,1.0,1,0,3312.5,1.0,16,53000,0,200000
1320000,0.0,0,0,1.0,1731.6,0.0,2,0.0592948717948717,1.0,0,23.4,1248.0,1,2,0,0,0,74.0,0.0,0,0,10909.09090909091,1.0,11,120000,0,500000
2040000,0.0,0,0,0.0,1177.18,0.0,2,0.0618195376584638,1.0,0,14.2,1341.0,0,2,0,0,0,82.9,1.0,1,0,7058.823529411765,1.0,17,120000,0,110000
1300000,0.0,0,0,0.0,1480.0,0.0,2,0.0668337510442773,1.0,0,18.5,1197.0,0,2,0,0,0,80.0,1.0,1,0,7692.307692307692,1.0,13,100000,0,320000
2200000,0.0,0,0,1.0,1595.685,0.0,2,0.0655689102564102,1.0,0,19.5,1248.0,0,2,0,0,0,81.83,0.0,0,0,5500.0,1.0,20,110000,1,75000
1000000,0.0,0,0,0.0,1695.444,0.0,2,0.0694319131161236,1.0,0,20.4,1197.0,1,1,0,0,0,83.11,1.0,0,0,10000.0,1.0,10,100000,0,350000
1950000,0.0,0,0,1.0,1358.0,0.0,2,0.0498220640569395,1.0,0,19.4,1405.0,0,1,0,0,0,70.0,0.0,0,0,13541.666666666666,1.0,12,162500,1,170000
312000,0.0,0,0,1.0,1999.9742,0.0,1,0.0635601719197707,1.0,0,22.54,1396.0,0,1,0,0,0,88.73,0.0,1,0,4875.0,1.0,8,39000,0,800000
600000,0.0,0,0,1.0,1983.2,0.0,2,0.0592948717948717,1.0,0,26.8,1248.0,1,1,0,0,0,74.0,0.0,0,0,9375.0,1.0,8,75000,0,500000
2054000,0.0,0,0,1.0,1731.6,0.0,2,0.0592948717948717,1.0,0,23.4,1248.0,1,1,0,0,0,74.0,0.0,0,0,12153.846153846154,1.0,13,158000,0,360000
1560000,0.0,0,0,1.0,1426.2700000000002,0.0,2,0.0592147435897435,1.0,0,19.3,1248.0,1,1,0,0,0,73.9,0.0,0,0,9230.76923076923,1.0,13,120000,0,310000
500000,0.0,0,0,1.0,2563.6,0.0,1,0.0658210947930574,1.0,0,26.0,1498.0,0,2,0,1,0,98.6,0.0,0,0,5000.0,1.0,10,50000,0,725000
1430000,0.0,0,0,1.0,1426.2700000000002,0.0,2,0.0592147435897435,1.0,0,19.3,1248.0,1,1,0,0,0,73.9,0.0,0,0,8461.538461538461,1.0,13,110000,0,340000
16000,0.0,0,0,1.0,1878.838,0.0,1,0.0623693086003372,1.0,0,25.4,1186.0,0,2,0,0,0,73.97,0.0,1,0,250.0,1.0,8,2000,0,550000
630000,0.0,0,0,1.0,1882.32,0.0,2,0.0659025787965616,1.0,0,27.28,1047.0,0,1,0,0,0,69.0,0.0,0,0,7777.777777777777,1.0,9,70000,1,380000
1080000,0.0,0,0,0.0,1789.812,0.0,2,0.0664886515353805,0.0,1,17.97,1498.0,0,2,0,0,0,99.6,1.0,0,0,7500.0,1.0,12,90000,0,350000
12000,0.0,0,0,0.0,1522.596,0.0,1,0.0683876357560568,1.0,0,18.6,1197.0,0,1,0,0,0,81.86,1.0,1,0,333.3333333333333,1.0,6,2000,0,610000
200000,0.0,0,0,0.0,1733.469,0.0,1,0.0694569757727652,1.0,0,20.85,1197.0,1,1,0,0,0,83.14,1.0,0,0,2000.0,1.0,10,20000,0,525000
880000,0.0,0,0,0.0,1668.7199999999998,0.0,2,0.0683375104427736,1.0,0,20.4,1197.0,1,1,0,0,0,81.8,1.0,0,0,7272.727272727273,1.0,11,80000,0,375000
240000,0.0,0,0,0.0,1275.291,0.0,2,0.0559682804674457,1.0,0,19.02,1198.0,0,1,0,0,1,67.05,1.0,0,0,6666.666666666667,1.0,6,40000,0,300000
700000,0.0,0,0,1.0,1999.9742,0.0,2,0.0635601719197707,1.0,0,22.54,1396.0,0,4,0,0,0,88.73,0.0,1,0,7000.0,1.0,10,70000,0,500000
960000,0.0,0,0,1.0,1882.32,0.0,2,0.0659025787965616,1.0,0,27.28,1047.0,0,1,0,0,0,69.0,0.0,0,0,15000.0,1.0,8,120000,1,350000
400000,0.0,0,0,0.0,1558.459,0.0,1,0.0743503772003352,1.0,0,17.57,1193.0,0,1,0,0,0,88.7,1.0,0,0,4000.0,1.0,10,40000,1,380000
1618400,0.0,0,0,0.0,1240.8,0.0,2,0.062876254180602,1.0,0,13.2,1495.0,0,3,0,0,0,94.0,1.0,1,0,5600.0,1.0,17,95200,0,114999
363363,0.0,0,0,0.0,1683.9199999999998,0.0,1,0.0724540901502504,1.0,0,19.4,1198.0,0,1,0,1,0,86.8,1.0,0,0,3003.0,0.0,11,33033,0,335000
630630,0.0,0,0,0.0,1549.8,0.0,2,0.0685045948203842,0.0,0,18.9,1197.0,0,1,0,0,0,82.0,1.0,1,0,6306.3,0.0,10,63063,0,465000
780000,0.0,0,0,1.0,1865.7352,0.0,1,0.0711217948717948,1.0,0,21.02,1248.0,0,1,0,0,0,88.76,0.0,0,0,4615.384615384615,1.0,13,60000,1,290000
900000,0.0,0,0,0.0,912.11,0.0,1,0.0581658291457286,1.0,0,19.7,796.0,1,2,0,0,0,46.3,1.0,0,0,2250.0,1.0,20,45000,0,110000
280000,0.0,0,0,0.0,1549.8,0.0,1,0.0685045948203842,1.0,0,18.9,1197.0,0,1,0,0,0,82.0,1.0,1,0,4375.0,1.0,8,35000,0,450000
600000,0.0,0,0,0.0,1337.355,0.0,1,0.0659147869674185,0.0,0,16.95,1197.0,0,1,0,0,0,78.9,1.0,1,0,4166.666666666667,1.0,12,50000,0,290000
180000,0.0,0,0,0.0,1668.7199999999998,0.0,1,0.0683375104427736,1.0,0,20.4,1197.0,1,1,0,0,0,81.8,1.0,0,0,2222.222222222222,1.0,9,20000,0,520000
280000,0.0,0,0,0.0,1337.355,0.0,1,0.0659147869674185,0.0,0,16.95,1197.0,0,1,0,0,0,78.9,1.0,1,0,1428.571428571429,1.0,14,20000,0,265000
650000,0.0,0,0,0.0,1595.88,0.0,1,0.0716791979949874,1.0,0,18.6,1197.0,1,2,0,0,0,85.8,1.0,0,0,3846.153846153846,1.0,13,50000,0,330000
500000,0.0,0,0,0.0,1407.1734,0.0,1,0.0683876357560568,1.0,0,17.19,1197.0,0,1,0,0,0,81.86,1.0,1,0,5000.0,1.0,10,50000,0,525000
99000,0.0,0,0,0.0,1718.6180000000002,0.0,1,0.0683375104427736,1.0,0,21.01,1197.0,1,1,0,0,0,81.8,1.0,0,0,2750.0,1.0,6,16500,0,675000
1050000,0.0,0,0,0.0,1360.0,0.0,1,0.0668337510442773,1.0,0,17.0,1197.0,0,1,0,0,0,80.0,1.0,1,0,4666.666666666667,1.0,15,70000,0,300000
1987220,0.0,0,0,0.0,912.11,0.0,1,0.0581658291457286,1.0,0,19.7,796.0,1,2,0,0,0,46.3,1.0,0,0,4968.05,1.0,20,99361,0,90000
200000,0.0,0,0,1.0,1967.66,0.0,1,0.0592948717948717,1.0,0,26.59,1248.0,1,1,0,0,0,74.0,0.0,0,0,3125.0,1.0,8,25000,0,650000
770000,0.0,0,0,0.0,1638.78,0.0,2,0.0716791979949874,1.0,0,19.1,1197.0,1,2,0,0,0,85.8,1.0,0,0,6363.636363636364,1.0,11,70000,0,409000
800000,0.0,0,0,1.0,1680.0,0.0,2,0.0625,1.0,0,24.0,1120.0,0,2,0,0,0,70.0,0.0,1,0,8000.0,1.0,10,80000,0,395000
1050000,0.0,0,0,0.0,1595.685,0.0,1,0.0655689102564102,1.0,0,19.5,1248.0,1,2,0,0,0,81.83,1.0,0,0,4666.666666666667,1.0,15,70000,0,215000
770000,0.0,0,0,0.0,1638.78,0.0,2,0.0716791979949874,1.0,0,19.1,1197.0,1,2,0,0,0,85.8,1.0,0,0,6363.636363636364,1.0,11,70000,0,400000
780000,0.0,0,0,0.0,1476.84,0.0,1,0.0662218515429524,1.0,0,18.6,1199.0,0,3,0,0,0,79.4,1.0,0,0,4615.384615384615,1.0,13,60000,0,120000
70000,0.0,0,0,0.0,1705.2,0.0,1,0.0700583819849874,0.0,0,20.3,1199.0,0,1,0,0,0,84.0,1.0,0,0,1428.571428571429,1.0,7,10000,1,645000
881100,0.0,0,0,1.0,2062.585,0.0,2,0.0742642026009582,1.0,1,19.01,1461.0,0,2,0,0,0,108.5,0.0,0,0,7281.818181818182,1.0,11,80100,0,555000
1320000,0.0,0,0,0.0,2041.02,0.0,2,0.0783567134268537,1.0,0,17.4,1497.0,0,1,0,1,0,117.3,1.0,0,0,10909.09090909091,1.0,11,120000,0,725000
360000,0.0,0,0,0.0,1341.561,0.0,1,0.0667083854818523,1.0,0,25.17,799.0,0,1,1,0,0,53.3,1.0,0,0,4444.444444444444,1.0,9,40000,0,229999
376000,0.0,0,0,0.0,1374.9904,0.0,2,0.0671743486973947,1.0,0,20.51,998.0,1,1,0,0,0,67.04,1.0,0,0,5875.0,1.0,8,47000,0,409999
175000,0.0,0,0,1.0,1896.406,0.0,1,0.063538681948424,1.0,0,21.38,1396.0,0,1,0,0,0,88.7,0.0,1,0,3571.428571428572,1.0,7,25000,0,1210000
208000,0.0,0,0,0.0,2002.56,0.0,1,0.0700583819849874,1.0,0,23.84,1199.0,0,1,0,0,0,84.0,1.0,0,0,3250.0,1.0,8,26000,1,400000
203000,0.0,0,0,1.0,1775.28,0.0,1,0.0623693086003372,1.0,0,24.0,1186.0,0,1,0,0,0,73.97,0.0,1,0,4142.857142857143,1.0,7,29000,0,520000
450000,0.0,0,0,0.0,1778.3399999999997,0.0,2,0.0694235588972431,0.0,0,21.4,1197.0,1,1,0,0,0,83.1,1.0,0,0,5555.555555555556,1.0,9,50000,0,650000
812000,0.0,0,0,0.0,1420.0200000000002,0.0,1,0.0679506933744222,1.0,0,16.1,1298.0,1,3,0,0,0,88.2,1.0,0,0,4142.857142857143,1.0,14,58000,0,325000
1560000,0.0,0,0,0.0,1492.9199999999998,0.0,2,0.0716791979949874,0.0,0,17.4,1197.0,1,1,0,0,0,85.8,1.0,0,0,9230.76923076923,1.0,13,120000,0,420000
550000,0.0,0,0,0.0,1668.7199999999998,0.0,1,0.0683375104427736,1.0,0,20.4,1197.0,1,1,0,0,0,81.8,1.0,0,0,4545.454545454545,1.0,11,50000,0,400000
1200000,0.0,0,0,0.0,1360.0,0.0,2,0.0668337510442773,1.0,0,17.0,1197.0,0,4,0,0,0,80.0,1.0,1,0,5333.333333333333,1.0,15,80000,0,254999
1320000,0.0,0,0,0.0,1038.0,0.0,1,0.0604229607250755,1.0,0,17.3,993.0,1,4,0,0,0,60.0,1.0,0,0,2727.2727272727275,1.0,22,60000,0,65000
288000,0.0,0,0,0.0,1548.6240000000005,0.0,1,0.0671743486973947,1.0,0,23.1,998.0,1,1,0,0,0,67.04,1.0,0,0,4500.0,1.0,8,36000,0,351000
2590000,0.0,0,0,1.0,1559.2900000000002,0.0,2,0.0592147435897435,1.0,0,21.1,1248.0,1,3,0,0,0,73.9,0.0,0,0,13214.285714285714,1.0,14,185000,0,185000
700000,0.0,0,0,1.0,1456.348,0.0,1,0.0431895961670089,1.0,1,23.08,1461.0,0,1,0,0,0,63.1,0.0,0,0,3571.428571428572,1.0,14,50000,0,250000
2300000,0.0,0,0,0.0,1038.0,0.0,1,0.0604229607250755,1.0,0,17.3,993.0,1,4,0,0,0,60.0,1.0,0,0,4347.826086956522,1.0,23,100000,0,60000
1440000,0.0,0,0,0.0,1221.2199999999998,0.0,1,0.0672344689378757,1.0,0,18.2,998.0,1,2,0,0,0,67.1,1.0,0,0,4444.444444444444,1.0,18,80000,0,85000
1200000,0.0,0,0,0.0,1595.685,0.0,1,0.0655689102564102,1.0,0,19.5,1248.0,0,2,0,0,0,81.83,1.0,1,0,3000.0,1.0,20,60000,0,85000
1600000,0.0,0,0,0.0,912.11,0.0,1,0.0581658291457286,1.0,0,19.7,796.0,1,4,0,0,0,46.3,1.0,0,0,4000.0,1.0,20,80000,0,85000
1260000,0.0,0,0,1.0,1426.2700000000002,0.0,2,0.0592147435897435,1.0,0,19.3,1248.0,1,4,0,0,0,73.9,0.0,0,0,6428.571428571428,1.0,14,90000,0,265000
2430000,0.0,0,0,0.0,1255.9,0.0,2,0.0662324649298597,1.0,0,19.0,998.0,1,2,0,0,0,66.1,1.0,0,0,10800.0,1.0,15,162000,0,130000
2040000,0.0,0,0,1.0,1335.0,0.0,2,0.0600961538461538,1.0,0,17.8,1248.0,1,3,0,0,0,75.0,0.0,0,0,7058.823529411765,1.0,17,120000,0,170000
630000,0.0,0,0,1.0,1456.348,0.0,1,0.0431895961670089,1.0,1,23.08,1461.0,0,1,0,0,0,63.1,0.0,0,0,3214.285714285714,1.0,14,45000,0,275000
1800000,0.0,0,0,0.0,1268.1899999999998,0.0,1,0.0672344689378757,1.0,0,18.9,998.0,1,2,0,0,0,67.1,1.0,0,0,4500.0,1.0,20,90000,0,89000
1350000,0.0,0,1,1.0,1360.0,0.0,2,0.0486061472480343,1.0,0,20.0,1399.0,0,2,0,0,0,68.0,0.0,0,0,6000.0,1.0,15,90000,0,170000
99000,0.0,0,0,0.0,1870.0,0.0,1,0.0918964076858813,1.0,0,17.0,1197.0,0,1,0,0,1,110.0,1.0,0,0,2750.0,0.0,6,16500,0,1090000
364000,0.0,0,0,0.0,1799.6,0.0,2,0.0683375104427736,1.0,0,22.0,1197.0,1,1,0,0,0,81.8,1.0,0,0,7428.571428571428,0.0,7,52000,0,610000
360000,0.0,0,0,0.0,1382.21,0.0,1,0.0559265442404006,1.0,0,20.63,1198.0,0,1,0,0,1,67.0,1.0,0,0,4444.444444444444,0.0,9,40000,0,335000
400000,0.0,0,0,0.0,1549.8,0.0,1,0.0685045948203842,1.0,0,18.9,1197.0,0,1,0,0,0,82.0,1.0,1,0,4000.0,0.0,10,40000,0,434999
91000,0.0,0,0,0.0,1103.0146,0.0,1,0.0666583229036295,1.0,0,20.71,799.0,0,1,1,0,0,53.26,1.0,0,0,1857.142857142857,0.0,7,13000,0,390000
520000,0.0,0,0,0.0,1605.8,0.0,1,0.0724540901502504,1.0,0,18.5,1198.0,0,1,0,1,0,86.8,1.0,0,0,3076.923076923077,0.0,13,40000,0,325000
60000,0.0,0,0,0.0,1253.75,0.0,1,0.0615609348914858,1.0,0,17.0,1198.0,0,1,0,0,0,73.75,1.0,0,1,1666.6666666666667,0.0,6,10000,0,640000
117000,0.0,0,0,0.0,1656.015,0.0,1,0.0652202937249666,1.0,1,16.95,1498.0,0,1,0,0,0,97.7,1.0,0,0,692.3076923076923,0.0,13,9000,0,450000
840000,0.0,1,0,1.0,1581.9454,0.0,2,0.0491642228739002,1.0,0,23.59,1364.0,0,2,0,0,0,67.06,0.0,0,0,5833.333333333333,0.0,12,70000,0,400000
960000,0.0,0,0,0.0,1606.404,0.0,1,0.0659147869674185,1.0,0,20.36,1197.0,0,1,0,0,0,78.9,1.0,1,0,3750.0,0.0,16,60000,0,215000
440000,0.0,0,0,1.0,1713.7099999999998,0.0,1,0.0573579739904175,1.0,0,20.45,1461.0,0,1,1,0,0,83.8,0.0,0,0,3636.363636363637,0.0,11,40000,0,570000
700000,0.0,0,0,0.0,1002.2112,0.0,1,0.0537133277451802,1.0,0,15.64,1193.0,0,2,0,0,0,64.08,1.0,0,0,3571.428571428572,1.0,14,50000,1,150000
1440000,0.0,0,0,1.0,1456.348,0.0,2,0.0431895961670089,1.0,1,23.08,1461.0,0,1,0,0,0,63.1,0.0,0,0,10000.0,1.0,12,120000,0,250000
700000,0.0,0,0,0.0,1268.1899999999998,0.0,1,0.0672344689378757,1.0,0,18.9,998.0,1,1,0,0,0,67.1,1.0,0,0,1750.0,1.0,20,35000,0,65000
540000,0.0,0,0,1.0,1967.66,0.0,2,0.0592948717948717,1.0,0,26.59,1248.0,1,2,0,0,0,74.0,0.0,0,0,6666.666666666667,1.0,9,60000,0,550000
1050000,0.0,0,0,0.0,1606.404,0.0,1,0.0659147869674185,1.0,0,20.36,1197.0,0,4,0,0,0,78.9,1.0,1,0,4666.666666666667,1.0,15,70000,0,140000
270000,0.0,0,0,0.0,1341.561,0.0,1,0.0667083854818523,1.0,0,25.17,799.0,0,1,1,0,0,53.3,1.0,0,0,3333.333333333333,1.0,9,30000,0,300000
700116,1.0,0,0,0.0,1461.0195,0.0,1,0.0671843687374749,1.0,0,21.79,998.0,1,1,0,0,0,67.05,1.0,0,0,4861.916666666667,0.0,12,58343,0,225000
271719,0.0,0,0,1.0,2026.86,0.0,2,0.0592948717948717,1.0,0,27.39,1248.0,1,1,0,0,0,74.0,0.0,0,0,5545.285714285715,0.0,7,38817,0,740000
508446,1.0,0,0,0.0,1614.34,0.0,2,0.0739783152627189,1.0,0,18.2,1199.0,0,1,0,1,0,88.7,1.0,0,0,6277.111111111111,0.0,9,56494,0,550000
33726,1.0,0,0,0.0,1799.6,0.0,1,0.0683375104427736,0.0,0,22.0,1197.0,1,1,0,0,0,81.8,1.0,0,0,936.8333333333334,0.0,6,5621,0,650000
204304,1.0,1,0,0.0,1488.8894000000005,0.0,1,0.0593114973262032,1.0,0,16.78,1496.0,0,1,0,0,0,88.73,1.0,0,0,3192.25,0.0,8,25538,0,625000
488453,0.0,0,0,0.0,1799.6,0.0,2,0.0683375104427736,0.0,0,22.0,1197.0,1,1,0,0,0,81.8,1.0,0,0,9968.42857142857,0.0,7,69779,0,600000
450320,0.0,0,0,1.0,1775.28,0.0,2,0.0623693086003372,1.0,0,24.0,1186.0,0,1,0,0,0,73.97,0.0,1,0,7036.25,0.0,8,56290,0,450000
42192,1.0,0,0,0.0,1686.44,0.0,1,0.0740283569641367,0.0,0,19.0,1199.0,0,1,0,1,0,88.76,1.0,0,0,1172.0,0.0,6,7032,0,779000
1590000,0.0,0,0,0.0,1606.404,0.0,2,0.0659147869674185,1.0,0,20.36,1197.0,0,3,0,0,0,78.9,1.0,1,0,7066.666666666667,1.0,15,106000,0,150000
2106000,0.0,1,0,1.0,1595.685,0.0,2,0.0655689102564102,1.0,0,19.5,1248.0,0,3,0,0,0,81.83,0.0,0,0,12461.53846153846,1.0,13,162000,0,265000
900000,0.0,0,0,1.0,1967.66,0.0,2,0.0592948717948717,1.0,0,26.59,1248.0,1,1,0,0,0,74.0,0.0,0,0,9000.0,1.0,10,90000,0,480000
1300000,0.0,0,0,1.0,1909.2,0.0,2,0.0711538461538461,1.0,0,21.5,1248.0,1,2,0,0,0,88.8,0.0,0,0,7692.307692307692,1.0,13,100000,0,300000
450000,0.0,0,0,0.0,1075.602,0.0,2,0.0594221105527638,1.0,0,22.74,796.0,1,1,0,0,0,47.3,1.0,0,0,5555.555555555556,1.0,9,50000,0,240000
7000,0.0,0,0,0.0,2116.8,0.0,1,0.0785571142284569,0.0,0,18.0,1497.0,0,1,0,1,0,117.6,1.0,0,0,142.85714285714286,1.0,7,1000,0,1085000
152000,0.0,0,0,1.0,2102.168,0.0,1,0.0593108974358974,0.0,0,28.4,1248.0,1,1,0,0,0,74.02,0.0,0,0,2375.0,1.0,8,19000,0,750000
175000,0.0,0,0,0.0,1739.1996,0.0,2,0.0515886287625418,1.0,0,28.188,1196.0,1,1,0,0,0,61.7,0.0,0,0,7000.0,1.0,5,35000,0,409999
880000,0.0,0,0,0.0,1605.8475,0.0,2,0.0671843687374749,1.0,0,23.95,998.0,1,2,0,0,0,67.05,1.0,0,0,7272.727272727273,1.0,11,80000,0,215000
1200000,0.0,0,0,0.0,1403.732,0.0,2,0.0672344689378757,1.0,0,20.92,998.0,1,1,0,0,0,67.1,1.0,0,0,5333.333333333333,1.0,15,80000,0,150000
600000,0.0,0,0,0.0,1164.72,0.0,1,0.0678132678132678,1.0,0,21.1,814.0,0,2,0,0,0,55.2,1.0,1,0,4166.666666666667,1.0,12,50000,0,219000
700000,0.0,0,0,0.0,2002.56,0.0,2,0.0700583819849874,1.0,0,23.84,1199.0,0,1,0,0,0,84.0,1.0,0,0,14285.714285714286,1.0,7,100000,1,325000
1440000,0.0,0,0,0.0,1102.3,0.0,2,0.0610367892976588,1.0,0,15.1,1196.0,1,2,0,0,0,73.0,1.0,0,0,10000.0,1.0,12,120000,0,260000
240000,0.0,0,0,1.0,1877.82,0.0,2,0.0526702269692924,0.0,0,23.8,1498.0,0,1,0,1,0,78.9,0.0,0,0,6666.666666666667,1.0,6,40000,0,700000
360000,0.0,0,0,1.0,1896.406,0.0,2,0.063538681948424,1.0,0,21.38,1396.0,0,1,0,0,0,88.7,0.0,1,0,5625.0,1.0,8,45000,0,950000
1200000,0.0,0,0,0.0,912.11,0.0,2,0.0581658291457286,1.0,0,19.7,796.0,1,2,0,0,0,46.3,1.0,0,0,5333.333333333333,1.0,15,80000,0,160000
1350000,0.0,0,0,1.0,1732.644,0.0,2,0.0634017857142857,1.0,0,24.4,1120.0,0,2,0,0,0,71.01,0.0,1,0,13500.0,1.0,10,135000,0,409999
804000,0.0,1,0,1.0,1582.889,0.0,2,0.0491935483870967,1.0,0,23.59,1364.0,0,1,0,0,0,67.1,0.0,0,0,5583.333333333333,1.0,12,67000,0,450000
400000,0.0,0,0,1.0,2102.168,0.0,2,0.0593108974358974,1.0,0,28.4,1248.0,1,1,0,0,0,74.02,0.0,0,0,6250.0,1.0,8,50000,0,900000
1540000,0.0,0,0,1.0,1456.348,0.0,2,0.0431895961670089,1.0,1,23.08,1461.0,0,2,0,0,0,63.1,0.0,0,0,7857.142857142857,1.0,14,110000,0,254999
1440000,0.0,0,0,1.0,1731.6,0.0,2,0.0592948717948717,1.0,0,23.4,1248.0,1,2,0,0,0,74.0,0.0,0,0,10000.0,1.0,12,120000,0,530000
1100000,0.0,0,0,1.0,1788.432,0.0,2,0.059279038718291,1.0,0,20.14,1498.0,0,2,0,0,0,88.8,0.0,0,1,11000.0,1.0,10,110000,0,520000
2380000,0.0,0,0,1.0,1346.1,0.0,2,0.0438740588637919,1.0,0,21.0,1461.0,0,2,0,0,1,64.1,0.0,0,0,12142.857142857143,1.0,14,170000,0,229999
423000,0.0,0,0,1.0,1864.8,0.0,2,0.0592948717948717,1.0,0,25.2,1248.0,1,1,0,0,0,74.0,0.0,0,0,5222.222222222223,1.0,9,47000,0,600000
930000,0.0,0,0,0.0,1563.526,0.0,2,0.0683876357560568,1.0,0,19.1,1197.0,0,1,0,0,0,81.86,1.0,1,0,9300.0,1.0,10,93000,0,409999
550000,0.0,0,0,0.0,1548.6240000000005,0.0,1,0.0671743486973947,1.0,0,23.1,998.0,1,1,0,0,0,67.04,1.0,0,0,4545.454545454545,1.0,11,50000,0,320000
700000,0.0,0,1,1.0,1361.0,0.0,2,0.0486418870621872,1.0,0,20.0,1399.0,0,1,0,0,0,68.05,0.0,0,0,7000.0,1.0,10,70000,0,292000
396000,0.0,0,1,0.0,1576.288,0.0,1,0.0725752508361204,1.0,0,18.16,1196.0,0,1,0,0,0,86.8,1.0,0,0,4888.888888888889,1.0,9,44000,0,550000
275000,0.0,0,0,0.0,1548.6240000000005,0.0,1,0.0671743486973947,1.0,0,23.1,998.0,1,1,0,0,0,67.04,1.0,0,0,2272.7272727272725,1.0,11,25000,0,385000
60000,0.0,0,0,0.0,1734.978,0.0,1,0.0683375104427736,1.0,0,21.21,1197.0,1,1,0,0,0,81.8,1.0,0,0,1666.6666666666667,1.0,6,10000,0,675000
210000,0.0,0,1,1.0,2276.08,0.0,1,0.0660614152202937,1.0,0,23.0,1498.0,0,1,0,0,0,98.96,0.0,0,0,4285.714285714285,1.0,7,30000,0,950000
500000,0.0,0,0,1.0,1880.1887,0.0,1,0.0635601719197707,1.0,0,21.19,1396.0,0,2,0,0,0,88.73,0.0,1,0,5000.0,1.0,10,50000,0,610000
1560000,0.0,0,0,1.0,1999.9742,0.0,2,0.0635601719197707,1.0,0,22.54,1396.0,0,1,0,0,0,88.73,0.0,1,0,9230.76923076923,1.0,13,120000,0,525000
900000,0.0,0,0,1.0,1713.7099999999998,0.0,2,0.0573579739904175,1.0,1,20.45,1461.0,0,1,0,0,0,83.8,0.0,0,0,9000.0,1.0,10,90000,0,580000
500000,0.0,0,0,0.0,1695.444,0.0,1,0.0694319131161236,1.0,0,20.4,1197.0,1,2,0,0,0,83.11,1.0,0,0,5000.0,1.0,10,50000,0,434999
10680,0.0,0,0,0.0,1507.5,0.0,1,0.067067067067067,1.0,0,22.5,999.0,0,1,0,0,1,67.0,1.0,0,0,427.2,1.0,5,2136,0,350000
350000,0.0,0,0,0.0,1522.038,0.0,1,0.0683625730994152,1.0,0,18.6,1197.0,0,1,0,0,0,81.83,1.0,1,0,3500.0,1.0,10,35000,0,600000
560000,0.0,0,0,1.0,2026.86,0.0,2,0.0592948717948717,1.0,0,27.39,1248.0,1,1,0,0,0,74.0,0.0,0,0,8750.0,1.0,8,70000,0,735000
126000,0.0,0,0,1.0,2125.6200000000003,0.0,1,0.0742299794661191,1.0,0,19.6,1461.0,0,1,1,0,0,108.45,0.0,0,0,2571.428571428572,0.0,7,18000,0,1050000
480000,0.0,0,0,1.0,2093.025,0.0,2,0.0709134615384615,1.0,0,23.65,1248.0,1,1,0,0,0,88.5,0.0,0,0,7500.0,1.0,8,60000,0,800000
1323000,0.0,0,0,1.0,1967.66,0.0,3,0.0592948717948717,1.0,0,26.59,1248.0,1,2,0,0,0,74.0,0.0,0,0,16333.333333333334,1.0,9,147000,0,600000
1540000,0.0,0,0,1.0,1207.0,0.0,2,0.0505338078291814,1.0,0,17.0,1405.0,0,2,0,0,0,71.0,0.0,0,0,7857.142857142857,1.0,14,110000,1,200000
315000,0.0,0,0,0.0,1306.6096,0.0,1,0.0559599332220367,1.0,1,19.49,1198.0,0,1,0,0,0,67.04,1.0,0,0,3888.8888888888887,1.0,9,35000,0,370000
1650000,0.0,0,0,1.0,1782.0,0.0,2,0.073677160080375,1.0,0,16.2,1493.0,0,2,0,0,0,110.0,0.0,1,0,7333.333333333333,1.0,15,110000,0,260000
720000,0.0,0,1,1.0,2115.0,0.0,1,0.0600801068090787,1.0,0,23.5,1498.0,0,2,0,0,0,90.0,0.0,0,0,5000.0,1.0,12,60000,0,300000
600000,0.0,0,0,1.0,1162.0,0.0,1,0.0498220640569395,1.0,0,16.6,1405.0,0,1,0,0,0,70.0,0.0,0,0,2666.6666666666665,1.0,15,40000,1,140000
850000,0.0,0,0,0.0,1348.0704999999998,0.0,1,0.0626611418047882,1.0,0,19.81,1086.0,0,1,0,0,0,68.05,1.0,1,0,2941.176470588235,1.0,17,50000,0,229999
975000,0.0,0,0,0.0,1255.9,0.0,1,0.0662324649298597,1.0,0,19.0,998.0,1,2,0,0,0,66.1,1.0,0,0,4333.333333333333,1.0,15,65000,0,200000
1120000,0.0,0,0,0.0,1268.1899999999998,0.0,2,0.0672344689378757,1.0,0,18.9,998.0,1,1,0,0,0,67.1,1.0,0,0,5714.285714285715,1.0,14,80000,0,200000
720000,0.0,0,0,1.0,1864.8,0.0,2,0.0592948717948717,1.0,0,25.2,1248.0,1,1,0,0,0,74.0,0.0,0,0,11250.0,1.0,8,90000,0,585000
880000,0.0,0,0,1.0,1864.8,0.0,2,0.0592948717948717,1.0,0,25.2,1248.0,1,2,0,0,0,74.0,0.0,0,0,7272.727272727273,1.0,11,80000,0,430000
60000,0.0,0,0,1.0,2358.7200000000003,0.0,1,0.075954454119223,1.0,0,20.8,1493.0,0,1,0,0,1,113.4,0.0,0,0,1666.6666666666667,1.0,6,10000,0,643000
420000,0.0,0,0,0.0,1648.6604,0.0,2,0.0683876357560568,1.0,0,20.14,1197.0,0,1,0,0,0,81.86,1.0,1,0,8571.42857142857,1.0,7,60000,0,500000
198000,0.0,0,0,0.0,1605.8,0.0,1,0.0724540901502504,1.0,0,18.5,1198.0,0,1,0,1,0,86.8,1.0,0,0,2444.4444444444443,1.0,9,22000,0,425000
275000,0.0,0,0,0.0,1075.602,0.0,1,0.0594221105527638,1.0,0,22.74,796.0,1,1,0,0,0,47.3,1.0,0,0,2272.7272727272725,1.0,11,25000,0,250000
630000,0.0,0,0,1.0,1298.14,0.0,2,0.0592686002522068,1.0,0,27.62,793.0,1,1,0,0,0,47.0,0.0,0,0,7777.777777777777,1.0,9,70000,0,285000
2091000,0.0,0,0,0.0,1501.5,0.0,2,0.0661016949152542,1.0,0,17.5,1298.0,1,3,0,0,0,85.8,1.0,0,0,7235.294117647059,1.0,17,123000,0,160000
980000,0.0,0,0,1.0,2127.944,0.0,1,0.0648310387984981,1.0,0,20.54,1598.0,0,2,0,0,0,103.6,0.0,0,1,5000.0,1.0,14,70000,0,250000
840000,0.0,0,0,0.0,1476.84,0.0,2,0.0662218515429524,1.0,0,18.6,1199.0,0,2,0,0,0,79.4,1.0,0,0,5833.333333333333,1.0,12,70000,0,170000
540000,0.0,1,0,1.0,1581.9454,0.0,1,0.0491642228739002,1.0,0,23.59,1364.0,0,1,0,0,0,67.06,0.0,0,0,3750.0,1.0,12,45000,0,409999
400000,0.0,0,0,0.0,1549.8,0.0,1,0.0685045948203842,0.0,0,18.9,1197.0,0,1,0,0,0,82.0,1.0,1,0,4000.0,1.0,10,40000,0,400000
180000,0.0,0,0,1.0,2102.168,0.0,1,0.0593108974358974,1.0,0,28.4,1248.0,1,1,0,0,0,74.02,0.0,0,0,5000.0,1.0,6,30000,0,700000
200000,0.0,0,0,0.0,1168.31,0.0,1,0.0594221105527638,1.0,0,24.7,796.0,1,1,0,0,0,47.3,1.0,0,0,3125.0,1.0,8,25000,0,268000
450000,0.0,0,0,0.0,1075.602,0.0,2,0.0594221105527638,1.0,0,22.74,796.0,1,1,0,0,0,47.3,1.0,0,0,5555.555555555556,1.0,9,50000,0,270000
600000,0.0,0,0,1.0,1465.344,0.0,1,0.0615384615384615,1.0,0,25.44,936.0,0,1,0,0,0,57.6,0.0,0,0,4166.666666666667,1.0,12,50000,0,300000
720000,0.0,0,0,0.0,2002.56,0.0,2,0.0700583819849874,1.0,0,23.84,1199.0,0,1,0,0,0,84.0,1.0,0,0,11250.0,1.0,8,90000,1,450000
910000,0.0,0,0,1.0,1465.344,0.0,2,0.0615384615384615,1.0,0,25.44,936.0,0,2,0,0,0,57.6,0.0,0,0,5384.615384615385,1.0,13,70000,0,220000
1105000,0.0,0,1,0.0,1092.0,0.0,2,0.0585284280936454,1.0,0,15.6,1196.0,0,2,0,0,0,70.0,1.0,0,0,6538.461538461538,1.0,13,85000,0,300000
270000,0.0,0,0,1.0,1967.66,0.0,1,0.0592948717948717,1.0,0,26.59,1248.0,1,1,0,0,0,74.0,0.0,0,0,3333.333333333333,1.0,9,30000,0,561000
105000,0.0,0,0,1.0,2102.168,0.0,1,0.0593108974358974,1.0,0,28.4,1248.0,1,1,0,0,0,74.02,0.0,0,0,2142.8571428571427,1.0,7,15000,0,755000
200000,0.0,0,0,0.0,1217.628,0.0,1,0.0671339173967459,1.0,0,22.7,799.0,0,1,0,0,1,53.64,1.0,0,0,3125.0,1.0,8,25000,0,235000
1260000,0.0,0,0,0.0,1403.732,0.0,2,0.0672344689378757,1.0,0,20.92,998.0,1,1,0,0,0,67.1,1.0,0,0,6428.571428571428,1.0,14,90000,0,165000
1360000,0.0,0,0,1.0,1426.2700000000002,0.0,1,0.0592147435897435,1.0,0,19.3,1248.0,1,2,0,0,0,73.9,0.0,0,0,4705.882352941177,1.0,17,80000,0,190000
700000,0.0,0,0,1.0,920.2,0.0,1,0.038323782234957,1.0,0,17.2,1396.0,0,1,0,0,0,53.5,0.0,0,0,3571.428571428572,1.0,14,50000,1,110000
1650000,0.0,0,0,1.0,1595.685,0.0,2,0.0655689102564102,1.0,0,19.5,1248.0,1,2,0,0,0,81.83,0.0,0,0,7333.333333333333,1.0,15,110000,0,330000
342000,0.0,0,0,0.0,1522.038,0.0,1,0.0683625730994152,1.0,0,18.6,1197.0,0,1,0,0,0,81.83,1.0,1,0,4222.222222222223,1.0,9,38000,0,540000
720000,0.0,0,0,0.0,1164.72,0.0,1,0.0678132678132678,1.0,0,21.1,814.0,0,1,0,0,0,55.2,1.0,1,0,5000.0,1.0,12,60000,0,180000
390000,0.0,0,0,0.0,1501.5,0.0,1,0.0716791979949874,1.0,0,17.5,1197.0,1,1,0,0,0,85.8,1.0,0,0,2307.692307692308,1.0,13,30000,0,450000
330000,0.0,0,0,0.0,1638.78,0.0,1,0.0716791979949874,1.0,0,19.1,1197.0,1,1,0,0,0,85.8,1.0,0,0,2727.2727272727275,1.0,11,30000,0,450000
500000,0.0,0,0,0.0,1428.48,0.0,1,0.0640533778148457,1.0,0,18.6,1199.0,0,1,0,0,0,76.8,1.0,0,0,5000.0,1.0,10,50000,0,200000
336000,0.0,0,0,0.0,2002.56,0.0,2,0.0700583819849874,1.0,0,23.84,1199.0,0,1,0,0,0,84.0,1.0,0,0,5250.0,1.0,8,42000,1,425000
270000,0.0,0,0,0.0,1499.68,0.0,1,0.0687239366138448,1.0,0,18.2,1199.0,0,1,0,0,0,82.4,1.0,0,0,3333.333333333333,1.0,9,30000,0,400000
960000,0.0,0,0,0.0,912.11,0.0,1,0.0581658291457286,1.0,0,19.7,796.0,1,3,0,0,0,46.3,1.0,0,0,3750.0,1.0,16,60000,0,125000
220000,0.0,0,0,0.0,2041.02,0.0,1,0.0783567134268537,1.0,0,17.4,1497.0,0,1,0,1,0,117.3,1.0,0,0,2200.0,1.0,10,22000,0,900000
1170000,0.0,0,0,1.0,2127.944,0.0,2,0.0648310387984981,1.0,0,20.54,1598.0,0,1,0,0,0,103.6,0.0,0,1,6923.076923076923,1.0,13,90000,0,450000
644000,0.0,0,0,0.0,1403.732,0.0,1,0.0672344689378757,1.0,0,20.92,998.0,1,1,0,0,0,67.1,1.0,0,0,3285.714285714286,1.0,14,46000,0,210000
140000,0.0,0,0,0.0,1522.038,0.0,1,0.0683625730994152,1.0,0,18.6,1197.0,0,1,0,0,0,81.83,1.0,1,0,2857.1428571428573,1.0,7,20000,0,801000
330000,0.0,0,0,0.0,1532.725,0.0,1,0.0692147034252297,1.0,0,18.5,1197.0,0,2,0,0,0,82.85,1.0,1,0,2727.2727272727275,1.0,11,30000,0,330000
120000,0.0,0,0,0.0,1164.72,0.0,1,0.0678132678132678,1.0,0,21.1,814.0,0,2,0,0,0,55.2,1.0,1,0,1875.0,1.0,8,15000,0,320000
750000,0.0,0,0,0.0,1595.685,0.0,1,0.0655689102564102,1.0,0,19.5,1248.0,1,1,0,0,0,81.83,1.0,0,0,3333.333333333333,1.0,15,50000,0,160000
1980000,0.0,0,0,0.0,1269.9,0.0,2,0.0618941088739746,1.0,0,15.3,1341.0,0,2,0,0,0,83.0,1.0,1,0,6111.111111111111,1.0,18,110000,0,120000
1120000,0.0,0,0,0.0,912.11,0.0,1,0.0581658291457286,1.0,0,19.7,796.0,1,2,0,0,0,46.3,1.0,0,0,4375.0,1.0,16,70000,0,130000
800000,0.0,0,0,0.0,1499.68,0.0,2,0.0687239366138448,1.0,0,18.2,1199.0,0,1,0,0,0,82.4,1.0,0,0,8000.0,1.0,10,80000,0,220000
850000,0.0,0,0,1.0,1595.685,0.0,1,0.0655689102564102,1.0,0,19.5,1248.0,1,3,0,0,0,81.83,0.0,0,0,2941.176470588235,1.0,17,50000,0,229999
1100000,0.0,0,0,0.0,1558.459,0.0,2,0.0743503772003352,1.0,0,17.57,1193.0,0,1,0,0,0,88.7,1.0,0,0,11000.0,1.0,10,110000,1,340000
840000,0.0,0,1,1.0,1318.56,0.0,2,0.0478913509649749,1.0,0,19.68,1399.0,0,2,0,0,0,67.0,0.0,0,0,5833.333333333333,1.0,12,70000,0,200000
1150000,0.0,0,0,0.0,912.11,0.0,1,0.0581658291457286,1.0,0,19.7,796.0,1,2,0,0,0,46.3,1.0,0,0,2173.913043478261,1.0,23,50000,0,140000
600000,0.0,0,0,0.0,1075.602,0.0,2,0.0594221105527638,1.0,0,22.74,796.0,1,1,0,0,0,47.3,1.0,0,0,6000.0,1.0,10,60000,0,236000
400000,0.0,0,0,0.0,1374.9904,0.0,1,0.0671743486973947,1.0,0,20.51,998.0,1,1,0,0,0,67.04,1.0,0,0,4000.0,1.0,10,40000,0,390000
1440000,0.0,0,0,1.0,1426.2700000000002,0.0,2,0.0592147435897435,1.0,0,19.3,1248.0,1,2,0,0,0,73.9,0.0,0,0,5625.0,1.0,16,90000,0,275000
256000,0.0,0,0,1.0,2150.55,0.0,1,0.0709134615384615,1.0,0,24.3,1248.0,1,1,0,0,0,88.5,0.0,0,0,4000.0,0.0,8,32000,0,775000
35000,0.0,0,0,1.0,2150.55,0.0,1,0.0709134615384615,1.0,0,24.3,1248.0,1,1,0,0,0,88.5,0.0,0,0,714.2857142857143,1.0,7,5000,0,750000
175000,0.0,0,0,0.0,1522.038,0.0,1,0.0683625730994152,1.0,0,18.6,1197.0,0,1,0,0,0,81.83,1.0,1,0,3571.428571428572,1.0,7,25000,0,570000
224000,0.0,0,0,0.0,1547.1539999999998,0.0,1,0.0683876357560568,1.0,0,18.9,1197.0,0,1,0,0,0,81.86,1.0,1,0,4571.428571428572,1.0,7,32000,0,580000
270000,0.0,0,0,0.0,1658.69,0.0,1,0.0739783152627189,1.0,0,18.7,1199.0,0,1,0,1,0,88.7,1.0,0,0,3333.333333333333,1.0,9,30000,0,484999
780000,0.0,0,0,0.0,2007.534,0.0,1,0.0757648630594522,1.0,0,17.7,1497.0,0,1,0,0,0,113.42,1.0,1,0,4615.384615384615,0.0,13,60000,0,415000
500000,0.0,0,0,0.0,1469.84,0.0,1,0.0634390651085141,0.0,1,19.34,1198.0,0,1,0,0,0,76.0,1.0,0,0,5000.0,1.0,10,50000,0,325000
99400,0.0,0,1,0.0,1576.288,0.0,1,0.0725752508361204,1.0,0,18.16,1196.0,0,1,0,0,0,86.8,1.0,0,0,2028.571428571429,1.0,7,14200,0,550000
80000,0.0,0,0,0.0,1164.72,0.0,1,0.0678132678132678,1.0,0,21.1,814.0,0,1,0,0,0,55.2,1.0,1,0,1250.0,1.0,8,10000,0,300000
175000,0.0,0,0,0.0,1217.628,0.0,1,0.0671339173967459,1.0,0,22.7,799.0,0,1,0,0,1,53.64,1.0,0,0,3571.428571428572,1.0,7,25000,0,217000
133700,0.0,0,1,0.0,1798.92,0.0,1,0.0792964824120603,1.0,0,19.0,1194.0,0,1,0,0,0,94.68,1.0,0,0,2728.5714285714284,1.0,7,19100,0,700000
150000,0.0,0,0,0.0,1380.4,0.0,1,0.0626151012891344,0.0,0,20.3,1086.0,0,4,0,0,0,68.0,1.0,1,0,4166.666666666667,1.0,6,25000,0,466000
594000,0.0,0,1,1.0,2276.08,0.0,1,0.0660614152202937,1.0,0,23.0,1498.0,0,1,0,0,0,98.96,0.0,0,0,4909.090909090909,0.0,11,54000,0,484999
245000,0.0,0,0,1.0,1925.808,0.0,1,0.0580424366872005,1.0,1,22.71,1461.0,0,1,0,0,0,84.8,0.0,0,0,5000.0,1.0,7,35000,0,670000
140000,0.0,0,0,0.0,1547.1539999999998,0.0,1,0.0683876357560568,1.0,0,18.9,1197.0,0,2,0,0,0,81.86,1.0,1,0,2857.1428571428573,1.0,7,20000,0,500000
468000,0.0,0,0,1.0,2093.025,0.0,2,0.0709134615384615,1.0,0,23.65,1248.0,1,1,0,0,0,88.5,0.0,0,0,5777.777777777777,1.0,9,52000,0,675000
1680000,0.0,0,0,1.0,2070.0,0.0,2,0.0644699140401146,1.0,0,23.0,1396.0,0,2,0,0,0,90.0,0.0,1,0,8571.42857142857,1.0,14,120000,0,220000
1350000,0.0,0,0,1.0,1692.0,0.0,2,0.0721153846153846,1.0,0,18.8,1248.0,0,2,0,0,0,90.0,0.0,0,0,6000.0,1.0,15,90000,1,250000
2520000,0.0,0,0,0.0,1268.1899999999998,0.0,2,0.0672344689378757,1.0,0,18.9,998.0,1,3,0,0,0,67.1,1.0,0,0,5714.285714285715,1.0,21,120000,0,120000
1015000,0.0,0,0,1.0,2188.4128,0.0,2,0.069105473965287,1.0,0,21.14,1498.0,0,2,0,0,1,103.52,0.0,0,0,10150.0,1.0,10,101500,0,300000
724555,0.0,0,0,1.0,2061.6345,0.0,1,0.0742299794661191,1.0,0,19.01,1461.0,0,2,1,0,0,108.45,0.0,0,0,4287.307692307692,1.0,13,55735,0,480000
450000,0.0,0,0,0.0,1168.31,0.0,2,0.0594221105527638,1.0,0,24.7,796.0,1,2,0,0,0,47.3,1.0,0,0,5555.555555555556,1.0,9,50000,0,250000
840000,0.0,0,1,1.0,1362.0,0.0,2,0.0486776268763402,1.0,0,20.0,1399.0,0,2,0,0,0,68.1,0.0,0,0,5833.333333333333,1.0,12,70000,0,245000
988000,0.0,0,0,0.0,1606.404,0.0,2,0.0659147869674185,1.0,0,20.36,1197.0,0,4,0,0,0,78.9,1.0,1,0,5846.153846153846,1.0,13,76000,0,210000
7500,0.0,0,0,0.0,1734.978,0.0,1,0.0683375104427736,1.0,0,21.21,1197.0,1,1,0,0,0,81.8,1.0,0,0,300.0,1.0,5,1500,0,730000
400000,0.0,0,0,0.0,1374.9904,0.0,1,0.0671743486973947,1.0,0,20.51,998.0,1,1,0,0,0,67.04,1.0,0,0,4000.0,1.0,10,40000,0,400000
600000,0.0,0,0,0.0,1164.72,0.0,2,0.0678132678132678,1.0,0,21.1,814.0,0,2,0,0,0,55.2,1.0,1,0,6000.0,1.0,10,60000,0,280000
479871,0.0,0,0,1.0,1432.272,0.0,2,0.0601495726495726,1.0,0,25.44,936.0,0,1,0,0,0,56.3,0.0,0,0,5924.333333333333,0.0,9,53319,0,375000
327248,0.0,0,0,1.0,2352.7092,0.0,2,0.0725100133511348,1.0,0,21.66,1498.0,0,1,0,0,0,108.62,0.0,0,1,5113.25,0.0,8,40906,0,700000
412243,0.0,1,0,0.0,1561.12,0.0,1,0.0592914438502673,1.0,0,17.6,1496.0,0,2,0,0,0,88.7,1.0,0,0,2439.3076923076924,0.0,13,31711,0,375000
568815,0.0,0,0,0.0,1164.72,0.0,1,0.0678132678132678,1.0,0,21.1,814.0,0,2,0,0,0,55.2,1.0,1,0,3365.769230769231,0.0,13,43755,0,270000
600237,0.0,0,0,0.0,1341.561,0.0,2,0.0667083854818523,1.0,0,25.17,799.0,0,1,1,0,0,53.3,1.0,0,0,7410.333333333333,0.0,9,66693,0,300000
893235,0.0,0,0,0.0,1274.9,0.0,1,0.0672344689378757,1.0,0,19.0,998.0,1,1,0,0,0,67.1,1.0,0,0,3969.933333333333,0.0,15,59549,0,225000
1105950,0.0,0,0,0.0,1221.2199999999998,0.0,1,0.0672344689378757,1.0,0,18.2,998.0,1,1,0,0,0,67.1,1.0,0,0,4915.333333333333,0.0,15,73730,0,200000
1393248,0.0,0,0,1.0,2543.88,0.0,2,0.0658210947930574,1.0,0,25.8,1498.0,0,1,0,1,0,98.6,0.0,0,0,9675.333333333334,0.0,12,116104,0,500000
1505460,0.0,0,0,0.0,1799.6,0.0,3,0.0683375104427736,1.0,0,22.0,1197.0,1,1,0,0,0,81.8,1.0,0,0,15054.6,0.0,10,150546,0,500000
200000,0.0,0,1,0.0,1738.0,0.0,1,0.0733822548365577,1.0,0,15.8,1499.0,0,2,0,0,0,110.0,1.0,0,0,2000.0,1.0,10,20000,0,555000
210000,0.0,0,0,0.0,1547.1539999999998,0.0,1,0.0683876357560568,0.0,0,18.9,1197.0,0,1,0,0,0,81.86,1.0,1,0,4285.714285714285,1.0,7,30000,0,580000
1920000,0.0,0,0,1.0,1692.0,0.0,2,0.0721153846153846,1.0,0,18.8,1248.0,0,2,0,0,0,90.0,0.0,0,0,7500.0,1.0,16,120000,1,180000
1120000,0.0,0,0,0.0,1348.0704999999998,0.0,2,0.0626611418047882,1.0,0,19.81,1086.0,0,1,0,0,0,68.05,1.0,1,0,5714.285714285715,1.0,14,80000,0,200000
540000,0.0,0,0,1.0,1317.4009,0.0,2,0.0491174377224199,1.0,0,19.09,1405.0,0,1,0,0,0,69.01,0.0,0,0,6666.666666666667,1.0,9,60000,1,260000
225000,0.0,0,0,0.0,1541.67,0.0,1,0.067067067067067,1.0,0,23.01,999.0,0,1,1,0,0,67.0,1.0,0,0,2777.777777777778,1.0,9,25000,0,350000
1700000,0.0,0,0,1.0,1967.66,0.0,3,0.0592948717948717,1.0,0,26.59,1248.0,1,1,0,0,0,74.0,0.0,0,0,17000.0,1.0,10,170000,0,370000
288000,0.0,0,0,0.0,1075.602,0.0,1,0.0594221105527638,1.0,0,22.74,796.0,1,1,0,0,0,47.3,1.0,0,0,2000.0,1.0,12,24000,0,200000
60000,0.0,0,0,0.0,2011.44,0.0,1,0.0698999165971643,1.0,0,24.0,1199.0,0,1,0,0,0,83.81,1.0,0,0,1666.6666666666667,1.0,6,10000,1,550000
910000,0.0,0,1,1.0,1360.0,0.0,2,0.0486061472480343,1.0,0,20.0,1399.0,0,2,0,0,0,68.0,0.0,0,0,5384.615384615385,1.0,13,70000,0,300000
1540000,0.0,0,0,0.0,1268.1899999999998,0.0,2,0.0672344689378757,1.0,0,18.9,998.0,1,1,0,0,0,67.1,1.0,0,0,7857.142857142857,1.0,14,110000,0,196000
1360000,0.0,0,0,0.0,1348.0704999999998,0.0,1,0.0626611418047882,1.0,0,19.81,1086.0,0,2,0,0,0,68.05,1.0,1,0,4705.882352941177,1.0,17,80000,0,135000
165000,0.0,0,0,0.0,1558.459,0.0,1,0.0743503772003352,1.0,0,17.57,1193.0,0,1,0,0,0,88.7,1.0,0,0,1650.0,1.0,10,16500,1,299000
240000,0.0,0,0,0.0,1605.8475,0.0,1,0.0671843687374749,1.0,0,23.95,998.0,1,1,0,0,0,67.05,1.0,0,0,3750.0,1.0,8,30000,0,300000
225000,0.0,0,0,0.0,1605.8475,0.0,1,0.0671843687374749,1.0,0,23.95,998.0,1,1,0,0,0,67.05,1.0,0,0,2777.777777777778,1.0,9,25000,0,300000
120000,0.0,0,0,1.0,1775.28,0.0,1,0.0623693086003372,1.0,0,24.0,1186.0,0,1,0,0,0,73.97,0.0,1,0,3333.333333333333,1.0,6,20000,0,750000
540000,0.0,0,0,0.0,1341.561,0.0,2,0.0667083854818523,1.0,0,25.17,799.0,0,1,1,0,0,53.3,1.0,0,0,6666.666666666667,1.0,9,60000,0,260000
980000,0.0,0,0,1.0,1694.6,0.0,1,0.0592948717948717,1.0,0,22.9,1248.0,1,2,0,0,0,74.0,0.0,0,0,5000.0,1.0,14,70000,0,300000
520000,0.0,0,0,0.0,1605.8475,0.0,2,0.0671843687374749,1.0,0,23.95,998.0,1,1,0,0,0,67.05,1.0,0,0,5200.0,1.0,10,52000,0,250000
880000,0.0,0,0,1.0,1731.6,0.0,2,0.0592948717948717,1.0,0,23.4,1248.0,1,1,0,0,0,74.0,0.0,0,0,7272.727272727273,1.0,11,80000,0,420000
500000,0.0,0,0,0.0,1164.72,0.0,1,0.0678132678132678,1.0,0,21.1,814.0,0,1,0,0,0,55.2,1.0,1,0,5000.0,1.0,10,50000,0,235000
150000,0.0,0,0,0.0,1605.8475,0.0,1,0.0671843687374749,1.0,0,23.95,998.0,1,1,0,0,0,67.05,1.0,0,0,4166.666666666667,1.0,6,25000,0,360000
550000,0.0,0,0,1.0,1680.0,0.0,1,0.0625,1.0,0,24.0,1120.0,0,2,0,0,0,70.0,0.0,1,0,4545.454545454545,1.0,11,50000,0,380000
1125000,0.0,0,1,1.0,2244.8943,0.0,2,0.0658144192256341,1.0,0,22.77,1498.0,0,1,0,0,0,98.59,0.0,0,0,13888.888888888889,1.0,9,125000,0,650000
720000,0.0,0,0,0.0,1374.9904,0.0,2,0.0671743486973947,1.0,0,20.51,998.0,1,1,0,0,0,67.04,1.0,0,0,8888.888888888889,1.0,9,80000,0,350000
1350000,0.0,0,0,1.0,2070.0,0.0,2,0.0644699140401146,1.0,0,23.0,1396.0,0,3,0,0,0,90.0,0.0,1,0,6000.0,1.0,15,90000,0,270000
400000,0.0,0,0,1.0,1698.3,0.0,2,0.0592948717948717,1.0,0,22.95,1248.0,0,1,0,0,0,74.0,0.0,0,0,6250.0,1.0,8,50000,1,450000
560000,0.0,0,0,0.0,1268.1899999999998,0.0,1,0.0672344689378757,1.0,0,18.9,998.0,1,1,0,0,0,67.1,1.0,0,0,2857.1428571428573,1.0,14,40000,0,270000
260000,0.0,0,0,0.0,1268.1899999999998,0.0,1,0.0672344689378757,1.0,0,18.9,998.0,1,1,0,0,0,67.1,1.0,0,0,1538.4615384615386,1.0,13,20000,0,275000
1280500,0.0,0,0,0.0,1255.9,0.0,2,0.0662324649298597,1.0,0,19.0,998.0,1,2,0,0,0,66.1,1.0,0,0,7576.923076923077,1.0,13,98500,0,235000
1666000,0.0,0,0,0.0,1606.404,0.0,2,0.0659147869674185,1.0,0,20.36,1197.0,0,3,0,0,0,78.9,1.0,1,0,5764.705882352941,1.0,17,98000,0,275000
1080000,0.0,0,0,1.0,1867.6,0.0,2,0.0737179487179487,1.0,0,20.3,1248.0,0,1,0,0,1,92.0,0.0,0,0,7500.0,1.0,12,90000,0,400000
1170000,0.0,0,0,0.0,912.11,0.0,2,0.0581658291457286,1.0,0,19.7,796.0,1,3,0,0,0,46.3,1.0,0,0,6923.076923076923,1.0,13,90000,0,215000
1760000,0.0,0,0,1.0,1881.0,0.0,2,0.073677160080375,1.0,0,17.1,1493.0,0,2,0,0,0,110.0,0.0,1,0,6875.0,1.0,16,110000,0,150000
544600,0.0,0,0,1.0,2221.35,0.0,2,0.0709134615384615,1.0,0,25.1,1248.0,1,1,0,0,0,88.5,0.0,0,0,11114.285714285714,1.0,7,77800,0,950000
1560000,0.0,0,0,1.0,1349.0,0.0,2,0.0505338078291814,1.0,0,19.0,1405.0,0,2,0,0,0,71.0,0.0,0,0,9230.76923076923,1.0,13,120000,1,135000
720000,0.0,0,0,0.0,1566.2,0.0,2,0.0685045948203842,1.0,0,19.1,1197.0,0,2,0,0,0,82.0,1.0,1,0,8888.888888888889,1.0,9,80000,0,350000
700000,0.0,0,0,0.0,1630.2,0.0,2,0.0716791979949874,1.0,0,19.0,1197.0,1,2,0,0,0,85.8,1.0,0,0,14285.714285714286,1.0,7,100000,0,455000
150000,0.0,0,0,0.0,1734.978,0.0,1,0.0683375104427736,1.0,0,21.21,1197.0,1,1,0,0,0,81.8,1.0,0,0,4166.666666666667,1.0,6,25000,0,655000
180000,0.0,0,1,1.0,2276.08,0.0,1,0.0660614152202937,1.0,0,23.0,1498.0,0,3,0,0,0,98.96,0.0,0,0,5000.0,1.0,6,30000,0,800000
175000,0.0,1,0,0.0,1877.9,0.0,1,0.0705213903743315,0.0,0,17.8,1496.0,0,1,0,0,0,105.5,1.0,0,0,3571.428571428572,1.0,7,25000,0,1100000
1008000,0.0,0,0,1.0,2127.944,0.0,2,0.0648310387984981,1.0,0,20.54,1598.0,0,2,0,0,0,103.6,0.0,0,1,5142.857142857143,1.0,14,72000,0,300000
540000,0.0,0,1,0.0,1576.288,0.0,2,0.0725752508361204,1.0,0,18.16,1196.0,0,1,0,0,0,86.8,1.0,0,0,6666.666666666667,1.0,9,60000,0,370000
660000,0.0,0,0,0.0,1112.832,0.0,2,0.0571823204419889,1.0,0,17.92,1086.0,0,1,0,0,0,62.1,1.0,1,0,5454.545454545455,1.0,11,60000,0,238000
2090000,0.0,0,0,0.0,1595.685,0.0,2,0.0655689102564102,1.0,0,19.5,1248.0,0,2,0,0,0,81.83,1.0,1,0,5789.473684210527,1.0,19,110000,0,72000
1080000,0.0,0,0,0.0,1112.832,0.0,2,0.0571823204419889,1.0,0,17.92,1086.0,0,1,0,0,0,62.1,1.0,1,0,7500.0,1.0,12,90000,0,200000
1001000,0.0,0,0,1.0,1925.808,0.0,2,0.0580424366872005,1.0,1,22.71,1461.0,0,4,0,0,0,84.8,0.0,0,0,8272.727272727272,1.0,11,91000,0,320000
1440000,0.0,0,0,0.0,1112.832,0.0,2,0.0571823204419889,1.0,0,17.92,1086.0,0,4,0,0,0,62.1,1.0,1,0,5625.0,1.0,16,90000,0,114999
500000,0.0,0,0,0.0,1374.9904,0.0,1,0.0671743486973947,1.0,0,20.51,998.0,1,2,0,0,0,67.04,1.0,0,0,5000.0,1.0,10,50000,0,320000
300000,0.0,0,0,0.0,1348.0704999999998,0.0,1,0.0626611418047882,1.0,0,19.81,1086.0,0,1,0,0,0,68.05,1.0,1,0,1333.3333333333333,1.0,15,20000,0,210000
2400000,0.0,0,0,0.0,1266.3,0.0,2,0.063147973609802,1.0,0,18.9,1061.0,1,2,0,0,0,67.0,1.0,0,0,9375.0,1.0,16,150000,0,135000
520000,0.0,0,0,1.0,1317.4009,0.0,2,0.0491174377224199,1.0,0,19.09,1405.0,0,1,0,0,0,69.01,0.0,0,0,5200.0,1.0,10,52000,1,350000
320000,0.0,0,0,1.0,2102.168,0.0,1,0.0593108974358974,1.0,0,28.4,1248.0,1,1,0,0,0,74.02,0.0,0,0,5000.0,1.0,8,40000,0,680000
2850000,0.0,0,0,1.0,1335.0,0.0,2,0.0600961538461538,1.0,0,17.8,1248.0,1,2,0,0,0,75.0,0.0,0,0,12666.666666666666,1.0,15,190000,0,200000
450000,0.0,0,0,0.0,1541.67,0.0,2,0.067067067067067,1.0,0,23.01,999.0,0,1,1,0,0,67.0,1.0,0,0,5555.555555555556,1.0,9,50000,0,300000
1040000,0.0,0,0,0.0,1268.1899999999998,0.0,2,0.0672344689378757,1.0,0,18.9,998.0,1,2,0,0,0,67.1,1.0,0,0,6153.846153846154,1.0,13,80000,0,225000
170000,0.0,0,0,0.0,1164.72,0.0,1,0.0678132678132678,1.0,0,21.1,814.0,0,1,0,0,0,55.2,1.0,1,0,1700.0,1.0,10,17000,0,290000
2700000,0.0,0,0,0.0,1274.9,0.0,2,0.0672344689378757,1.0,0,19.0,998.0,1,2,0,0,0,67.1,1.0,0,0,12000.0,1.0,15,180000,0,100000
450000,0.0,0,0,0.0,1548.6240000000005,0.0,2,0.0671743486973947,1.0,0,23.1,998.0,1,1,0,0,0,67.04,1.0,0,0,5555.555555555556,1.0,9,50000,0,395000
715000,0.0,0,0,0.0,1164.72,0.0,2,0.0678132678132678,1.0,0,21.1,814.0,0,2,0,0,0,55.2,1.0,1,0,5909.090909090909,1.0,11,65000,0,195000
500000,0.0,0,0,1.0,1999.9742,0.0,1,0.0635601719197707,1.0,0,22.54,1396.0,0,1,0,0,0,88.73,0.0,1,0,5000.0,1.0,10,50000,0,715000
60000,0.0,0,0,0.0,1522.596,0.0,1,0.0683876357560568,1.0,0,18.6,1197.0,0,1,0,0,0,81.86,1.0,1,0,1666.6666666666667,1.0,6,10000,0,600000
240000,0.0,0,0,0.0,1383.4478,0.0,1,0.0559766277128547,1.0,0,20.63,1198.0,0,1,0,0,1,67.06,1.0,0,0,3750.0,1.0,8,30000,0,385000
1755000,0.0,0,0,1.0,1943.844,0.0,2,0.0635816618911174,1.0,0,21.9,1396.0,0,1,0,0,0,88.76,0.0,1,0,10384.615384615385,1.0,13,135000,0,335000
385000,0.0,0,0,0.0,1548.6240000000005,0.0,1,0.0671743486973947,1.0,0,23.1,998.0,1,1,0,0,0,67.04,1.0,0,0,3181.818181818182,1.0,11,35000,0,300000
2520000,0.0,0,0,0.0,1240.8,0.0,2,0.062876254180602,1.0,0,13.2,1495.0,0,2,0,0,0,94.0,1.0,1,0,5714.285714285715,1.0,21,120000,0,80000
2470000,0.0,0,0,1.0,1317.21,0.0,2,0.0494269340974212,1.0,0,19.09,1396.0,0,2,0,0,0,69.0,0.0,0,0,14615.384615384615,1.0,13,190000,1,168000
1560000,0.0,1,0,1.0,1595.685,0.0,2,0.0655689102564102,1.0,0,19.5,1248.0,0,2,0,0,0,81.83,0.0,0,0,9230.76923076923,1.0,13,120000,0,300000
350000,0.0,0,0,0.0,1656.015,0.0,1,0.0652202937249666,1.0,1,16.95,1498.0,0,2,0,0,0,97.7,1.0,0,0,1785.7142857142858,1.0,14,25000,0,350000
960000,0.0,0,0,1.0,1865.7352,0.0,2,0.0711217948717948,1.0,0,21.02,1248.0,0,1,0,0,0,88.76,0.0,0,0,6666.666666666667,1.0,12,80000,1,280000
560000,0.0,0,0,1.0,1732.4,0.0,2,0.0633928571428571,1.0,0,24.4,1120.0,0,2,0,0,0,71.0,0.0,1,0,8750.0,1.0,8,70000,0,550000
70000,0.0,0,0,0.0,1648.6604,0.0,1,0.0683876357560568,1.0,0,20.14,1197.0,0,1,0,0,0,81.86,1.0,1,0,1428.571428571429,1.0,7,10000,0,500000
36000,0.0,0,1,0.0,1798.92,0.0,1,0.0792964824120603,1.0,0,19.0,1194.0,0,1,0,0,0,94.68,1.0,0,0,1000.0,1.0,6,6000,0,700000
1080000,0.0,0,0,1.0,2121.75,0.0,2,0.0647684605757196,1.0,0,20.5,1598.0,0,2,0,0,1,103.5,0.0,0,0,7500.0,1.0,12,90000,0,380000
140000,0.0,0,0,0.0,1547.1539999999998,0.0,1,0.0683876357560568,0.0,0,18.9,1197.0,0,1,0,0,0,81.86,1.0,1,0,2857.1428571428573,1.0,7,20000,0,531000
280000,0.0,0,0,0.0,1541.67,0.0,1,0.067067067067067,1.0,0,23.01,999.0,0,1,1,0,0,67.0,1.0,0,0,4375.0,1.0,8,35000,0,300000
660000,0.0,0,0,1.0,1788.432,0.0,2,0.059279038718291,1.0,0,20.14,1498.0,0,2,0,0,0,88.8,0.0,0,1,5454.545454545455,1.0,11,60000,0,350000
1020000,0.0,0,0,0.0,1476.84,0.0,1,0.0662218515429524,1.0,0,18.6,1199.0,0,4,0,0,0,79.4,1.0,0,0,4533.333333333333,1.0,15,68000,0,150000
300000,0.0,0,0,0.0,1668.7199999999998,0.0,1,0.0683375104427736,1.0,0,20.4,1197.0,1,1,0,0,0,81.8,1.0,0,0,3000.0,1.0,10,30000,0,450000
1235000,0.0,0,0,0.0,1595.685,0.0,1,0.0655689102564102,1.0,0,19.5,1248.0,1,3,0,0,0,81.83,1.0,0,0,3421.0526315789475,1.0,19,65000,0,140000
1680000,0.0,0,0,1.0,1595.685,0.0,1,0.0655689102564102,1.0,0,19.5,1248.0,0,3,0,0,1,81.83,0.0,0,0,3809.5238095238096,1.0,21,80000,0,250000
2280000,0.0,0,0,1.0,1142.4,0.0,2,0.0483985765124555,1.0,0,16.8,1405.0,0,3,0,0,0,68.0,0.0,0,0,6315.789473684211,1.0,19,120000,1,85000
210000,0.0,0,0,0.0,1547.1539999999998,0.0,1,0.0683876357560568,1.0,0,18.9,1197.0,0,1,0,0,0,81.86,1.0,1,0,4285.714285714285,1.0,7,30000,0,450000
771582,0.0,0,0,0.0,1595.685,0.0,1,0.0655689102564102,1.0,0,19.5,1248.0,1,1,0,0,0,81.83,1.0,0,0,3936.642857142857,1.0,14,55113,0,170000
400000,0.0,0,0,1.0,1882.32,0.0,2,0.0659025787965616,1.0,0,27.28,1047.0,0,1,0,0,0,69.0,0.0,0,0,6250.0,1.0,8,50000,1,360000
30000,0.0,0,0,0.0,1605.8475,0.0,1,0.0671843687374749,1.0,0,23.95,998.0,1,1,0,0,0,67.05,1.0,0,0,1200.0,1.0,5,6000,0,390000
1080000,0.0,0,0,1.0,1725.0,0.0,2,0.0494269340974212,1.0,0,25.0,1396.0,0,1,0,0,0,69.0,0.0,0,0,7500.0,1.0,12,90000,1,300000
640000,0.0,0,1,0.0,1576.288,0.0,2,0.0725752508361204,1.0,0,18.16,1196.0,0,1,0,0,0,86.8,1.0,0,0,10000.0,1.0,8,80000,0,565000
1760000,0.0,0,0,0.0,1595.685,0.0,1,0.0655689102564102,1.0,0,19.5,1248.0,0,2,0,0,0,81.83,1.0,1,0,3636.363636363637,1.0,22,80000,0,50000
1120000,0.0,0,0,0.0,1164.72,0.0,2,0.0678132678132678,1.0,0,21.1,814.0,0,2,0,0,0,55.2,1.0,1,0,5714.285714285715,1.0,14,80000,0,180000
960000,0.0,0,0,0.0,1164.72,0.0,2,0.0678132678132678,1.0,0,21.1,814.0,0,2,0,0,0,55.2,1.0,1,0,6666.666666666667,1.0,12,80000,0,200000
3000000,0.0,0,0,0.0,912.11,0.0,2,0.0581658291457286,1.0,0,19.7,796.0,1,2,0,0,0,46.3,1.0,0,0,7500.0,1.0,20,150000,0,85000
2090000,0.0,0,0,1.0,944.064,0.0,2,0.0378223495702005,1.0,0,17.88,1396.0,0,4,0,0,0,52.8,0.0,0,0,5789.473684210527,1.0,19,110000,1,67500
990000,0.0,0,0,1.0,2150.55,0.0,2,0.0709134615384615,1.0,0,24.3,1248.0,1,2,0,0,0,88.5,0.0,0,0,12222.222222222224,1.0,9,110000,0,700000
1200000,0.0,0,0,1.0,1630.9730000000002,0.0,2,0.0616346955796497,1.0,0,22.07,1199.0,0,4,0,0,0,73.9,0.0,0,1,5333.333333333333,1.0,15,80000,0,275000
120000,0.0,0,0,0.0,1547.1539999999998,0.0,1,0.0683876357560568,1.0,0,18.9,1197.0,0,1,0,0,0,81.86,1.0,1,0,3333.333333333333,1.0,6,20000,0,600000
1200000,0.0,0,0,1.0,1860.48,0.0,2,0.073076923076923,1.0,0,20.4,1248.0,0,2,0,0,1,91.2,0.0,0,0,5333.333333333333,1.0,15,80000,0,200000
915000,0.0,0,0,1.0,1680.0,0.0,2,0.0625,1.0,0,24.0,1120.0,0,2,0,0,0,70.0,0.0,1,0,9150.0,1.0,10,91500,0,425000
1560000,0.0,0,0,1.0,1426.2700000000002,0.0,2,0.0592147435897435,1.0,0,19.3,1248.0,1,2,0,0,0,73.9,0.0,0,0,9230.76923076923,1.0,13,120000,0,420000
1300000,0.0,0,0,1.0,2070.0,0.0,2,0.0644699140401146,1.0,0,23.0,1396.0,0,2,0,0,0,90.0,0.0,1,0,7692.307692307692,1.0,13,100000,0,321000
640000,0.0,0,0,0.0,1543.2600000000002,0.0,2,0.0723706176961602,1.0,0,17.8,1198.0,0,1,0,1,0,86.7,1.0,0,0,10000.0,1.0,8,80000,0,490000
630000,0.0,0,0,0.0,1605.8475,0.0,2,0.0671843687374749,1.0,0,23.95,998.0,1,1,0,0,0,67.05,1.0,0,0,7777.777777777777,1.0,9,70000,0,298000
900000,0.0,0,0,0.0,1595.685,0.0,1,0.0655689102564102,0.0,0,19.5,1248.0,0,2,0,0,1,81.83,1.0,0,0,4000.0,1.0,15,60000,0,400000
520000,0.0,0,0,1.0,1650.2,0.0,1,0.0592948717948717,1.0,0,22.3,1248.0,0,1,0,0,0,74.0,0.0,0,0,3076.923076923077,1.0,13,40000,1,250000
160000,0.0,0,0,0.0,1549.8,0.0,1,0.0685045948203842,1.0,0,18.9,1197.0,0,1,0,0,0,82.0,1.0,1,0,2500.0,1.0,8,20000,0,500000
60000,0.0,0,1,0.0,1798.92,0.0,1,0.0792964824120603,1.0,0,19.0,1194.0,0,1,0,0,0,94.68,1.0,0,0,1666.6666666666667,1.0,6,10000,0,681000
1190000,0.0,0,0,0.0,1142.9740000000002,0.0,1,0.0651304347826087,1.0,0,15.26,1150.0,0,2,0,0,0,74.9,1.0,0,0,4117.64705882353,1.0,17,70000,0,80000
640000,0.0,0,0,0.0,1203.1,0.0,2,0.0663329161451814,1.0,0,22.7,799.0,0,1,0,0,1,53.0,1.0,0,0,10000.0,1.0,8,80000,0,229999
495000,0.0,0,0,0.0,1638.78,0.0,1,0.0716791979949874,1.0,0,19.1,1197.0,1,1,0,0,0,85.8,1.0,0,0,4090.909090909091,1.0,11,45000,0,500000
1440000,0.0,0,0,1.0,1317.21,0.0,2,0.0494269340974212,1.0,0,19.09,1396.0,0,1,0,0,0,69.0,0.0,0,0,10000.0,1.0,12,120000,1,175000
60000,0.0,0,1,0.0,1798.92,0.0,1,0.0792964824120603,1.0,0,19.0,1194.0,0,1,0,0,0,94.68,1.0,0,0,1666.6666666666667,1.0,6,10000,0,720000
450000,0.0,0,0,0.0,912.11,0.0,1,0.0581658291457286,1.0,0,19.7,796.0,1,3,0,0,0,46.3,1.0,0,0,2000.0,1.0,15,30000,0,165000
1032000,0.0,0,0,1.0,1694.6,0.0,2,0.0592948717948717,1.0,0,22.9,1248.0,1,2,0,0,0,74.0,0.0,0,0,7166.666666666667,1.0,12,86000,0,430000
1925000,0.0,0,0,1.0,1426.2700000000002,0.0,2,0.0592147435897435,1.0,0,19.3,1248.0,1,3,0,0,0,73.9,0.0,0,0,9821.42857142857,1.0,14,137500,0,350000
420000,0.0,0,0,0.0,1541.67,0.0,2,0.067067067067067,1.0,0,23.01,999.0,0,1,1,0,0,67.0,1.0,0,0,8571.42857142857,1.0,7,60000,0,400000
50000,0.0,0,0,0.0,1374.9904,0.0,1,0.0671743486973947,1.0,0,20.51,998.0,1,1,0,0,0,67.04,1.0,0,0,500.0,1.0,10,5000,0,430000
240000,0.0,0,0,0.0,1668.7199999999998,0.0,1,0.0683375104427736,1.0,0,20.4,1197.0,1,1,0,0,0,81.8,1.0,0,0,3750.0,1.0,8,30000,0,573000
400000,0.0,0,0,0.0,1164.72,0.0,1,0.0678132678132678,1.0,0,21.1,814.0,0,1,0,0,0,55.2,1.0,1,0,4000.0,1.0,10,40000,0,210000
600000,0.0,0,0,1.0,2061.6345,0.0,2,0.0742299794661191,1.0,0,19.01,1461.0,0,1,1,0,0,108.45,0.0,0,0,6000.0,1.0,10,60000,0,600000
1190000,0.0,0,0,0.0,1380.6,0.0,1,0.0521042084168336,1.0,0,17.7,1497.0,0,3,0,1,0,78.0,1.0,0,0,4117.64705882353,1.0,17,70000,0,150000
90000,0.0,0,0,0.0,1705.2,0.0,1,0.0700583819849874,1.0,0,20.3,1199.0,0,1,0,0,0,84.0,1.0,0,0,2500.0,1.0,6,15000,1,550000
1540000,0.0,0,0,1.0,1426.2700000000002,0.0,2,0.0592147435897435,1.0,0,19.3,1248.0,1,2,0,0,0,73.9,0.0,0,0,7857.142857142857,1.0,14,110000,0,320000
60000,0.0,0,0,1.0,2702.4619999999995,0.0,1,0.0658411214953271,1.0,0,27.4,1498.0,0,1,0,1,0,98.63,0.0,0,0,1666.6666666666667,1.0,6,10000,0,800000
1540000,0.0,0,0,1.0,1692.0,0.0,2,0.0721153846153846,1.0,0,18.8,1248.0,0,2,0,0,0,90.0,0.0,0,0,7857.142857142857,1.0,14,110000,1,229999
350000,0.0,0,0,0.0,1522.038,0.0,1,0.0683625730994152,1.0,0,18.6,1197.0,0,1,0,0,0,81.83,1.0,1,0,3500.0,1.0,10,35000,0,630000
2040000,0.0,0,0,0.0,912.11,0.0,2,0.0581658291457286,1.0,0,19.7,796.0,1,1,0,0,0,46.3,1.0,0,0,7058.823529411765,1.0,17,120000,0,95000
630000,0.0,0,0,1.0,2543.88,0.0,2,0.0658210947930574,1.0,0,25.8,1498.0,0,2,0,1,0,98.6,0.0,0,0,7777.777777777777,1.0,9,70000,0,500000
494000,0.0,0,0,0.0,1164.72,0.0,1,0.0678132678132678,1.0,0,21.1,814.0,0,1,0,0,0,55.2,1.0,1,0,2923.076923076923,1.0,13,38000,0,244000
1080000,0.0,0,0,0.0,1374.9904,0.0,2,0.0671743486973947,1.0,0,20.51,998.0,1,2,0,0,0,67.04,1.0,0,0,7500.0,1.0,12,90000,0,250000
540000,0.0,0,0,0.0,1778.3399999999997,0.0,2,0.0694235588972431,1.0,0,21.4,1197.0,1,1,0,0,0,83.1,1.0,0,0,6666.666666666667,1.0,9,60000,0,660000
900000,0.0,0,0,0.0,1480.0,0.0,1,0.0668337510442773,1.0,0,18.5,1197.0,0,1,0,0,0,80.0,1.0,1,0,4000.0,1.0,15,60000,0,270000
2028780,0.0,0,0,1.0,1715.408,0.0,2,0.0592467948717948,1.0,0,23.2,1248.0,1,1,0,0,0,73.94,0.0,0,0,12004.615384615385,1.0,13,156060,0,280000
560000,0.0,0,0,0.0,1733.469,0.0,2,0.0694569757727652,1.0,0,20.85,1197.0,1,1,0,0,0,83.14,1.0,0,0,8750.0,1.0,8,70000,0,525000
650000,0.0,0,0,0.0,1595.88,0.0,1,0.0716791979949874,1.0,0,18.6,1197.0,1,2,0,0,0,85.8,1.0,0,0,3846.153846153846,1.0,13,50000,0,345000
1800000,0.0,0,0,0.0,1121.4,0.0,2,0.0580110497237569,1.0,0,17.8,1086.0,0,2,0,0,0,63.0,1.0,1,0,5555.555555555556,1.0,18,100000,0,95000
150000,0.0,0,0,0.0,1075.602,0.0,1,0.0594221105527638,1.0,0,22.74,796.0,1,1,0,0,0,47.3,1.0,0,0,1500.0,1.0,10,15000,0,241000
200000,0.0,0,0,0.0,1075.602,0.0,1,0.0594221105527638,1.0,0,22.74,796.0,1,1,0,0,0,47.3,1.0,0,0,2000.0,1.0,10,20000,0,235000
800000,0.0,0,1,1.0,2244.8943,0.0,2,0.0658144192256341,1.0,0,22.77,1498.0,0,1,0,0,0,98.59,0.0,0,0,8000.0,1.0,10,80000,0,615000
1210000,0.0,0,0,1.0,1333.28,0.0,2,0.0438740588637919,1.0,0,20.8,1461.0,0,2,0,0,1,64.1,0.0,0,0,10000.0,1.0,11,110000,0,350000
385000,0.0,0,0,0.0,1374.9904,0.0,1,0.0671743486973947,1.0,0,20.51,998.0,1,1,0,0,0,67.04,1.0,0,0,3181.818181818182,1.0,11,35000,0,350000
385000,0.0,0,0,0.0,1374.9904,0.0,1,0.0671743486973947,1.0,0,20.51,998.0,1,1,0,0,0,67.04,1.0,0,0,3181.818181818182,1.0,11,35000,0,380000
600000,0.0,0,0,0.0,1274.9,0.0,1,0.0672344689378757,1.0,0,19.0,998.0,1,1,0,0,0,67.1,1.0,0,0,2666.6666666666665,1.0,15,40000,0,220000
910000,0.0,0,0,0.0,1587.3,0.0,2,0.0716791979949874,1.0,0,18.5,1197.0,1,2,0,0,0,85.8,1.0,0,0,5384.615384615385,1.0,13,70000,0,275000
1600000,0.0,0,0,1.0,1207.0,0.0,2,0.0505338078291814,1.0,0,17.0,1405.0,0,2,0,0,0,71.0,0.0,0,0,6250.0,1.0,16,100000,1,125000
200000,0.0,0,0,0.0,1348.0704999999998,0.0,1,0.0626611418047882,1.0,0,19.81,1086.0,0,1,0,0,0,68.05,1.0,1,0,2000.0,1.0,10,20000,0,360000
90000,0.0,0,0,0.0,1547.1539999999998,0.0,1,0.0683876357560568,1.0,0,18.9,1197.0,0,1,0,0,0,81.86,1.0,1,0,2500.0,1.0,6,15000,0,550000
980000,0.0,0,1,0.0,1128.8000000000002,0.0,1,0.0489913544668587,1.0,0,16.6,1388.0,0,2,0,0,0,68.0,1.0,0,0,5000.0,1.0,14,70000,0,200000
135000,0.0,0,0,0.0,1348.0704999999998,0.0,1,0.0626611418047882,1.0,0,19.81,1086.0,0,1,0,0,0,68.05,1.0,1,0,1666.6666666666667,1.0,9,15000,0,425000
856000,0.0,0,0,1.0,2102.168,0.0,2,0.0593108974358974,1.0,0,28.4,1248.0,1,1,0,0,0,74.02,0.0,0,0,13375.0,1.0,8,107000,0,620000
756000,0.0,0,0,1.0,1380.0,0.0,1,0.0600961538461538,1.0,0,18.4,1248.0,0,2,0,0,0,75.0,0.0,0,0,3857.142857142857,1.0,14,54000,1,130000
928000,0.0,0,0,0.0,912.11,0.0,1,0.0581658291457286,1.0,0,19.7,796.0,1,1,0,0,0,46.3,1.0,0,0,3625.0,1.0,16,58000,0,120000
1620000,0.0,0,0,1.0,1848.0,0.0,1,0.073677160080375,1.0,0,16.8,1493.0,0,4,0,0,0,110.0,0.0,1,0,5000.0,1.0,18,90000,0,185000
430000,0.0,0,0,0.0,1381.415,0.0,1,0.0681863727454909,1.0,0,20.3,998.0,0,2,0,0,0,68.05,1.0,1,0,4300.0,1.0,10,43000,0,204999
344000,0.0,0,0,1.0,2102.168,0.0,2,0.0593108974358974,1.0,0,28.4,1248.0,1,1,0,0,0,74.02,0.0,0,0,5375.0,1.0,8,43000,0,625000
2100000,0.0,0,0,0.0,1088.0,0.0,2,0.0608882521489971,1.0,0,12.8,1396.0,0,1,0,0,0,85.0,1.0,0,0,10714.285714285714,1.0,14,150000,1,150000
552000,0.0,0,0,0.0,1543.36,0.0,1,0.0707256046705588,1.0,0,18.2,1199.0,0,1,0,0,0,84.8,1.0,0,0,3833.3333333333335,1.0,12,46000,0,229999
315000,0.0,0,0,0.0,1522.038,0.0,1,0.0683625730994152,1.0,0,18.6,1197.0,0,1,0,0,0,81.83,1.0,1,0,3888.8888888888887,1.0,9,35000,0,576000
450000,0.0,0,0,0.0,1341.561,0.0,2,0.0667083854818523,1.0,0,25.17,799.0,0,1,1,0,0,53.3,1.0,0,0,5555.555555555556,1.0,9,50000,0,265000
1200000,0.0,0,0,0.0,1595.685,0.0,1,0.0655689102564102,1.0,0,19.5,1248.0,1,3,0,0,0,81.83,1.0,0,0,3000.0,1.0,20,60000,0,50000
880000,0.0,0,0,1.0,1704.3,0.0,2,0.0659025787965616,1.0,0,24.7,1047.0,0,1,0,0,0,69.0,0.0,0,0,13750.0,1.0,8,110000,1,420000
224000,0.0,0,0,0.0,1341.561,0.0,1,0.0667083854818523,1.0,0,25.17,799.0,0,1,1,0,0,53.3,1.0,0,0,3500.0,1.0,8,28000,0,290000
798000,0.0,0,0,0.0,1164.72,0.0,1,0.0678132678132678,1.0,0,21.1,814.0,0,1,0,0,0,55.2,1.0,1,0,4071.428571428572,1.0,14,57000,0,160000
400000,0.0,0,0,1.0,1967.66,0.0,2,0.0592948717948717,1.0,0,26.59,1248.0,1,1,0,0,0,74.0,0.0,0,0,6250.0,1.0,8,50000,0,695000
600000,0.0,1,0,1.0,1868.696,0.0,2,0.0639296187683284,1.0,0,21.43,1364.0,0,1,0,0,0,87.2,0.0,0,0,6000.0,1.0,10,60000,0,1050000
840000,0.0,0,0,0.0,1532.725,0.0,2,0.0692147034252297,1.0,0,18.5,1197.0,0,1,0,0,0,82.85,1.0,1,0,5833.333333333333,1.0,12,70000,0,400000
360000,0.0,0,0,0.0,1522.038,0.0,1,0.0683625730994152,1.0,0,18.6,1197.0,0,1,0,0,0,81.83,1.0,1,0,4444.444444444444,1.0,9,40000,0,500000
1800000,0.0,0,0,1.0,1875.456,0.0,2,0.0711538461538461,1.0,0,21.12,1248.0,0,2,0,0,0,88.8,0.0,0,0,8000.0,1.0,15,120000,1,150000
1500000,0.0,0,0,1.0,1190.0,0.0,2,0.0498220640569395,1.0,0,17.0,1405.0,0,2,0,0,0,70.0,0.0,0,0,6666.666666666667,1.0,15,100000,1,120000
1440000,0.0,0,0,1.0,1317.4009,0.0,2,0.0491174377224199,1.0,0,19.09,1405.0,0,2,0,0,0,69.01,0.0,0,0,10000.0,1.0,12,120000,1,200000
832000,0.0,0,1,1.0,1192.6,0.0,1,0.0478913509649749,1.0,0,17.8,1399.0,0,2,0,0,0,67.0,0.0,0,0,4923.076923076923,1.0,13,64000,0,300000
250000,0.0,0,0,0.0,1548.6240000000005,0.0,1,0.0671743486973947,1.0,0,23.1,998.0,1,1,0,0,0,67.04,1.0,0,0,2500.0,1.0,10,25000,0,350000
910000,0.0,0,0,1.0,1465.344,0.0,2,0.0615384615384615,1.0,0,25.44,936.0,0,2,0,0,0,57.6,0.0,0,0,5384.615384615385,1.0,13,70000,0,200000
810000,0.0,0,0,0.0,1341.561,0.0,2,0.0667083854818523,1.0,0,25.17,799.0,0,1,1,0,0,53.3,1.0,0,0,10000.0,1.0,9,90000,0,261000
400000,0.0,0,0,0.0,1499.68,0.0,1,0.0687239366138448,1.0,0,18.2,1199.0,0,1,0,0,0,82.4,1.0,0,0,4000.0,1.0,10,40000,0,371000
1560000,0.0,0,0,1.0,1317.21,0.0,2,0.0494269340974212,1.0,0,19.09,1396.0,0,2,0,0,0,69.0,0.0,0,0,9230.76923076923,1.0,13,120000,1,204999
1980000,0.0,0,0,0.0,1240.8,0.0,1,0.062876254180602,1.0,0,13.2,1495.0,0,2,0,0,0,94.0,1.0,1,0,4090.909090909091,1.0,22,90000,0,110000
1600000,0.0,0,1,1.0,1203.6,0.0,2,0.0486061472480343,1.0,0,17.7,1399.0,0,4,0,0,0,68.0,0.0,0,0,6250.0,1.0,16,100000,0,150000
1650000,0.0,0,1,1.0,1360.0,0.0,2,0.0486061472480343,1.0,0,20.0,1399.0,0,2,0,0,0,68.0,0.0,0,0,7333.333333333333,1.0,15,110000,0,180000
320000,0.0,0,0,1.0,2514.3,0.0,1,0.0658210947930574,1.0,0,25.5,1498.0,0,1,0,1,0,98.6,0.0,0,0,5000.0,1.0,8,40000,0,900000
2090000,0.0,0,0,0.0,1380.6,0.0,2,0.0521042084168336,1.0,0,17.7,1497.0,0,2,0,1,0,78.0,1.0,0,0,5789.473684210527,1.0,19,110000,0,165000
1500000,0.0,0,0,1.0,1971.0,0.0,2,0.0644699140401146,1.0,0,21.9,1396.0,0,4,0,0,0,90.0,0.0,1,0,6666.666666666667,1.0,15,100000,0,270000
320000,0.0,0,0,1.0,2150.55,0.0,1,0.0709134615384615,1.0,0,24.3,1248.0,1,1,0,0,0,88.5,0.0,0,0,5000.0,1.0,8,40000,0,750000
180000,0.0,0,0,0.0,1522.596,0.0,1,0.0683876357560568,1.0,0,18.6,1197.0,0,1,0,0,0,81.86,1.0,1,0,5000.0,1.0,6,30000,0,750000
1260000,0.0,0,1,1.0,1360.0,0.0,2,0.0486061472480343,1.0,0,20.0,1399.0,0,2,0,0,0,68.0,0.0,0,0,6428.571428571428,1.0,14,90000,0,190000
1120000,0.0,0,0,0.0,1360.0,0.0,2,0.0668337510442773,1.0,0,17.0,1197.0,0,1,0,0,0,80.0,1.0,1,0,5714.285714285715,1.0,14,80000,0,315000
1080000,0.0,1,0,1.0,1581.4736,0.0,2,0.049149560117302,1.0,0,23.59,1364.0,0,1,0,0,0,67.04,0.0,0,0,7500.0,1.0,12,90000,0,409999
840000,0.0,0,0,0.0,1532.725,0.0,2,0.0692147034252297,1.0,0,18.5,1197.0,0,1,0,0,0,82.85,1.0,1,0,5833.333333333333,1.0,12,70000,0,340000
430000,0.0,0,0,0.0,1164.72,0.0,1,0.0678132678132678,1.0,0,21.1,814.0,0,1,0,0,0,55.2,1.0,1,0,4300.0,1.0,10,43000,0,270000
640000,0.0,0,0,1.0,1698.3,0.0,2,0.0592948717948717,1.0,0,22.95,1248.0,0,1,0,0,0,74.0,0.0,0,0,10000.0,1.0,8,80000,1,280000
780000,0.0,0,0,1.0,1650.2,0.0,1,0.0592948717948717,1.0,0,22.3,1248.0,0,1,0,0,0,74.0,0.0,0,0,4615.384615384615,1.0,13,60000,1,130000
208395,0.0,0,0,0.0,1164.72,0.0,1,0.0678132678132678,1.0,0,21.1,814.0,0,1,0,0,0,55.2,1.0,1,0,1722.2727272727273,1.0,11,18945,0,260000
490000,0.0,0,0,1.0,1775.28,0.0,2,0.0623693086003372,1.0,0,24.0,1186.0,0,1,0,0,0,73.97,0.0,1,0,10000.0,1.0,7,70000,0,710000
2304000,0.0,0,0,1.0,1426.2700000000002,0.0,2,0.0592147435897435,1.0,0,19.3,1248.0,1,2,0,0,0,73.9,0.0,0,0,9000.0,1.0,16,144000,0,180000
1401725,0.0,0,0,1.0,1971.0,0.0,2,0.0644699140401146,1.0,0,21.9,1396.0,0,2,0,0,0,90.0,0.0,1,0,8294.23076923077,1.0,13,107825,0,320000
75000,0.0,0,0,0.0,1042.965,0.0,1,0.0594221105527638,1.0,0,22.05,796.0,1,1,0,0,0,47.3,1.0,0,0,3000.0,1.0,5,15000,0,370000
70000,0.0,0,0,0.0,1341.561,0.0,1,0.0667083854818523,1.0,0,25.17,799.0,0,1,1,0,0,53.3,1.0,0,0,1428.571428571429,1.0,7,10000,0,340000
210000,0.0,0,0,1.0,1880.8244,0.0,1,0.0635816618911174,1.0,0,21.19,1396.0,0,1,0,0,0,88.76,0.0,1,0,4285.714285714285,1.0,7,30000,0,750000
400000,0.0,0,0,1.0,1704.3,0.0,2,0.0659025787965616,1.0,0,24.7,1047.0,0,1,0,0,0,69.0,0.0,0,0,6250.0,1.0,8,50000,1,550000
1600000,0.0,0,0,1.0,2474.86,0.0,3,0.0658210947930574,1.0,0,25.1,1498.0,0,1,0,1,0,98.6,0.0,0,0,16000.0,1.0,10,160000,0,750000
60000,0.0,0,0,0.0,1380.4,0.0,1,0.0626151012891344,1.0,0,20.3,1086.0,0,1,0,0,0,68.0,1.0,1,0,1666.6666666666667,1.0,6,10000,0,450000
450000,0.0,0,0,1.0,1864.8,0.0,2,0.0592948717948717,1.0,0,25.2,1248.0,1,2,0,0,0,74.0,0.0,0,0,5555.555555555556,1.0,9,50000,0,520000
720000,0.0,0,0,0.0,1355.4199999999998,0.0,1,0.0672344689378757,1.0,0,20.2,998.0,1,2,0,0,0,67.1,1.0,0,0,5000.0,1.0,12,60000,0,199000
1430000,0.0,0,0,1.0,1465.344,0.0,2,0.0615384615384615,1.0,0,25.44,936.0,0,1,0,0,0,57.6,0.0,0,0,8461.538461538461,1.0,13,110000,0,150000
720000,0.0,0,0,1.0,1880.1887,0.0,2,0.0635601719197707,1.0,0,21.19,1396.0,0,3,0,0,0,88.73,0.0,1,0,8888.888888888889,1.0,9,80000,0,540000
1190000,0.0,0,0,1.0,1909.2,0.0,2,0.0711538461538461,1.0,0,21.5,1248.0,1,2,0,0,0,88.8,0.0,0,0,6071.428571428572,1.0,14,85000,0,250000
1350000,0.0,0,0,0.0,1266.3,0.0,2,0.063147973609802,1.0,0,18.9,1061.0,1,2,0,0,0,67.0,1.0,0,0,6000.0,1.0,15,90000,0,200000
1260000,0.0,0,0,1.0,1725.0,0.0,2,0.0494269340974212,1.0,0,25.0,1396.0,0,2,0,0,0,69.0,0.0,0,0,6428.571428571428,1.0,14,90000,1,130000
1920000,0.0,0,0,1.0,1991.0,0.0,2,0.073677160080375,1.0,0,18.1,1493.0,0,1,0,0,0,110.0,0.0,1,0,7500.0,1.0,16,120000,0,280000
2679000,0.0,0,0,0.0,1038.0,0.0,2,0.0604229607250755,1.0,0,17.3,993.0,1,2,0,0,0,60.0,1.0,0,0,7421.0526315789475,1.0,19,141000,0,120000
1700000,0.0,0,0,1.0,1335.0,0.0,2,0.0600961538461538,1.0,0,17.8,1248.0,1,2,0,0,0,75.0,0.0,0,0,5882.35294117647,1.0,17,100000,0,290000
90000,0.0,0,0,1.0,1960.27,0.0,1,0.063538681948424,1.0,0,22.1,1396.0,0,1,0,0,0,88.7,0.0,1,0,2500.0,1.0,6,15000,0,1000000
1404000,0.0,0,0,1.0,1426.2700000000002,0.0,2,0.0592147435897435,1.0,0,19.3,1248.0,1,1,0,0,0,73.9,0.0,0,0,8307.692307692309,1.0,13,108000,0,415000
1404000,0.0,0,0,1.0,1731.6,0.0,2,0.0592948717948717,1.0,0,23.4,1248.0,1,1,0,0,0,74.0,0.0,0,0,8307.692307692309,1.0,13,108000,0,415000
550000,0.0,0,0,1.0,1432.272,0.0,2,0.0601495726495726,1.0,0,25.44,936.0,0,1,0,0,0,56.3,0.0,0,0,5500.0,1.0,10,55000,0,240000
569160,0.0,0,0,1.0,1380.0,0.0,1,0.0600961538461538,1.0,0,18.4,1248.0,0,1,0,0,0,75.0,0.0,0,0,2529.6,1.0,15,37944,1,250000
1265600,0.0,0,1,1.0,1360.0,0.0,2,0.0486061472480343,1.0,0,20.0,1399.0,0,1,0,0,0,68.0,0.0,0,0,6457.142857142857,1.0,14,90400,0,175000
1445000,0.0,0,0,1.0,1848.0,0.0,1,0.073677160080375,1.0,0,16.8,1493.0,0,2,0,0,0,110.0,0.0,1,0,5000.0,1.0,17,85000,0,220000
2640000,0.0,0,0,1.0,1206.4,0.0,2,0.0379829731499672,1.0,0,20.8,1527.0,1,3,0,0,0,58.0,0.0,0,0,5454.545454545455,1.0,22,120000,0,85000
30000,0.0,0,0,0.0,1734.978,0.0,1,0.0683375104427736,1.0,0,21.21,1197.0,1,1,0,0,0,81.8,1.0,0,0,833.3333333333334,1.0,6,5000,0,675000
450000,0.0,0,0,1.0,1665.106,0.0,2,0.0573579739904175,1.0,0,19.87,1461.0,0,1,1,0,0,83.8,0.0,0,0,5555.555555555556,1.0,9,50000,0,535000
810000,0.0,0,0,1.0,2150.55,0.0,2,0.0709134615384615,1.0,0,24.3,1248.0,1,1,0,0,0,88.5,0.0,0,0,10000.0,1.0,9,90000,0,800000
1120000,0.0,0,0,0.0,1122.01,0.0,2,0.0610367892976588,1.0,0,15.37,1196.0,1,3,0,0,0,73.0,1.0,0,0,5714.285714285715,1.0,14,80000,0,150000
1080000,0.0,0,0,0.0,1164.8,0.0,1,0.060320452403393,1.0,0,18.2,1061.0,1,2,0,0,0,64.0,1.0,0,0,3333.333333333333,1.0,18,60000,0,90000
505488,0.0,0,0,1.0,1999.9742,0.0,2,0.0635601719197707,1.0,0,22.54,1396.0,0,1,0,0,0,88.73,0.0,1,0,7898.25,1.0,8,63186,0,850000
30000,0.0,0,0,0.0,1778.3399999999997,0.0,1,0.0694235588972431,0.0,0,21.4,1197.0,1,1,0,0,0,83.1,1.0,0,0,833.3333333333334,1.0,6,5000,0,675000
1372500,0.0,0,0,0.0,912.11,0.0,2,0.0581658291457286,1.0,0,19.7,796.0,1,1,0,0,0,46.3,1.0,0,0,6100.0,1.0,15,91500,0,150000
230000,0.0,0,0,1.0,1864.8,0.0,1,0.0592948717948717,1.0,0,25.2,1248.0,1,1,0,0,0,74.0,0.0,0,0,2300.0,1.0,10,23000,0,550000
520000,0.0,0,0,1.0,2127.944,0.0,1,0.0648310387984981,1.0,0,20.54,1598.0,0,1,0,0,0,103.6,0.0,0,1,3076.923076923077,1.0,13,40000,0,350000
910000,0.0,0,0,1.0,1715.408,0.0,2,0.0592467948717948,1.0,0,23.2,1248.0,1,1,0,0,0,73.94,0.0,0,0,5384.615384615385,1.0,13,70000,0,300000
612000,0.0,0,0,0.0,1683.9199999999998,0.0,2,0.0724540901502504,1.0,0,19.4,1198.0,0,1,0,1,0,86.8,1.0,0,0,7555.555555555556,1.0,9,68000,0,400000
780000,0.0,0,0,1.0,1699.4900000000002,0.0,2,0.0616185897435897,1.0,0,22.1,1248.0,0,1,0,0,0,76.9,0.0,0,0,5416.666666666667,1.0,12,65000,0,300000
1700000,0.0,0,0,0.0,1269.9,0.0,1,0.0618941088739746,1.0,0,15.3,1341.0,0,1,0,0,0,83.0,1.0,1,0,4250.0,1.0,20,85000,0,65000
1316000,0.0,0,0,0.0,1268.1899999999998,0.0,2,0.0672344689378757,1.0,0,18.9,998.0,1,3,0,0,0,67.1,1.0,0,0,6714.285714285715,1.0,14,94000,0,200000
1000000,0.0,0,0,1.0,1999.9742,0.0,2,0.0635601719197707,1.0,0,22.54,1396.0,0,1,0,0,0,88.73,0.0,1,0,10000.0,1.0,10,100000,0,650000
800000,0.0,0,0,1.0,1999.9742,0.0,2,0.0635601719197707,1.0,0,22.54,1396.0,0,1,0,0,0,88.73,0.0,1,0,8000.0,1.0,10,80000,0,650000
960000,0.0,0,0,1.0,1630.9730000000002,0.0,2,0.0616346955796497,1.0,0,22.07,1199.0,0,3,0,0,0,73.9,0.0,0,1,6666.666666666667,1.0,12,80000,0,350000
1967000,0.0,0,0,1.0,944.064,0.0,2,0.0378223495702005,1.0,0,17.88,1396.0,0,3,0,0,0,52.8,0.0,0,0,10035.714285714286,1.0,14,140500,1,75000
2145000,0.0,0,0,0.0,1501.5,0.0,2,0.0661016949152542,1.0,0,17.5,1298.0,1,1,0,0,0,85.8,1.0,0,0,9533.333333333334,1.0,15,143000,0,240000
720000,0.0,0,0,0.0,1403.732,0.0,1,0.0672344689378757,1.0,0,20.92,998.0,1,1,0,0,0,67.1,1.0,0,0,5000.0,1.0,12,60000,0,240000
1680000,0.0,0,0,1.0,1380.0,0.0,2,0.0600961538461538,1.0,0,18.4,1248.0,0,2,0,0,0,75.0,0.0,0,0,8571.42857142857,1.0,14,120000,1,180000
1920000,0.0,0,0,0.0,1116.0,0.0,2,0.0623115577889447,1.0,0,18.0,995.0,0,3,0,0,0,62.0,1.0,0,0,7500.0,1.0,16,120000,0,95000
700000,0.0,0,0,1.0,2102.168,0.0,2,0.0593108974358974,1.0,0,28.4,1248.0,1,1,0,0,0,74.02,0.0,0,0,14285.714285714286,1.0,7,100000,0,811000
600000,0.0,0,0,1.0,1595.685,0.0,1,0.0655689102564102,1.0,0,19.5,1248.0,0,1,0,0,1,81.83,0.0,0,0,2666.6666666666665,1.0,15,40000,0,300000
2280000,0.0,0,0,1.0,1127.0,0.0,2,0.0498220640569395,1.0,0,16.1,1405.0,0,3,0,0,0,70.0,0.0,0,0,6315.789473684211,1.0,19,120000,1,100000
480000,0.0,0,0,0.0,1374.9904,0.0,1,0.0671743486973947,1.0,0,20.51,998.0,1,1,0,0,0,67.04,1.0,0,0,3333.333333333333,1.0,12,40000,0,350000
680000,0.0,0,0,1.0,1041.6,0.0,1,0.0441281138790035,1.0,0,16.8,1405.0,0,1,0,0,0,62.0,0.0,0,0,2352.9411764705883,1.0,17,40000,1,100000
180000,0.0,0,0,0.0,1341.561,0.0,1,0.0667083854818523,1.0,0,25.17,799.0,0,1,1,0,0,53.3,1.0,0,0,2222.222222222222,1.0,9,20000,0,330000
399000,0.0,0,0,1.0,2221.35,0.0,2,0.0709134615384615,1.0,0,25.1,1248.0,1,2,0,0,0,88.5,0.0,0,0,8142.857142857143,1.0,7,57000,0,950000
1540000,0.0,0,0,1.0,1782.0,0.0,2,0.073677160080375,1.0,0,16.2,1493.0,0,2,0,0,0,110.0,0.0,1,0,7857.142857142857,1.0,14,110000,0,300000
2090000,0.0,0,0,0.0,1434.48,0.0,2,0.0645403377110694,1.0,0,13.9,1599.0,0,4,0,0,0,103.2,1.0,1,0,5789.473684210527,1.0,19,110000,0,170000
48474,0.0,0,0,1.0,1704.3,0.0,1,0.0659025787965616,1.0,0,24.7,1047.0,0,1,0,0,0,69.0,0.0,0,0,1346.5,0.0,6,8079,1,900000
1039870,0.0,0,1,1.0,1192.6,0.0,2,0.0478913509649749,1.0,0,17.8,1399.0,0,2,0,0,0,67.0,0.0,0,0,6153.076923076923,0.0,13,79990,0,350000
1061216,0.0,0,1,1.0,1360.0,0.0,2,0.0486061472480343,1.0,0,20.0,1399.0,0,1,0,0,0,68.0,0.0,0,0,6279.384615384615,0.0,13,81632,0,425000
1396809,0.0,0,1,1.0,2589.903,0.0,3,0.0662416555407209,1.0,0,26.1,1498.0,0,1,0,0,0,99.23,0.0,0,0,17244.555555555555,0.0,9,155201,0,600000
1116544,0.0,0,1,1.0,2039.368,0.0,2,0.059973297730307,1.0,0,22.7,1498.0,0,1,0,0,0,89.84,0.0,0,0,9227.636363636364,0.0,11,101504,0,750000
1172145,0.0,0,1,1.0,1192.6,0.0,2,0.0478913509649749,1.0,0,17.8,1399.0,0,1,0,0,0,67.0,0.0,0,0,6935.769230769231,0.0,13,90165,0,450000
1290255,0.0,0,1,1.0,2530.365,0.0,2,0.0662416555407209,1.0,0,25.5,1498.0,0,2,0,0,0,99.23,0.0,0,0,5734.466666666666,0.0,15,86017,0,325000
1923048,0.0,0,0,1.0,1595.685,0.0,2,0.0655689102564102,1.0,0,19.5,1248.0,0,2,0,0,1,81.83,0.0,0,0,13354.5,0.0,12,160254,0,350000
1506372,0.0,0,1,1.0,2244.8943,0.0,2,0.0658144192256341,1.0,0,22.77,1498.0,0,2,0,0,0,98.59,0.0,0,0,10460.916666666666,0.0,12,125531,0,600000
160000,0.0,0,0,0.0,2002.56,0.0,1,0.0700583819849874,1.0,0,23.84,1199.0,0,1,0,0,0,84.0,1.0,0,0,2500.0,1.0,8,20000,1,520000
280000,0.0,0,0,1.0,2332.75,0.0,2,0.0724782899131596,0.0,0,21.5,1497.0,0,1,0,0,0,108.5,0.0,0,0,5714.285714285715,1.0,7,40000,1,950000
2040000,0.0,0,0,0.0,2006.0,0.0,2,0.0788243152972612,1.0,0,17.0,1497.0,0,2,0,1,0,118.0,1.0,0,0,7058.823529411765,1.0,17,120000,0,229999
1200000,0.0,0,0,1.0,1715.408,0.0,2,0.0592467948717948,1.0,0,23.2,1248.0,1,3,0,0,0,73.94,0.0,0,0,8333.333333333334,1.0,12,100000,0,409999
1540000,0.0,0,1,1.0,1210.4,0.0,2,0.0486061472480343,1.0,0,17.8,1399.0,0,3,0,0,0,68.0,0.0,0,0,7857.142857142857,1.0,14,110000,0,300000
2040000,0.0,0,0,1.0,1142.4,0.0,2,0.0483985765124555,1.0,0,16.8,1405.0,0,3,0,0,0,68.0,0.0,0,0,7058.823529411765,1.0,17,120000,1,175000
320000,0.0,0,0,0.0,1548.6240000000005,0.0,1,0.0671743486973947,1.0,0,23.1,998.0,1,2,0,0,0,67.04,1.0,0,0,5000.0,1.0,8,40000,0,425000
840000,0.0,0,0,0.0,1348.0704999999998,0.0,2,0.0626611418047882,1.0,0,19.81,1086.0,0,1,0,0,0,68.05,1.0,1,0,5833.333333333333,1.0,12,70000,0,310000
840000,0.0,0,0,1.0,1896.406,0.0,2,0.063538681948424,1.0,0,21.38,1396.0,0,1,0,0,0,88.7,0.0,1,0,13125.0,1.0,8,105000,0,1125000
506000,0.0,0,0,0.0,1563.526,0.0,1,0.0683876357560568,1.0,0,19.1,1197.0,0,2,0,0,0,81.86,1.0,1,0,4181.818181818182,1.0,11,46000,0,450000
1120000,0.0,0,0,1.0,1630.9730000000002,0.0,2,0.0616346955796497,1.0,0,22.07,1199.0,0,2,0,0,0,73.9,0.0,0,1,5714.285714285715,1.0,14,80000,0,388000
840000,0.0,0,0,0.0,1671.84,0.0,1,0.0645403377110694,1.0,0,16.2,1599.0,0,1,0,0,0,103.2,1.0,1,0,4285.714285714285,1.0,14,60000,0,400000
700000,0.0,0,0,1.0,2474.86,0.0,2,0.0658210947930574,1.0,0,25.1,1498.0,0,3,0,1,0,98.6,0.0,0,0,7000.0,1.0,10,70000,0,760000
1440000,0.0,0,0,0.0,912.11,0.0,2,0.0581658291457286,1.0,0,19.7,796.0,1,1,0,0,0,46.3,1.0,0,0,5625.0,1.0,16,90000,0,120000
150000,0.0,0,0,1.0,2102.168,0.0,1,0.0593108974358974,1.0,0,28.4,1248.0,1,1,0,0,0,74.02,0.0,0,0,4166.666666666667,1.0,6,25000,0,757000
530000,0.0,0,0,0.0,1075.602,0.0,2,0.0594221105527638,1.0,0,22.74,796.0,1,2,0,0,0,47.3,1.0,0,0,5300.0,1.0,10,53000,0,270000
60000,0.0,0,0,0.0,1734.978,0.0,1,0.0683375104427736,0.0,0,21.21,1197.0,1,1,0,0,0,81.8,1.0,0,0,1666.6666666666667,1.0,6,10000,0,600000
126000,0.0,0,0,0.0,1341.561,0.0,1,0.0667083854818523,1.0,0,25.17,799.0,0,1,1,0,0,53.3,1.0,0,0,3500.0,1.0,6,21000,0,290000
300000,0.0,0,0,0.0,1403.732,0.0,1,0.0672344689378757,1.0,0,20.92,998.0,1,1,0,0,0,67.1,1.0,0,0,2083.333333333333,1.0,12,25000,0,215000
198000,0.0,0,0,0.0,1341.561,0.0,1,0.0667083854818523,1.0,0,25.17,799.0,0,1,1,0,0,53.3,1.0,0,0,2444.4444444444443,1.0,9,22000,0,250000
180000,0.0,0,0,0.0,1605.8475,0.0,1,0.0671843687374749,1.0,0,23.95,998.0,1,2,0,0,0,67.05,1.0,0,0,2222.222222222222,1.0,9,20000,0,250000
210000,0.0,0,1,1.0,2557.17,0.0,1,0.0660881174899866,1.0,0,25.83,1498.0,0,1,0,0,0,99.0,0.0,0,0,4285.714285714285,1.0,7,30000,0,793000
52400,0.0,0,0,0.0,1614.34,0.0,1,0.0739783152627189,0.0,0,18.2,1199.0,0,1,0,1,0,88.7,1.0,0,0,818.75,1.0,8,6550,0,725000
270000,0.0,0,0,1.0,1680.0,0.0,1,0.0625,1.0,0,24.0,1120.0,0,1,0,0,0,70.0,0.0,1,0,3333.333333333333,1.0,9,30000,0,480000
292453,0.0,0,0,0.0,1734.978,0.0,2,0.0683375104427736,1.0,0,21.21,1197.0,1,1,0,0,0,81.8,1.0,0,0,5968.428571428572,0.0,7,41779,0,795000
486000,0.0,0,0,0.0,1658.69,0.0,2,0.0739783152627189,1.0,0,18.7,1199.0,0,1,0,1,0,88.7,1.0,0,0,6000.0,0.0,9,54000,0,625000
296000,0.0,0,0,1.0,1983.2,0.0,1,0.0592948717948717,0.0,0,26.8,1248.0,1,1,0,0,0,74.0,0.0,0,0,4625.0,1.0,8,37000,0,625000
560000,0.0,0,0,1.0,2485.965,0.0,2,0.0709134615384615,1.0,0,28.09,1248.0,1,1,0,0,0,88.5,0.0,0,0,8750.0,0.0,8,70000,0,844999
891000,0.0,0,0,1.0,2242.2432,0.0,2,0.069105473965287,0.0,0,21.66,1498.0,0,1,0,0,1,103.52,0.0,0,0,11000.0,0.0,9,99000,0,650000
105000,0.0,0,0,0.0,1799.6,0.0,1,0.0683375104427736,1.0,0,22.0,1197.0,1,1,0,0,0,81.8,1.0,0,0,2142.8571428571427,0.0,7,15000,0,750000
300000,0.0,0,0,0.0,1658.69,0.0,1,0.0739783152627189,1.0,0,18.7,1199.0,0,1,0,1,0,88.7,1.0,0,0,3000.0,0.0,10,30000,0,610000
203000,0.0,0,0,0.0,1424.3639999999998,0.0,1,0.0683876357560568,0.0,0,17.4,1197.0,0,1,0,0,0,81.86,1.0,1,0,4142.857142857143,0.0,7,29000,0,890000
1240000,0.0,0,0,1.0,1725.2500000000002,0.0,3,0.0494340974212034,1.0,0,25.0,1396.0,0,1,0,0,0,69.01,0.0,0,0,19375.0,1.0,8,155000,1,385000
315000,0.0,0,0,0.0,1548.6240000000005,0.0,1,0.0671743486973947,0.0,0,23.1,998.0,1,1,0,0,0,67.04,1.0,0,0,3888.8888888888887,1.0,9,35000,0,400000
350000,0.0,0,0,1.0,1775.28,0.0,2,0.0623693086003372,1.0,0,24.0,1186.0,0,1,0,0,0,73.97,0.0,1,0,7142.857142857143,1.0,7,50000,0,550000
2100000,0.0,0,0,1.0,1317.21,0.0,2,0.0494269340974212,1.0,0,19.09,1396.0,0,2,0,0,0,69.0,0.0,0,0,14583.333333333334,1.0,12,175000,1,200000
103500,0.0,0,0,0.0,1341.561,0.0,1,0.0667083854818523,1.0,0,25.17,799.0,0,1,1,0,0,53.3,1.0,0,0,1277.7777777777778,1.0,9,11500,0,310000
18000,0.0,0,0,1.0,1878.838,0.0,1,0.0623693086003372,1.0,0,25.4,1186.0,0,1,0,0,0,73.97,0.0,1,0,500.0,1.0,6,3000,0,700000
800000,0.0,0,0,1.0,1635.4,0.0,2,0.0592948717948717,1.0,0,22.1,1248.0,0,2,0,0,0,74.0,0.0,0,0,8000.0,1.0,10,80000,0,480000
800000,0.0,0,0,0.0,912.11,0.0,1,0.0581658291457286,1.0,0,19.7,796.0,1,2,0,0,0,46.3,1.0,0,0,2000.0,1.0,20,40000,0,90000
800000,0.0,0,0,0.0,912.11,0.0,1,0.0581658291457286,1.0,0,19.7,796.0,1,2,0,0,0,46.3,1.0,0,0,2000.0,1.0,20,40000,0,80000
900000,0.0,0,0,1.0,1715.408,0.0,2,0.0592467948717948,1.0,0,23.2,1248.0,1,1,0,0,0,73.94,0.0,0,0,9000.0,1.0,10,90000,0,350000
800000,0.0,0,0,1.0,2093.025,0.0,2,0.0709134615384615,1.0,0,23.65,1248.0,1,1,0,0,0,88.5,0.0,0,0,12500.0,1.0,8,100000,0,600000
350000,0.0,0,0,1.0,2150.55,0.0,2,0.0709134615384615,1.0,0,24.3,1248.0,1,1,0,0,0,88.5,0.0,0,0,7142.857142857143,1.0,7,50000,0,770000
325000,0.0,0,0,1.0,1366.95,0.0,1,0.0444900752908966,1.0,0,21.03,1461.0,0,1,0,0,1,65.0,0.0,0,0,1923.076923076923,1.0,13,25000,0,350000
360000,0.0,0,0,0.0,1374.9904,0.0,1,0.0671743486973947,1.0,0,20.51,998.0,1,1,0,0,0,67.04,1.0,0,0,4444.444444444444,1.0,9,40000,0,340000
222600,0.0,0,0,0.0,1522.596,0.0,1,0.0683876357560568,1.0,0,18.6,1197.0,0,1,0,0,0,81.86,1.0,1,0,4542.857142857143,1.0,7,31800,0,650000
715000,0.0,0,0,0.0,1606.404,0.0,2,0.0659147869674185,1.0,0,20.36,1197.0,0,1,0,0,0,78.9,1.0,1,0,5909.090909090909,1.0,11,65000,0,300000
165000,0.0,0,0,0.0,1075.602,0.0,1,0.0594221105527638,1.0,0,22.74,796.0,1,2,0,0,0,47.3,1.0,0,0,1363.6363636363635,1.0,11,15000,0,204999
910000,0.0,0,0,1.0,1352.0,0.0,2,0.0444900752908966,1.0,0,20.8,1461.0,0,2,0,0,1,65.0,0.0,0,0,5384.615384615385,1.0,13,70000,0,254999
40000,0.0,0,1,0.0,1576.288,0.0,1,0.0725752508361204,1.0,0,18.16,1196.0,0,1,0,0,0,86.8,1.0,0,0,625.0,1.0,8,5000,0,650000
400000,0.0,0,0,0.0,1164.72,0.0,2,0.0678132678132678,1.0,0,21.1,814.0,0,2,0,0,0,55.2,1.0,1,0,6250.0,1.0,8,50000,0,280000
1120000,0.0,0,0,1.0,920.2,0.0,2,0.038323782234957,1.0,0,17.2,1396.0,0,1,0,0,0,53.5,0.0,0,0,5714.285714285715,1.0,14,80000,1,100000
320000,0.0,0,0,1.0,2150.55,0.0,1,0.0709134615384615,1.0,0,24.3,1248.0,1,1,0,0,0,88.5,0.0,0,0,5000.0,1.0,8,40000,0,780000
1120000,0.0,0,0,0.0,1348.0704999999998,0.0,2,0.0626611418047882,1.0,0,19.81,1086.0,0,2,0,0,0,68.05,1.0,1,0,5714.285714285715,1.0,14,80000,0,225000
1890000,0.0,0,0,0.0,1595.685,0.0,1,0.0655689102564102,1.0,0,19.5,1248.0,0,3,0,0,0,81.83,1.0,1,0,4285.714285714285,1.0,21,90000,0,90000
1680000,0.0,0,0,0.0,1595.685,0.0,1,0.0655689102564102,0.0,0,19.5,1248.0,0,3,0,0,0,81.83,1.0,1,0,3809.5238095238096,1.0,21,80000,0,80000
1040000,0.0,1,0,1.0,1595.685,0.0,2,0.0655689102564102,1.0,0,19.5,1248.0,0,1,0,0,0,81.83,0.0,0,0,6153.846153846154,1.0,13,80000,0,300000
910000,0.0,0,0,1.0,1366.95,0.0,2,0.0444900752908966,1.0,0,21.03,1461.0,0,2,0,0,1,65.0,0.0,0,0,5384.615384615385,1.0,13,70000,0,260000
800000,0.0,0,0,0.0,1008.0,0.0,1,0.0633165829145728,1.0,0,16.0,995.0,0,2,0,0,0,63.0,1.0,0,0,3125.0,1.0,16,50000,0,90000
780000,0.0,0,1,1.0,1360.0,0.0,1,0.0486061472480343,1.0,0,20.0,1399.0,0,1,0,0,0,68.0,0.0,0,0,4615.384615384615,1.0,13,60000,0,280000
1166000,0.0,0,0,1.0,1352.0,0.0,2,0.0444900752908966,1.0,0,20.8,1461.0,0,2,0,0,1,65.0,0.0,0,0,9636.363636363636,1.0,11,106000,0,350000
324000,0.0,0,0,0.0,1403.732,0.0,1,0.0672344689378757,1.0,0,20.92,998.0,1,1,0,0,0,67.1,1.0,0,0,2250.0,1.0,12,27000,0,250000
1260000,0.0,0,0,0.0,912.11,0.0,1,0.0581658291457286,1.0,0,19.7,796.0,1,2,0,0,0,46.3,1.0,0,0,3888.8888888888887,1.0,18,70000,0,95000
1050000,0.0,0,0,0.0,1266.3,0.0,1,0.063147973609802,1.0,0,18.9,1061.0,1,2,0,0,0,67.0,1.0,0,0,4666.666666666667,1.0,15,70000,0,180000
420000,0.0,0,0,1.0,1878.838,0.0,2,0.0623693086003372,1.0,0,25.4,1186.0,0,1,0,0,0,73.97,0.0,1,0,8571.42857142857,1.0,7,60000,0,530000
120000,0.0,0,0,0.0,1799.6,0.0,1,0.0683375104427736,1.0,0,22.0,1197.0,1,1,0,0,0,81.8,1.0,0,0,1875.0,1.0,8,15000,0,610000
560000,0.0,0,0,0.0,1595.685,0.0,1,0.0655689102564102,1.0,0,19.5,1248.0,1,1,0,0,0,81.83,1.0,0,0,2857.1428571428573,1.0,14,40000,0,200000
184100,0.0,0,0,0.0,2002.56,0.0,1,0.0700583819849874,1.0,0,23.84,1199.0,0,1,0,0,0,84.0,1.0,0,0,3757.142857142857,1.0,7,26300,1,560000
280000,0.0,0,0,1.0,2102.168,0.0,1,0.0593108974358974,1.0,0,28.4,1248.0,1,1,0,0,0,74.02,0.0,0,0,4375.0,1.0,8,35000,0,711000
300000,0.0,0,0,0.0,1733.469,0.0,1,0.0694569757727652,1.0,0,20.85,1197.0,1,1,0,0,0,83.14,1.0,0,0,3000.0,1.0,10,30000,0,511000
500000,0.0,0,0,0.0,1558.459,0.0,1,0.0743503772003352,1.0,0,17.57,1193.0,0,1,0,0,0,88.7,1.0,0,0,5000.0,1.0,10,50000,1,325000
1440000,0.0,0,0,1.0,1835.072,0.0,2,0.0580424366872005,1.0,0,21.64,1461.0,0,1,1,0,0,84.8,0.0,0,0,10000.0,1.0,12,120000,0,434999
1500000,0.0,0,1,1.0,1360.0,0.0,2,0.0486061472480343,1.0,0,20.0,1399.0,0,2,0,0,0,68.0,0.0,0,0,6666.666666666667,1.0,15,100000,0,210000
1440000,0.0,0,0,0.0,1595.685,0.0,2,0.0655689102564102,1.0,0,19.5,1248.0,1,3,0,0,0,81.83,1.0,0,0,5625.0,1.0,16,90000,0,140000
2160000,0.0,0,0,0.0,1570.2,0.0,2,0.0660025220680958,1.0,0,15.0,1586.0,1,2,0,0,0,104.68,1.0,0,0,6666.666666666667,1.0,18,120000,0,160000
1530000,0.0,0,0,1.0,1595.685,0.0,2,0.0655689102564102,1.0,0,19.5,1248.0,1,2,0,0,0,81.83,0.0,0,0,5294.117647058823,1.0,17,90000,0,250000
792000,0.0,0,0,0.0,1522.038,0.0,2,0.0683625730994152,1.0,0,18.6,1197.0,0,1,0,0,0,81.83,1.0,1,0,6545.454545454545,1.0,11,72000,0,320000
400000,0.0,0,0,0.0,1541.67,0.0,2,0.067067067067067,1.0,0,23.01,999.0,0,1,1,0,0,67.0,1.0,0,0,6250.0,1.0,8,50000,0,290000
1100000,0.0,0,0,1.0,2319.585,0.0,2,0.0709134615384615,1.0,0,26.21,1248.0,1,1,0,0,0,88.5,0.0,0,0,11000.0,1.0,10,110000,0,600000
200000,0.0,0,0,0.0,1341.561,0.0,1,0.0667083854818523,1.0,0,25.17,799.0,0,1,1,0,0,53.3,1.0,0,0,3125.0,1.0,8,25000,0,340000
760000,0.0,0,0,0.0,912.11,0.0,1,0.0581658291457286,1.0,0,19.7,796.0,1,1,0,0,0,46.3,1.0,0,0,2105.2631578947367,1.0,19,40000,0,100000
60000,0.0,0,0,0.0,1341.561,0.0,1,0.0667083854818523,1.0,0,25.17,799.0,0,1,1,0,0,53.3,1.0,0,0,1666.6666666666667,1.0,6,10000,0,395000
975000,0.0,0,0,0.0,1266.3,0.0,1,0.063147973609802,1.0,0,18.9,1061.0,1,1,0,0,0,67.0,1.0,0,0,4333.333333333333,1.0,15,65000,0,200000
60000,0.0,0,0,0.0,1827.4923000000003,0.0,1,0.0515886287625418,1.0,0,29.619000000000003,1196.0,1,1,0,0,0,61.7,0.0,0,0,1666.6666666666667,1.0,6,10000,0,450000
1430000,0.0,0,0,0.0,1040.25,0.0,2,0.0539568345323741,1.0,0,13.87,1390.0,0,2,0,0,1,75.0,1.0,0,0,8461.538461538461,1.0,13,110000,0,180000
720000,0.0,0,0,0.0,1122.01,0.0,2,0.0610367892976588,1.0,0,15.37,1196.0,1,1,0,0,0,73.0,1.0,0,0,7200.0,1.0,10,72000,0,310000
980100,0.0,0,0,1.0,1715.408,0.0,2,0.0592467948717948,1.0,0,23.2,1248.0,1,2,0,0,0,73.94,0.0,0,0,8100.0,1.0,11,89100,0,351000
1786000,0.0,0,0,0.0,1809.6,0.0,1,0.065040650406504,1.0,0,17.4,1599.0,0,2,0,0,0,104.0,1.0,0,0,4947.368421052632,1.0,19,94000,0,190000
1200000,0.0,0,0,0.0,1164.72,0.0,2,0.0678132678132678,1.0,0,21.1,814.0,0,2,0,0,0,55.2,1.0,1,0,12000.0,1.0,10,120000,0,225000
1430000,0.0,0,0,0.0,1006.02,0.0,2,0.0624120603015075,1.0,0,16.2,995.0,0,1,0,0,0,62.1,1.0,0,0,8461.538461538461,1.0,13,110000,0,130000
350000,0.0,0,0,1.0,2485.965,0.0,2,0.0709134615384615,1.0,0,28.09,1248.0,1,1,0,0,0,88.5,0.0,0,0,7142.857142857143,1.0,7,50000,0,1000000
1890000,0.0,0,0,1.0,1041.6,0.0,1,0.0441281138790035,1.0,0,16.8,1405.0,0,3,0,0,0,62.0,0.0,0,0,4285.714285714285,1.0,21,90000,1,55000
253000,0.0,0,0,0.0,1499.68,0.0,1,0.0687239366138448,1.0,0,18.2,1199.0,0,1,0,0,0,82.4,1.0,0,0,2090.909090909091,1.0,11,23000,0,330000
700000,0.0,0,0,0.0,1403.732,0.0,1,0.0672344689378757,1.0,0,20.92,998.0,1,3,0,0,0,67.1,1.0,0,0,3571.428571428572,1.0,14,50000,0,140000
1120000,0.0,0,0,0.0,1827.4923000000003,0.0,3,0.0515886287625418,1.0,0,29.619000000000003,1196.0,1,1,0,0,0,61.7,0.0,0,0,17500.0,1.0,8,140000,0,370000
96000,0.0,0,0,0.0,1424.3639999999998,0.0,1,0.0683876357560568,0.0,0,17.4,1197.0,0,1,0,0,0,81.86,1.0,1,0,2666.6666666666665,1.0,6,16000,0,720000
1260000,0.0,0,0,1.0,1880.1887,0.0,2,0.0635601719197707,1.0,0,21.19,1396.0,0,1,0,0,0,88.73,0.0,1,0,12600.0,1.0,10,126000,0,500000
90000,0.0,0,0,0.0,1648.6604,0.0,1,0.0683876357560568,1.0,0,20.14,1197.0,0,1,0,0,0,81.86,1.0,1,0,2500.0,1.0,6,15000,0,570000
1920000,0.0,0,0,0.0,912.11,0.0,2,0.0581658291457286,1.0,0,19.7,796.0,1,1,0,0,0,46.3,1.0,0,0,7500.0,1.0,16,120000,0,120000
2400000,0.0,0,0,0.0,1269.9,0.0,2,0.0618941088739746,1.0,0,15.3,1341.0,0,4,0,0,0,83.0,1.0,1,0,6000.0,1.0,20,120000,0,95000
1650000,0.0,0,0,0.0,1337.355,0.0,2,0.0659147869674185,0.0,0,16.95,1197.0,0,3,0,0,0,78.9,1.0,1,0,7333.333333333333,1.0,15,110000,0,196000
342000,0.0,0,0,0.0,1122.01,0.0,1,0.0610367892976588,1.0,0,15.37,1196.0,1,1,0,0,0,73.0,1.0,0,0,4222.222222222223,1.0,9,38000,0,392000
1560000,0.0,0,0,0.0,1350.0,0.0,2,0.0657894736842105,1.0,0,15.0,1368.0,0,1,0,0,0,90.0,1.0,0,0,6933.333333333333,1.0,15,104000,1,150000
245000,0.0,0,0,1.0,2150.55,0.0,1,0.0709134615384615,0.0,0,24.3,1248.0,1,1,0,0,0,88.5,0.0,0,0,5000.0,1.0,7,35000,0,833000
1360000,0.0,0,0,1.0,1559.2900000000002,0.0,2,0.0592147435897435,1.0,0,21.1,1248.0,1,3,0,0,0,73.9,0.0,0,0,5312.5,1.0,16,85000,0,180000
1040000,0.0,0,0,0.0,1268.1899999999998,0.0,2,0.0672344689378757,1.0,0,18.9,998.0,1,1,0,0,0,67.1,1.0,0,0,6153.846153846154,1.0,13,80000,0,225000
640000,0.0,0,0,1.0,2070.0,0.0,1,0.0644699140401146,1.0,0,23.0,1396.0,0,1,0,0,0,90.0,0.0,1,0,2500.0,1.0,16,40000,0,340000
520000,0.0,0,0,0.0,1374.9904,0.0,2,0.0671743486973947,1.0,0,20.51,998.0,1,2,0,0,0,67.04,1.0,0,0,8125.0,1.0,8,65000,0,400000
1900000,0.0,0,0,0.0,1269.9,0.0,2,0.0618941088739746,1.0,0,15.3,1341.0,0,3,0,0,0,83.0,1.0,1,0,5263.1578947368425,1.0,19,100000,0,90000
840000,0.0,0,0,1.0,2485.965,0.0,2,0.0709134615384615,1.0,0,28.09,1248.0,1,1,0,0,0,88.5,0.0,0,0,8400.0,1.0,10,84000,0,650000
900000,0.0,0,0,0.0,1142.9740000000002,0.0,1,0.0651304347826087,1.0,0,15.26,1150.0,0,1,0,0,0,74.9,1.0,0,0,4000.0,1.0,15,60000,0,125000
1900000,0.0,0,0,0.0,1269.9,0.0,2,0.0618941088739746,1.0,0,15.3,1341.0,0,4,0,0,0,83.0,1.0,1,0,5263.1578947368425,1.0,19,100000,0,81000
1404000,0.0,0,0,0.0,1420.0200000000002,0.0,1,0.0679506933744222,1.0,0,16.1,1298.0,1,2,0,0,0,88.2,1.0,0,0,4333.333333333333,1.0,18,78000,0,170000
3703000,0.0,0,0,0.0,1300.0,0.0,2,0.0669792364367046,1.0,0,13.0,1493.0,0,4,0,1,0,100.0,1.0,0,0,7000.0,1.0,23,161000,0,81000
1400000,0.0,0,0,0.0,912.11,0.0,1,0.0581658291457286,1.0,0,19.7,796.0,1,3,0,0,0,46.3,1.0,0,0,3500.0,1.0,20,70000,0,95000
500000,0.0,0,0,0.0,1341.561,0.0,1,0.0667083854818523,1.0,0,25.17,799.0,0,1,1,0,0,53.3,1.0,0,0,5000.0,1.0,10,50000,0,200000
150000,0.0,0,0,0.0,1678.5359999999998,0.0,1,0.0683375104427736,1.0,0,20.52,1197.0,1,1,0,0,0,81.8,1.0,0,0,4166.666666666667,1.0,6,25000,0,480000
42000,0.0,0,0,0.0,1522.038,0.0,1,0.0683625730994152,1.0,0,18.6,1197.0,0,1,0,0,0,81.83,1.0,1,0,857.1428571428571,1.0,7,6000,0,700000
520000,0.0,0,0,1.0,1649.9,0.0,1,0.0501432664756446,1.0,0,23.57,1396.0,0,1,0,0,0,70.0,0.0,0,0,3076.923076923077,1.0,13,40000,1,300000
64000,0.0,0,0,0.0,1522.038,0.0,1,0.0683625730994152,1.0,0,18.6,1197.0,0,1,0,0,0,81.83,1.0,1,0,1000.0,1.0,8,8000,0,650000
300000,0.0,0,0,0.0,1810.38,0.0,1,0.0716791979949874,1.0,0,21.1,1197.0,1,1,0,0,0,85.8,1.0,0,0,1333.3333333333333,1.0,15,20000,0,220000
495000,0.0,0,0,1.0,1317.4009,0.0,1,0.0491174377224199,1.0,0,19.09,1405.0,0,1,0,0,0,69.01,0.0,0,0,4090.909090909091,1.0,11,45000,1,300000
880000,0.0,0,0,1.0,1731.6,0.0,2,0.0592948717948717,1.0,0,23.4,1248.0,1,1,0,0,0,74.0,0.0,0,0,7272.727272727273,1.0,11,80000,0,450000
990000,0.0,0,0,1.0,1864.8,0.0,2,0.0592948717948717,1.0,0,25.2,1248.0,1,1,0,0,0,74.0,0.0,0,0,8181.818181818182,1.0,11,90000,0,400000
175000,0.0,0,0,1.0,2221.35,0.0,1,0.0709134615384615,1.0,0,25.1,1248.0,1,1,0,0,0,88.5,0.0,0,0,3571.428571428572,1.0,7,25000,0,1030000
1500000,0.0,0,0,1.0,1692.0,0.0,2,0.0721153846153846,1.0,0,18.8,1248.0,0,2,0,0,0,90.0,0.0,0,0,6666.666666666667,1.0,15,100000,1,190000
1140000,0.0,0,1,0.0,1128.8000000000002,0.0,1,0.0489913544668587,1.0,0,16.6,1388.0,0,2,0,0,0,68.0,1.0,0,0,3157.894736842105,1.0,19,60000,0,140000
210000,0.0,0,0,1.0,1880.8244,0.0,1,0.0635816618911174,1.0,0,21.19,1396.0,0,1,0,0,0,88.76,0.0,1,0,4285.714285714285,1.0,7,30000,0,800000
966000,0.0,0,0,1.0,2127.944,0.0,1,0.0648310387984981,1.0,0,20.54,1598.0,0,2,0,0,0,103.6,0.0,0,1,4928.571428571428,1.0,14,69000,0,375000
1125000,0.0,0,0,0.0,1476.84,0.0,1,0.0662218515429524,1.0,0,18.6,1199.0,0,1,0,0,0,79.4,1.0,0,0,5000.0,1.0,15,75000,0,140000
2373000,0.0,0,0,0.0,912.11,0.0,2,0.0581658291457286,1.0,0,19.7,796.0,1,2,0,0,0,46.3,1.0,0,0,5380.952380952381,1.0,21,113000,0,60000
990000,0.0,0,0,1.0,1732.644,0.0,2,0.0634017857142857,1.0,0,24.4,1120.0,0,2,0,0,0,71.01,0.0,1,0,8181.818181818182,1.0,11,90000,0,420000
1300000,0.0,0,0,1.0,1456.8095999999998,0.0,2,0.0432032854209445,1.0,0,23.08,1461.0,0,3,1,0,0,63.12,0.0,0,0,7692.307692307692,1.0,13,100000,0,300000
1430000,0.0,0,0,1.0,1650.2,0.0,2,0.0592948717948717,1.0,0,22.3,1248.0,0,1,0,0,0,74.0,0.0,0,0,8461.538461538461,1.0,13,110000,1,150000
900000,0.0,0,1,1.0,2244.8943,0.0,2,0.0658144192256341,1.0,0,22.77,1498.0,0,1,0,0,0,98.59,0.0,0,0,9000.0,1.0,10,90000,0,600000
1400000,0.0,0,1,1.0,1360.0,0.0,2,0.0486061472480343,1.0,0,20.0,1399.0,0,2,0,0,0,68.0,0.0,0,0,7142.857142857143,1.0,14,100000,0,204999
400000,0.0,0,0,1.0,1878.838,0.0,2,0.0623693086003372,1.0,0,25.4,1186.0,0,1,0,0,0,73.97,0.0,1,0,6250.0,1.0,8,50000,0,625000
1280000,0.0,0,0,0.0,1322.25,0.0,1,0.0641426783479349,1.0,0,12.9,1598.0,0,2,0,0,0,102.5,1.0,0,0,5000.0,1.0,16,80000,0,250000
60000,0.0,0,0,0.0,1734.978,0.0,1,0.0683375104427736,0.0,0,21.21,1197.0,1,1,0,0,0,81.8,1.0,0,0,1666.6666666666667,1.0,6,10000,0,610000
1210000,0.0,0,0,1.0,1731.6,0.0,2,0.0592948717948717,1.0,0,23.4,1248.0,1,1,0,0,0,74.0,0.0,0,0,10000.0,1.0,11,110000,0,509999
1100000,0.0,0,0,1.0,1731.6,0.0,2,0.0592948717948717,1.0,0,23.4,1248.0,1,1,0,0,0,74.0,0.0,0,0,9090.90909090909,1.0,11,100000,0,511000
1001000,0.0,0,0,1.0,1999.9742,0.0,2,0.0635601719197707,1.0,0,22.54,1396.0,0,1,0,0,0,88.73,0.0,1,0,8272.727272727272,1.0,11,91000,0,451000
1600000,0.0,0,0,0.0,1606.404,0.0,2,0.0659147869674185,1.0,0,20.36,1197.0,0,1,0,0,0,78.9,1.0,1,0,6250.0,1.0,16,100000,0,170000
1440000,0.0,0,0,1.0,1731.6,0.0,2,0.0592948717948717,1.0,0,23.4,1248.0,1,2,0,0,0,74.0,0.0,0,0,10000.0,1.0,12,120000,0,450000
1260000,0.0,0,0,0.0,2006.0,0.0,2,0.0788243152972612,1.0,0,17.0,1497.0,0,2,0,1,0,118.0,1.0,0,0,6428.571428571428,1.0,14,90000,0,375000
540000,0.0,0,0,0.0,1075.602,0.0,2,0.0594221105527638,1.0,0,22.74,796.0,1,2,0,0,0,47.3,1.0,0,0,6666.666666666667,1.0,9,60000,0,305000
463500,0.0,0,0,0.0,1341.561,0.0,2,0.0667083854818523,1.0,0,25.17,799.0,0,1,1,0,0,53.3,1.0,0,0,5722.222222222223,1.0,9,51500,0,315000
540000,0.0,0,0,1.0,1635.4,0.0,2,0.0592948717948717,1.0,0,22.1,1248.0,0,2,0,0,0,74.0,0.0,0,0,6666.666666666667,1.0,9,60000,0,250000
1358500,0.0,0,1,1.0,1360.0,0.0,2,0.0486061472480343,1.0,0,20.0,1399.0,0,2,0,0,0,68.0,0.0,0,0,8038.461538461538,1.0,13,104500,0,200000
1560000,0.0,0,0,1.0,2061.6345,0.0,2,0.0742299794661191,1.0,0,19.01,1461.0,0,3,1,0,0,108.45,0.0,0,0,9230.76923076923,1.0,13,120000,0,400000
1100000,0.0,0,0,1.0,1694.6,0.0,2,0.0592948717948717,1.0,0,22.9,1248.0,1,2,0,0,0,74.0,0.0,0,0,9090.90909090909,1.0,11,100000,0,509999
3000000,0.0,0,0,0.0,1268.1899999999998,0.0,2,0.0672344689378757,1.0,0,18.9,998.0,1,3,0,0,0,67.1,1.0,0,0,7500.0,1.0,20,150000,0,150000
1140000,0.0,0,0,0.0,1268.1899999999998,0.0,1,0.0672344689378757,0.0,0,18.9,998.0,1,1,0,0,0,67.1,1.0,0,0,3157.894736842105,1.0,19,60000,0,75000
500000,0.0,0,0,0.0,1838.865,0.0,1,0.0755730659025788,1.0,0,17.43,1396.0,0,2,0,0,0,105.5,1.0,1,0,5000.0,1.0,10,50000,0,465000
60000,0.0,0,0,1.0,1775.28,0.0,1,0.0623693086003372,1.0,0,24.0,1186.0,0,1,0,0,0,73.97,0.0,1,0,1666.6666666666667,1.0,6,10000,0,700000
320000,0.0,0,0,0.0,1522.038,0.0,1,0.0683625730994152,1.0,0,18.6,1197.0,0,1,0,0,0,81.83,1.0,1,0,5000.0,1.0,8,40000,0,610000
2520000,0.0,0,0,0.0,1595.685,0.0,2,0.0655689102564102,1.0,0,19.5,1248.0,0,2,0,0,0,81.83,1.0,1,0,5714.285714285715,1.0,21,120000,0,60000
550000,0.0,0,0,0.0,1075.602,0.0,1,0.0594221105527638,1.0,0,22.74,796.0,1,1,0,0,0,47.3,1.0,0,0,4545.454545454545,1.0,11,50000,0,235000
720000,0.0,0,0,0.0,1122.01,0.0,2,0.0610367892976588,1.0,0,15.37,1196.0,1,1,0,0,0,73.0,1.0,0,0,11250.0,1.0,8,90000,0,330000
990000,0.0,0,0,1.0,1713.7099999999998,0.0,2,0.0573579739904175,1.0,1,20.45,1461.0,0,1,0,0,0,83.8,0.0,0,0,8181.818181818182,1.0,11,90000,0,472000
60000,0.0,0,0,0.0,1734.978,0.0,1,0.0683375104427736,1.0,0,21.21,1197.0,1,1,0,0,0,81.8,1.0,0,0,1666.6666666666667,1.0,6,10000,0,585000
162000,0.0,0,0,0.0,1605.8475,0.0,1,0.0671843687374749,1.0,0,23.95,998.0,1,1,0,0,0,67.05,1.0,0,0,4500.0,1.0,6,27000,0,360000
630000,0.0,0,0,1.0,1967.66,0.0,2,0.0592948717948717,1.0,0,26.59,1248.0,1,1,0,0,0,74.0,0.0,0,0,7777.777777777777,1.0,9,70000,0,649000
1020000,0.0,0,0,0.0,1595.685,0.0,1,0.0655689102564102,1.0,0,19.5,1248.0,1,1,0,0,0,81.83,1.0,0,0,3529.4117647058824,1.0,17,60000,0,240000
1210000,0.0,0,0,1.0,1680.0,0.0,2,0.0625,1.0,0,24.0,1120.0,0,1,0,0,0,70.0,0.0,1,0,10000.0,1.0,11,110000,0,400000
1000000,0.0,0,0,1.0,1298.14,0.0,2,0.0592686002522068,1.0,0,27.62,793.0,1,2,0,0,0,47.0,0.0,0,0,10000.0,1.0,10,100000,0,250000
1680000,0.0,0,0,1.0,1335.0,0.0,2,0.0600961538461538,1.0,0,17.8,1248.0,1,2,0,0,0,75.0,0.0,0,0,6562.5,1.0,16,105000,0,250000
900000,0.0,0,0,0.0,1112.832,0.0,1,0.0571823204419889,1.0,0,17.92,1086.0,0,3,0,0,0,62.1,1.0,1,0,4000.0,1.0,15,60000,0,150000
1800000,0.0,0,0,1.0,1595.685,0.0,2,0.0655689102564102,1.0,0,19.5,1248.0,1,2,0,0,0,81.83,0.0,0,0,8000.0,1.0,15,120000,0,315000
1170000,0.0,0,0,1.0,1465.344,0.0,2,0.0615384615384615,1.0,0,25.44,936.0,0,1,0,0,0,57.6,0.0,0,0,6923.076923076923,1.0,13,90000,0,170000
972000,0.0,0,0,1.0,2061.6345,0.0,2,0.0742299794661191,1.0,0,19.01,1461.0,0,2,1,0,0,108.45,0.0,0,0,6750.0,1.0,12,81000,0,360000
560000,0.0,0,0,1.0,1878.838,0.0,2,0.0623693086003372,1.0,0,25.4,1186.0,0,1,0,0,0,73.97,0.0,1,0,11428.57142857143,1.0,7,80000,0,570000
1365000,0.0,0,0,1.0,2061.6345,0.0,2,0.0742299794661191,1.0,0,19.01,1461.0,0,2,1,0,0,108.45,0.0,0,0,8076.923076923077,1.0,13,105000,0,350000
480000,0.0,0,0,1.0,1595.685,0.0,2,0.0655689102564102,1.0,0,19.5,1248.0,0,1,0,0,1,81.83,0.0,0,0,7500.0,1.0,8,60000,0,600000
1300000,0.0,0,0,1.0,2061.6345,0.0,2,0.0742299794661191,1.0,0,19.01,1461.0,0,2,1,0,0,108.45,0.0,0,0,7692.307692307692,1.0,13,100000,0,375000
360000,0.0,0,0,0.0,1827.4923000000003,0.0,2,0.0515886287625418,1.0,0,29.619000000000003,1196.0,1,1,0,0,0,61.7,0.0,0,0,10000.0,1.0,6,60000,0,450000
840000,0.0,0,0,1.0,1943.844,0.0,2,0.0635816618911174,1.0,0,21.9,1396.0,0,3,0,0,0,88.76,0.0,1,0,5833.333333333333,1.0,12,70000,0,325000
1680000,0.0,0,0,1.0,2127.944,0.0,2,0.0648310387984981,1.0,0,20.54,1598.0,0,3,0,0,0,103.6,0.0,0,1,8571.42857142857,1.0,14,120000,0,260000
1280000,0.0,0,0,0.0,912.11,0.0,1,0.0581658291457286,1.0,0,19.7,796.0,1,3,0,0,0,46.3,1.0,0,0,5000.0,1.0,16,80000,0,130000
440000,0.0,0,0,0.0,1112.832,0.0,1,0.0571823204419889,1.0,0,17.92,1086.0,0,1,0,0,0,62.1,1.0,1,0,3636.363636363637,1.0,11,40000,0,220000
583000,0.0,0,0,0.0,1606.404,0.0,1,0.0659147869674185,1.0,0,20.36,1197.0,0,1,0,0,0,78.9,1.0,1,0,4818.181818181818,1.0,11,53000,0,275000
480000,0.0,0,0,1.0,1864.8,0.0,2,0.0592948717948717,1.0,0,25.2,1248.0,1,1,0,0,0,74.0,0.0,0,0,7500.0,1.0,8,60000,0,455000
240000,0.0,0,0,0.0,1522.038,0.0,1,0.0683625730994152,1.0,0,18.6,1197.0,0,1,0,0,0,81.83,1.0,1,0,3750.0,1.0,8,30000,0,570000
1200000,0.0,0,0,1.0,2127.944,0.0,2,0.0648310387984981,1.0,0,20.54,1598.0,0,3,0,0,0,103.6,0.0,0,1,8333.333333333334,1.0,12,100000,0,330000
660000,0.0,0,0,0.0,1164.72,0.0,2,0.0678132678132678,1.0,0,21.1,814.0,0,1,0,0,0,55.2,1.0,1,0,5454.545454545455,1.0,11,60000,0,250000
1200000,0.0,0,0,0.0,1606.404,0.0,2,0.0659147869674185,1.0,0,20.36,1197.0,0,3,0,0,0,78.9,1.0,1,0,5333.333333333333,1.0,15,80000,0,165000
60032,0.0,0,0,0.0,1658.69,0.0,1,0.0739783152627189,1.0,0,18.7,1199.0,0,1,0,1,0,88.7,1.0,0,0,1225.142857142857,0.0,7,8576,0,680000
157784,0.0,0,0,0.0,1705.2,0.0,1,0.0700583819849874,0.0,0,20.3,1199.0,0,1,0,0,0,84.0,1.0,0,0,2465.375,0.0,8,19723,1,525000
193014,0.0,0,0,0.0,1953.84,0.0,1,0.077688710754843,1.0,0,16.8,1497.0,0,1,0,1,0,116.3,1.0,0,0,2382.8888888888887,0.0,9,21446,0,825000
418312,0.0,0,0,1.0,2221.35,0.0,2,0.0709134615384615,1.0,0,25.1,1248.0,1,1,0,0,0,88.5,0.0,0,0,6536.125,0.0,8,52289,0,750000
203768,0.0,0,0,1.0,1971.0,0.0,1,0.0644699140401146,1.0,0,21.9,1396.0,0,1,0,0,0,90.0,0.0,1,0,3183.875,0.0,8,25471,0,675000
203568,0.0,0,0,0.0,2014.0032,0.0,2,0.0704587155963302,1.0,0,23.84,1199.0,0,1,0,0,0,84.48,1.0,0,0,5654.666666666667,0.0,6,33928,1,490000
868640,0.0,0,0,0.0,2006.0,0.0,1,0.0788243152972612,1.0,0,17.0,1497.0,0,1,0,1,0,118.0,1.0,0,0,3393.125,0.0,16,54290,0,350000
19062,0.0,0,0,0.0,1683.9199999999998,0.0,1,0.0724540901502504,1.0,0,19.4,1198.0,0,1,0,1,0,86.8,1.0,0,0,235.33333333333331,0.0,9,2118,0,475000
878160,0.0,0,0,0.0,2041.02,0.0,1,0.0783567134268537,1.0,0,17.4,1497.0,0,2,0,1,0,117.3,1.0,0,0,3902.933333333333,0.0,15,58544,0,350000
669429,0.0,0,0,0.0,1461.0195,0.0,2,0.0671843687374749,1.0,0,21.79,998.0,1,1,0,0,0,67.05,1.0,0,0,8264.555555555555,0.0,9,74381,0,400000
511856,0.0,0,1,1.0,2039.368,0.0,2,0.059973297730307,1.0,0,22.7,1498.0,0,1,0,0,0,89.84,0.0,0,0,7997.75,0.0,8,63982,0,850000
1105000,0.0,0,0,0.0,1268.1899999999998,0.0,1,0.0672344689378757,1.0,0,18.9,998.0,1,2,0,0,0,67.1,1.0,0,0,3823.529411764706,0.0,17,65000,0,175000
677148,0.0,0,0,1.0,2061.6345,0.0,1,0.0742299794661191,1.0,0,19.01,1461.0,0,2,1,0,0,108.45,0.0,0,0,4702.416666666667,0.0,12,56429,0,525000
728000,0.0,0,0,0.0,1606.404,0.0,1,0.0659147869674185,1.0,0,20.36,1197.0,0,1,0,0,0,78.9,1.0,1,0,4307.692307692308,1.0,13,56000,0,270000
117000,0.0,0,0,0.0,1381.821,0.0,1,0.0626795580110497,1.0,0,20.3,1086.0,0,1,0,0,0,68.07,1.0,1,0,3250.0,0.0,6,19500,0,434999
300000,0.0,0,0,0.0,1522.038,0.0,1,0.0683625730994152,1.0,0,18.6,1197.0,0,1,0,0,0,81.83,1.0,1,0,3000.0,0.0,10,30000,0,495000
477000,0.0,0,0,1.0,1999.9742,0.0,2,0.0635601719197707,1.0,0,22.54,1396.0,0,1,0,0,0,88.73,0.0,1,0,5888.888888888889,0.0,9,53000,0,575000
40000,0.0,0,0,0.0,1648.6604,0.0,1,0.0683876357560568,1.0,0,20.14,1197.0,0,1,0,0,0,81.86,1.0,1,0,625.0,1.0,8,5000,0,600000
792000,0.0,0,0,1.0,2563.6,0.0,2,0.0658210947930574,1.0,0,26.0,1498.0,0,1,0,1,0,98.6,0.0,0,0,6545.454545454545,0.0,11,72000,0,560000
648000,0.0,0,0,1.0,1595.685,0.0,2,0.0655689102564102,1.0,0,19.5,1248.0,1,1,0,0,0,81.83,0.0,0,0,8000.0,0.0,9,72000,0,565000
348000,0.0,0,0,0.0,1552.5,0.0,1,0.0647684605757196,1.0,0,15.0,1598.0,0,2,0,0,1,103.5,1.0,0,0,2416.6666666666665,1.0,12,29000,0,409999
511488,0.0,0,0,1.0,1651.9918,0.0,2,0.0569062286105407,1.0,1,19.87,1461.0,0,1,0,0,0,83.14,0.0,0,0,6314.666666666667,0.0,9,56832,0,495000
335808,0.0,0,0,0.0,1522.596,0.0,1,0.0683876357560568,1.0,0,18.6,1197.0,0,1,0,0,0,81.86,1.0,1,0,2775.2727272727275,0.0,11,30528,0,470000
783420,0.0,0,0,1.0,2436.161,0.0,2,0.0658411214953271,1.0,0,24.7,1498.0,0,1,0,1,0,98.63,0.0,0,0,5440.416666666667,0.0,12,65285,0,350000
430000,0.0,0,0,0.0,1658.69,0.0,1,0.0739783152627189,1.0,0,18.7,1199.0,0,1,0,1,0,88.7,1.0,0,0,4300.0,0.0,10,43000,0,480000
628560,0.0,1,0,1.0,1581.4736,0.0,1,0.049149560117302,1.0,0,23.59,1364.0,0,1,0,0,0,67.04,0.0,0,0,4365.0,0.0,12,52380,0,270000
457976,0.0,0,0,0.0,1708.802,0.0,2,0.0683375104427736,0.0,0,20.89,1197.0,1,1,0,0,0,81.8,1.0,0,0,7155.875,0.0,8,57247,0,490000
416000,0.0,0,0,1.0,2150.55,0.0,2,0.0709134615384615,1.0,0,24.3,1248.0,1,1,0,0,0,88.5,0.0,0,0,6500.0,1.0,8,52000,0,800000
658000,0.0,0,0,0.0,1656.015,0.0,1,0.0652202937249666,1.0,1,16.95,1498.0,0,2,0,0,0,97.7,1.0,0,0,3357.1428571428573,1.0,14,47000,0,350000
1120000,0.0,0,1,1.0,1210.4,0.0,2,0.0486061472480343,1.0,0,17.8,1399.0,0,3,0,0,0,68.0,0.0,0,0,5714.285714285715,1.0,14,80000,0,170000
1190000,0.0,0,0,1.0,1350.0,0.0,2,0.0600961538461538,1.0,0,18.0,1248.0,0,2,0,0,0,75.0,0.0,0,0,6071.428571428572,1.0,14,85000,1,125000
1300000,0.0,0,0,1.0,1426.2700000000002,0.0,2,0.0592147435897435,1.0,0,19.3,1248.0,1,1,0,0,0,73.9,0.0,0,0,7692.307692307692,1.0,13,100000,0,400000
1540000,0.0,0,0,0.0,1656.015,0.0,2,0.0652202937249666,1.0,1,16.95,1498.0,0,1,0,0,0,97.7,1.0,0,0,7857.142857142857,1.0,14,110000,0,250000
2670000,0.0,0,0,1.0,1870.68,0.0,2,0.0734775641025641,1.0,0,20.4,1248.0,0,2,0,0,1,91.7,0.0,0,0,11866.666666666666,1.0,15,178000,0,190000
1800000,0.0,0,0,0.0,912.11,0.0,2,0.0581658291457286,1.0,0,19.7,796.0,1,3,0,0,0,46.3,1.0,0,0,8000.0,1.0,15,120000,0,125000
300000,0.0,0,0,0.0,1374.9904,0.0,1,0.0671743486973947,1.0,0,20.51,998.0,1,1,0,0,0,67.04,1.0,0,0,3000.0,1.0,10,30000,0,335000
960000,0.0,0,0,0.0,1266.3,0.0,1,0.063147973609802,1.0,0,18.9,1061.0,1,3,0,0,0,67.0,1.0,0,0,3750.0,1.0,16,60000,0,114999
910000,0.0,0,0,1.0,1630.9730000000002,0.0,2,0.0616346955796497,1.0,0,22.07,1199.0,0,4,0,0,0,73.9,0.0,0,1,5384.615384615385,1.0,13,70000,0,229999
320000,0.0,0,0,1.0,1999.9742,0.0,1,0.0635601719197707,1.0,0,22.54,1396.0,0,1,0,0,0,88.73,0.0,1,0,5000.0,1.0,8,40000,0,731000
1200000,0.0,0,0,1.0,1967.66,0.0,2,0.0592948717948717,1.0,0,26.59,1248.0,1,1,0,0,0,74.0,0.0,0,0,12000.0,1.0,10,120000,0,500000
550000,0.0,0,0,0.0,1164.72,0.0,1,0.0678132678132678,1.0,0,21.1,814.0,0,3,0,0,0,55.2,1.0,1,0,4545.454545454545,1.0,11,50000,0,220000
1200000,0.0,0,1,1.0,1362.0,0.0,2,0.0486776268763402,1.0,0,20.0,1399.0,0,1,0,0,0,68.1,0.0,0,0,8333.333333333334,1.0,12,100000,0,240000
1800000,0.0,0,0,1.0,2070.0,0.0,2,0.0644699140401146,1.0,0,23.0,1396.0,0,3,0,0,0,90.0,0.0,1,0,8000.0,1.0,15,120000,0,215000
1170000,0.0,0,0,1.0,1694.6,0.0,2,0.0592948717948717,1.0,0,22.9,1248.0,1,2,0,0,0,74.0,0.0,0,0,6923.076923076923,1.0,13,90000,0,400000
1170000,0.0,0,0,0.0,1274.9,0.0,2,0.0672344689378757,1.0,0,19.0,998.0,1,1,0,0,0,67.1,1.0,0,0,6923.076923076923,1.0,13,90000,0,191000
1440000,0.0,0,0,1.0,1991.0,0.0,2,0.073677160080375,1.0,0,18.1,1493.0,0,2,0,0,0,110.0,0.0,1,0,5625.0,1.0,16,90000,0,210000
1680000,0.0,1,0,0.0,1561.12,0.0,2,0.0592914438502673,1.0,0,17.6,1496.0,0,3,0,0,0,88.7,1.0,0,0,8571.42857142857,1.0,14,120000,0,300000
280000,0.0,0,1,1.0,2557.17,0.0,1,0.0660881174899866,1.0,0,25.83,1498.0,0,1,0,0,0,99.0,0.0,0,0,4375.0,1.0,8,35000,0,700000
60000,0.0,0,0,1.0,2000.6504,0.0,1,0.0635816618911174,1.0,0,22.54,1396.0,0,1,0,0,0,88.76,0.0,1,0,1666.6666666666667,1.0,6,10000,0,850000
520000,0.0,0,0,1.0,2514.3,0.0,2,0.0658210947930574,1.0,0,25.5,1498.0,0,2,0,1,0,98.6,0.0,0,0,8125.0,1.0,8,65000,0,770000
1170000,0.0,0,0,0.0,1403.732,0.0,2,0.0672344689378757,1.0,0,20.92,998.0,1,1,0,0,0,67.1,1.0,0,0,6923.076923076923,1.0,13,90000,0,250000
380907,0.0,0,0,1.0,1880.8244,0.0,1,0.0635816618911174,1.0,0,21.19,1396.0,0,1,0,0,0,88.76,0.0,1,0,4702.555555555556,0.0,9,42323,0,651000
509544,0.0,0,0,0.0,1953.84,0.0,1,0.077688710754843,1.0,0,16.8,1497.0,0,1,0,1,0,116.3,1.0,0,0,3538.5,0.0,12,42462,0,480000
547230,0.0,0,0,1.0,1864.8,0.0,2,0.0592948717948717,1.0,0,25.2,1248.0,1,1,0,0,0,74.0,0.0,0,0,5472.3,0.0,10,54723,0,470000
270000,0.0,0,0,1.0,2691.78,0.0,1,0.0658210947930574,1.0,0,27.3,1498.0,0,1,0,1,0,98.6,0.0,0,0,3333.333333333333,1.0,9,30000,0,500000
288000,0.0,0,0,1.0,2221.35,0.0,1,0.0709134615384615,1.0,0,25.1,1248.0,1,1,0,0,0,88.5,0.0,0,0,3555.555555555556,0.0,9,32000,0,690000
142625,0.0,0,0,0.0,1708.802,0.0,1,0.0683375104427736,1.0,0,20.89,1197.0,1,1,0,0,0,81.8,1.0,0,0,2910.714285714286,0.0,7,20375,0,480000
527736,0.0,0,0,1.0,2101.6,0.0,1,0.0592948717948717,1.0,0,28.4,1248.0,1,2,0,0,0,74.0,0.0,0,0,3664.8333333333335,0.0,12,43978,0,450000
210000,0.0,0,0,0.0,1522.038,0.0,1,0.0683625730994152,1.0,0,18.6,1197.0,0,1,0,0,0,81.83,1.0,1,0,4285.714285714285,1.0,7,30000,0,700000
576000,0.0,0,1,1.0,2147.432,0.0,1,0.0660614152202937,1.0,0,21.7,1498.0,0,2,0,0,0,98.96,0.0,0,0,4000.0,0.0,12,48000,0,475000
299563,0.0,0,0,1.0,2702.4619999999995,0.0,1,0.0658411214953271,1.0,0,27.4,1498.0,0,1,0,1,0,98.63,0.0,0,0,2475.7272727272725,0.0,11,27233,0,465000
230656,0.0,0,0,1.0,1731.6,0.0,1,0.0592948717948717,1.0,0,23.4,1248.0,1,1,0,0,0,74.0,0.0,0,0,3604.0,0.0,8,28832,0,520000
490000,0.0,0,0,0.0,1350.0,0.0,1,0.0657894736842105,1.0,0,15.0,1368.0,0,1,0,0,0,90.0,1.0,0,0,2500.0,1.0,14,35000,1,225000
1520000,0.0,0,0,0.0,1380.6,0.0,1,0.0521042084168336,1.0,0,17.7,1497.0,0,2,0,1,0,78.0,1.0,0,0,4210.526315789473,1.0,19,80000,0,93150
800000,0.0,0,0,0.0,1348.0704999999998,0.0,1,0.0626611418047882,1.0,0,19.81,1086.0,0,2,0,0,0,68.05,1.0,1,0,3125.0,1.0,16,50000,0,229999
360000,0.0,0,0,1.0,1967.66,0.0,1,0.0592948717948717,1.0,0,26.59,1248.0,1,2,0,0,0,74.0,0.0,0,0,4444.444444444444,1.0,9,40000,0,525000
840000,0.0,0,0,1.0,1559.2900000000002,0.0,1,0.0592147435897435,1.0,0,21.1,1248.0,1,2,0,0,0,73.9,0.0,0,0,4285.714285714285,1.0,14,60000,0,250000
750000,0.0,0,1,1.0,1360.0,0.0,1,0.0486061472480343,1.0,0,20.0,1399.0,0,2,0,0,0,68.0,0.0,0,0,3333.333333333333,1.0,15,50000,0,144000
680000,0.0,0,0,0.0,1164.8,0.0,1,0.060320452403393,1.0,0,18.2,1061.0,1,1,0,0,0,64.0,1.0,0,0,2352.9411764705883,1.0,17,40000,0,120000
418000,0.0,0,0,1.0,1635.4,0.0,1,0.0592948717948717,1.0,0,22.1,1248.0,0,1,0,0,0,74.0,0.0,0,0,3454.5454545454545,1.0,11,38000,0,260000
1200000,0.0,1,0,1.0,1581.7095,0.0,2,0.0491568914956011,1.0,0,23.59,1364.0,0,1,0,0,0,67.05,0.0,0,0,12000.0,1.0,10,120000,0,475000
1442000,0.0,0,1,1.0,1360.0,0.0,2,0.0486061472480343,1.0,0,20.0,1399.0,0,3,0,0,0,68.0,0.0,0,0,7357.142857142857,1.0,14,103000,0,302000
640000,0.0,0,0,1.0,2150.55,0.0,2,0.0709134615384615,1.0,0,24.3,1248.0,1,1,0,0,0,88.5,0.0,0,0,10000.0,1.0,8,80000,0,775000
990000,0.0,0,0,1.0,1864.8,0.0,2,0.0592948717948717,1.0,0,25.2,1248.0,1,1,0,0,0,74.0,0.0,0,0,8181.818181818182,1.0,11,90000,0,530000
560000,0.0,0,0,1.0,2332.75,0.0,2,0.0724782899131596,1.0,0,21.5,1497.0,0,1,0,0,0,108.5,0.0,0,0,8750.0,1.0,8,70000,1,869999
180000,0.0,0,0,0.0,1998.5072,0.0,1,0.0699165971643035,0.0,0,23.84,1199.0,0,1,0,0,0,83.83,1.0,0,0,5000.0,1.0,6,30000,1,550000
720000,0.0,0,0,1.0,1967.66,0.0,2,0.0592948717948717,1.0,0,26.59,1248.0,1,2,0,0,0,74.0,0.0,0,0,8888.888888888889,1.0,9,80000,0,600000
1430000,0.0,0,0,1.0,1426.2700000000002,0.0,2,0.0592147435897435,1.0,0,19.3,1248.0,1,2,0,0,0,73.9,0.0,0,0,8461.538461538461,1.0,13,110000,0,430000
1800000,0.0,0,0,1.0,1692.0,0.0,2,0.0721153846153846,1.0,0,18.8,1248.0,0,1,0,0,0,90.0,0.0,0,0,8000.0,1.0,15,120000,1,246000
2640000,0.0,0,0,0.0,1038.0,0.0,2,0.0604229607250755,1.0,0,17.3,993.0,1,3,0,0,0,60.0,1.0,0,0,5454.545454545455,1.0,22,120000,0,120000
770000,0.0,0,0,0.0,1522.038,0.0,2,0.0683625730994152,1.0,0,18.6,1197.0,0,2,0,0,0,81.83,1.0,1,0,6363.636363636364,1.0,11,70000,0,565000
420000,0.0,0,0,1.0,2000.6504,0.0,2,0.0635816618911174,1.0,0,22.54,1396.0,0,1,0,0,0,88.76,0.0,1,0,8571.42857142857,1.0,7,60000,0,850000
1710000,0.0,0,0,0.0,912.11,0.0,1,0.0581658291457286,1.0,0,19.7,796.0,1,1,0,0,0,46.3,1.0,0,0,4736.8421052631575,1.0,19,90000,0,160000
1567500,0.0,0,0,1.0,1462.5,0.0,2,0.0600961538461538,1.0,0,19.5,1248.0,0,1,0,0,1,75.0,0.0,0,0,12954.545454545454,1.0,11,142500,0,325000
500000,0.0,0,0,0.0,1348.0704999999998,0.0,1,0.0626611418047882,1.0,0,19.81,1086.0,0,1,0,0,0,68.05,1.0,1,0,5000.0,1.0,10,50000,0,310000
1080000,0.0,0,0,1.0,2543.88,0.0,2,0.0658210947930574,1.0,0,25.8,1498.0,0,3,0,1,0,98.6,0.0,0,0,7500.0,1.0,12,90000,0,250000
1150000,0.0,0,0,1.0,1967.66,0.0,2,0.0592948717948717,1.0,0,26.59,1248.0,1,2,0,0,0,74.0,0.0,0,0,11500.0,1.0,10,115000,0,420000
1800000,0.0,0,0,0.0,1479.0,0.0,2,0.0706303724928366,0.0,0,15.0,1396.0,0,2,0,0,0,98.6,1.0,1,0,12500.0,1.0,12,150000,0,330000
680000,0.0,0,0,0.0,1668.7199999999998,0.0,2,0.0683375104427736,1.0,0,20.4,1197.0,1,2,0,0,0,81.8,1.0,0,0,6800.0,1.0,10,68000,0,405000
1650000,0.0,0,0,0.0,1814.28,0.0,2,0.077688710754843,0.0,0,15.6,1497.0,0,3,0,1,0,116.3,1.0,0,0,7333.333333333333,1.0,15,110000,0,409999
2242000,0.0,0,0,0.0,1595.685,0.0,2,0.0655689102564102,1.0,0,19.5,1248.0,0,1,0,0,0,81.83,1.0,1,0,6210.526315789473,1.0,19,118000,0,80000
1800000,0.0,0,0,0.0,1348.0704999999998,0.0,2,0.0626611418047882,1.0,0,19.81,1086.0,0,2,0,0,0,68.05,1.0,1,0,5555.555555555556,1.0,18,100000,0,135000
1470000,0.0,0,0,0.0,1268.1899999999998,0.0,1,0.0672344689378757,1.0,0,18.9,998.0,1,2,0,0,0,67.1,1.0,0,0,3333.333333333333,1.0,21,70000,0,70000
248500,0.0,0,0,1.0,2102.168,0.0,2,0.0593108974358974,1.0,0,28.4,1248.0,1,1,0,0,0,74.02,0.0,0,0,5071.428571428572,1.0,7,35500,0,650000
122500,0.0,0,0,0.0,1374.9904,0.0,1,0.0671743486973947,1.0,0,20.51,998.0,1,1,0,0,0,67.04,1.0,0,0,2500.0,1.0,7,17500,0,400000
216000,0.0,0,0,0.0,1605.8475,0.0,1,0.0671843687374749,1.0,0,23.95,998.0,1,1,0,0,0,67.05,1.0,0,0,3375.0,1.0,8,27000,0,350000
480000,0.0,0,0,1.0,1775.28,0.0,2,0.0623693086003372,1.0,0,24.0,1186.0,0,1,0,0,0,73.97,0.0,1,0,7500.0,1.0,8,60000,0,550000
225000,0.0,0,0,0.0,1374.9904,0.0,1,0.0671743486973947,1.0,0,20.51,998.0,1,1,0,0,0,67.04,1.0,0,0,2777.777777777778,1.0,9,25000,0,350000
800000,0.0,0,0,1.0,1967.66,0.0,2,0.0592948717948717,1.0,0,26.59,1248.0,1,1,0,0,0,74.0,0.0,0,0,8000.0,1.0,10,80000,0,459999
780000,0.0,0,0,0.0,912.11,0.0,1,0.0581658291457286,1.0,0,19.7,796.0,1,2,0,0,0,46.3,1.0,0,0,4615.384615384615,1.0,13,60000,0,185000
456000,0.0,0,0,1.0,1630.9730000000002,0.0,1,0.0616346955796497,1.0,0,22.07,1199.0,0,1,0,0,0,73.9,0.0,0,1,3166.6666666666665,1.0,12,38000,0,550000
780000,0.0,0,0,0.0,1595.685,0.0,1,0.0655689102564102,1.0,0,19.5,1248.0,1,3,0,0,0,81.83,1.0,0,0,4615.384615384615,1.0,13,60000,0,175000
70000,0.0,0,0,0.0,1778.3399999999997,0.0,1,0.0694235588972431,1.0,0,21.4,1197.0,1,1,0,0,0,83.1,1.0,0,0,1428.571428571429,1.0,7,10000,0,625000
280000,0.0,0,0,0.0,1168.31,0.0,1,0.0594221105527638,1.0,0,24.7,796.0,1,2,0,0,0,47.3,1.0,0,0,4375.0,1.0,8,35000,0,310000
280000,0.0,0,0,1.0,2101.6,0.0,1,0.0592948717948717,1.0,0,28.4,1248.0,1,1,0,0,0,74.0,0.0,0,0,4375.0,1.0,8,35000,0,500000
207000,0.0,0,0,1.0,1680.0,0.0,1,0.0625,1.0,0,24.0,1120.0,0,1,0,0,0,70.0,0.0,1,0,2555.555555555556,1.0,9,23000,0,610000
1950000,0.0,0,0,1.0,1317.21,0.0,2,0.0494269340974212,1.0,0,19.09,1396.0,0,3,0,0,0,69.0,0.0,0,0,11538.46153846154,1.0,13,150000,1,150000
700000,0.0,0,0,1.0,1732.4,0.0,2,0.0633928571428571,1.0,0,24.4,1120.0,0,1,0,0,0,71.0,0.0,1,0,7000.0,1.0,10,70000,0,480000
320000,0.0,0,0,0.0,1522.038,0.0,1,0.0683625730994152,1.0,0,18.6,1197.0,0,1,0,0,0,81.83,1.0,1,0,5000.0,1.0,8,40000,0,650000
1300000,0.0,0,0,1.0,1971.0,0.0,2,0.0644699140401146,1.0,0,21.9,1396.0,0,2,0,0,0,90.0,0.0,1,0,7692.307692307692,1.0,13,100000,0,290000
400000,0.0,0,0,0.0,1168.31,0.0,2,0.0594221105527638,1.0,0,24.7,796.0,1,2,0,0,0,47.3,1.0,0,0,6250.0,1.0,8,50000,0,300000
1800000,0.0,0,0,1.0,1426.2700000000002,0.0,2,0.0592147435897435,1.0,0,19.3,1248.0,1,4,0,0,0,73.9,0.0,0,0,8000.0,1.0,15,120000,0,270000
600000,0.0,0,0,1.0,1732.4,0.0,2,0.0633928571428571,1.0,0,24.4,1120.0,0,2,0,0,0,71.0,0.0,1,0,6000.0,1.0,10,60000,0,400000
280000,0.0,0,0,0.0,1075.602,0.0,1,0.0594221105527638,1.0,0,22.74,796.0,1,2,0,0,0,47.3,1.0,0,0,2800.0,1.0,10,28000,0,280000
960000,0.0,0,0,0.0,1501.5,0.0,1,0.0661016949152542,1.0,0,17.5,1298.0,1,3,0,0,0,85.8,1.0,0,0,3750.0,1.0,16,60000,0,250000
1040000,0.0,0,0,1.0,1426.2700000000002,0.0,2,0.0592147435897435,1.0,0,19.3,1248.0,1,2,0,0,0,73.9,0.0,0,0,6153.846153846154,1.0,13,80000,0,495000
27000,0.0,0,0,0.0,1730.8200000000002,0.0,1,0.0740283569641367,1.0,0,19.5,1199.0,0,1,0,1,0,88.76,1.0,0,0,750.0,1.0,6,4500,0,700000
840000,0.0,0,0,1.0,1725.0,0.0,2,0.0494269340974212,1.0,0,25.0,1396.0,0,1,0,0,0,69.0,0.0,0,0,5833.333333333333,1.0,12,70000,1,310000
960000,0.0,0,0,1.0,1665.106,0.0,2,0.0573579739904175,1.0,0,19.87,1461.0,0,1,1,0,0,83.8,0.0,0,0,15000.0,1.0,8,120000,0,650000
800000,0.0,0,0,0.0,1685.3,0.0,2,0.0739783152627189,0.0,0,19.0,1199.0,0,1,0,1,0,88.7,1.0,0,0,8000.0,1.0,10,80000,0,600000
1920000,0.0,0,0,0.0,1177.5,0.0,2,0.0539568345323741,1.0,0,15.7,1390.0,0,1,0,0,1,75.0,1.0,0,0,7500.0,1.0,16,120000,0,135000
550000,0.0,0,0,1.0,1731.6,0.0,1,0.0592948717948717,1.0,0,23.4,1248.0,1,1,0,0,0,74.0,0.0,0,0,4545.454545454545,1.0,11,50000,0,650000
1079000,0.0,0,0,0.0,1953.84,0.0,2,0.077688710754843,1.0,0,16.8,1497.0,0,1,0,1,0,116.3,1.0,0,0,6384.615384615385,1.0,13,83000,0,550000
160000,0.0,0,0,1.0,2102.168,0.0,1,0.0593108974358974,1.0,0,28.4,1248.0,1,1,0,0,0,74.02,0.0,0,0,2500.0,1.0,8,20000,0,650000
54000,0.0,0,0,0.0,1605.8,0.0,1,0.0724540901502504,1.0,0,18.5,1198.0,0,1,0,1,0,86.8,1.0,0,0,843.75,1.0,8,6750,0,450000
260000,0.0,0,0,0.0,1888.503,0.0,1,0.0663510560815732,1.0,0,20.73,1373.0,1,1,0,0,0,91.1,1.0,0,0,2600.0,1.0,10,26000,0,650000
416000,0.0,0,0,0.0,1391.62,0.0,2,0.0683876357560568,1.0,0,17.0,1197.0,0,1,0,0,0,81.86,1.0,1,0,6500.0,1.0,8,52000,0,430000
120000,0.0,0,0,0.0,1799.6,0.0,1,0.0683375104427736,0.0,0,22.0,1197.0,1,1,0,0,0,81.8,1.0,0,0,3333.333333333333,1.0,6,20000,0,700000
259000,0.0,0,0,0.0,1587.3,0.0,1,0.0716791979949874,1.0,0,18.5,1197.0,1,1,0,0,0,85.8,1.0,0,0,1321.428571428571,1.0,14,18500,0,229999
454302,0.0,0,1,0.0,1749.84,0.0,2,0.0736490993995997,1.0,0,15.85,1499.0,0,1,0,0,0,110.4,1.0,0,0,5608.666666666667,1.0,9,50478,0,670000
55200,0.0,0,0,0.0,1998.5072,0.0,1,0.0699165971643035,0.0,0,23.84,1199.0,0,1,0,0,0,83.83,1.0,0,0,1533.3333333333333,1.0,6,9200,1,525000
360000,0.0,0,0,1.0,1665.106,0.0,1,0.0573579739904175,1.0,0,19.87,1461.0,0,1,1,0,0,83.8,0.0,0,0,4444.444444444444,1.0,9,40000,0,515000
25000,0.0,0,0,0.0,1718.6180000000002,0.0,1,0.0683375104427736,1.0,0,21.01,1197.0,1,1,0,0,0,81.8,1.0,0,0,1000.0,1.0,5,5000,0,630000
13800,0.0,0,0,0.0,1217.628,0.0,1,0.0671339173967459,1.0,0,22.7,799.0,0,1,0,0,1,53.64,1.0,0,0,383.3333333333333,1.0,6,2300,0,270000
360000,0.0,0,0,0.0,1075.602,0.0,1,0.0594221105527638,1.0,0,22.74,796.0,1,1,0,0,0,47.3,1.0,0,0,4444.444444444444,1.0,9,40000,0,300000
2000000,0.0,0,0,0.0,912.11,0.0,1,0.0581658291457286,1.0,0,19.7,796.0,1,4,0,0,0,46.3,1.0,0,0,5000.0,1.0,20,100000,0,90000
800000,0.0,0,0,0.0,1266.3,0.0,1,0.063147973609802,1.0,0,18.9,1061.0,1,2,0,0,0,67.0,1.0,0,0,3125.0,1.0,16,50000,0,135000
960000,0.0,0,0,0.0,1102.3,0.0,2,0.0610367892976588,1.0,0,15.1,1196.0,1,2,0,0,0,73.0,1.0,0,0,6666.666666666667,1.0,12,80000,0,275000
105000,0.0,0,0,0.0,1844.5,0.0,1,0.090567612687813,1.0,0,17.0,1198.0,0,1,0,0,0,108.5,1.0,0,0,2142.8571428571427,1.0,7,15000,1,740000
30065,1.0,1,0,0.0,1804.05,0.0,1,0.0705213903743315,1.0,0,17.1,1496.0,0,1,0,0,0,105.5,1.0,0,0,613.5714285714286,0.0,7,4295,0,1000000
36603,1.0,1,0,0.0,1804.05,0.0,1,0.0705213903743315,1.0,0,17.1,1496.0,0,1,0,0,0,105.5,1.0,0,0,747.0,0.0,7,5229,0,1000000
28206,1.0,0,0,0.0,1694.502,0.0,1,0.0683876357560568,1.0,0,20.7,1197.0,0,1,0,0,0,81.86,1.0,1,0,783.5,0.0,6,4701,0,550000
60813,1.0,0,0,0.0,1718.6180000000002,0.0,1,0.0683375104427736,1.0,0,21.01,1197.0,1,1,0,0,0,81.8,1.0,0,0,750.7777777777778,0.0,9,6757,0,600000
253638,1.0,0,0,0.0,1480.336,0.0,1,0.0647809762202753,0.0,0,14.3,1598.0,0,1,0,0,1,103.52,1.0,0,0,3131.333333333333,0.0,9,28182,0,675000
69198,1.0,0,0,0.0,1487.7465,0.0,1,0.0697930574098798,1.0,1,14.23,1498.0,0,1,0,0,0,104.55,1.0,0,0,1922.1666666666667,0.0,6,11533,0,950000
93504,1.0,0,0,0.0,2087.94,0.0,1,0.0783567134268537,1.0,0,17.8,1497.0,0,1,0,1,0,117.3,1.0,0,0,1461.0,0.0,8,11688,0,850000
165984,1.0,0,0,1.0,2485.965,0.0,1,0.0709134615384615,1.0,0,28.09,1248.0,1,1,0,0,0,88.5,0.0,0,0,3387.428571428572,0.0,7,23712,0,925000
706700,1.0,0,1,0.0,1815.0,0.0,2,0.0733822548365577,0.0,0,16.5,1499.0,0,1,0,0,0,110.0,1.0,0,0,7067.0,0.0,10,70670,0,625000
477191,0.0,0,0,0.0,1075.602,0.0,1,0.0594221105527638,1.0,0,22.74,796.0,1,2,0,0,0,47.3,1.0,0,0,3943.727272727273,0.0,11,43381,0,200000
869121,1.0,0,0,0.0,2111.4,0.0,2,0.0783567134268537,0.0,0,18.0,1497.0,0,1,0,1,0,117.3,1.0,0,0,7182.818181818182,0.0,11,79011,0,635000
550000,0.0,0,0,1.0,1933.4267,0.0,1,0.0710977564102564,1.0,0,21.79,1248.0,1,2,0,0,0,88.73,0.0,0,0,4545.454545454545,1.0,11,50000,0,425000
560000,0.0,0,0,0.0,1268.1899999999998,0.0,1,0.0672344689378757,1.0,0,18.9,998.0,1,1,0,0,0,67.1,1.0,0,0,2857.1428571428573,1.0,14,40000,0,220000
70000,0.0,0,0,0.0,1547.1539999999998,0.0,1,0.0683876357560568,1.0,0,18.9,1197.0,0,1,0,0,0,81.86,1.0,1,0,1428.571428571429,1.0,7,10000,0,590000
585000,0.0,0,0,0.0,1587.3,0.0,2,0.0716791979949874,1.0,0,18.5,1197.0,1,1,0,0,0,85.8,1.0,0,0,5850.0,1.0,10,58500,0,350000
140000,0.0,0,0,0.0,1778.3399999999997,0.0,1,0.0694235588972431,1.0,0,21.4,1197.0,1,1,0,0,0,83.1,1.0,0,0,2857.1428571428573,1.0,7,20000,0,575000
609000,0.0,0,0,0.0,1354.5,0.0,1,0.0626043405676126,1.0,1,18.06,1198.0,0,2,0,0,0,75.0,1.0,0,0,3107.1428571428573,1.0,14,43500,0,200000
630000,0.0,0,1,1.0,2244.8943,0.0,2,0.0658144192256341,1.0,0,22.77,1498.0,0,1,0,0,0,98.59,0.0,0,0,6300.0,1.0,10,63000,0,600000
1430000,0.0,0,0,1.0,1317.21,0.0,2,0.0494269340974212,1.0,0,19.09,1396.0,0,2,0,0,0,69.0,0.0,0,0,8461.538461538461,1.0,13,110000,1,158000
240000,0.0,0,0,0.0,1421.0896,0.0,1,0.0683876357560568,0.0,0,17.36,1197.0,0,1,0,0,0,81.86,1.0,1,0,3750.0,1.0,8,30000,0,580000
210000,0.0,0,0,0.0,1541.67,0.0,1,0.067067067067067,1.0,0,23.01,999.0,0,1,1,0,0,67.0,1.0,0,0,4285.714285714285,1.0,7,30000,0,350000
616000,0.0,0,0,0.0,2041.02,0.0,2,0.0783567134268537,1.0,0,17.4,1497.0,0,1,0,1,0,117.3,1.0,0,0,5090.909090909091,1.0,11,56000,0,650000
101600,0.0,0,0,0.0,1374.9904,0.0,1,0.0671743486973947,1.0,0,20.51,998.0,1,1,0,0,0,67.04,1.0,0,0,1587.5,1.0,8,12700,0,400000
245000,0.0,0,0,1.0,2332.75,0.0,1,0.0724782899131596,1.0,0,21.5,1497.0,0,1,0,0,0,108.5,0.0,0,0,5000.0,1.0,7,35000,1,700000
240000,0.0,0,0,0.0,1566.2,0.0,1,0.0685045948203842,1.0,0,19.1,1197.0,0,1,0,0,0,82.0,1.0,1,0,3750.0,1.0,8,30000,0,520000
272000,0.0,0,0,0.0,1341.561,0.0,1,0.0667083854818523,1.0,0,25.17,799.0,0,1,1,0,0,53.3,1.0,0,0,4250.0,1.0,8,34000,0,350000
1530000,0.0,0,0,0.0,1348.0704999999998,0.0,2,0.0626611418047882,1.0,0,19.81,1086.0,0,1,0,0,0,68.05,1.0,1,0,5294.117647058823,1.0,17,90000,0,165000
975000,0.0,0,0,0.0,1112.832,0.0,1,0.0571823204419889,1.0,0,17.92,1086.0,0,2,0,0,0,62.1,1.0,1,0,4333.333333333333,1.0,15,65000,0,160000
400000,0.0,0,0,0.0,1605.8475,0.0,1,0.0671843687374749,1.0,0,23.95,998.0,1,1,0,0,0,67.05,1.0,0,0,4000.0,1.0,10,40000,0,285000
989100,0.0,0,0,0.0,912.11,0.0,1,0.0581658291457286,1.0,0,19.7,796.0,1,1,0,0,0,46.3,1.0,0,0,2472.75,1.0,20,49455,0,180000
900000,0.0,0,0,0.0,1164.72,0.0,2,0.0678132678132678,1.0,0,21.1,814.0,0,1,0,0,0,55.2,1.0,1,0,11111.111111111111,1.0,9,100000,0,220000
1440000,0.0,0,0,1.0,1650.2,0.0,2,0.0592948717948717,1.0,0,22.3,1248.0,0,1,0,0,0,74.0,0.0,0,0,10000.0,1.0,12,120000,1,120000
1350000,0.0,0,0,0.0,1360.0,0.0,2,0.0668337510442773,1.0,0,17.0,1197.0,0,4,0,0,0,80.0,1.0,1,0,6000.0,1.0,15,90000,0,220000
561780,0.0,0,0,1.0,1699.4900000000002,0.0,1,0.0616185897435897,1.0,0,22.1,1248.0,0,2,0,0,0,76.9,0.0,0,0,3901.25,1.0,12,46815,0,420000
1320000,0.0,0,0,1.0,1358.0,0.0,2,0.0498220640569395,1.0,0,19.4,1405.0,0,1,0,0,0,70.0,0.0,0,0,9166.666666666666,1.0,12,110000,1,160000
800000,0.0,0,0,0.0,1164.72,0.0,2,0.0678132678132678,1.0,0,21.1,814.0,0,1,0,0,0,55.2,1.0,1,0,8000.0,1.0,10,80000,0,250000
880000,0.0,0,0,0.0,1375.4006000000002,0.0,2,0.0671943887775551,1.0,0,20.51,998.0,1,1,0,0,0,67.06,1.0,0,0,7272.727272727273,1.0,11,80000,0,318000
280000,0.0,0,0,0.0,1648.6604,0.0,2,0.0683876357560568,1.0,0,20.14,1197.0,0,1,0,0,0,81.86,1.0,1,0,5714.285714285715,1.0,7,40000,0,480000
700000,0.0,0,0,0.0,1548.6240000000005,0.0,2,0.0671743486973947,1.0,0,23.1,998.0,1,3,0,0,0,67.04,1.0,0,0,7000.0,1.0,10,70000,0,330000
1120000,0.0,0,0,1.0,1207.0,0.0,2,0.0505338078291814,1.0,0,17.0,1405.0,0,1,0,0,0,71.0,0.0,0,0,5714.285714285715,1.0,14,80000,1,152000
440000,0.0,0,0,0.0,1075.602,0.0,1,0.0594221105527638,1.0,0,22.74,796.0,1,1,0,0,0,47.3,1.0,0,0,3636.363636363637,1.0,11,40000,0,250000
1120000,0.0,0,0,1.0,1207.0,0.0,2,0.0505338078291814,1.0,0,17.0,1405.0,0,1,0,0,0,71.0,0.0,0,0,5714.285714285715,1.0,14,80000,1,248000
840000,0.0,0,0,0.0,1354.5,0.0,1,0.0626043405676126,1.0,1,18.06,1198.0,0,2,0,0,0,75.0,1.0,0,0,4285.714285714285,1.0,14,60000,0,300000
400000,0.0,0,0,0.0,1522.038,0.0,2,0.0683625730994152,1.0,0,18.6,1197.0,0,1,0,0,0,81.83,1.0,1,0,6250.0,1.0,8,50000,0,550000
270000,0.0,0,0,1.0,1999.9742,0.0,1,0.0635601719197707,1.0,0,22.54,1396.0,0,1,0,0,0,88.73,0.0,1,0,3333.333333333333,1.0,9,30000,0,650000
200000,0.0,0,0,0.0,1549.8,0.0,1,0.0685045948203842,1.0,0,18.9,1197.0,0,1,0,0,0,82.0,1.0,1,0,3125.0,1.0,8,25000,0,445000
1925000,0.0,0,0,1.0,2061.6345,0.0,3,0.0742299794661191,1.0,0,19.01,1461.0,0,1,1,0,0,108.45,0.0,0,0,15909.09090909091,1.0,11,175000,0,495000
910000,0.0,0,0,0.0,1301.58,0.0,1,0.0651324085750315,0.0,0,12.6,1586.0,1,3,0,0,0,103.3,1.0,0,0,4642.857142857143,1.0,14,65000,0,220000
910000,0.0,0,0,0.0,1301.58,0.0,1,0.0651324085750315,0.0,0,12.6,1586.0,1,3,0,0,0,103.3,1.0,0,0,4642.857142857143,1.0,14,65000,0,260000
1440000,0.0,0,0,0.0,1112.832,0.0,2,0.0571823204419889,1.0,0,17.92,1086.0,0,1,0,0,0,62.1,1.0,1,0,5625.0,1.0,16,90000,0,150000
1120000,0.0,0,1,1.0,1360.0,0.0,2,0.0486061472480343,1.0,0,20.0,1399.0,0,2,0,0,0,68.0,0.0,0,0,5714.285714285715,1.0,14,80000,0,200000
1040000,0.0,1,0,1.0,1595.685,0.0,2,0.0655689102564102,1.0,0,19.5,1248.0,0,2,0,0,0,81.83,0.0,0,0,6153.846153846154,1.0,13,80000,0,285000
1020000,0.0,0,0,0.0,2170.0,0.0,1,0.0810306198655713,0.0,0,20.0,1339.0,0,3,0,1,0,108.5,1.0,0,0,3529.4117647058824,1.0,17,60000,0,250000
140000,0.0,0,0,0.0,1778.3399999999997,0.0,1,0.0694235588972431,1.0,0,21.4,1197.0,1,1,0,0,0,83.1,1.0,0,0,2857.1428571428573,1.0,7,20000,0,560000
270000,0.0,0,0,0.0,1733.469,0.0,1,0.0694569757727652,1.0,0,20.85,1197.0,1,1,0,0,0,83.14,1.0,0,0,3333.333333333333,1.0,9,30000,0,500000
1416000,0.0,0,0,1.0,1680.0,0.0,2,0.0625,1.0,0,24.0,1120.0,0,1,0,0,0,70.0,0.0,1,0,9833.333333333334,1.0,12,118000,0,270000
250000,0.0,0,0,0.0,1733.469,0.0,1,0.0694569757727652,1.0,0,20.85,1197.0,1,2,0,0,0,83.14,1.0,0,0,2500.0,1.0,10,25000,0,434999
1000000,0.0,0,0,0.0,1383.434,0.0,2,0.0683876357560568,0.0,0,16.9,1197.0,0,1,0,0,0,81.86,1.0,1,0,10000.0,1.0,10,100000,0,400000
1100000,0.0,0,0,1.0,1967.66,0.0,2,0.0592948717948717,1.0,0,26.59,1248.0,1,1,0,0,0,74.0,0.0,0,0,11000.0,1.0,10,110000,0,470000
600000,0.0,0,0,1.0,1713.7099999999998,0.0,2,0.0573579739904175,1.0,1,20.45,1461.0,0,3,0,0,0,83.8,0.0,0,0,6000.0,1.0,10,60000,0,480000
960000,0.0,0,0,1.0,1882.32,0.0,2,0.0659025787965616,1.0,0,27.28,1047.0,0,1,0,0,0,69.0,0.0,0,0,15000.0,1.0,8,120000,1,325000
1040000,0.0,1,0,1.0,1595.685,0.0,2,0.0655689102564102,1.0,0,19.5,1248.0,0,2,0,0,0,81.83,0.0,0,0,6153.846153846154,1.0,13,80000,0,280000
25000,0.0,0,0,0.0,1694.502,0.0,1,0.0683876357560568,0.0,0,20.7,1197.0,0,1,0,0,0,81.86,1.0,1,0,1000.0,1.0,5,5000,0,675000
1440000,0.0,0,0,0.0,1606.404,0.0,2,0.0659147869674185,1.0,0,20.36,1197.0,0,2,0,0,0,78.9,1.0,1,0,5625.0,1.0,16,90000,0,170000
261000,0.0,0,0,0.0,1522.038,0.0,1,0.0683625730994152,1.0,0,18.6,1197.0,0,1,0,0,0,81.83,1.0,1,0,3222.222222222222,1.0,9,29000,0,650000
1620000,0.0,0,0,0.0,1342.9125,1.0,1,0.0541941564561734,1.0,0,23.355000000000004,1061.0,1,2,0,0,0,57.5,0.0,0,0,5000.0,1.0,18,90000,0,105000
2816000,0.0,0,0,1.0,1122.0,0.0,2,0.0451745379876796,1.0,0,17.0,1461.0,0,2,0,0,1,66.0,0.0,0,0,11000.0,1.0,16,176000,0,200000
1800000,0.0,0,0,1.0,1317.21,0.0,2,0.0494269340974212,1.0,0,19.09,1396.0,0,1,0,0,0,69.0,0.0,0,0,12500.0,1.0,12,150000,1,200000
770000,0.0,0,0,0.0,1552.128,0.0,2,0.0645807259073842,1.0,0,15.04,1598.0,0,2,0,0,0,103.2,1.0,0,1,6363.636363636364,1.0,11,70000,0,500000
1782000,0.0,0,0,1.0,1248.0,0.0,2,0.0444900752908966,1.0,0,19.2,1461.0,0,2,0,0,1,65.0,0.0,0,0,5500.0,1.0,18,99000,0,175000
35000,0.0,0,0,0.0,2002.56,0.0,1,0.0700583819849874,1.0,0,23.84,1199.0,0,1,0,0,0,84.0,1.0,0,0,714.2857142857143,1.0,7,5000,1,450000
1246000,0.0,0,0,1.0,1559.2900000000002,0.0,2,0.0592147435897435,1.0,0,21.1,1248.0,1,2,0,0,0,73.9,0.0,0,0,6357.142857142857,1.0,14,89000,0,270000
1672000,0.0,0,0,1.0,1041.6,0.0,1,0.0441281138790035,1.0,0,16.8,1405.0,0,2,0,0,0,62.0,0.0,0,0,4631.578947368421,1.0,19,88000,1,110000
300000,0.0,0,0,1.0,1967.66,0.0,1,0.0592948717948717,1.0,0,26.59,1248.0,1,1,0,0,0,74.0,0.0,0,0,3000.0,1.0,10,30000,0,480000
450000,0.0,0,0,1.0,1967.66,0.0,2,0.0592948717948717,0.0,0,26.59,1248.0,1,2,0,0,0,74.0,0.0,0,0,5555.555555555556,1.0,9,50000,0,650000
960000,0.0,0,0,1.0,1731.6,0.0,2,0.0592948717948717,1.0,0,23.4,1248.0,1,1,0,0,0,74.0,0.0,0,0,6666.666666666667,1.0,12,80000,0,480000
360000,0.0,0,0,1.0,1999.9742,0.0,1,0.0635601719197707,1.0,0,22.54,1396.0,0,1,0,0,0,88.73,0.0,1,0,4444.444444444444,1.0,9,40000,0,700000
540000,0.0,0,0,1.0,2405.49,0.0,2,0.0724966622162883,0.0,0,22.15,1498.0,0,1,0,0,0,108.6,0.0,0,1,6666.666666666667,1.0,9,60000,0,1000000
89600,0.0,1,0,0.0,1877.9,0.0,1,0.0705213903743315,0.0,0,17.8,1496.0,0,1,0,0,0,105.5,1.0,0,0,1828.571428571429,1.0,7,12800,0,1080000
520000,0.0,0,0,0.0,1164.72,0.0,1,0.0678132678132678,1.0,0,21.1,814.0,0,1,0,0,0,55.2,1.0,1,0,3076.923076923077,1.0,13,40000,0,170000
392000,0.0,0,0,1.0,2101.6,0.0,2,0.0592948717948717,1.0,0,28.4,1248.0,1,1,0,0,0,74.0,0.0,0,0,6125.0,1.0,8,49000,0,610000
275000,0.0,0,0,0.0,1587.3,0.0,1,0.0716791979949874,1.0,0,18.5,1197.0,1,1,0,0,0,85.8,1.0,0,0,2272.7272727272725,1.0,11,25000,0,350000
585000,0.0,0,0,0.0,1075.602,0.0,2,0.0594221105527638,1.0,0,22.74,796.0,1,2,0,0,0,47.3,1.0,0,0,7222.222222222223,1.0,9,65000,0,260000
200000,0.0,0,0,1.0,1870.68,0.0,1,0.0734775641025641,1.0,0,20.4,1248.0,0,1,0,0,1,91.7,0.0,0,0,2000.0,1.0,10,20000,0,700000
119000,0.0,0,0,0.0,1408.5,0.0,1,0.075075075075075,1.0,0,18.78,999.0,0,1,0,0,0,75.0,1.0,0,1,2428.5714285714284,1.0,7,17000,0,678000
150000,0.0,0,0,1.0,2093.025,0.0,1,0.0709134615384615,1.0,0,23.65,1248.0,1,1,0,0,0,88.5,0.0,0,0,1500.0,1.0,10,15000,0,800000
1320000,0.0,1,0,1.0,1581.4736,0.0,2,0.049149560117302,1.0,0,23.59,1364.0,0,2,0,0,0,67.04,0.0,0,0,10909.09090909091,1.0,11,120000,0,400000
735000,0.0,0,0,0.0,1480.0,0.0,1,0.0668337510442773,1.0,0,18.5,1197.0,0,1,0,0,0,80.0,1.0,1,0,3266.6666666666665,1.0,15,49000,0,300000
261000,0.0,0,0,0.0,1522.038,0.0,1,0.0683625730994152,1.0,0,18.6,1197.0,0,1,0,0,0,81.83,1.0,1,0,3222.222222222222,1.0,9,29000,0,520000
440000,0.0,0,0,1.0,2127.685,0.0,2,0.0742642026009582,0.0,1,19.61,1461.0,0,1,0,0,0,108.5,0.0,0,0,6875.0,1.0,8,55000,0,850000
280000,0.0,0,0,1.0,2332.75,0.0,1,0.0724782899131596,1.0,0,21.5,1497.0,0,1,0,0,0,108.5,0.0,0,0,4375.0,1.0,8,35000,1,830000
35000,0.0,0,0,0.0,1382.21,0.0,1,0.0559265442404006,1.0,0,20.63,1198.0,0,2,0,0,1,67.0,1.0,0,0,714.2857142857143,1.0,7,5000,0,430000
480000,0.0,0,1,1.0,2244.8943,0.0,2,0.0658144192256341,1.0,0,22.77,1498.0,0,1,0,0,0,98.59,0.0,0,0,7500.0,1.0,8,60000,0,850000
560000,0.0,0,0,0.0,1733.469,0.0,2,0.0694569757727652,1.0,0,20.85,1197.0,1,1,0,0,0,83.14,1.0,0,0,8750.0,1.0,8,70000,0,650000
2040000,0.0,0,0,1.0,1848.0,0.0,2,0.073677160080375,1.0,0,16.8,1493.0,0,2,0,0,0,110.0,0.0,1,0,7058.823529411765,1.0,17,120000,0,120000
120000,0.0,0,0,0.0,1708.802,0.0,1,0.0683375104427736,0.0,0,20.89,1197.0,1,1,0,0,0,81.8,1.0,0,0,3333.333333333333,1.0,6,20000,0,525000
1080000,0.0,0,0,1.0,1880.1887,0.0,2,0.0635601719197707,1.0,0,21.19,1396.0,0,1,0,0,0,88.73,0.0,1,0,10800.0,1.0,10,108000,0,600000
90000,0.0,0,0,0.0,1734.978,0.0,1,0.0683375104427736,1.0,0,21.21,1197.0,1,1,0,0,0,81.8,1.0,0,0,2500.0,1.0,6,15000,0,500000
1232000,0.0,0,0,0.0,1112.832,0.0,1,0.0571823204419889,1.0,0,17.92,1086.0,0,1,0,0,0,62.1,1.0,1,0,4812.5,1.0,16,77000,0,150000
185000,0.0,0,0,0.0,1374.9904,0.0,1,0.0671743486973947,1.0,0,20.51,998.0,1,1,0,0,0,67.04,1.0,0,0,1850.0,1.0,10,18500,0,409999
152000,0.0,0,0,0.0,1341.561,0.0,1,0.0667083854818523,1.0,0,25.17,799.0,0,1,1,0,0,53.3,1.0,0,0,1520.0,1.0,10,15200,0,290000
840000,0.0,0,0,0.0,1164.72,0.0,2,0.0678132678132678,1.0,0,21.1,814.0,0,1,0,0,0,55.2,1.0,1,0,5833.333333333333,1.0,12,70000,0,190000
1320000,0.0,0,0,1.0,2062.585,0.0,2,0.0742642026009582,1.0,1,19.01,1461.0,0,2,0,0,0,108.5,0.0,0,0,10909.09090909091,1.0,11,120000,0,525000
900000,0.0,0,0,0.0,1982.4,0.0,1,0.0788243152972612,0.0,0,16.8,1497.0,0,2,0,1,0,118.0,1.0,0,0,4000.0,1.0,15,60000,0,321000
400000,0.0,1,0,0.0,1397.3190000000002,0.0,2,0.0659147869674185,1.0,0,17.71,1197.0,0,1,0,0,0,78.9,1.0,0,0,6250.0,1.0,8,50000,0,585000
980000,0.0,0,1,1.0,1360.0,0.0,1,0.0486061472480343,1.0,0,20.0,1399.0,0,1,0,0,0,68.0,0.0,0,0,5000.0,1.0,14,70000,0,225000
560000,0.0,0,0,1.0,2543.88,0.0,2,0.0658210947930574,1.0,0,25.8,1498.0,0,1,0,1,0,98.6,0.0,0,0,8750.0,1.0,8,70000,0,500000
1260000,0.0,0,0,1.0,2070.0,0.0,2,0.0644699140401146,1.0,0,23.0,1396.0,0,3,0,0,0,90.0,0.0,1,0,6428.571428571428,1.0,14,90000,0,350000
550000,0.0,0,0,0.0,1075.602,0.0,1,0.0594221105527638,1.0,0,22.74,796.0,1,1,0,0,0,47.3,1.0,0,0,4545.454545454545,1.0,11,50000,0,240000
30000,0.0,0,0,0.0,1407.1734,0.0,1,0.0683876357560568,1.0,0,17.19,1197.0,0,1,0,0,0,81.86,1.0,1,0,833.3333333333334,1.0,6,5000,0,800000
200000,0.0,0,0,0.0,1549.8,0.0,1,0.0685045948203842,1.0,0,18.9,1197.0,0,1,0,0,0,82.0,1.0,1,0,3125.0,1.0,8,25000,0,509999
90000,0.0,0,0,1.0,1698.3,0.0,1,0.0592948717948717,1.0,0,22.95,1248.0,0,1,0,0,0,74.0,0.0,0,0,2500.0,1.0,6,15000,1,650000
490000,0.0,0,0,0.0,1403.732,0.0,1,0.0672344689378757,1.0,0,20.92,998.0,1,2,0,0,0,67.1,1.0,0,0,2500.0,1.0,14,35000,0,210000
1360000,0.0,0,0,0.0,912.11,0.0,1,0.0581658291457286,1.0,0,19.7,796.0,1,2,0,0,0,46.3,1.0,0,0,4705.882352941177,1.0,17,80000,0,110000
200000,0.0,0,0,1.0,2332.75,0.0,1,0.0724782899131596,1.0,0,21.5,1497.0,0,1,0,0,0,108.5,0.0,0,0,3125.0,1.0,8,25000,1,665000
416000,0.0,0,0,1.0,2352.7092,0.0,2,0.0725100133511348,1.0,0,21.66,1498.0,0,1,0,0,0,108.62,0.0,0,1,6500.0,1.0,8,52000,0,555000
416000,0.0,0,0,1.0,2352.7092,0.0,2,0.0725100133511348,1.0,0,21.66,1498.0,0,1,0,0,0,108.62,0.0,0,1,6500.0,1.0,8,52000,0,560000
1078000,0.0,0,0,1.0,1595.685,0.0,2,0.0655689102564102,1.0,0,19.5,1248.0,1,2,0,0,0,81.83,0.0,0,0,5500.0,1.0,14,77000,0,290000
1016000,0.0,0,0,1.0,2102.168,0.0,3,0.0593108974358974,1.0,0,28.4,1248.0,1,1,0,0,0,74.02,0.0,0,0,15875.0,1.0,8,127000,0,605000
240000,0.0,0,0,0.0,1552.25,0.0,1,0.0739783152627189,1.0,0,17.5,1199.0,0,1,0,1,0,88.7,1.0,0,0,3750.0,1.0,8,30000,0,720000
1631000,0.0,0,0,1.0,2070.0,0.0,2,0.0644699140401146,1.0,0,23.0,1396.0,0,1,0,0,0,90.0,0.0,1,0,8321.42857142857,1.0,14,116500,0,350000
1560000,0.0,0,0,0.0,1532.725,0.0,2,0.0692147034252297,1.0,0,18.5,1197.0,0,1,0,0,0,82.85,1.0,1,0,9230.76923076923,1.0,13,120000,0,300000
720000,0.0,0,1,1.0,2557.17,0.0,2,0.0660881174899866,1.0,0,25.83,1498.0,0,1,0,0,0,99.0,0.0,0,0,8888.888888888889,1.0,9,80000,0,377000
1700000,0.0,0,0,0.0,1434.48,0.0,2,0.0645403377110694,1.0,0,13.9,1599.0,0,4,0,0,0,103.2,1.0,1,0,5882.35294117647,1.0,17,100000,0,160000
600000,0.0,0,0,0.0,1648.6604,0.0,3,0.0683876357560568,1.0,0,20.14,1197.0,0,1,0,0,0,81.86,1.0,1,0,16666.666666666668,1.0,6,100000,0,525000
1305000,0.0,1,0,1.0,1581.7095,0.0,3,0.0491568914956011,1.0,0,23.59,1364.0,0,2,0,0,0,67.05,0.0,0,0,16111.111111111111,1.0,9,145000,0,570000
1260000,0.0,0,1,1.0,1360.0,0.0,2,0.0486061472480343,1.0,0,20.0,1399.0,0,2,0,0,0,68.0,0.0,0,0,6428.571428571428,1.0,14,90000,0,225000
540000,0.0,0,0,0.0,1648.6604,0.0,2,0.0683876357560568,1.0,0,20.14,1197.0,0,1,0,0,0,81.86,1.0,1,0,15000.0,1.0,6,90000,0,590000
198000,0.0,0,1,0.0,1841.642,0.0,2,0.0795058626465661,1.0,0,19.4,1194.0,0,1,0,0,0,94.93,1.0,0,0,5500.0,0.0,6,33000,0,800000
148500,0.0,0,0,0.0,1499.68,0.0,1,0.0687239366138448,1.0,0,18.2,1199.0,0,1,0,0,0,82.4,1.0,0,0,1227.2727272727273,1.0,11,13500,0,450000
1040000,0.0,0,0,1.0,1190.0,0.0,2,0.0498220640569395,1.0,0,17.0,1405.0,0,1,0,0,0,70.0,0.0,0,0,6153.846153846154,1.0,13,80000,1,300000
160000,0.0,0,0,0.0,1522.038,0.0,1,0.0683625730994152,1.0,0,18.6,1197.0,0,1,0,0,0,81.83,1.0,1,0,2500.0,1.0,8,20000,0,645000
696000,0.0,0,0,1.0,1731.6,0.0,1,0.0592948717948717,1.0,0,23.4,1248.0,1,1,0,0,0,74.0,0.0,0,0,4833.333333333333,1.0,12,58000,0,520000
480000,0.0,0,0,0.0,1164.72,0.0,1,0.0678132678132678,1.0,0,21.1,814.0,0,1,0,0,0,55.2,1.0,1,0,3333.333333333333,1.0,12,40000,0,200000
300000,0.0,0,0,0.0,2041.02,0.0,1,0.0783567134268537,1.0,0,17.4,1497.0,0,1,0,1,0,117.3,1.0,0,0,3000.0,1.0,10,30000,0,700000
657000,0.0,0,1,1.0,2557.17,0.0,2,0.0660881174899866,1.0,0,25.83,1498.0,0,1,0,0,0,99.0,0.0,0,0,8111.111111111111,1.0,9,73000,0,459999
990000,0.0,0,0,1.0,1715.408,0.0,2,0.0592467948717948,1.0,0,23.2,1248.0,1,2,0,0,0,73.94,0.0,0,0,8181.818181818182,1.0,11,90000,0,325000
500000,0.0,0,0,0.0,1374.9904,0.0,1,0.0671743486973947,1.0,0,20.51,998.0,1,2,0,0,0,67.04,1.0,0,0,5000.0,1.0,10,50000,0,350000
980000,0.0,0,0,1.0,1971.0,0.0,1,0.0644699140401146,1.0,0,21.9,1396.0,0,2,0,0,0,90.0,0.0,1,0,5000.0,1.0,14,70000,0,320000
574000,0.0,0,0,0.0,1116.0,0.0,1,0.0623115577889447,1.0,0,18.0,995.0,0,1,0,0,0,62.0,1.0,0,0,2928.5714285714284,1.0,14,41000,0,169000
600000,0.0,0,0,0.0,1217.133,0.0,1,0.061686143572621,1.0,0,16.47,1198.0,0,4,0,0,0,73.9,1.0,0,1,4166.666666666667,1.0,12,50000,0,350000
1245486,0.0,0,1,1.0,1318.56,0.0,2,0.0478913509649749,1.0,0,19.68,1399.0,0,1,0,0,0,67.0,0.0,0,0,10293.272727272728,0.0,11,113226,0,350000
1080000,0.0,0,1,1.0,1362.0,0.0,2,0.0486776268763402,1.0,0,20.0,1399.0,0,2,0,0,0,68.1,0.0,0,0,7500.0,1.0,12,90000,0,310000
1260000,0.0,0,0,0.0,1595.685,0.0,1,0.0655689102564102,1.0,0,19.5,1248.0,1,3,0,0,0,81.83,1.0,0,0,3888.8888888888887,1.0,18,70000,0,150000
300000,0.0,0,0,0.0,1741.832,0.0,1,0.0663510560815732,0.0,0,19.12,1373.0,1,1,0,0,0,91.1,1.0,0,0,3000.0,1.0,10,30000,0,685000
1452000,0.0,0,0,1.0,2138.634,0.0,2,0.0742299794661191,1.0,0,19.72,1461.0,0,2,1,0,0,108.45,0.0,0,0,12000.0,1.0,11,132000,0,560000
1440000,0.0,0,0,1.0,1694.6,0.0,2,0.0592948717948717,1.0,0,22.9,1248.0,1,3,0,0,0,74.0,0.0,0,0,10000.0,1.0,12,120000,0,470000
1120000,0.0,0,0,0.0,1671.84,0.0,2,0.0645403377110694,1.0,0,16.2,1599.0,0,2,0,0,0,103.2,1.0,1,0,5714.285714285715,1.0,14,80000,0,380000
35000,0.0,0,0,0.0,1799.6,0.0,1,0.0683375104427736,1.0,0,22.0,1197.0,1,1,0,0,0,81.8,1.0,0,0,714.2857142857143,1.0,7,5000,0,550000
344000,0.0,0,0,0.0,1733.469,0.0,2,0.0694569757727652,1.0,0,20.85,1197.0,1,1,0,0,0,83.14,1.0,0,0,5375.0,1.0,8,43000,0,500000
847000,0.0,0,0,1.0,2243.976,0.0,2,0.0691588785046729,0.0,0,21.66,1498.0,0,2,0,0,1,103.6,0.0,0,0,7000.0,1.0,11,77000,0,400000
270000,0.0,0,0,0.0,1341.561,0.0,1,0.0667083854818523,1.0,0,25.17,799.0,0,1,1,0,0,53.3,1.0,0,0,3333.333333333333,1.0,9,30000,0,260000
400000,0.0,0,0,0.0,1075.602,0.0,1,0.0594221105527638,1.0,0,22.74,796.0,1,2,0,0,0,47.3,1.0,0,0,4000.0,1.0,10,40000,0,220000
720000,0.0,0,0,0.0,1549.8,0.0,2,0.0685045948203842,1.0,0,18.9,1197.0,0,1,0,0,0,82.0,1.0,1,0,8888.888888888889,1.0,9,80000,0,400000
836000,0.0,0,0,1.0,1432.272,0.0,2,0.0601495726495726,1.0,0,25.44,936.0,0,2,0,0,0,56.3,0.0,0,0,6909.090909090909,1.0,11,76000,0,170000
21000,0.0,0,0,0.0,1522.596,0.0,1,0.0683876357560568,1.0,0,18.6,1197.0,0,1,0,0,0,81.86,1.0,1,0,583.3333333333334,1.0,6,3500,0,650000
520000,0.0,0,0,0.0,1006.02,0.0,1,0.0624120603015075,1.0,0,16.2,995.0,0,2,0,0,0,62.1,1.0,0,0,3076.923076923077,1.0,13,40000,0,125000
1440000,0.0,0,0,1.0,1595.685,0.0,2,0.0655689102564102,1.0,0,19.5,1248.0,0,2,0,0,0,81.83,0.0,0,0,10000.0,1.0,12,120000,1,130000
980000,0.0,0,0,0.0,912.11,0.0,1,0.0581658291457286,1.0,0,19.7,796.0,1,3,0,0,0,46.3,1.0,0,0,5000.0,1.0,14,70000,0,170000
1001000,0.0,0,0,1.0,1426.2700000000002,0.0,2,0.0592147435897435,1.0,0,19.3,1248.0,1,2,0,0,0,73.9,0.0,0,0,5923.076923076923,1.0,13,77000,0,310000
1540000,0.0,0,0,0.0,1116.0,0.0,2,0.0623115577889447,1.0,0,18.0,995.0,0,2,0,0,0,62.0,1.0,0,0,7857.142857142857,1.0,14,110000,0,130000
180000,0.0,0,0,0.0,1374.9904,0.0,1,0.0671743486973947,1.0,0,20.51,998.0,1,1,0,0,0,67.04,1.0,0,0,2222.222222222222,1.0,9,20000,0,465000
218790,0.0,0,0,0.0,1355.4199999999998,0.0,1,0.0672344689378757,1.0,0,20.2,998.0,1,1,0,0,0,67.1,1.0,0,0,1294.6153846153843,1.0,13,16830,0,260000
304000,0.0,0,0,0.0,1541.67,0.0,1,0.067067067067067,1.0,0,23.01,999.0,0,1,1,0,0,67.0,1.0,0,0,4750.0,1.0,8,38000,0,325000
900000,0.0,0,0,1.0,944.064,0.0,1,0.0378223495702005,1.0,0,17.88,1396.0,0,1,0,0,0,52.8,0.0,0,0,2777.777777777778,1.0,18,50000,1,200000
650000,0.0,0,0,1.0,1190.0,0.0,1,0.0498220640569395,1.0,0,17.0,1405.0,0,1,0,0,0,70.0,0.0,0,0,3846.153846153846,1.0,13,50000,1,229999
270000,0.0,0,0,0.0,1164.72,0.0,1,0.0678132678132678,1.0,0,21.1,814.0,0,1,0,0,0,55.2,1.0,1,0,3333.333333333333,1.0,9,30000,0,340000
1200000,0.0,0,0,0.0,1428.0,0.0,2,0.063949843260188,1.0,0,14.0,1595.0,0,2,0,0,0,102.0,1.0,0,1,5333.333333333333,1.0,15,80000,0,225000
840000,0.0,0,0,1.0,1725.0,0.0,2,0.0494269340974212,1.0,0,25.0,1396.0,0,1,0,0,0,69.0,0.0,0,0,5833.333333333333,1.0,12,70000,1,280000
455000,0.0,0,0,1.0,1589.0700000000002,0.0,1,0.0494269340974212,1.0,0,23.03,1396.0,0,1,0,0,0,69.0,0.0,0,0,2692.3076923076924,1.0,13,35000,1,259000
400000,0.0,0,1,0.0,1877.904,0.0,1,0.0736490993995997,0.0,0,17.01,1499.0,0,1,0,0,0,110.4,1.0,0,0,4000.0,1.0,10,40000,0,416000
980000,0.0,0,0,1.0,1710.0,0.0,1,0.0721153846153846,1.0,0,19.0,1248.0,0,1,0,0,0,90.0,0.0,0,0,5000.0,1.0,14,70000,1,250000
1800000,0.0,0,0,1.0,1875.456,0.0,2,0.0711538461538461,1.0,0,21.12,1248.0,0,1,0,0,0,88.8,0.0,0,0,8000.0,1.0,15,120000,1,210000
1170000,0.0,0,0,1.0,1589.0700000000002,0.0,2,0.0494269340974212,1.0,0,23.03,1396.0,0,1,0,0,0,69.0,0.0,0,0,6923.076923076923,1.0,13,90000,1,220000
455000,0.0,0,0,1.0,1589.0700000000002,0.0,1,0.0494269340974212,1.0,0,23.03,1396.0,0,2,0,0,0,69.0,0.0,0,0,2692.3076923076924,1.0,13,35000,1,246000
490000,0.0,0,0,1.0,1896.406,0.0,2,0.063538681948424,1.0,0,21.38,1396.0,0,1,0,0,0,88.7,0.0,1,0,10000.0,1.0,7,70000,0,1050000
180000,0.0,0,0,0.0,1668.7199999999998,0.0,1,0.0683375104427736,1.0,0,20.4,1197.0,1,1,0,0,0,81.8,1.0,0,0,2222.222222222222,1.0,9,20000,0,550000
560000,0.0,0,0,1.0,1317.4009,0.0,2,0.0491174377224199,1.0,0,19.09,1405.0,0,1,0,0,0,69.01,0.0,0,0,8750.0,1.0,8,70000,1,450000
585000,0.0,0,0,0.0,2087.94,0.0,2,0.0783567134268537,1.0,0,17.8,1497.0,0,1,0,1,0,117.3,1.0,0,0,7222.222222222223,1.0,9,65000,0,773000
200000,0.0,0,0,0.0,2002.56,0.0,1,0.0700583819849874,1.0,0,23.84,1199.0,0,1,0,0,0,84.0,1.0,0,0,3125.0,1.0,8,25000,1,450000
60000,0.0,0,0,0.0,1122.01,0.0,1,0.0610367892976588,1.0,0,15.37,1196.0,1,1,0,0,0,73.0,1.0,0,0,1666.6666666666667,1.0,6,10000,0,409999
945000,0.0,0,0,0.0,1476.84,0.0,1,0.0662218515429524,1.0,0,18.6,1199.0,0,1,0,0,0,79.4,1.0,0,0,4200.0,1.0,15,63000,0,250000
1700000,0.0,0,0,1.0,1041.6,0.0,2,0.0441281138790035,1.0,0,16.8,1405.0,0,1,0,0,0,62.0,0.0,0,0,5882.35294117647,1.0,17,100000,1,70000
116123,1.0,0,0,0.0,1374.9904,0.0,1,0.0671743486973947,1.0,0,20.51,998.0,1,1,0,0,0,67.04,1.0,0,0,2369.8571428571427,0.0,7,16589,0,430000
478809,1.0,0,0,0.0,2087.94,0.0,2,0.0783567134268537,1.0,0,17.8,1497.0,0,2,0,1,0,117.3,1.0,0,0,5911.222222222223,0.0,9,53201,0,675000
202176,1.0,0,0,0.0,1718.6180000000002,0.0,1,0.0683375104427736,1.0,0,21.01,1197.0,1,1,0,0,0,81.8,1.0,0,0,3159.0,0.0,8,25272,0,570000
428952,1.0,0,0,1.0,2150.55,0.0,2,0.0709134615384615,1.0,0,24.3,1248.0,1,1,0,0,0,88.5,0.0,0,0,6702.375,0.0,8,53619,0,850000
42007,0.0,0,1,0.0,1918.971,0.0,1,0.0806751336898395,1.0,0,15.9,1496.0,0,1,0,0,0,120.69,1.0,0,0,857.2857142857143,0.0,7,6001,0,640000
960000,0.0,0,0,1.0,1317.4009,0.0,2,0.0491174377224199,1.0,0,19.09,1405.0,0,1,0,0,0,69.01,0.0,0,0,6666.666666666667,1.0,12,80000,1,250000
320000,0.0,0,0,1.0,1999.9742,0.0,1,0.0635601719197707,1.0,0,22.54,1396.0,0,2,0,0,0,88.73,0.0,1,0,5000.0,1.0,8,40000,0,750000
1950000,0.0,0,0,1.0,1335.0,0.0,2,0.0600961538461538,1.0,0,17.8,1248.0,1,3,0,0,0,75.0,0.0,0,0,8666.666666666666,1.0,15,130000,0,320000
280000,0.0,0,0,1.0,2485.965,0.0,2,0.0709134615384615,1.0,0,28.09,1248.0,1,1,0,0,0,88.5,0.0,0,0,5714.285714285715,1.0,7,40000,0,1000000
2040000,0.0,0,0,0.0,1380.6,0.0,2,0.0521042084168336,1.0,0,17.7,1497.0,0,2,0,1,0,78.0,1.0,0,0,7058.823529411765,1.0,17,120000,0,250000
600000,0.0,0,0,1.0,1967.66,0.0,2,0.0592948717948717,1.0,0,26.59,1248.0,1,1,0,0,0,74.0,0.0,0,0,6000.0,1.0,10,60000,0,600000
960000,0.0,0,0,0.0,1274.9,0.0,1,0.0672344689378757,1.0,0,19.0,998.0,1,1,0,0,0,67.1,1.0,0,0,3750.0,1.0,16,60000,0,165000
1260000,0.0,0,0,0.0,912.11,0.0,1,0.0581658291457286,1.0,0,19.7,796.0,1,2,0,0,0,46.3,1.0,0,0,2857.1428571428573,1.0,21,60000,0,118000
702000,0.0,0,0,1.0,2026.86,0.0,2,0.0592948717948717,1.0,0,27.39,1248.0,1,1,0,0,0,74.0,0.0,0,0,8666.666666666666,1.0,9,78000,0,700000
960000,0.0,0,0,1.0,1714.548,0.0,2,0.0573579739904175,1.0,0,20.46,1461.0,0,2,1,0,0,83.8,0.0,0,0,6666.666666666667,1.0,12,80000,0,585000
2280000,0.0,0,0,0.0,912.11,0.0,2,0.0581658291457286,1.0,0,19.7,796.0,1,4,0,0,0,46.3,1.0,0,0,6315.789473684211,1.0,19,120000,0,120000
1900000,0.0,0,0,0.0,912.11,0.0,2,0.0581658291457286,1.0,0,19.7,796.0,1,2,0,0,0,46.3,1.0,0,0,5263.1578947368425,1.0,19,100000,0,150000
1120000,0.0,0,0,0.0,912.11,0.0,1,0.0581658291457286,1.0,0,19.7,796.0,1,4,0,0,0,46.3,1.0,0,0,4375.0,1.0,16,70000,0,150000
3360000,0.0,0,0,1.0,1074.2,0.0,2,0.0549229738780977,1.0,0,13.1,1493.0,0,3,0,0,0,82.0,0.0,1,0,7619.047619047619,1.0,21,160000,0,170000
2000000,0.0,0,0,1.0,1074.2,0.0,1,0.0549229738780977,1.0,0,13.1,1493.0,0,3,0,0,0,82.0,0.0,1,0,5000.0,1.0,20,100000,0,100000
810000,0.0,0,0,0.0,1668.7199999999998,0.0,2,0.0683375104427736,1.0,0,20.4,1197.0,1,1,0,0,0,81.8,1.0,0,0,10000.0,1.0,9,90000,0,570000
900000,0.0,0,0,1.0,1630.9730000000002,0.0,2,0.0616346955796497,1.0,0,22.07,1199.0,0,2,0,0,0,73.9,0.0,0,1,6250.0,1.0,12,75000,0,440000
717170,0.0,0,0,0.0,1469.84,0.0,2,0.0634390651085141,0.0,1,19.34,1198.0,0,2,0,0,0,76.0,1.0,0,0,7171.7,1.0,10,71717,0,300000
495000,0.0,0,0,1.0,1967.66,0.0,2,0.0592948717948717,1.0,0,26.59,1248.0,1,1,0,0,0,74.0,0.0,0,0,6111.111111111111,1.0,9,55000,0,660000
1170000,0.0,0,1,0.0,1523.88,0.0,2,0.0624060150375939,1.0,0,15.3,1596.0,0,2,0,0,0,99.6,1.0,0,0,6923.076923076923,1.0,13,90000,0,256000
245000,0.0,0,0,0.0,1541.67,0.0,1,0.067067067067067,1.0,0,23.01,999.0,0,1,1,0,0,67.0,1.0,0,0,5000.0,1.0,7,35000,0,409999
1400000,0.0,0,0,0.0,1127.58075,1.0,2,0.0571823204419889,1.0,0,18.1575,1086.0,0,2,0,0,0,62.1,0.0,1,0,7142.857142857143,1.0,14,100000,0,250000
660000,0.0,0,0,0.0,1274.9,0.0,2,0.0672344689378757,1.0,0,19.0,998.0,1,1,0,0,0,67.1,1.0,0,0,5454.545454545455,1.0,11,60000,0,190000
1180494,0.0,0,0,1.0,1649.9,0.0,2,0.0501432664756446,1.0,0,23.57,1396.0,0,1,0,0,0,70.0,0.0,0,0,6022.928571428572,1.0,14,84321,1,200000
900000,0.0,0,0,1.0,1350.0,0.0,1,0.0600961538461538,1.0,0,18.0,1248.0,0,1,0,0,0,75.0,0.0,0,0,4000.0,1.0,15,60000,1,175000
1190000,0.0,0,0,0.0,1606.404,0.0,1,0.0659147869674185,1.0,0,20.36,1197.0,0,2,0,0,0,78.9,1.0,1,0,4117.64705882353,1.0,17,70000,0,215000
980000,0.0,0,0,0.0,1595.685,0.0,1,0.0655689102564102,1.0,0,19.5,1248.0,1,3,0,0,0,81.83,1.0,0,0,5000.0,1.0,14,70000,0,190000
1512000,0.0,0,0,1.0,2061.6345,0.0,2,0.0742299794661191,1.0,0,19.01,1461.0,0,2,1,0,0,108.45,0.0,0,0,10500.0,1.0,12,126000,0,520000
700000,0.0,0,0,1.0,1337.0,0.0,2,0.0498220640569395,1.0,0,19.1,1405.0,0,1,0,0,0,70.0,0.0,0,0,7000.0,1.0,10,70000,1,285000
450000,0.0,0,0,0.0,1733.469,0.0,1,0.0694569757727652,1.0,0,20.85,1197.0,1,2,0,0,0,83.14,1.0,0,0,4500.0,1.0,10,45000,0,515000
910000,0.0,0,0,1.0,1835.072,0.0,2,0.0580424366872005,1.0,1,21.64,1461.0,0,2,0,0,0,84.8,0.0,0,0,5384.615384615385,1.0,13,70000,0,295000
800000,0.0,0,0,1.0,1713.7099999999998,0.0,2,0.0573579739904175,1.0,1,20.45,1461.0,0,2,0,0,0,83.8,0.0,0,0,8000.0,1.0,10,80000,0,700000
480000,0.0,0,0,0.0,1381.415,0.0,2,0.0681863727454909,1.0,0,20.3,998.0,0,1,0,0,0,68.05,1.0,1,0,7500.0,1.0,8,60000,0,300000
501600,0.0,0,0,0.0,1595.88,0.0,1,0.0716791979949874,1.0,0,18.6,1197.0,1,1,0,0,0,85.8,1.0,0,0,3483.333333333333,1.0,12,41800,0,450000
1980000,0.0,0,0,0.0,1595.685,0.0,2,0.0655689102564102,1.0,0,19.5,1248.0,1,2,0,0,0,81.83,1.0,0,0,8800.0,1.0,15,132000,0,135000
400000,0.0,0,0,1.0,2102.168,0.0,2,0.0593108974358974,1.0,0,28.4,1248.0,1,2,0,0,0,74.02,0.0,0,0,6250.0,1.0,8,50000,0,700000
520000,0.0,0,1,1.0,1360.0,0.0,1,0.0486061472480343,1.0,0,20.0,1399.0,0,1,0,0,0,68.0,0.0,0,0,3076.923076923077,1.0,13,40000,0,250000
1536000,0.0,0,0,0.0,1266.3,0.0,2,0.063147973609802,1.0,0,18.9,1061.0,1,2,0,0,0,67.0,1.0,0,0,6000.0,1.0,16,96000,0,140000
1540000,0.0,0,0,0.0,1348.0704999999998,0.0,2,0.0626611418047882,1.0,0,19.81,1086.0,0,2,0,0,0,68.05,1.0,1,0,7857.142857142857,1.0,14,110000,0,210000
1100000,0.0,0,0,1.0,2543.88,0.0,2,0.0658210947930574,1.0,0,25.8,1498.0,0,2,0,1,0,98.6,0.0,0,0,9090.90909090909,1.0,11,100000,0,420000
1596600,0.0,0,0,0.0,912.11,0.0,1,0.0581658291457286,1.0,0,19.7,796.0,1,3,0,0,0,46.3,1.0,0,0,4927.777777777777,1.0,18,88700,0,130000
910000,0.0,0,0,0.0,1656.015,0.0,2,0.0652202937249666,1.0,1,16.95,1498.0,0,2,0,0,0,97.7,1.0,0,0,5384.615384615385,1.0,13,70000,0,320000
1650000,0.0,0,0,0.0,1107.2,0.0,2,0.060320452403393,1.0,0,17.3,1061.0,1,2,0,0,0,64.0,1.0,0,0,7333.333333333333,1.0,15,110000,0,200000
135000,0.0,0,0,0.0,1075.602,0.0,1,0.0594221105527638,1.0,0,22.74,796.0,1,1,0,0,0,47.3,1.0,0,0,1666.6666666666667,1.0,9,15000,0,310000
1040000,0.0,0,0,1.0,1352.0,0.0,2,0.0444900752908966,1.0,0,20.8,1461.0,0,2,0,0,1,65.0,0.0,0,0,6153.846153846154,1.0,13,80000,0,200000
550000,0.0,0,0,0.0,1587.3,0.0,1,0.0716791979949874,1.0,0,18.5,1197.0,1,1,0,0,0,85.8,1.0,0,0,4545.454545454545,1.0,11,50000,0,350000
105000,0.0,0,0,0.0,1164.72,0.0,1,0.0678132678132678,1.0,0,21.1,814.0,0,1,0,0,0,55.2,1.0,1,0,2142.8571428571427,1.0,7,15000,0,444000
200000,0.0,0,0,0.0,1217.628,0.0,1,0.0671339173967459,1.0,0,22.7,799.0,0,1,0,0,1,53.64,1.0,0,0,3125.0,1.0,8,25000,0,300000
798000,0.0,0,0,1.0,1346.1,0.0,1,0.0438740588637919,1.0,0,21.0,1461.0,0,2,0,0,1,64.1,0.0,0,0,4071.428571428572,1.0,14,57000,0,225000
312000,0.0,0,0,0.0,1122.01,0.0,1,0.0610367892976588,1.0,0,15.37,1196.0,1,1,0,0,0,73.0,1.0,0,0,2166.6666666666665,1.0,12,26000,0,260000
1600000,0.0,0,0,1.0,1732.644,0.0,3,0.0634017857142857,1.0,0,24.4,1120.0,0,1,0,0,0,71.01,0.0,1,0,16000.0,1.0,10,160000,0,375000
1800000,0.0,0,0,0.0,912.11,0.0,2,0.0581658291457286,1.0,0,19.7,796.0,1,2,0,0,0,46.3,1.0,0,0,8000.0,1.0,15,120000,0,150000
550000,0.0,0,0,0.0,912.11,0.0,1,0.0581658291457286,1.0,0,19.7,796.0,1,2,0,0,0,46.3,1.0,0,0,4545.454545454545,1.0,11,50000,0,110000
520000,0.0,0,0,0.0,912.11,0.0,1,0.0581658291457286,1.0,0,19.7,796.0,1,1,0,0,0,46.3,1.0,0,0,3076.923076923077,1.0,13,40000,0,225000
1260000,0.0,1,0,1.0,1595.685,0.0,2,0.0655689102564102,1.0,0,19.5,1248.0,0,3,0,0,0,81.83,0.0,0,0,6428.571428571428,1.0,14,90000,0,400000
2400000,0.0,0,0,0.0,1595.685,0.0,2,0.0655689102564102,1.0,0,19.5,1248.0,1,3,0,0,0,81.83,1.0,0,0,6000.0,1.0,20,120000,0,93000
224000,0.0,0,0,0.0,2087.94,0.0,1,0.0783567134268537,1.0,0,17.8,1497.0,0,1,0,1,0,117.3,1.0,0,0,3500.0,1.0,8,28000,0,860000
350000,0.0,0,0,1.0,2102.168,0.0,2,0.0593108974358974,1.0,0,28.4,1248.0,1,1,0,0,0,74.02,0.0,0,0,7142.857142857143,1.0,7,50000,0,650000
360000,0.0,0,0,1.0,2199.76,0.0,1,0.063538681948424,1.0,0,24.8,1396.0,0,1,0,0,0,88.7,0.0,1,0,4444.444444444444,1.0,9,40000,0,710000
904000,0.0,0,1,1.0,2557.17,0.0,2,0.0660881174899866,1.0,0,25.83,1498.0,0,1,0,0,0,99.0,0.0,0,0,14125.0,1.0,8,113000,0,430000
2632000,0.0,0,0,1.0,1335.0,0.0,2,0.0600961538461538,1.0,0,17.8,1248.0,1,2,0,0,0,75.0,0.0,0,0,13428.57142857143,1.0,14,188000,0,305000
1400000,0.0,0,1,1.0,1360.0,0.0,2,0.0486061472480343,1.0,0,20.0,1399.0,0,1,0,0,0,68.0,0.0,0,0,7142.857142857143,1.0,14,100000,0,220000
980000,0.0,0,0,1.0,1465.344,0.0,1,0.0615384615384615,1.0,0,25.44,936.0,0,4,0,0,0,57.6,0.0,0,0,5000.0,1.0,14,70000,0,140000
272000,0.0,0,0,1.0,2386.8900000000003,0.0,1,0.0724265687583444,0.0,0,22.0,1498.0,0,1,0,0,0,108.495,0.0,0,1,4250.0,1.0,8,34000,0,625000
2310000,0.0,0,0,0.0,1280.0,0.0,2,0.0669792364367046,1.0,0,12.8,1493.0,0,3,0,1,0,100.0,1.0,0,0,5238.095238095239,1.0,21,110000,0,198000
2800000,0.0,0,0,0.0,1268.1899999999998,0.0,2,0.0672344689378757,1.0,0,18.9,998.0,1,2,0,0,0,67.1,1.0,0,0,7000.0,1.0,20,140000,0,130000
1300000,0.0,0,0,0.0,1953.84,0.0,2,0.077688710754843,1.0,0,16.8,1497.0,0,2,0,1,0,116.3,1.0,0,0,7692.307692307692,1.0,13,100000,0,540000
80000,0.0,0,0,0.0,1547.1539999999998,0.0,1,0.0683876357560568,0.0,0,18.9,1197.0,0,1,0,0,0,81.86,1.0,1,0,1250.0,1.0,8,10000,0,550000
210000,0.0,0,0,0.0,1450.0752,0.0,1,0.0671743486973947,1.0,0,21.63,998.0,1,1,0,0,0,67.04,1.0,0,0,4285.714285714285,1.0,7,30000,0,475000
49000,0.0,0,0,0.0,1380.4,0.0,1,0.0626151012891344,1.0,0,20.3,1086.0,0,1,0,0,0,68.0,1.0,1,0,1000.0,0.0,7,7000,0,540000
29250,0.0,0,0,0.0,1450.0752,0.0,1,0.0671743486973947,1.0,0,21.63,998.0,1,1,0,0,0,67.04,1.0,0,0,812.5,0.0,6,4875,0,484999
409577,0.0,0,0,1.0,2150.55,0.0,2,0.0709134615384615,1.0,0,24.3,1248.0,1,1,0,0,0,88.5,0.0,0,0,8358.714285714286,0.0,7,58511,0,950000
1050000,0.0,0,1,1.0,2557.17,0.0,2,0.0660881174899866,1.0,0,25.83,1498.0,0,1,0,0,0,99.0,0.0,0,0,10500.0,0.0,10,105000,0,365000
214128,0.0,0,0,1.0,2332.75,0.0,1,0.0724782899131596,1.0,0,21.5,1497.0,0,1,0,0,0,108.5,0.0,0,0,3345.75,0.0,8,26766,1,919999
196176,0.0,0,0,0.0,1668.7199999999998,0.0,1,0.0683375104427736,1.0,0,20.4,1197.0,1,1,0,0,0,81.8,1.0,0,0,3065.25,0.0,8,24522,0,600000
567000,0.0,0,0,1.0,2150.55,0.0,2,0.0709134615384615,1.0,0,24.3,1248.0,1,1,0,0,0,88.5,0.0,0,0,7000.0,0.0,9,63000,0,839000
12000,0.0,0,0,0.0,1198.8,0.0,1,0.0617180984153461,1.0,0,16.2,1199.0,0,1,0,0,0,74.0,1.0,0,1,333.3333333333333,0.0,6,2000,0,635000
2660000,0.0,0,0,1.0,1248.0,0.0,2,0.0444900752908966,1.0,0,19.2,1461.0,0,3,0,0,1,65.0,0.0,0,0,13571.42857142857,1.0,14,190000,0,180000
800000,0.0,0,0,1.0,2563.6,0.0,2,0.0658210947930574,1.0,0,26.0,1498.0,0,1,0,1,0,98.6,0.0,0,0,8000.0,1.0,10,80000,0,650000
1120000,0.0,0,0,0.0,1440.0,0.0,2,0.0751252086811352,1.0,0,16.0,1198.0,0,2,0,1,0,90.0,1.0,0,0,5714.285714285715,1.0,14,80000,0,350000
540000,0.0,0,0,0.0,1605.8475,0.0,2,0.0671843687374749,1.0,0,23.95,998.0,1,1,0,0,0,67.05,1.0,0,0,5400.0,1.0,10,54000,0,265000
210000,0.0,0,0,0.0,1541.67,0.0,1,0.067067067067067,1.0,0,23.01,999.0,0,1,1,0,0,67.0,1.0,0,0,4285.714285714285,1.0,7,30000,0,330000
1170000,0.0,0,1,1.0,1360.0,0.0,2,0.0486061472480343,1.0,0,20.0,1399.0,0,1,0,0,0,68.0,0.0,0,0,6923.076923076923,1.0,13,90000,0,300000
880000,0.0,0,0,1.0,1565.396,0.0,2,0.0648310387984981,1.0,0,15.11,1598.0,0,2,0,0,0,103.6,0.0,0,1,7272.727272727273,1.0,11,80000,0,425000
800000,0.0,0,0,1.0,1317.4009,0.0,2,0.0491174377224199,1.0,0,19.09,1405.0,0,2,0,0,0,69.01,0.0,0,0,8000.0,1.0,10,80000,1,250000
550000,0.0,0,0,0.0,1499.68,0.0,1,0.0687239366138448,1.0,0,18.2,1199.0,0,1,0,0,0,82.4,1.0,0,0,4545.454545454545,1.0,11,50000,0,300000
193340,0.0,0,1,1.0,2244.8943,0.0,1,0.0658144192256341,1.0,0,22.77,1498.0,0,1,0,0,0,98.59,0.0,0,0,3945.714285714286,0.0,7,27620,0,950000
580000,0.0,0,0,0.0,1407.1734,0.0,2,0.0683876357560568,1.0,0,17.19,1197.0,0,1,0,0,0,81.86,1.0,1,0,5800.0,1.0,10,58000,0,500000
650000,0.0,0,0,0.0,1656.015,0.0,1,0.0652202937249666,1.0,1,16.95,1498.0,0,1,0,0,0,97.7,1.0,0,0,3846.153846153846,1.0,13,50000,0,350000
320000,0.0,0,0,0.0,1708.802,0.0,1,0.0683375104427736,0.0,0,20.89,1197.0,1,1,0,0,0,81.8,1.0,0,0,5000.0,1.0,8,40000,0,550000
54600,0.0,0,0,0.0,1552.25,0.0,1,0.0739783152627189,1.0,0,17.5,1199.0,0,1,0,1,0,88.7,1.0,0,0,1114.2857142857142,1.0,7,7800,0,850000
450000,0.0,0,0,0.0,1075.602,0.0,2,0.0594221105527638,1.0,0,22.74,796.0,1,1,0,0,0,47.3,1.0,0,0,5555.555555555556,1.0,9,50000,0,240000
1480000,0.0,0,0,0.0,1088.0,0.0,1,0.0608882521489971,1.0,0,12.8,1396.0,0,2,0,0,0,85.0,1.0,0,0,3700.0,1.0,20,74000,1,90000
980000,0.0,0,0,0.0,1255.9,0.0,1,0.0662324649298597,1.0,0,19.0,998.0,1,3,0,0,0,66.1,1.0,0,0,5000.0,1.0,14,70000,0,170000
700000,0.0,0,1,0.0,1576.288,0.0,2,0.0725752508361204,1.0,0,18.16,1196.0,0,1,0,0,0,86.8,1.0,0,0,7000.0,1.0,10,70000,0,450000
1760000,0.0,0,0,0.0,1606.404,0.0,2,0.0659147869674185,1.0,0,20.36,1197.0,0,2,0,0,0,78.9,1.0,1,0,6875.0,1.0,16,110000,0,150000
1840000,0.0,0,0,0.0,1595.685,0.0,1,0.0655689102564102,1.0,0,19.5,1248.0,0,3,0,0,0,81.83,1.0,1,0,3478.260869565217,1.0,23,80000,0,75000
720000,0.0,0,0,1.0,1999.9742,0.0,2,0.0635601719197707,1.0,0,22.54,1396.0,0,1,0,0,0,88.73,0.0,1,0,8888.888888888889,1.0,9,80000,0,511000
770000,0.0,0,0,1.0,1725.0,0.0,3,0.0494269340974212,1.0,0,25.0,1396.0,0,1,0,0,0,69.0,0.0,0,0,15714.285714285714,1.0,7,110000,1,250000
125000,0.0,0,0,0.0,1450.0752,0.0,1,0.0671743486973947,1.0,0,21.63,998.0,1,1,0,0,0,67.04,1.0,0,0,5000.0,1.0,5,25000,0,420000
605000,0.0,0,0,0.0,1075.602,0.0,1,0.0594221105527638,1.0,0,22.74,796.0,1,1,0,0,0,47.3,1.0,0,0,5000.0,1.0,11,55000,0,180000
250000,0.0,0,0,1.0,1298.14,0.0,1,0.0592686002522068,1.0,0,27.62,793.0,1,1,0,0,0,47.0,0.0,0,0,2500.0,1.0,10,25000,0,400000
1288800,0.0,0,1,1.0,2557.17,0.0,3,0.0660881174899866,1.0,0,25.83,1498.0,0,1,0,0,0,99.0,0.0,0,0,15911.111111111111,1.0,9,143200,0,500000
1560000,0.0,0,0,1.0,1456.348,0.0,2,0.0431895961670089,1.0,1,23.08,1461.0,0,1,0,0,0,63.1,0.0,0,0,9230.76923076923,1.0,13,120000,0,204999
1595000,0.0,0,0,1.0,2319.585,0.0,2,0.0709134615384615,1.0,0,26.21,1248.0,1,2,0,0,0,88.5,0.0,0,0,13181.818181818182,1.0,11,145000,0,459999
240000,0.0,0,0,0.0,1522.038,0.0,1,0.0683625730994152,1.0,0,18.6,1197.0,0,1,0,0,0,81.83,1.0,1,0,3750.0,1.0,8,30000,0,600000
48000,0.0,0,0,0.0,1547.1539999999998,0.0,1,0.0683876357560568,1.0,0,18.9,1197.0,0,1,0,0,0,81.86,1.0,1,0,1333.3333333333333,1.0,6,8000,0,585000
1200000,0.0,0,0,1.0,1731.6,0.0,2,0.0592948717948717,1.0,0,23.4,1248.0,1,1,0,0,0,74.0,0.0,0,0,8333.333333333334,1.0,12,100000,0,525000
806000,0.0,0,0,0.0,490.0,0.0,1,0.0439698492462311,1.0,0,14.0,796.0,1,1,0,0,0,35.0,1.0,0,0,4769.2307692307695,1.0,13,62000,0,160000
2466000,0.0,0,0,0.0,1595.685,0.0,2,0.0655689102564102,1.0,0,19.5,1248.0,0,1,0,0,0,81.83,0.0,1,0,7611.111111111111,1.0,18,137000,0,127000
1840000,0.0,0,0,0.0,1038.0,0.0,1,0.0604229607250755,1.0,0,17.3,993.0,1,2,0,0,0,60.0,1.0,0,0,3478.260869565217,1.0,23,80000,0,65000
1200000,0.0,0,0,1.0,1731.6,0.0,2,0.0592948717948717,1.0,0,23.4,1248.0,1,1,0,0,0,74.0,0.0,0,0,8333.333333333334,1.0,12,100000,0,550000
144000,0.0,0,0,1.0,2102.168,0.0,1,0.0593108974358974,1.0,0,28.4,1248.0,1,1,0,0,0,74.02,0.0,0,0,4000.0,1.0,6,24000,0,750000
3234000,0.0,0,0,0.0,1268.1899999999998,0.0,2,0.0672344689378757,1.0,0,18.9,998.0,1,4,0,0,0,67.1,1.0,0,0,6681.818181818182,1.0,22,147000,0,50000
1120000,0.0,0,0,0.0,1116.0,0.0,2,0.0623115577889447,1.0,0,18.0,995.0,0,1,0,0,0,62.0,1.0,0,0,5714.285714285715,1.0,14,80000,0,150000
450000,0.0,0,0,0.0,1075.602,0.0,2,0.0594221105527638,1.0,0,22.74,796.0,1,1,0,0,0,47.3,1.0,0,0,5555.555555555556,1.0,9,50000,0,245000
2268000,0.0,0,0,1.0,1865.7352,0.0,3,0.0711217948717948,1.0,0,21.02,1248.0,0,1,0,0,0,88.76,0.0,0,0,15750.0,1.0,12,189000,1,260000
990000,0.0,0,0,1.0,2188.8720000000003,0.0,2,0.0688918558077436,0.0,0,21.21,1498.0,0,2,0,0,0,103.2,0.0,0,1,8181.818181818182,1.0,11,90000,0,411000
616000,0.0,0,0,1.0,1943.844,0.0,2,0.0635816618911174,1.0,0,21.9,1396.0,0,1,0,0,0,88.76,0.0,1,0,5090.909090909091,1.0,11,56000,0,450000
540000,0.0,0,0,0.0,1548.6240000000005,0.0,2,0.0671743486973947,1.0,0,23.1,998.0,1,1,0,0,0,67.04,1.0,0,0,6666.666666666667,1.0,9,60000,0,351000
315000,0.0,0,0,1.0,1713.7099999999998,0.0,1,0.0573579739904175,1.0,1,20.45,1461.0,0,1,0,0,0,83.8,0.0,0,0,3888.8888888888887,1.0,9,35000,0,750000
350000,0.0,0,0,1.0,1713.7099999999998,0.0,1,0.0573579739904175,1.0,1,20.45,1461.0,0,1,0,0,0,83.8,0.0,0,0,3500.0,1.0,10,35000,0,800000
1080000,0.0,0,0,0.0,1075.602,0.0,2,0.0594221105527638,1.0,0,22.74,796.0,1,1,0,0,0,47.3,1.0,0,0,7500.0,1.0,12,90000,0,200000
1020000,0.0,0,0,1.0,1190.0,0.0,1,0.0498220640569395,1.0,0,17.0,1405.0,0,3,0,0,0,70.0,0.0,0,0,3529.4117647058824,1.0,17,60000,1,150000
324000,0.0,0,0,1.0,2062.585,0.0,1,0.0742642026009582,1.0,1,19.01,1461.0,0,1,0,0,0,108.5,0.0,0,0,4000.0,1.0,9,36000,0,800000
160000,0.0,0,0,0.0,1164.72,0.0,1,0.0678132678132678,1.0,0,21.1,814.0,0,2,0,0,0,55.2,1.0,1,0,2500.0,1.0,8,20000,0,350000
1650000,0.0,0,0,1.0,1207.0,0.0,2,0.0505338078291814,1.0,0,17.0,1405.0,0,2,0,0,0,71.0,0.0,0,0,7333.333333333333,1.0,15,110000,1,170000
75600,0.0,0,0,0.0,1341.561,0.0,1,0.0667083854818523,1.0,0,25.17,799.0,0,1,1,0,0,53.3,1.0,0,0,1542.857142857143,1.0,7,10800,0,395000
90000,0.0,0,0,0.0,1708.802,0.0,1,0.0683375104427736,1.0,0,20.89,1197.0,1,1,0,0,0,81.8,1.0,0,0,2500.0,1.0,6,15000,0,500000
390000,0.0,0,0,0.0,1075.602,0.0,1,0.0594221105527638,1.0,0,22.74,796.0,1,1,0,0,0,47.3,1.0,0,0,2307.692307692308,1.0,13,30000,0,254999
840000,0.0,0,0,0.0,912.11,0.0,1,0.0581658291457286,1.0,0,19.7,796.0,1,1,0,0,0,46.3,1.0,0,0,4285.714285714285,1.0,14,60000,0,180000
499000,0.0,0,0,0.0,1075.602,0.0,1,0.0594221105527638,1.0,0,22.74,796.0,1,2,0,0,0,47.3,1.0,0,0,4990.0,1.0,10,49900,0,270000
1118000,0.0,0,0,1.0,1875.456,0.0,2,0.0711538461538461,1.0,0,21.12,1248.0,0,1,0,0,0,88.8,0.0,0,0,6615.384615384615,1.0,13,86000,1,310000
718500,0.0,0,0,0.0,1382.21,0.0,2,0.0559265442404006,1.0,0,20.63,1198.0,0,1,0,0,1,67.0,1.0,0,0,7185.0,1.0,10,71850,0,225000
950000,0.0,0,0,1.0,1590.0,0.0,2,0.0600961538461538,1.0,0,21.2,1248.0,0,3,0,0,1,75.0,0.0,0,0,9500.0,1.0,10,95000,0,300000
1190000,0.0,0,0,0.0,1501.5,0.0,1,0.0661016949152542,1.0,0,17.5,1298.0,1,4,0,0,0,85.8,1.0,0,0,4117.64705882353,1.0,17,70000,0,250000
490000,0.0,0,0,0.0,1164.72,0.0,1,0.0678132678132678,1.0,0,21.1,814.0,0,1,0,0,0,55.2,1.0,1,0,2500.0,1.0,14,35000,0,180000
500000,0.0,0,0,0.0,1733.469,0.0,1,0.0694569757727652,1.0,0,20.85,1197.0,1,1,0,0,0,83.14,1.0,0,0,5000.0,1.0,10,50000,0,550000
2470000,0.0,0,0,1.0,1595.685,0.0,2,0.0655689102564102,1.0,0,19.5,1248.0,0,3,0,0,0,81.83,0.0,0,0,14615.384615384615,1.0,13,190000,1,254999
1100000,0.0,0,0,1.0,2026.86,0.0,2,0.0592948717948717,1.0,0,27.39,1248.0,1,1,0,0,0,74.0,0.0,0,0,11000.0,1.0,10,110000,0,590000
1904000,0.0,0,0,0.0,1342.9125,1.0,2,0.0541941564561734,1.0,0,23.355000000000004,1061.0,1,2,0,0,0,57.5,0.0,0,0,6588.235294117647,1.0,17,112000,0,170000
990000,0.0,0,0,1.0,1715.408,0.0,2,0.0592467948717948,1.0,0,23.2,1248.0,1,1,0,0,0,73.94,0.0,0,0,12222.222222222224,1.0,9,110000,0,475000
203000,0.0,0,0,1.0,1775.28,0.0,1,0.0623693086003372,1.0,0,24.0,1186.0,0,1,0,0,0,73.97,0.0,1,0,4142.857142857143,1.0,7,29000,0,700000
840000,0.0,0,0,0.0,1268.1899999999998,0.0,1,0.0672344689378757,1.0,0,18.9,998.0,1,1,0,0,0,67.1,1.0,0,0,4285.714285714285,1.0,14,60000,0,376000
2760000,0.0,0,0,0.0,1595.685,0.0,2,0.0655689102564102,1.0,0,19.5,1248.0,0,4,0,0,0,81.83,1.0,1,0,5217.391304347826,1.0,23,120000,0,100000
720000,0.0,0,0,0.0,1374.9904,0.0,2,0.0671743486973947,1.0,0,20.51,998.0,1,1,0,0,0,67.04,1.0,0,0,8888.888888888889,1.0,9,80000,0,390000
1125000,0.0,0,0,0.0,912.11,0.0,1,0.0581658291457286,1.0,0,19.7,796.0,1,2,0,0,0,46.3,1.0,0,0,5000.0,1.0,15,75000,0,170000
1800000,0.0,0,0,1.0,1426.2700000000002,0.0,2,0.0592147435897435,1.0,0,19.3,1248.0,1,3,0,0,0,73.9,0.0,0,0,8000.0,1.0,15,120000,0,215000
1650000,0.0,0,0,0.0,2006.0,0.0,2,0.0788243152972612,1.0,0,17.0,1497.0,0,3,0,1,0,118.0,1.0,0,0,7333.333333333333,1.0,15,110000,0,350000
1280000,0.0,0,0,0.0,1116.0,0.0,1,0.0623115577889447,1.0,0,18.0,995.0,0,4,0,0,0,62.0,1.0,0,0,5000.0,1.0,16,80000,0,80000
1040000,0.0,0,0,0.0,1164.72,0.0,2,0.0678132678132678,1.0,0,21.1,814.0,0,2,0,0,0,55.2,1.0,1,0,6153.846153846154,1.0,13,80000,0,195000
1190000,0.0,0,0,1.0,1595.685,0.0,2,0.0655689102564102,1.0,0,19.5,1248.0,1,1,0,0,0,81.83,0.0,0,0,6071.428571428572,1.0,14,85000,0,280000
781000,0.0,0,0,1.0,1835.072,0.0,2,0.0580424366872005,1.0,1,21.64,1461.0,0,1,0,0,0,84.8,0.0,0,0,6454.545454545455,0.0,11,71000,0,335000
750000,0.0,0,0,1.0,1665.106,0.0,2,0.0573579739904175,1.0,0,19.87,1461.0,0,1,1,0,0,83.8,0.0,0,0,7500.0,0.0,10,75000,0,484999
154000,0.0,0,0,0.0,2226.07,0.0,1,0.0706224350205198,1.0,0,21.56,1462.0,1,2,0,0,0,103.25,1.0,0,0,3142.8571428571427,1.0,7,22000,0,650000
210000,0.0,0,0,0.0,1522.038,0.0,1,0.0683625730994152,1.0,0,18.6,1197.0,0,2,0,0,0,81.83,1.0,1,0,4285.714285714285,1.0,7,30000,0,700000
960000,0.0,0,0,1.0,1630.9730000000002,0.0,2,0.0616346955796497,1.0,0,22.07,1199.0,0,1,0,0,0,73.9,0.0,0,1,6666.666666666667,1.0,12,80000,0,350000
414216,0.0,0,0,1.0,2150.55,0.0,2,0.0709134615384615,1.0,0,24.3,1248.0,1,1,0,0,0,88.5,0.0,0,0,6472.125,0.0,8,51777,0,750000
140000,0.0,0,0,0.0,1730.8200000000002,0.0,1,0.0740283569641367,1.0,0,19.5,1199.0,0,1,0,1,0,88.76,1.0,0,0,2857.1428571428573,1.0,7,20000,0,600000
133000,0.0,0,0,0.0,1408.5,0.0,1,0.075075075075075,1.0,0,18.78,999.0,0,1,0,0,0,75.0,1.0,0,1,2714.285714285714,1.0,7,19000,0,565000
171000,0.0,0,0,0.0,1382.21,0.0,1,0.0559265442404006,1.0,0,20.63,1198.0,0,1,0,0,1,67.0,1.0,0,0,2111.1111111111118,1.0,9,19000,0,329000
450000,0.0,0,1,1.0,2244.8943,0.0,2,0.0658144192256341,1.0,0,22.77,1498.0,0,1,0,0,0,98.59,0.0,0,0,5555.555555555556,1.0,9,50000,0,650000
1200000,0.0,0,0,1.0,2061.6345,0.0,2,0.0742299794661191,1.0,0,19.01,1461.0,0,2,1,0,0,108.45,0.0,0,0,8333.333333333334,1.0,12,100000,0,345000
650000,0.0,0,0,1.0,1694.6,0.0,1,0.0592948717948717,1.0,0,22.9,1248.0,1,2,0,0,0,74.0,0.0,0,0,3846.153846153846,1.0,13,50000,0,330000
819907,0.0,0,0,0.0,1374.9904,0.0,2,0.0671743486973947,1.0,0,20.51,998.0,1,2,0,0,0,67.04,1.0,0,0,6776.090909090909,1.0,11,74537,0,300000
1440000,0.0,0,0,0.0,1301.58,0.0,2,0.0651324085750315,0.0,0,12.6,1586.0,1,2,0,0,0,103.3,1.0,0,0,5625.0,1.0,16,90000,0,200000
1040000,0.0,0,0,1.0,1595.685,0.0,2,0.0655689102564102,1.0,0,19.5,1248.0,0,2,0,0,0,81.83,0.0,0,0,6153.846153846154,1.0,13,80000,1,200000
1050000,0.0,0,0,0.0,1116.0,0.0,1,0.0623115577889447,1.0,0,18.0,995.0,0,2,0,0,0,62.0,1.0,0,0,4666.666666666667,1.0,15,70000,0,90000
1200000,0.0,0,0,0.0,1266.3,0.0,2,0.063147973609802,1.0,0,18.9,1061.0,1,2,0,0,0,67.0,1.0,0,0,5333.333333333333,1.0,15,80000,0,200000
315000,0.0,0,0,1.0,1732.4,0.0,1,0.0633928571428571,1.0,0,24.4,1120.0,0,1,0,0,0,71.0,0.0,1,0,3888.8888888888887,1.0,9,35000,0,550000
235000,0.0,0,0,0.0,1428.48,0.0,1,0.0640533778148457,1.0,0,18.6,1199.0,0,1,0,0,0,76.8,1.0,0,0,2350.0,1.0,10,23500,0,250000
656000,0.0,0,0,1.0,2506.24,0.0,2,0.0653538050734312,1.0,0,25.6,1498.0,0,1,0,1,0,97.9,0.0,0,0,10250.0,1.0,8,82000,0,975000
105000,0.0,0,0,0.0,1522.038,0.0,1,0.0683625730994152,1.0,0,18.6,1197.0,0,1,0,0,0,81.83,1.0,1,0,2142.8571428571427,1.0,7,15000,0,610000
240000,0.0,0,0,1.0,2026.86,0.0,1,0.0592948717948717,1.0,0,27.39,1248.0,1,1,0,0,0,74.0,0.0,0,0,3750.0,1.0,8,30000,0,620000
270000,0.0,0,0,0.0,1549.8,0.0,1,0.0685045948203842,1.0,0,18.9,1197.0,0,1,0,0,0,82.0,1.0,1,0,3333.333333333333,1.0,9,30000,0,400000
66000,0.0,0,0,0.0,1449.21,0.0,1,0.0671342685370741,1.0,0,21.63,998.0,1,1,0,0,0,67.0,1.0,0,0,1833.3333333333333,1.0,6,11000,0,500000
990000,0.0,0,0,1.0,2040.1,0.0,2,0.0710737179487179,1.0,0,23.0,1248.0,0,1,0,0,0,88.7,0.0,0,0,12222.222222222224,1.0,9,110000,1,360000
624000,0.0,0,0,0.0,1403.732,0.0,1,0.0672344689378757,1.0,0,20.92,998.0,1,1,0,0,0,67.1,1.0,0,0,3692.307692307693,1.0,13,48000,0,252000
910000,0.0,0,0,1.0,1694.6,0.0,2,0.0592948717948717,1.0,0,22.9,1248.0,1,2,0,0,0,74.0,0.0,0,0,5384.615384615385,1.0,13,70000,0,280000
490000,0.0,0,0,0.0,1799.6,0.0,2,0.0683375104427736,1.0,0,22.0,1197.0,1,2,0,0,0,81.8,1.0,0,0,10000.0,1.0,7,70000,0,509999
600000,0.0,0,0,0.0,1342.9125,1.0,1,0.0541941564561734,1.0,0,23.355000000000004,1061.0,1,4,0,0,0,57.5,0.0,0,0,2666.6666666666665,1.0,15,40000,0,200000
1800000,0.0,0,0,0.0,1038.0,0.0,1,0.0604229607250755,1.0,0,17.3,993.0,1,2,0,0,0,60.0,1.0,0,0,4500.0,1.0,20,90000,0,60000
480000,0.0,0,0,1.0,2150.55,0.0,2,0.0709134615384615,1.0,0,24.3,1248.0,1,1,0,0,0,88.5,0.0,0,0,7500.0,1.0,8,60000,0,725000
200000,0.0,0,0,0.0,2002.56,0.0,1,0.0700583819849874,1.0,0,23.84,1199.0,0,1,0,0,0,84.0,1.0,0,0,3125.0,1.0,8,25000,1,430000
1400000,0.0,0,0,1.0,1694.6,0.0,2,0.0592948717948717,1.0,0,22.9,1248.0,1,2,0,0,0,74.0,0.0,0,0,7142.857142857143,1.0,14,100000,0,235000
676000,0.0,0,0,1.0,1426.2700000000002,0.0,1,0.0592147435897435,1.0,0,19.3,1248.0,1,3,0,0,0,73.9,0.0,0,0,4000.0,1.0,13,52000,0,350000
1200000,0.0,0,0,0.0,1348.0704999999998,0.0,2,0.0626611418047882,1.0,0,19.81,1086.0,0,3,0,0,0,68.05,1.0,1,0,5333.333333333333,1.0,15,80000,0,131000
765000,0.0,0,0,1.0,2543.88,0.0,2,0.0658210947930574,1.0,0,25.8,1498.0,0,1,0,1,0,98.6,0.0,0,0,9444.444444444443,1.0,9,85000,0,450000
747000,0.0,0,0,1.0,2150.55,0.0,2,0.0709134615384615,1.0,0,24.3,1248.0,1,1,0,0,0,88.5,0.0,0,0,9222.222222222224,1.0,9,83000,0,750000
600000,0.0,0,0,0.0,1075.602,0.0,1,0.0594221105527638,1.0,0,22.74,796.0,1,1,0,0,0,47.3,1.0,0,0,4166.666666666667,1.0,12,50000,0,200000
1920000,0.0,0,0,0.0,1266.3,0.0,2,0.063147973609802,1.0,0,18.9,1061.0,1,4,0,0,0,67.0,1.0,0,0,7500.0,1.0,16,120000,0,125000
910000,0.0,0,0,1.0,1694.6,0.0,2,0.0592948717948717,1.0,0,22.9,1248.0,1,3,0,0,0,74.0,0.0,0,0,5384.615384615385,1.0,13,70000,0,380000
323000,0.0,0,0,0.0,912.11,0.0,1,0.0581658291457286,1.0,0,19.7,796.0,1,1,0,0,0,46.3,1.0,0,0,1117.6470588235295,1.0,17,19000,0,128000
1097600,0.0,0,0,0.0,2006.0,0.0,1,0.0788243152972612,1.0,0,17.0,1497.0,0,3,0,1,0,118.0,1.0,0,0,4287.5,1.0,16,68600,0,250000
520000,0.0,0,0,0.0,1953.84,0.0,1,0.077688710754843,1.0,0,16.8,1497.0,0,2,0,1,0,116.3,1.0,0,0,3076.923076923077,1.0,13,40000,0,560000
2080000,0.0,0,0,1.0,1595.685,0.0,2,0.0655689102564102,1.0,0,19.5,1248.0,0,2,0,0,0,81.83,0.0,0,0,12307.692307692309,1.0,13,160000,1,120000
225000,0.0,0,0,0.0,1548.6240000000005,0.0,1,0.0671743486973947,1.0,0,23.1,998.0,1,1,0,0,0,67.04,1.0,0,0,2777.777777777778,1.0,9,25000,0,400000
383500,0.0,0,0,0.0,1403.732,0.0,1,0.0672344689378757,1.0,0,20.92,998.0,1,1,0,0,0,67.1,1.0,0,0,2269.230769230769,1.0,13,29500,0,200000
450000,0.0,0,0,0.0,1075.602,0.0,2,0.0594221105527638,1.0,0,22.74,796.0,1,2,0,0,0,47.3,1.0,0,0,5555.555555555556,1.0,9,50000,0,300000
270000,0.0,0,0,0.0,1341.561,0.0,1,0.0667083854818523,1.0,0,25.17,799.0,0,2,1,0,0,53.3,1.0,0,0,3333.333333333333,1.0,9,30000,0,315000
1300000,0.0,0,0,0.0,1075.602,0.0,2,0.0594221105527638,1.0,0,22.74,796.0,1,1,0,0,0,47.3,1.0,0,0,7692.307692307692,1.0,13,100000,0,220000
840000,0.0,0,0,0.0,1343.223,0.0,1,0.0662616154395997,1.0,0,14.49,1399.0,0,2,0,0,0,92.7,1.0,0,0,4285.714285714285,1.0,14,60000,0,130000
540000,0.0,0,0,1.0,1999.9742,0.0,2,0.0635601719197707,1.0,0,22.54,1396.0,0,2,0,0,0,88.73,0.0,1,0,6666.666666666667,1.0,9,60000,0,595000
1680000,0.0,0,0,1.0,1358.0,0.0,2,0.0498220640569395,1.0,0,19.4,1405.0,0,1,0,0,0,70.0,0.0,0,0,8571.42857142857,1.0,14,120000,1,110000
624000,0.0,0,0,1.0,1522.5,0.0,1,0.0600961538461538,1.0,0,20.3,1248.0,0,1,0,0,1,75.0,0.0,0,0,4333.333333333333,1.0,12,52000,0,280000
240000,0.0,0,0,0.0,1778.3399999999997,0.0,1,0.0694235588972431,1.0,0,21.4,1197.0,1,2,0,0,0,83.1,1.0,0,0,3750.0,1.0,8,30000,0,530000
112000,0.0,0,0,0.0,1566.2,0.0,1,0.0685045948203842,1.0,0,19.1,1197.0,0,1,0,0,0,82.0,1.0,1,0,1750.0,1.0,8,14000,0,610000
350000,0.0,0,0,1.0,1704.3,0.0,2,0.0659025787965616,1.0,0,24.7,1047.0,0,1,0,0,0,69.0,0.0,0,0,7142.857142857143,1.0,7,50000,1,500000
70000,0.0,0,0,0.0,1164.72,0.0,1,0.0678132678132678,1.0,0,21.1,814.0,0,1,0,0,0,55.2,1.0,1,0,1428.571428571429,1.0,7,10000,0,325000
70000,0.0,0,0,0.0,1778.3399999999997,0.0,1,0.0694235588972431,1.0,0,21.4,1197.0,1,1,0,0,0,83.1,1.0,0,0,1428.571428571429,1.0,7,10000,0,550000
175000,0.0,0,0,0.0,1888.503,0.0,1,0.0663510560815732,1.0,0,20.73,1373.0,1,1,0,0,0,91.1,1.0,0,0,3571.428571428572,1.0,7,25000,0,720000
720000,0.0,0,0,1.0,1694.6,0.0,1,0.0592948717948717,1.0,0,22.9,1248.0,1,1,0,0,0,74.0,0.0,0,0,5000.0,1.0,12,60000,0,350000
280000,0.0,0,0,0.0,1547.1539999999998,0.0,2,0.0683876357560568,1.0,0,18.9,1197.0,0,1,0,0,0,81.86,1.0,1,0,5714.285714285715,1.0,7,40000,0,500000
780000,0.0,0,0,1.0,1426.2700000000002,0.0,1,0.0592147435897435,1.0,0,19.3,1248.0,1,1,0,0,0,73.9,0.0,0,0,4615.384615384615,1.0,13,60000,0,380000
500000,0.0,0,0,0.0,1385.8,0.0,1,0.0685045948203842,0.0,0,16.9,1197.0,0,1,0,0,0,82.0,1.0,1,0,5000.0,1.0,10,50000,0,380000
280000,0.0,0,0,0.0,1168.31,0.0,1,0.0594221105527638,1.0,0,24.7,796.0,1,1,0,0,0,47.3,1.0,0,0,4375.0,1.0,8,35000,0,295000
360000,0.0,0,0,1.0,2485.965,0.0,1,0.0709134615384615,1.0,0,28.09,1248.0,1,1,0,0,0,88.5,0.0,0,0,4444.444444444444,1.0,9,40000,0,640000
420000,0.0,0,0,1.0,2332.75,0.0,2,0.0724782899131596,1.0,0,21.5,1497.0,0,1,0,0,0,108.5,0.0,0,0,8571.42857142857,1.0,7,60000,1,790000
290000,0.0,0,0,0.0,1605.8475,0.0,1,0.0671843687374749,1.0,0,23.95,998.0,1,1,0,0,0,67.05,1.0,0,0,2900.0,1.0,10,29000,0,315000
102000,0.0,0,0,1.0,2300.0,0.0,1,0.0768203072812291,1.0,0,20.0,1497.0,0,1,0,0,1,115.0,0.0,0,0,2833.333333333333,1.0,6,17000,0,950000
400000,0.0,0,0,0.0,1374.9904,0.0,2,0.0671743486973947,1.0,0,20.51,998.0,1,1,0,0,0,67.04,1.0,0,0,6250.0,1.0,8,50000,0,400000
294000,0.0,0,0,0.0,1834.518,0.0,2,0.0720979532163742,0.0,0,18.6,1368.0,0,1,0,0,0,98.63,1.0,1,0,6000.0,1.0,7,42000,0,700000
1430000,0.0,0,0,1.0,1366.95,0.0,2,0.0444900752908966,1.0,0,21.03,1461.0,0,1,0,0,1,65.0,0.0,0,0,8461.538461538461,1.0,13,110000,0,260000
1170000,0.0,0,0,1.0,1649.9,0.0,2,0.0501432664756446,1.0,0,23.57,1396.0,0,1,0,0,0,70.0,0.0,0,0,6923.076923076923,1.0,13,90000,1,200000
350000,0.0,0,0,0.0,2058.51,0.0,2,0.0739348370927318,1.0,0,23.26,1197.0,1,1,0,0,0,88.5,1.0,0,0,14000.0,1.0,5,70000,0,580000
924000,0.0,0,0,1.0,2152.5,0.0,1,0.0657071339173967,1.0,0,20.5,1598.0,0,2,0,0,0,105.0,0.0,0,1,4714.285714285715,1.0,14,66000,0,330000
980000,0.0,0,0,1.0,1782.0,0.0,1,0.073677160080375,1.0,0,16.2,1493.0,0,3,0,0,0,110.0,0.0,1,0,5000.0,1.0,14,70000,0,400000
550000,0.0,0,0,1.0,1366.95,0.0,1,0.0444900752908966,1.0,0,21.03,1461.0,0,2,0,0,1,65.0,0.0,0,0,4545.454545454545,1.0,11,50000,0,250000
150000,0.0,0,0,0.0,1590.312,0.0,1,0.0645807259073842,1.0,0,15.41,1598.0,0,1,0,0,1,103.2,1.0,0,0,4166.666666666667,1.0,6,25000,0,725000
840000,0.0,0,0,1.0,1731.6,0.0,2,0.0592948717948717,1.0,0,23.4,1248.0,1,1,0,0,0,74.0,0.0,0,0,5833.333333333333,1.0,12,70000,0,300000
495000,0.0,0,0,1.0,1337.0,0.0,1,0.0498220640569395,1.0,0,19.1,1405.0,0,1,0,0,0,70.0,0.0,0,0,4090.909090909091,1.0,11,45000,1,400000
1800000,0.0,0,0,1.0,1127.0,0.0,1,0.0498220640569395,1.0,0,16.1,1405.0,0,3,0,0,0,70.0,0.0,0,0,4500.0,1.0,20,90000,1,140000
1826000,0.0,0,1,0.0,966.0,0.0,1,0.0538876058506543,1.0,0,13.8,1299.0,0,2,0,0,0,70.0,1.0,0,0,3772.727272727273,1.0,22,83000,0,110000
1020000,0.0,0,0,0.0,1142.9740000000002,0.0,1,0.0651304347826087,1.0,0,15.26,1150.0,0,4,0,0,0,74.9,1.0,0,0,3529.4117647058824,1.0,17,60000,0,150000
1932000,0.0,0,0,0.0,1360.0,0.0,2,0.0668337510442773,1.0,0,17.0,1197.0,0,3,0,0,0,80.0,1.0,1,0,9857.142857142857,1.0,14,138000,0,300000
800000,0.0,0,0,0.0,1075.602,0.0,2,0.0594221105527638,1.0,0,22.74,796.0,1,1,0,0,0,47.3,1.0,0,0,8000.0,1.0,10,80000,0,280000
1000000,0.0,0,0,0.0,1269.9,0.0,1,0.0618941088739746,1.0,0,15.3,1341.0,0,2,0,0,0,83.0,1.0,1,0,2500.0,1.0,20,50000,0,130000
500000,0.0,0,0,0.0,1499.68,0.0,1,0.0687239366138448,1.0,0,18.2,1199.0,0,1,0,0,0,82.4,1.0,0,0,5000.0,1.0,10,50000,0,350000
1920000,0.0,0,0,0.0,1587.3,0.0,2,0.0716791979949874,1.0,0,18.5,1197.0,1,1,0,0,0,85.8,1.0,0,0,7500.0,1.0,16,120000,0,200000
170800,0.0,0,0,0.0,1799.6,0.0,1,0.0683375104427736,1.0,0,22.0,1197.0,1,1,0,0,0,81.8,1.0,0,0,3485.714285714286,1.0,7,24400,0,550000
1800000,0.0,0,0,0.0,1587.3,0.0,2,0.0716791979949874,1.0,0,18.5,1197.0,1,2,0,0,0,85.8,1.0,0,0,8000.0,1.0,15,120000,0,170000
600000,0.0,0,0,1.0,2199.76,0.0,2,0.063538681948424,1.0,0,24.8,1396.0,0,2,0,0,0,88.7,0.0,1,0,6000.0,1.0,10,60000,0,600000
1400000,0.0,0,0,0.0,912.11,0.0,2,0.0581658291457286,1.0,0,19.7,796.0,1,2,0,0,0,46.3,1.0,0,0,7142.857142857143,1.0,14,100000,0,130000
1080000,0.0,0,0,0.0,1595.685,0.0,1,0.0655689102564102,1.0,0,19.5,1248.0,0,2,0,0,0,81.83,0.0,1,0,3333.333333333333,1.0,18,60000,0,120000
247500,0.0,0,0,0.0,1341.561,0.0,1,0.0667083854818523,1.0,0,25.17,799.0,0,1,1,0,0,53.3,1.0,0,0,3055.555555555556,1.0,9,27500,0,310000
1800000,0.0,0,0,0.0,1480.0,0.0,2,0.0668337510442773,1.0,0,18.5,1197.0,0,3,0,0,0,80.0,1.0,1,0,8000.0,1.0,15,120000,0,200000
1120000,0.0,0,0,1.0,1595.685,0.0,1,0.0655689102564102,1.0,0,19.5,1248.0,1,2,0,0,0,81.83,0.0,0,0,4375.0,1.0,16,70000,0,270000
800000,0.0,0,0,1.0,1999.9742,0.0,2,0.0635601719197707,1.0,0,22.54,1396.0,0,1,0,0,0,88.73,0.0,1,0,8000.0,1.0,10,80000,0,650000
1440000,0.0,0,0,0.0,1002.524,0.0,2,0.0537300922045263,1.0,0,15.64,1193.0,0,1,0,0,0,64.1,1.0,0,0,10000.0,1.0,12,120000,1,210000
900000,0.0,0,0,1.0,1732.644,0.0,2,0.0634017857142857,1.0,0,24.4,1120.0,0,1,0,0,0,71.01,0.0,1,0,9000.0,1.0,10,90000,0,509999
840000,0.0,0,1,1.0,1362.0,0.0,2,0.0486776268763402,1.0,0,20.0,1399.0,0,1,0,0,0,68.1,0.0,0,0,5833.333333333333,1.0,12,70000,0,229999
2068000,0.0,0,0,1.0,2061.6345,0.0,3,0.0742299794661191,1.0,0,19.01,1461.0,0,2,1,0,0,108.45,0.0,0,0,17090.909090909092,1.0,11,188000,0,409999
949760,0.0,0,0,0.0,1116.0,0.0,1,0.0623115577889447,1.0,0,18.0,995.0,0,1,0,0,0,62.0,1.0,0,0,4845.714285714285,1.0,14,67840,0,130000
315000,0.0,0,0,0.0,1075.602,0.0,1,0.0594221105527638,1.0,0,22.74,796.0,1,2,0,0,0,47.3,1.0,0,0,3888.8888888888887,1.0,9,35000,0,225000
2250000,0.0,0,0,1.0,1595.685,0.0,2,0.0655689102564102,1.0,0,19.5,1248.0,1,2,0,0,0,81.83,0.0,0,0,10000.0,1.0,15,150000,0,256999
800000,0.0,0,0,1.0,2150.55,0.0,2,0.0709134615384615,1.0,0,24.3,1248.0,1,1,0,0,0,88.5,0.0,0,0,12500.0,1.0,8,100000,0,775000
240000,0.0,0,0,0.0,1374.9904,0.0,1,0.0671743486973947,1.0,0,20.51,998.0,1,1,0,0,0,67.04,1.0,0,0,3750.0,1.0,8,30000,0,420000
630000,0.0,0,0,0.0,1549.8,0.0,2,0.0685045948203842,1.0,0,18.9,1197.0,0,1,0,0,0,82.0,1.0,1,0,7777.777777777777,1.0,9,70000,0,480000
3278704,0.0,1,0,1.0,1595.685,0.0,2,0.0655689102564102,1.0,0,19.5,1248.0,0,1,0,0,0,81.83,0.0,0,0,6774.181818181818,1.0,22,149032,0,200000
1176700,0.0,1,0,0.0,1595.685,0.0,2,0.0655689102564102,1.0,0,19.5,1248.0,0,1,0,0,0,81.83,1.0,0,0,6003.571428571428,1.0,14,84050,0,210000
105000,0.0,0,0,0.0,1198.8,0.0,1,0.0617180984153461,1.0,0,16.2,1199.0,0,1,0,0,0,74.0,1.0,0,1,2142.8571428571427,1.0,7,15000,0,600000
2240000,0.0,0,1,1.0,938.4,0.0,2,0.0486061472480343,1.0,0,13.8,1399.0,0,2,0,0,0,68.0,0.0,0,0,8750.0,1.0,16,140000,0,140000
2031840,0.0,0,0,1.0,1864.8,0.0,2,0.0592948717948717,1.0,0,25.2,1248.0,1,1,0,0,0,74.0,0.0,0,0,6271.111111111111,0.0,18,112880,0,195000
1620000,0.0,0,0,1.0,1358.0,0.0,2,0.0498220640569395,1.0,0,19.4,1405.0,0,2,0,0,0,70.0,0.0,0,0,11250.0,0.0,12,135000,1,210000
1520000,0.0,0,0,0.0,1268.1899999999998,0.0,1,0.0672344689378757,1.0,0,18.9,998.0,1,3,0,0,0,67.1,1.0,0,0,4210.526315789473,1.0,19,80000,0,130000
1664000,0.0,0,0,0.0,1476.84,0.0,2,0.0662218515429524,1.0,0,18.6,1199.0,0,3,0,0,0,79.4,1.0,0,0,9846.153846153846,1.0,13,128000,0,141000
450000,0.0,0,0,0.0,1300.32,0.0,1,0.0650693568726355,0.0,0,12.6,1586.0,1,1,0,0,0,103.2,1.0,0,0,2000.0,1.0,15,30000,0,350000
490000,0.0,0,0,0.0,1844.5,0.0,2,0.090567612687813,1.0,0,17.0,1198.0,0,1,0,0,0,108.5,1.0,0,0,10000.0,1.0,7,70000,1,575000
410000,0.0,0,0,0.0,1522.038,0.0,1,0.0683625730994152,1.0,0,18.6,1197.0,0,1,0,0,0,81.83,1.0,1,0,4100.0,1.0,10,41000,0,550000
393400,0.0,1,0,0.0,1595.685,0.0,1,0.0655689102564102,1.0,0,19.5,1248.0,0,1,0,0,0,81.83,1.0,0,0,2007.142857142857,1.0,14,28100,0,420000
570000,0.0,0,0,0.0,912.11,0.0,1,0.0581658291457286,1.0,0,19.7,796.0,1,2,0,0,0,46.3,1.0,0,0,1578.9473684210527,1.0,19,30000,0,120000
300000,0.0,0,0,0.0,1605.8475,0.0,1,0.0671843687374749,1.0,0,23.95,998.0,1,1,0,0,0,67.05,1.0,0,0,3000.0,1.0,10,30000,0,320000
490000,0.0,0,0,0.0,1532.932,0.0,1,0.0626755852842809,1.0,0,16.36,1495.0,0,1,0,0,0,93.7,1.0,1,0,2500.0,1.0,14,35000,0,250000
330000,0.0,0,0,0.0,1570.2,0.0,1,0.0660025220680958,1.0,0,15.0,1586.0,1,1,0,0,0,104.68,1.0,0,0,1466.6666666666667,1.0,15,22000,0,300000
1330000,0.0,0,0,0.0,1268.1899999999998,0.0,1,0.0672344689378757,1.0,0,18.9,998.0,1,1,0,0,0,67.1,1.0,0,0,3684.2105263157896,1.0,19,70000,0,250000
2000000,0.0,0,0,0.0,1595.685,0.0,1,0.0655689102564102,1.0,0,19.5,1248.0,1,2,0,0,0,81.83,1.0,0,0,5000.0,1.0,20,100000,0,120000
18000,0.0,0,0,0.0,1708.802,0.0,1,0.0683375104427736,1.0,0,20.89,1197.0,1,1,0,0,0,81.8,1.0,0,0,500.0,1.0,6,3000,0,577000
650000,0.0,0,0,0.0,1403.732,0.0,1,0.0672344689378757,1.0,0,20.92,998.0,1,1,0,0,0,67.1,1.0,0,0,3846.153846153846,1.0,13,50000,0,229999
9000,0.0,0,0,0.0,1614.34,0.0,1,0.0739783152627189,0.0,0,18.2,1199.0,0,1,0,1,0,88.7,1.0,0,0,250.0,1.0,6,1500,0,840000
592000,0.0,0,0,1.0,2418.522,0.0,2,0.0724966622162883,1.0,0,22.27,1498.0,0,1,0,0,0,108.6,0.0,0,1,9250.0,1.0,8,74000,0,900000
200000,0.0,0,0,0.0,1658.69,0.0,1,0.0739783152627189,1.0,0,18.7,1199.0,0,1,0,1,0,88.7,1.0,0,0,3125.0,1.0,8,25000,0,650000
557235,0.0,0,0,1.0,2691.78,0.0,2,0.0658210947930574,1.0,0,27.3,1498.0,0,1,0,1,0,98.6,0.0,0,0,6879.444444444444,1.0,9,61915,0,650000
990000,0.0,0,0,0.0,1164.72,0.0,2,0.0678132678132678,1.0,0,21.1,814.0,0,1,0,0,0,55.2,1.0,1,0,12222.222222222224,1.0,9,110000,0,250000
630000,0.0,0,0,1.0,1772.3200000000002,0.0,2,0.0587449933244325,1.0,0,20.14,1498.0,0,1,0,0,0,88.0,0.0,0,1,7777.777777777777,1.0,9,70000,0,550000
2700000,0.0,0,0,1.0,1335.0,0.0,2,0.0600961538461538,1.0,0,17.8,1248.0,1,4,0,0,0,75.0,0.0,0,0,8333.333333333334,1.0,18,150000,0,250000
990000,0.0,0,0,1.0,1432.272,0.0,2,0.0601495726495726,1.0,0,25.44,936.0,0,2,0,0,0,56.3,0.0,0,0,8181.818181818182,1.0,11,90000,0,185000
1800000,0.0,0,1,0.0,1092.0,0.0,2,0.0585284280936454,1.0,0,15.6,1196.0,0,3,0,0,0,70.0,1.0,0,0,8000.0,1.0,15,120000,0,229999
60000,0.0,0,0,0.0,1678.5359999999998,0.0,1,0.0683375104427736,1.0,0,20.52,1197.0,1,1,0,0,0,81.8,1.0,0,0,1666.6666666666667,1.0,6,10000,0,490000
1280000,0.0,0,0,0.0,1606.404,0.0,1,0.0659147869674185,1.0,0,20.36,1197.0,0,2,0,0,0,78.9,1.0,1,0,5000.0,1.0,16,80000,0,150000
1400000,0.0,0,0,0.0,1038.0,0.0,1,0.0604229607250755,1.0,0,17.3,993.0,1,2,0,0,0,60.0,1.0,0,0,3500.0,1.0,20,70000,0,60000
1513000,0.0,0,0,0.0,1633.008,0.0,2,0.0660025220680958,1.0,0,15.6,1586.0,1,2,0,0,0,104.68,1.0,0,0,5235.294117647059,1.0,17,89000,0,150000
828000,0.0,0,0,1.0,1694.6,0.0,2,0.0592948717948717,1.0,0,22.9,1248.0,1,2,0,0,0,74.0,0.0,0,0,5750.0,1.0,12,69000,0,525000
1170000,0.0,0,0,1.0,1725.0,0.0,2,0.0494269340974212,1.0,0,25.0,1396.0,0,2,0,0,0,69.0,0.0,0,0,6923.076923076923,1.0,13,90000,1,83000
64000,0.0,0,0,0.0,1164.72,0.0,1,0.0678132678132678,1.0,0,21.1,814.0,0,1,0,0,0,55.2,1.0,1,0,1000.0,1.0,8,8000,0,300000
455000,0.0,0,0,0.0,1360.0,0.0,1,0.0668337510442773,1.0,0,17.0,1197.0,0,1,0,0,0,80.0,1.0,1,0,2692.3076923076924,1.0,13,35000,0,350000
630000,0.0,0,0,0.0,1360.0,0.0,1,0.0668337510442773,1.0,0,17.0,1197.0,0,1,0,0,0,80.0,1.0,1,0,3214.285714285714,1.0,14,45000,0,300000
420000,0.0,0,0,1.0,1860.48,0.0,1,0.073076923076923,1.0,0,20.4,1248.0,0,1,0,0,1,91.2,0.0,0,0,2142.8571428571427,1.0,14,30000,0,250000
600000,0.0,0,0,0.0,1449.21,0.0,3,0.0671342685370741,1.0,0,21.63,998.0,1,2,0,0,0,67.0,1.0,0,0,24000.0,1.0,5,120000,0,250000
630000,0.0,0,0,0.0,1374.9904,0.0,2,0.0671743486973947,1.0,0,20.51,998.0,1,1,0,0,0,67.04,1.0,0,0,7777.777777777777,1.0,9,70000,0,350000
3318000,0.0,0,0,0.0,1595.685,0.0,2,0.0655689102564102,1.0,0,19.5,1248.0,0,1,0,0,0,81.83,1.0,1,0,7523.809523809524,1.0,21,158000,0,70000
1674000,0.0,0,0,0.0,1116.0,0.0,2,0.0623115577889447,1.0,0,18.0,995.0,0,3,0,0,0,62.0,1.0,0,0,5166.666666666667,1.0,18,93000,0,90000
1026000,0.0,0,0,0.0,912.11,0.0,1,0.0581658291457286,1.0,0,19.7,796.0,1,1,0,0,0,46.3,1.0,0,0,3166.6666666666665,1.0,18,57000,0,135000
2400000,0.0,0,0,0.0,1240.8,0.0,2,0.062876254180602,1.0,0,13.2,1495.0,0,1,0,0,0,94.0,1.0,1,0,6000.0,1.0,20,120000,0,150000
1920000,0.0,0,0,0.0,1501.5,0.0,2,0.0661016949152542,1.0,0,17.5,1298.0,1,1,0,0,0,85.8,1.0,0,0,7500.0,1.0,16,120000,0,240000
420000,0.0,0,0,1.0,1960.27,0.0,2,0.063538681948424,1.0,0,22.1,1396.0,0,1,0,0,0,88.7,0.0,1,0,8571.42857142857,1.0,7,60000,0,946000
980000,0.0,0,0,1.0,1589.0700000000002,0.0,1,0.0494269340974212,1.0,0,23.03,1396.0,0,1,0,0,0,69.0,0.0,0,0,5000.0,1.0,14,70000,1,215000
1200000,0.0,0,0,1.0,2543.88,0.0,2,0.0658210947930574,1.0,0,25.8,1498.0,0,1,0,1,0,98.6,0.0,0,0,8333.333333333334,1.0,12,100000,0,310000
595000,0.0,0,0,0.0,1606.404,0.0,1,0.0659147869674185,1.0,0,20.36,1197.0,0,1,0,0,0,78.9,1.0,1,0,2058.823529411765,1.0,17,35000,0,220000
1530000,0.0,0,0,1.0,1335.0,0.0,2,0.0600961538461538,1.0,0,17.8,1248.0,1,3,0,0,0,75.0,0.0,0,0,5294.117647058823,1.0,17,90000,0,195000
500000,0.0,0,0,0.0,1407.1734,0.0,1,0.0683876357560568,1.0,0,17.19,1197.0,0,1,0,0,0,81.86,1.0,1,0,5000.0,1.0,10,50000,0,650000
1372000,0.0,0,0,0.0,1480.0,0.0,2,0.0668337510442773,1.0,0,18.5,1197.0,0,1,0,0,0,80.0,1.0,1,0,7000.0,1.0,14,98000,0,350000
360000,0.0,0,0,0.0,1532.725,0.0,1,0.0692147034252297,1.0,0,18.5,1197.0,0,1,0,0,0,82.85,1.0,1,0,2500.0,1.0,12,30000,0,360000
234000,0.0,0,0,0.0,1549.8,0.0,1,0.0685045948203842,1.0,0,18.9,1197.0,0,1,0,0,0,82.0,1.0,1,0,2888.8888888888887,1.0,9,26000,0,490000
644000,0.0,0,0,0.0,912.11,0.0,1,0.0581658291457286,1.0,0,19.7,796.0,1,2,0,0,0,46.3,1.0,0,0,3285.714285714286,1.0,14,46000,0,195000
1200000,0.0,0,0,0.0,912.11,0.0,2,0.0581658291457286,1.0,0,19.7,796.0,1,4,0,0,0,46.3,1.0,0,0,5333.333333333333,1.0,15,80000,0,125000
60000,0.0,0,0,0.0,2002.56,0.0,1,0.0700583819849874,1.0,0,23.84,1199.0,0,1,0,0,0,84.0,1.0,0,0,1666.6666666666667,1.0,6,10000,1,459999
167000,0.0,0,0,0.0,1075.602,0.0,1,0.0594221105527638,1.0,0,22.74,796.0,1,1,0,0,0,47.3,1.0,0,0,1670.0,1.0,10,16700,0,275000
490000,0.0,0,0,1.0,2102.168,0.0,2,0.0593108974358974,1.0,0,28.4,1248.0,1,1,0,0,0,74.02,0.0,0,0,10000.0,1.0,7,70000,0,680000
79670,0.0,0,0,0.0,1733.469,0.0,1,0.0694569757727652,1.0,0,20.85,1197.0,1,1,0,0,0,83.14,1.0,0,0,796.7,1.0,10,7967,0,600000
140000,0.0,0,0,0.0,1799.6,0.0,1,0.0683375104427736,1.0,0,22.0,1197.0,1,1,0,0,0,81.8,1.0,0,0,2857.1428571428573,1.0,7,20000,0,720000
700000,0.0,0,0,1.0,1595.685,0.0,1,0.0655689102564102,1.0,0,19.5,1248.0,1,1,0,0,0,81.83,0.0,0,0,3571.428571428572,1.0,14,50000,0,295000
86904,0.0,0,0,0.0,1341.561,0.0,1,0.0667083854818523,1.0,0,25.17,799.0,0,1,1,0,0,53.3,1.0,0,0,1072.888888888889,1.0,9,9656,0,356000
700000,0.0,0,0,0.0,1348.0704999999998,0.0,1,0.0626611418047882,1.0,0,19.81,1086.0,0,1,0,0,0,68.05,1.0,1,0,3571.428571428572,1.0,14,50000,0,225000
102000,0.0,0,1,1.0,2406.572,0.0,1,0.0658411214953271,1.0,0,24.4,1498.0,0,1,0,0,0,98.63,0.0,0,0,2833.333333333333,1.0,6,17000,0,725000
750000,0.0,0,0,0.0,1116.0,0.0,1,0.0623115577889447,1.0,0,18.0,995.0,0,1,0,0,0,62.0,1.0,0,0,3333.333333333333,1.0,15,50000,0,130000
100000,0.0,0,0,0.0,1341.561,0.0,1,0.0667083854818523,1.0,0,25.17,799.0,0,1,1,0,0,53.3,1.0,0,0,1000.0,1.0,10,10000,0,300000
516000,0.0,0,0,0.0,1532.725,0.0,1,0.0692147034252297,1.0,0,18.5,1197.0,0,2,0,0,0,82.85,1.0,1,0,3583.333333333333,1.0,12,43000,0,400000
600000,0.0,0,0,1.0,2084.4500000000003,0.0,1,0.063538681948424,1.0,0,23.5,1396.0,0,1,0,0,0,88.7,0.0,1,0,4166.666666666667,1.0,12,50000,0,550000
1710000,0.0,0,0,0.0,1266.3,0.0,1,0.0671342685370741,1.0,0,18.9,998.0,1,2,0,0,0,67.0,1.0,0,0,4736.8421052631575,1.0,19,90000,0,120000
30000,0.0,0,0,0.0,1734.978,0.0,1,0.0683375104427736,1.0,0,21.21,1197.0,1,1,0,0,0,81.8,1.0,0,0,833.3333333333334,1.0,6,5000,0,610000
617481,0.0,0,1,1.0,2039.368,0.0,2,0.059973297730307,1.0,0,22.7,1498.0,0,1,0,0,0,89.84,0.0,0,0,7623.222222222223,0.0,9,68609,0,515000
233520,0.0,0,1,1.0,2244.8943,0.0,1,0.0658144192256341,1.0,0,22.77,1498.0,0,1,0,0,0,98.59,0.0,0,0,4765.714285714285,0.0,7,33360,0,925000
85902,0.0,0,0,0.0,1487.7465,0.0,1,0.0697930574098798,1.0,1,14.23,1498.0,0,1,0,0,0,104.55,1.0,0,0,2386.1666666666665,0.0,6,14317,0,860000
1134081,0.0,0,1,1.0,1361.0,0.0,2,0.0486418870621872,1.0,0,20.0,1399.0,0,2,0,0,0,68.05,0.0,0,0,6710.538461538462,0.0,13,87237,0,225000
503680,0.0,0,1,1.0,2557.17,0.0,2,0.0660881174899866,1.0,0,25.83,1498.0,0,1,0,0,0,99.0,0.0,0,0,7870.0,0.0,8,62960,0,500000
213072,0.0,0,0,0.0,1734.978,0.0,1,0.0683375104427736,0.0,0,21.21,1197.0,1,1,0,0,0,81.8,1.0,0,0,3329.25,0.0,8,26634,0,600000
2128360,0.0,0,1,1.0,1258.0,0.0,2,0.0486061472480343,1.0,0,18.5,1399.0,0,1,0,0,0,68.0,0.0,0,0,12593.846153846154,0.0,13,163720,0,195000
883974,0.0,0,0,0.0,1268.1899999999998,0.0,2,0.0672344689378757,1.0,0,18.9,998.0,1,1,0,0,0,67.1,1.0,0,0,5230.615384615385,0.0,13,67998,0,265000
144942,0.0,0,1,1.0,2347.394,0.0,1,0.065797198132088,1.0,0,23.8,1499.0,0,1,0,0,0,98.63,0.0,0,0,2958.0,0.0,7,20706,0,650000
1005810,0.0,0,1,1.0,2557.17,0.0,2,0.0660881174899866,1.0,0,25.83,1498.0,0,1,0,0,0,99.0,0.0,0,0,10058.1,0.0,10,100581,0,415000
673030,0.0,0,0,1.0,1713.7099999999998,0.0,2,0.0573579739904175,1.0,0,20.45,1461.0,0,1,1,0,0,83.8,0.0,0,0,6730.3,0.0,10,67303,0,600000
949668,0.0,0,0,0.0,1587.3,0.0,2,0.0716791979949874,1.0,0,18.5,1197.0,1,1,0,0,0,85.8,1.0,0,0,6594.916666666667,0.0,12,79139,0,340000
932624,0.0,0,0,1.0,1680.0,0.0,2,0.0625,1.0,0,24.0,1120.0,0,1,0,0,0,70.0,0.0,1,0,7707.636363636364,0.0,11,84784,0,350000
1694888,0.0,0,0,1.0,1715.408,0.0,2,0.0592467948717948,1.0,0,23.2,1248.0,1,2,0,0,0,73.94,0.0,0,0,10028.923076923076,0.0,13,130376,0,265000
2159000,0.0,0,0,1.0,1848.0,0.0,2,0.073677160080375,1.0,0,16.8,1493.0,0,2,0,0,0,110.0,0.0,1,0,7470.588235294118,1.0,17,127000,0,245000
1320000,0.0,0,0,1.0,1864.8,0.0,2,0.0592948717948717,1.0,0,25.2,1248.0,1,1,0,0,0,74.0,0.0,0,0,10909.09090909091,1.0,11,120000,0,395000
1800000,0.0,0,0,1.0,1595.685,0.0,2,0.0655689102564102,1.0,0,19.5,1248.0,0,2,0,0,1,81.83,0.0,0,0,8000.0,1.0,15,120000,0,190000
1100000,0.0,0,0,1.0,1732.4,0.0,2,0.0633928571428571,1.0,0,24.4,1120.0,0,1,0,0,0,71.0,0.0,1,0,9090.90909090909,1.0,11,100000,0,490000
1924000,0.0,1,0,1.0,1595.685,0.0,2,0.0655689102564102,1.0,0,19.5,1248.0,0,2,0,0,0,81.83,0.0,0,0,11384.615384615385,1.0,13,148000,0,450000
1320000,0.0,0,0,1.0,1731.6,0.0,2,0.0592948717948717,1.0,0,23.4,1248.0,1,1,0,0,0,74.0,0.0,0,0,9166.666666666666,1.0,12,110000,0,525000
240000,0.0,0,0,0.0,1705.2,0.0,1,0.0700583819849874,1.0,0,20.3,1199.0,0,1,0,0,0,84.0,1.0,0,0,3750.0,1.0,8,30000,1,550000
1320000,0.0,0,0,1.0,1337.0,0.0,2,0.0498220640569395,1.0,0,19.1,1405.0,0,2,0,0,0,70.0,0.0,0,0,10909.09090909091,1.0,11,120000,1,200000
120000,0.0,0,1,0.0,1576.288,0.0,1,0.0725752508361204,1.0,0,18.16,1196.0,0,1,0,0,0,86.8,1.0,0,0,1875.0,1.0,8,15000,0,500000
301500,0.0,0,0,1.0,2093.025,0.0,1,0.0709134615384615,1.0,0,23.65,1248.0,1,1,0,0,0,88.5,0.0,0,0,3722.222222222222,1.0,9,33500,0,825000
100000,0.0,1,0,0.0,1431.008,0.0,1,0.0658312447786132,1.0,0,18.16,1197.0,0,1,0,0,0,78.8,1.0,0,0,1000.0,1.0,10,10000,0,600000
560000,0.0,0,1,1.0,2589.903,0.0,2,0.0662416555407209,1.0,0,26.1,1498.0,0,1,0,0,0,99.23,0.0,0,0,11428.57142857143,1.0,7,80000,0,530000
650000,0.0,0,0,0.0,1683.9199999999998,0.0,1,0.0724540901502504,1.0,0,19.4,1198.0,0,2,0,1,0,86.8,1.0,0,0,3846.153846153846,1.0,13,50000,0,310000
160000,0.0,0,0,0.0,2002.56,0.0,1,0.0700583819849874,1.0,0,23.84,1199.0,0,1,0,0,0,84.0,1.0,0,0,2500.0,1.0,8,20000,1,390000
1050000,0.0,0,0,0.0,1348.0704999999998,0.0,1,0.0626611418047882,1.0,0,19.81,1086.0,0,2,0,0,0,68.05,1.0,1,0,4666.666666666667,1.0,15,70000,0,200000
1067000,0.0,0,0,1.0,2563.6,0.0,2,0.0658210947930574,1.0,0,26.0,1498.0,0,1,0,1,0,98.6,0.0,0,0,8818.181818181818,1.0,11,97000,0,580000
660000,0.0,0,0,0.0,1164.72,0.0,2,0.0678132678132678,1.0,0,21.1,814.0,0,2,0,0,0,55.2,1.0,1,0,5454.545454545455,1.0,11,60000,0,200000
300000,0.0,0,0,0.0,1543.36,0.0,1,0.0707256046705588,1.0,0,18.2,1199.0,0,1,0,0,0,84.8,1.0,0,0,2083.333333333333,1.0,12,25000,0,245000
1410000,0.0,0,0,0.0,1606.404,0.0,2,0.0659147869674185,1.0,0,20.36,1197.0,0,2,0,0,0,78.9,1.0,1,0,6266.666666666667,1.0,15,94000,0,210000
1800000,0.0,0,0,0.0,1447.6,0.0,1,0.0591194968553459,1.0,0,15.4,1590.0,1,2,0,0,0,94.0,1.0,0,0,4500.0,1.0,20,90000,0,50000
210000,0.0,0,0,1.0,1698.3,0.0,2,0.0592948717948717,1.0,0,22.95,1248.0,0,1,0,0,0,74.0,0.0,0,0,5833.333333333333,1.0,6,35000,1,660000
1175000,0.0,0,0,0.0,2041.02,0.0,2,0.0783567134268537,1.0,0,17.4,1497.0,0,2,0,1,0,117.3,1.0,0,0,11750.0,1.0,10,117500,0,630000
56000,0.0,0,0,0.0,1522.038,0.0,1,0.0683625730994152,1.0,0,18.6,1197.0,0,1,0,0,0,81.83,1.0,1,0,1142.857142857143,1.0,7,8000,0,740000
200000,0.0,0,1,0.0,1572.816,0.0,1,0.0725752508361204,1.0,0,18.12,1196.0,0,1,0,0,0,86.8,1.0,0,0,3125.0,1.0,8,25000,0,570000
60000,0.0,0,0,0.0,1507.5,0.0,1,0.067067067067067,1.0,0,22.5,999.0,0,1,0,0,1,67.0,1.0,0,0,1666.6666666666667,1.0,6,10000,0,390000
1120000,0.0,0,1,0.0,1306.4,0.0,1,0.0576080150281778,1.0,0,14.2,1597.0,0,2,0,0,0,92.0,1.0,0,0,4375.0,1.0,16,70000,0,180000
1330000,0.0,0,0,0.0,1380.6,0.0,1,0.0521042084168336,1.0,0,17.7,1497.0,0,2,0,1,0,78.0,1.0,0,0,3684.2105263157896,1.0,19,70000,0,270000
1710000,0.0,0,0,0.0,1434.48,0.0,1,0.0645403377110694,1.0,0,13.9,1599.0,0,3,0,0,0,103.2,1.0,1,0,4736.8421052631575,1.0,19,90000,0,170000
175000,0.0,0,0,0.0,2002.56,0.0,1,0.0700583819849874,1.0,0,23.84,1199.0,0,1,0,0,0,84.0,1.0,0,0,3571.428571428572,1.0,7,25000,1,490000
780000,0.0,0,1,1.0,2084.4500000000003,0.0,1,0.0592122830440587,1.0,0,23.5,1498.0,0,2,0,0,0,88.7,0.0,0,0,4615.384615384615,1.0,13,60000,0,280000
175000,0.0,0,0,0.0,2002.56,0.0,1,0.0700583819849874,1.0,0,23.84,1199.0,0,1,0,0,0,84.0,1.0,0,0,3571.428571428572,1.0,7,25000,1,390000
720000,0.0,0,0,0.0,1075.602,0.0,1,0.0594221105527638,1.0,0,22.74,796.0,1,4,0,0,0,47.3,1.0,0,0,5000.0,1.0,12,60000,0,170000
1190000,0.0,0,0,0.0,1116.0,0.0,1,0.0623115577889447,1.0,0,18.0,995.0,0,1,0,0,0,62.0,1.0,0,0,4117.64705882353,1.0,17,70000,0,45000
1870000,0.0,0,1,1.0,1203.6,0.0,2,0.0486061472480343,1.0,0,17.7,1399.0,0,2,0,0,0,68.0,0.0,0,0,6470.588235294118,1.0,17,110000,0,90000
24000,0.0,0,0,0.0,1734.978,0.0,1,0.0683375104427736,1.0,0,21.21,1197.0,1,1,0,0,0,81.8,1.0,0,0,666.6666666666666,1.0,6,4000,0,630000
700000,0.0,0,0,0.0,1606.404,0.0,1,0.0659147869674185,1.0,0,20.36,1197.0,0,1,0,0,0,78.9,1.0,1,0,3571.428571428572,1.0,14,50000,0,250000
630000,0.0,0,0,0.0,1549.8,0.0,2,0.0685045948203842,1.0,0,18.9,1197.0,0,4,0,0,0,82.0,1.0,1,0,7777.777777777777,1.0,9,70000,0,330000
1120000,0.0,0,0,0.0,1606.404,0.0,1,0.0659147869674185,1.0,0,20.36,1197.0,0,2,0,0,0,78.9,1.0,1,0,4375.0,1.0,16,70000,0,180000
750000,0.0,0,0,0.0,1480.0,0.0,1,0.0668337510442773,1.0,0,18.5,1197.0,0,2,0,0,0,80.0,1.0,1,0,3333.333333333333,1.0,15,50000,0,210000
495000,0.0,0,0,1.0,1967.66,0.0,2,0.0592948717948717,1.0,0,26.59,1248.0,1,1,0,0,0,74.0,0.0,0,0,6111.111111111111,1.0,9,55000,0,550000
25000,0.0,0,0,0.0,1844.5,0.0,1,0.090567612687813,0.0,0,17.0,1198.0,0,1,0,0,0,108.5,1.0,0,0,1000.0,1.0,5,5000,1,950000
253000,0.0,0,0,0.0,1606.404,0.0,1,0.0659147869674185,1.0,0,20.36,1197.0,0,2,0,0,0,78.9,1.0,1,0,2090.909090909091,1.0,11,23000,0,348000
660000,0.0,0,0,0.0,1075.602,0.0,2,0.0594221105527638,1.0,0,22.74,796.0,1,2,0,0,0,47.3,1.0,0,0,5454.545454545455,1.0,11,60000,0,196000
1050000,0.0,0,0,0.0,1266.3,0.0,1,0.063147973609802,1.0,0,18.9,1061.0,1,2,0,0,0,67.0,1.0,0,0,4666.666666666667,1.0,15,70000,0,150000
1640000,0.0,0,0,0.0,1595.685,0.0,1,0.0655689102564102,1.0,0,19.5,1248.0,0,4,0,0,0,81.83,1.0,1,0,4100.0,1.0,20,82000,0,90000
960000,0.0,0,0,0.0,1266.3,0.0,1,0.063147973609802,1.0,0,18.9,1061.0,1,2,0,0,0,67.0,1.0,0,0,3750.0,1.0,16,60000,0,150000
1016937,0.0,0,0,0.0,1084.496,0.0,1,0.0539815590947192,1.0,0,16.84,1193.0,0,1,0,0,0,64.4,1.0,0,0,2817.0,0.0,19,53523,1,110000
732745,0.0,0,0,1.0,1432.272,0.0,1,0.0601495726495726,1.0,0,25.44,936.0,0,1,0,0,0,56.3,0.0,0,0,4335.769230769231,0.0,13,56365,0,175000
693882,0.0,0,0,0.0,1006.02,0.0,1,0.0624120603015075,1.0,0,16.2,995.0,0,1,0,0,0,62.1,1.0,0,0,3540.214285714286,0.0,14,49563,0,160000
963216,0.0,0,0,0.0,912.11,0.0,1,0.0581658291457286,1.0,0,19.7,796.0,1,2,0,0,0,46.3,1.0,0,0,2972.8888888888887,0.0,18,53512,0,120000
1071260,0.0,0,0,0.0,1595.685,0.0,1,0.0655689102564102,1.0,0,19.5,1248.0,0,2,0,0,0,81.83,1.0,1,0,2678.15,0.0,20,53563,0,110000
697995,0.0,0,0,0.0,1268.1899999999998,0.0,1,0.0672344689378757,1.0,0,18.9,998.0,1,1,0,0,0,67.1,1.0,0,0,3102.2,0.0,15,46533,0,220000
1192700,0.0,0,0,0.0,1595.685,0.0,1,0.0655689102564102,1.0,0,19.5,1248.0,1,2,0,0,0,81.83,1.0,0,0,2981.75,0.0,20,59635,0,105000
996744,0.0,0,0,0.0,490.0,0.0,1,0.0439698492462311,1.0,0,14.0,796.0,1,2,0,0,0,35.0,1.0,0,0,3448.9411764705883,0.0,17,58632,0,114999
996744,0.0,0,0,0.0,1595.685,1.0,1,0.0655689102564102,1.0,0,19.5,1248.0,1,2,0,0,0,81.83,0.0,0,0,3448.9411764705883,0.0,17,58632,0,110000
720000,0.0,0,0,0.0,1541.67,0.0,2,0.067067067067067,1.0,0,23.01,999.0,0,1,1,0,0,67.0,1.0,0,0,11250.0,1.0,8,90000,0,265000
1210000,0.0,0,1,0.0,1403.3639999999998,0.0,2,0.0624060150375939,1.0,0,14.09,1596.0,0,2,0,0,0,99.6,1.0,0,0,10000.0,1.0,11,110000,0,450000
1280000,0.0,0,0,0.0,1411.0000000000002,0.0,1,0.0710108604845446,1.0,0,16.6,1197.0,1,1,0,0,0,85.0,1.0,0,0,5000.0,1.0,16,80000,0,270000
1404000,0.0,0,0,0.0,912.11,0.0,1,0.0581658291457286,1.0,0,19.7,796.0,1,1,0,0,0,46.3,1.0,0,0,4333.333333333333,1.0,18,78000,0,130000
500000,0.0,0,0,0.0,1605.8475,0.0,1,0.0671843687374749,1.0,0,23.95,998.0,1,2,0,0,0,67.05,1.0,0,0,5000.0,1.0,10,50000,0,240000
464000,0.0,0,0,0.0,1168.31,0.0,2,0.0594221105527638,1.0,0,24.7,796.0,1,1,0,0,0,47.3,1.0,0,0,7250.0,1.0,8,58000,0,275000
540000,0.0,0,0,0.0,1117.2,0.0,1,0.0660869565217391,1.0,0,14.7,1150.0,0,2,0,0,0,76.0,1.0,0,0,1666.6666666666667,1.0,18,30000,0,65000
175000,0.0,0,0,0.0,1522.038,0.0,1,0.0683625730994152,1.0,0,18.6,1197.0,0,2,0,0,0,81.83,1.0,1,0,3571.428571428572,1.0,7,25000,0,555000
1050000,0.0,0,0,0.0,1127.58075,1.0,1,0.0571823204419889,1.0,0,18.1575,1086.0,0,3,0,0,0,62.1,0.0,1,0,4666.666666666667,1.0,15,70000,0,150000
2208000,0.0,0,0,1.0,1426.2700000000002,0.0,2,0.0592147435897435,1.0,0,19.3,1248.0,1,2,0,0,0,73.9,0.0,0,0,8625.0,1.0,16,138000,0,185000
1050000,0.0,0,0,0.0,1606.404,0.0,1,0.0659147869674185,1.0,0,20.36,1197.0,0,2,0,0,0,78.9,1.0,1,0,4666.666666666667,1.0,15,70000,0,180000
720000,0.0,0,0,0.0,912.11,0.0,1,0.0581658291457286,1.0,0,19.7,796.0,1,2,0,0,0,46.3,1.0,0,0,3200.0,1.0,15,48000,0,160000
968000,0.0,0,0,1.0,1864.8,0.0,2,0.0592948717948717,1.0,0,25.2,1248.0,1,2,0,0,0,74.0,0.0,0,0,8000.0,1.0,11,88000,0,375000
560000,0.0,0,0,0.0,1549.8,0.0,2,0.0685045948203842,1.0,0,18.9,1197.0,0,1,0,0,0,82.0,1.0,1,0,8750.0,1.0,8,70000,0,459999
880000,0.0,0,0,1.0,1713.7099999999998,0.0,2,0.0573579739904175,1.0,0,20.45,1461.0,0,1,1,0,0,83.8,0.0,0,0,7272.727272727273,1.0,11,80000,0,480000
1200000,0.0,0,0,1.0,1694.6,0.0,2,0.0592948717948717,1.0,0,22.9,1248.0,1,3,0,0,0,74.0,0.0,0,0,8333.333333333334,1.0,12,100000,0,320000
1152000,0.0,0,0,1.0,1694.6,0.0,2,0.0592948717948717,1.0,0,22.9,1248.0,1,2,0,0,0,74.0,0.0,0,0,8000.0,1.0,12,96000,0,370000
2464380,0.0,0,0,0.0,1595.685,0.0,2,0.0655689102564102,1.0,0,19.5,1248.0,0,3,0,0,0,81.83,1.0,1,0,6160.95,1.0,20,123219,0,80000
690000,0.0,0,0,0.0,1038.0,0.0,1,0.0604229607250755,1.0,0,17.3,993.0,1,3,0,0,0,60.0,1.0,0,0,1304.3478260869565,1.0,23,30000,0,75000
540000,0.0,0,0,1.0,1715.408,0.0,2,0.0592467948717948,1.0,0,23.2,1248.0,1,3,0,0,0,73.94,0.0,0,0,6666.666666666667,1.0,9,60000,0,400000
1800000,0.0,0,0,0.0,1595.685,0.0,1,0.0655689102564102,0.0,0,19.5,1248.0,0,2,0,1,0,81.83,1.0,0,0,4500.0,1.0,20,90000,0,250000
715000,0.0,0,0,1.0,1864.8,0.0,2,0.0592948717948717,1.0,0,25.2,1248.0,1,1,0,0,0,74.0,0.0,0,0,5909.090909090909,1.0,11,65000,0,425000
528000,0.0,0,0,0.0,1548.6240000000005,0.0,1,0.0671743486973947,1.0,0,23.1,998.0,1,1,0,0,0,67.04,1.0,0,0,4363.636363636364,1.0,11,48000,0,325000
587700,0.0,0,0,0.0,1549.8,0.0,2,0.0685045948203842,1.0,0,18.9,1197.0,0,2,0,0,0,82.0,1.0,1,0,7255.555555555556,1.0,9,65300,0,350000
280000,0.0,0,0,0.0,1522.038,0.0,2,0.0683625730994152,1.0,0,18.6,1197.0,0,1,0,0,0,81.83,1.0,1,0,5714.285714285715,1.0,7,40000,0,600000
780000,0.0,0,0,1.0,1465.344,0.0,1,0.0615384615384615,1.0,0,25.44,936.0,0,2,0,0,0,57.6,0.0,0,0,4615.384615384615,1.0,13,60000,0,120000
910000,0.0,0,0,0.0,1403.732,0.0,2,0.0672344689378757,1.0,0,20.92,998.0,1,2,0,0,0,67.1,1.0,0,0,5384.615384615385,1.0,13,70000,0,200000
1190000,0.0,0,0,0.0,912.11,0.0,1,0.0581658291457286,1.0,0,19.7,796.0,1,3,0,0,0,46.3,1.0,0,0,4117.64705882353,1.0,17,70000,0,100000
770000,0.0,0,0,1.0,1680.0,0.0,2,0.0625,1.0,0,24.0,1120.0,0,2,0,0,0,70.0,0.0,1,0,6363.636363636364,1.0,11,70000,0,350000
2850000,0.0,0,0,0.0,912.11,0.0,2,0.0581658291457286,1.0,0,19.7,796.0,1,2,0,0,0,46.3,1.0,0,0,7894.736842105263,1.0,19,150000,0,85000
60000,0.0,0,0,0.0,1605.8475,0.0,1,0.0671843687374749,1.0,0,23.95,998.0,1,1,0,0,0,67.05,1.0,0,0,1666.6666666666667,1.0,6,10000,0,399000
240000,0.0,0,0,0.0,1217.628,0.0,1,0.0671339173967459,1.0,0,22.7,799.0,0,1,0,0,1,53.64,1.0,0,0,3750.0,1.0,8,30000,0,290000
550000,0.0,0,0,0.0,1549.8,0.0,1,0.0685045948203842,1.0,0,18.9,1197.0,0,2,0,0,0,82.0,1.0,1,0,4545.454545454545,1.0,11,50000,0,380000
1800000,0.0,0,1,1.0,1360.0,0.0,2,0.0486061472480343,1.0,0,20.0,1399.0,0,1,0,0,0,68.0,0.0,0,0,8000.0,1.0,15,120000,0,200000
220000,0.0,0,0,0.0,1547.1539999999998,0.0,1,0.0683876357560568,1.0,0,18.9,1197.0,0,1,0,0,0,81.86,1.0,1,0,3437.5,1.0,8,27500,0,500000
600000,0.0,0,0,1.0,1967.66,0.0,2,0.0592948717948717,1.0,0,26.59,1248.0,1,1,0,0,0,74.0,0.0,0,0,9375.0,1.0,8,75000,0,650000
35000,0.0,0,0,0.0,1541.67,0.0,1,0.067067067067067,1.0,0,23.01,999.0,0,1,1,0,0,67.0,1.0,0,0,714.2857142857143,1.0,7,5000,0,380000
700000,0.0,0,0,1.0,1967.66,0.0,2,0.0592948717948717,1.0,0,26.59,1248.0,1,1,0,0,0,74.0,0.0,0,0,7000.0,1.0,10,70000,0,520000
600000,0.0,0,0,1.0,1967.66,0.0,2,0.0592948717948717,1.0,0,26.59,1248.0,1,1,0,0,0,74.0,0.0,0,0,6000.0,1.0,10,60000,0,610000
2310000,0.0,0,0,0.0,1268.1899999999998,0.0,2,0.0672344689378757,1.0,0,18.9,998.0,1,1,0,0,0,67.1,1.0,0,0,5238.095238095239,1.0,21,110000,0,85000
1140000,0.0,0,0,1.0,1714.548,0.0,2,0.0573579739904175,1.0,0,20.46,1461.0,0,1,1,0,0,83.8,0.0,0,0,7916.666666666667,1.0,12,95000,0,490000
340000,0.0,0,0,0.0,1164.72,0.0,1,0.0678132678132678,1.0,0,21.1,814.0,0,2,0,0,0,55.2,1.0,1,0,3400.0,1.0,10,34000,0,229999
250000,0.0,0,0,0.0,1549.8,0.0,1,0.0685045948203842,1.0,0,18.9,1197.0,0,1,0,0,0,82.0,1.0,1,0,2500.0,1.0,10,25000,0,411000
720000,0.0,0,0,0.0,1827.4923000000003,0.0,3,0.0515886287625418,1.0,0,29.619000000000003,1196.0,1,2,0,0,0,61.7,0.0,0,0,20000.0,1.0,6,120000,0,362000
341000,0.0,1,0,1.0,1581.9454,0.0,1,0.0491642228739002,1.0,0,23.59,1364.0,0,1,0,0,0,67.06,0.0,0,0,2818.181818181818,1.0,11,31000,0,550000
658000,0.0,0,0,0.0,1587.3,0.0,1,0.0716791979949874,1.0,0,18.5,1197.0,1,1,0,0,0,85.8,1.0,0,0,3357.1428571428573,1.0,14,47000,0,190000
30000,0.0,0,0,0.0,1380.4,0.0,1,0.0626151012891344,0.0,0,20.3,1086.0,0,1,0,0,0,68.0,1.0,1,0,833.3333333333334,1.0,6,5000,0,499000
1560000,0.0,1,0,1.0,1582.889,0.0,2,0.0491935483870967,1.0,0,23.59,1364.0,0,2,0,0,0,67.1,0.0,0,0,9230.76923076923,1.0,13,120000,0,278000
433345,0.0,0,0,1.0,1590.0,0.0,1,0.0600961538461538,1.0,0,21.2,1248.0,0,1,0,0,1,75.0,0.0,0,0,3581.3636363636365,1.0,11,39395,0,320000
804000,0.0,0,0,1.0,2213.4,0.0,2,0.0742642026009582,1.0,0,20.4,1461.0,0,2,1,0,0,108.5,0.0,0,0,5583.333333333333,1.0,12,67000,0,580000
280000,0.0,0,0,1.0,2543.88,0.0,2,0.0658210947930574,1.0,0,25.8,1498.0,0,1,0,1,0,98.6,0.0,0,0,5714.285714285715,1.0,7,40000,0,825000
49000,0.0,0,0,0.0,1380.4,0.0,1,0.0626151012891344,1.0,0,20.3,1086.0,0,1,0,0,0,68.0,1.0,1,0,1000.0,1.0,7,7000,0,490000
450000,0.0,0,0,0.0,1428.48,0.0,2,0.0640533778148457,1.0,0,18.6,1199.0,0,1,0,0,0,76.8,1.0,0,0,5555.555555555556,1.0,9,50000,0,210000
1560000,0.0,0,0,1.0,1694.6,0.0,2,0.0592948717948717,1.0,0,22.9,1248.0,1,2,0,0,0,74.0,0.0,0,0,9230.76923076923,1.0,13,120000,0,320000
1440000,0.0,0,0,1.0,1715.408,0.0,2,0.0592467948717948,1.0,0,23.2,1248.0,1,1,0,0,0,73.94,0.0,0,0,10000.0,1.0,12,120000,0,320000
1105000,0.0,1,0,1.0,1868.696,0.0,2,0.0639296187683284,1.0,0,21.43,1364.0,0,1,0,0,0,87.2,0.0,0,0,6538.461538461538,1.0,13,85000,0,600000
650000,0.0,0,0,0.0,1403.732,0.0,1,0.0672344689378757,1.0,0,20.92,998.0,1,1,0,0,0,67.1,1.0,0,0,3846.153846153846,1.0,13,50000,0,275000
944000,0.0,0,0,0.0,912.11,0.0,1,0.0581658291457286,1.0,0,19.7,796.0,1,2,0,0,0,46.3,1.0,0,0,3687.5,1.0,16,59000,0,170000
1274000,0.0,0,0,1.0,1465.344,0.0,2,0.0615384615384615,1.0,0,25.44,936.0,0,1,0,0,0,57.6,0.0,0,0,7538.461538461538,1.0,13,98000,0,155000
1680000,0.0,0,0,1.0,1595.685,0.0,2,0.0655689102564102,1.0,0,19.5,1248.0,1,2,0,0,0,81.83,0.0,0,0,8571.42857142857,1.0,14,120000,0,320000
1400000,0.0,0,0,1.0,1713.7099999999998,0.0,2,0.0573579739904175,1.0,0,20.45,1461.0,0,2,1,0,0,83.8,0.0,0,0,14000.0,1.0,10,140000,0,620000
400000,0.0,0,0,0.0,1547.1539999999998,0.0,2,0.0683876357560568,1.0,0,18.9,1197.0,0,1,0,0,0,81.86,1.0,1,0,6250.0,1.0,8,50000,0,530000
400000,0.0,1,0,1.0,1581.4736,0.0,1,0.049149560117302,1.0,0,23.59,1364.0,0,1,0,0,0,67.04,0.0,0,0,4000.0,1.0,10,40000,0,550000
990000,0.0,0,0,1.0,2563.6,0.0,2,0.0658210947930574,1.0,0,26.0,1498.0,0,1,0,1,0,98.6,0.0,0,0,8181.818181818182,1.0,11,90000,0,600000
990000,0.0,0,0,1.0,2563.6,0.0,2,0.0658210947930574,1.0,0,26.0,1498.0,0,1,0,1,0,98.6,0.0,0,0,8181.818181818182,1.0,11,90000,0,625000
1050000,0.0,0,0,0.0,1008.0,0.0,1,0.0633165829145728,1.0,0,16.0,995.0,0,1,0,0,0,63.0,1.0,0,0,4666.666666666667,1.0,15,70000,0,125000
2325000,0.0,0,0,0.0,1601.15,0.0,2,0.0651324085750315,1.0,0,15.5,1586.0,1,2,0,0,0,103.3,1.0,0,0,10333.333333333334,1.0,15,155000,0,285000
1800000,0.0,0,0,1.0,1207.0,0.0,2,0.0505338078291814,1.0,0,17.0,1405.0,0,1,0,0,0,71.0,0.0,0,0,8000.0,1.0,15,120000,1,180000
600000,0.0,0,0,0.0,1476.84,0.0,1,0.0662218515429524,1.0,0,18.6,1199.0,0,2,0,0,0,79.4,1.0,0,0,2666.6666666666665,1.0,15,40000,0,120000
1430000,0.0,0,0,1.0,1875.456,0.0,2,0.0711538461538461,1.0,0,21.12,1248.0,0,2,0,0,0,88.8,0.0,0,0,8461.538461538461,1.0,13,110000,1,300000
1295000,0.0,0,0,0.0,1403.732,0.0,2,0.0672344689378757,1.0,0,20.92,998.0,1,2,0,0,0,67.1,1.0,0,0,6607.142857142857,1.0,14,92500,0,190000
160000,0.0,0,0,0.0,1168.31,0.0,1,0.0594221105527638,1.0,0,24.7,796.0,1,1,0,0,0,47.3,1.0,0,0,2500.0,1.0,8,20000,0,310000
90000,0.0,0,0,0.0,1341.561,0.0,1,0.0667083854818523,1.0,0,25.17,799.0,0,1,1,0,0,53.3,1.0,0,0,2500.0,1.0,6,15000,0,380000
315000,0.0,0,0,0.0,1217.628,0.0,1,0.0671339173967459,1.0,0,22.7,799.0,0,1,0,0,1,53.64,1.0,0,0,3888.8888888888887,1.0,9,35000,0,260000
256000,0.0,0,0,0.0,1605.8475,0.0,1,0.0671843687374749,1.0,0,23.95,998.0,1,2,0,0,0,67.05,1.0,0,0,4000.0,1.0,8,32000,0,320000
245000,0.0,0,0,0.0,1799.6,0.0,1,0.0683375104427736,1.0,0,22.0,1197.0,1,1,0,0,0,81.8,1.0,0,0,5000.0,1.0,7,35000,0,650000
260000,0.0,0,0,1.0,2102.168,0.0,1,0.0593108974358974,1.0,0,28.4,1248.0,1,2,0,0,0,74.02,0.0,0,0,4062.5,1.0,8,32500,0,651000
84000,0.0,0,0,0.0,1605.8475,0.0,1,0.0671843687374749,0.0,0,23.95,998.0,1,1,0,0,0,67.05,1.0,0,0,2333.333333333333,1.0,6,14000,0,380000
770000,0.0,0,0,1.0,1432.272,0.0,2,0.0601495726495726,1.0,0,25.44,936.0,0,3,0,0,0,56.3,0.0,0,0,6363.636363636364,1.0,11,70000,0,160000
1000000,0.0,0,0,1.0,1864.8,0.0,2,0.0592948717948717,1.0,0,25.2,1248.0,1,1,0,0,0,74.0,0.0,0,0,10000.0,1.0,10,100000,0,405000
880000,0.0,0,0,0.0,1566.2,0.0,2,0.0685045948203842,1.0,0,19.1,1197.0,0,1,0,0,0,82.0,1.0,1,0,7272.727272727273,1.0,11,80000,0,426999
774000,0.0,0,0,1.0,2150.55,0.0,2,0.0709134615384615,1.0,0,24.3,1248.0,1,1,0,0,0,88.5,0.0,0,0,9555.555555555557,1.0,9,86000,0,700000
1170000,0.0,0,0,1.0,1835.072,0.0,2,0.0580424366872005,1.0,1,21.64,1461.0,0,1,0,0,0,84.8,0.0,0,0,6923.076923076923,1.0,13,90000,0,300000
600000,0.0,0,0,1.0,1680.0,0.0,2,0.0625,1.0,0,24.0,1120.0,0,1,0,0,0,70.0,0.0,1,0,6000.0,1.0,10,60000,0,345000
500000,0.0,0,0,0.0,1560.6,0.0,1,0.0723706176961602,1.0,0,18.0,1198.0,0,1,0,1,0,86.7,1.0,0,0,5000.0,1.0,10,50000,0,390000
200000,0.0,0,0,0.0,1382.21,0.0,1,0.0559265442404006,1.0,0,20.63,1198.0,0,1,0,0,1,67.0,1.0,0,0,2000.0,1.0,10,20000,0,275000
385000,0.0,0,0,0.0,1499.68,0.0,1,0.0687239366138448,1.0,0,18.2,1199.0,0,1,0,0,0,82.4,1.0,0,0,3181.818181818182,1.0,11,35000,0,310000
160000,0.0,0,0,0.0,1547.1539999999998,0.0,1,0.0683876357560568,1.0,0,18.9,1197.0,0,1,0,0,0,81.86,1.0,1,0,2500.0,1.0,8,20000,0,500000
840000,0.0,0,0,1.0,1699.4900000000002,0.0,2,0.0616185897435897,1.0,0,22.1,1248.0,0,1,0,0,0,76.9,0.0,0,0,5833.333333333333,1.0,12,70000,0,200000
371000,0.0,0,0,1.0,1772.3200000000002,0.0,2,0.0587449933244325,1.0,0,20.14,1498.0,0,1,0,0,0,88.0,0.0,0,1,7571.428571428572,1.0,7,53000,0,650000
420000,0.0,0,0,1.0,2506.24,0.0,2,0.0653538050734312,1.0,0,25.6,1498.0,0,1,0,1,0,97.9,0.0,0,0,8571.42857142857,1.0,7,60000,0,1031000
490000,0.0,0,0,0.0,1381.415,0.0,2,0.0681863727454909,1.0,0,20.3,998.0,0,1,0,0,0,68.05,1.0,1,0,10000.0,1.0,7,70000,0,330000
24000,0.0,0,0,0.0,1380.4,0.0,1,0.0626151012891344,1.0,0,20.3,1086.0,0,1,0,0,0,68.0,1.0,1,0,666.6666666666666,1.0,6,4000,0,399000
1339000,0.0,0,0,0.0,1606.404,0.0,2,0.0659147869674185,1.0,0,20.36,1197.0,0,1,0,0,0,78.9,1.0,1,0,7923.076923076923,1.0,13,103000,0,250000
160000,0.0,0,0,1.0,1775.28,0.0,1,0.0623693086003372,1.0,0,24.0,1186.0,0,1,0,0,0,73.97,0.0,1,0,2500.0,1.0,8,20000,0,600000
924000,0.0,0,0,1.0,1694.6,0.0,2,0.0592948717948717,1.0,0,22.9,1248.0,1,1,0,0,0,74.0,0.0,0,0,6416.666666666667,1.0,12,77000,0,375000
1170000,0.0,0,0,1.0,2127.944,0.0,2,0.0648310387984981,1.0,0,20.54,1598.0,0,1,0,0,0,103.6,0.0,0,1,6923.076923076923,1.0,13,90000,0,375000
3674000,0.0,0,0,0.0,1268.1899999999998,0.0,2,0.0672344689378757,1.0,0,18.9,998.0,1,2,0,0,0,67.1,1.0,0,0,7590.909090909091,1.0,22,167000,0,55000
693000,0.0,0,0,1.0,1999.9742,0.0,2,0.0635601719197707,1.0,0,22.54,1396.0,0,1,0,0,0,88.73,0.0,1,0,8555.555555555555,1.0,9,77000,0,611000
1210000,0.0,0,0,1.0,2199.76,0.0,2,0.063538681948424,1.0,0,24.8,1396.0,0,2,0,0,0,88.7,0.0,1,0,10000.0,1.0,11,110000,0,459999
1680000,0.0,0,1,1.0,1210.4,0.0,2,0.0486061472480343,1.0,0,17.8,1399.0,0,2,0,0,0,68.0,0.0,0,0,8571.42857142857,1.0,14,120000,0,275000
2380000,0.0,0,0,0.0,995.9598000000004,0.0,2,0.0571823204419889,1.0,0,16.038000000000004,1086.0,0,1,0,0,0,62.1,0.0,1,0,12142.857142857143,1.0,14,170000,0,185000
720000,0.0,0,0,0.0,1116.0,0.0,1,0.0623115577889447,1.0,0,18.0,995.0,0,2,0,0,0,62.0,1.0,0,0,2222.222222222222,1.0,18,40000,0,72000
900000,0.0,0,0,1.0,944.064,0.0,1,0.0378223495702005,1.0,0,17.88,1396.0,0,1,0,0,0,52.8,0.0,0,0,2777.777777777778,1.0,18,50000,1,90000
1250000,0.0,1,0,1.0,1581.7095,0.0,2,0.0491568914956011,1.0,0,23.59,1364.0,0,1,0,0,0,67.05,0.0,0,0,12500.0,1.0,10,125000,0,500000
300000,0.0,0,0,0.0,1549.8,0.0,1,0.0685045948203842,1.0,0,18.9,1197.0,0,1,0,0,0,82.0,1.0,1,0,3000.0,1.0,10,30000,0,511000
880000,0.0,0,0,0.0,1295.02,0.0,1,0.0648391812865497,1.0,0,14.6,1368.0,0,1,0,0,1,88.7,1.0,0,0,3437.5,1.0,16,55000,0,150000
960000,0.0,0,0,0.0,1075.602,0.0,2,0.0594221105527638,1.0,0,22.74,796.0,1,2,0,0,0,47.3,1.0,0,0,6666.666666666667,1.0,12,80000,0,185000
210000,0.0,0,0,0.0,1778.3399999999997,0.0,1,0.0694235588972431,1.0,0,21.4,1197.0,1,1,0,0,0,83.1,1.0,0,0,4285.714285714285,1.0,7,30000,0,550000
28512,0.0,0,0,0.0,1605.8475,0.0,1,0.0671843687374749,1.0,0,23.95,998.0,1,1,0,0,0,67.05,1.0,0,0,445.5,1.0,8,3564,0,325000
800000,0.0,0,0,1.0,1967.66,0.0,2,0.0592948717948717,1.0,0,26.59,1248.0,1,1,0,0,0,74.0,0.0,0,0,8000.0,1.0,10,80000,0,525000
1560000,0.0,0,0,1.0,1725.0,0.0,2,0.0494269340974212,1.0,0,25.0,1396.0,0,1,0,0,0,69.0,0.0,0,0,9230.76923076923,1.0,13,120000,1,300000
1260000,0.0,0,0,0.0,1476.84,0.0,2,0.0662218515429524,1.0,0,18.6,1199.0,0,1,0,0,0,79.4,1.0,0,0,6428.571428571428,1.0,14,90000,0,120000
700000,0.0,0,0,0.0,1112.832,0.0,1,0.0571823204419889,1.0,0,17.92,1086.0,0,3,0,0,0,62.1,1.0,1,0,3571.428571428572,1.0,14,50000,0,170000
630000,0.0,0,0,1.0,1589.0700000000002,0.0,1,0.0494269340974212,1.0,0,23.03,1396.0,0,1,0,0,0,69.0,0.0,0,0,2800.0,1.0,15,42000,1,320000
153000,0.0,0,0,0.0,1548.6240000000005,0.0,1,0.0671743486973947,0.0,0,23.1,998.0,1,1,0,0,0,67.04,1.0,0,0,1888.888888888889,1.0,9,17000,0,350000
280000,0.0,0,0,0.0,1799.6,0.0,2,0.0683375104427736,0.0,0,22.0,1197.0,1,1,0,0,0,81.8,1.0,0,0,5714.285714285715,1.0,7,40000,0,500000
2192000,0.0,0,0,1.0,1190.0,0.0,2,0.0498220640569395,1.0,0,17.0,1405.0,0,2,0,0,0,70.0,0.0,0,0,8562.5,1.0,16,137000,1,135000
140000,0.0,0,0,0.0,1341.561,0.0,1,0.0667083854818523,1.0,0,25.17,799.0,0,1,1,0,0,53.3,1.0,0,0,2857.1428571428573,1.0,7,20000,0,340000
350000,0.0,0,0,0.0,1547.1539999999998,0.0,2,0.0683876357560568,1.0,0,18.9,1197.0,0,2,0,0,0,81.86,1.0,1,0,14000.0,1.0,5,70000,0,330000
682584,0.0,0,0,0.0,1601.15,0.0,1,0.0651324085750315,1.0,0,15.5,1586.0,1,2,0,0,0,103.3,1.0,0,0,3482.5714285714284,1.0,14,48756,0,350000
990000,0.0,0,0,1.0,1732.4,0.0,2,0.0633928571428571,1.0,0,24.4,1120.0,0,1,0,0,0,71.0,0.0,1,0,12222.222222222224,1.0,9,110000,0,400000
883542,0.0,0,1,1.0,1192.6,0.0,2,0.0478913509649749,1.0,0,17.8,1399.0,0,1,0,0,0,67.0,0.0,0,0,7302.0,0.0,11,80322,0,325000
910000,0.0,0,0,1.0,1909.2,0.0,2,0.0711538461538461,1.0,0,21.5,1248.0,1,2,0,0,0,88.8,0.0,0,0,5384.615384615385,1.0,13,70000,0,350000
1170000,0.0,1,0,1.0,1595.685,0.0,2,0.0655689102564102,1.0,0,19.5,1248.0,0,1,0,0,0,81.83,0.0,0,0,6923.076923076923,1.0,13,90000,0,500000
360000,0.0,0,0,0.0,1407.1734,0.0,1,0.0683876357560568,1.0,0,17.19,1197.0,0,1,0,0,0,81.86,1.0,1,0,3600.0,1.0,10,36000,0,500000
162000,0.0,0,0,1.0,1896.406,0.0,1,0.063538681948424,1.0,0,21.38,1396.0,0,1,0,0,0,88.7,0.0,1,0,4500.0,1.0,6,27000,0,1050000
550000,0.0,0,0,1.0,1731.6,0.0,1,0.0592948717948717,1.0,0,23.4,1248.0,1,1,0,0,0,74.0,0.0,0,0,4545.454545454545,1.0,11,50000,0,490000
75000,0.0,0,0,0.0,1122.01,0.0,1,0.0610367892976588,1.0,0,15.37,1196.0,1,1,0,0,0,73.0,1.0,0,0,3000.0,1.0,5,15000,0,415000
720000,0.0,0,0,0.0,1075.602,0.0,1,0.0594221105527638,1.0,0,22.74,796.0,1,2,0,0,0,47.3,1.0,0,0,5000.0,1.0,12,60000,0,190000
840000,0.0,0,0,1.0,2102.168,0.0,3,0.0593108974358974,1.0,0,28.4,1248.0,1,1,0,0,0,74.02,0.0,0,0,17142.85714285714,1.0,7,120000,0,680000
720000,0.0,0,0,0.0,1075.602,0.0,1,0.0594221105527638,1.0,0,22.74,796.0,1,2,0,0,0,47.3,1.0,0,0,5000.0,1.0,12,60000,0,190000
540000,0.0,0,0,0.0,1075.602,0.0,2,0.0594221105527638,1.0,0,22.74,796.0,1,2,0,0,0,47.3,1.0,0,0,6666.666666666667,1.0,9,60000,0,270000
1190000,0.0,0,0,0.0,1348.0704999999998,0.0,1,0.0626611418047882,1.0,0,19.81,1086.0,0,3,0,0,0,68.05,1.0,1,0,4117.64705882353,1.0,17,70000,0,170000
175000,0.0,0,0,0.0,1888.503,0.0,1,0.0663510560815732,1.0,0,20.73,1373.0,1,1,0,0,0,91.1,1.0,0,0,3571.428571428572,1.0,7,25000,0,764000
280000,0.0,0,0,0.0,1168.31,0.0,1,0.0594221105527638,1.0,0,24.7,796.0,1,1,0,0,0,47.3,1.0,0,0,4375.0,1.0,8,35000,0,310000
248000,0.0,0,0,0.0,1164.72,0.0,1,0.0678132678132678,1.0,0,21.1,814.0,0,2,0,0,0,55.2,1.0,1,0,3875.0,1.0,8,31000,0,280000
360000,0.0,0,0,0.0,1549.8,0.0,1,0.0685045948203842,1.0,0,18.9,1197.0,0,1,0,0,0,82.0,1.0,1,0,4444.444444444444,1.0,9,40000,0,450000
1020000,0.0,0,1,0.0,1523.88,0.0,1,0.0624060150375939,1.0,0,15.3,1596.0,0,2,0,0,0,99.6,1.0,0,0,3529.4117647058824,1.0,17,60000,0,285000
1540000,0.0,0,0,1.0,2127.944,0.0,2,0.0648310387984981,1.0,0,20.54,1598.0,0,2,0,0,0,103.6,0.0,0,1,7857.142857142857,1.0,14,110000,0,350000
280000,0.0,0,0,0.0,1778.3399999999997,0.0,1,0.0694235588972431,1.0,0,21.4,1197.0,1,1,0,0,0,83.1,1.0,0,0,4375.0,1.0,8,35000,0,570000
180000,0.0,0,0,0.0,1605.8475,0.0,1,0.0671843687374749,1.0,0,23.95,998.0,1,1,0,0,0,67.05,1.0,0,0,2222.222222222222,1.0,9,20000,0,325000
600000,0.0,0,0,0.0,1522.038,0.0,2,0.0683625730994152,1.0,0,18.6,1197.0,0,1,0,0,0,81.83,1.0,1,0,6000.0,1.0,10,60000,0,480000
113300,0.0,0,0,0.0,1075.602,0.0,1,0.0594221105527638,1.0,0,22.74,796.0,1,1,0,0,0,47.3,1.0,0,0,936.3636363636364,1.0,11,10300,0,185000
18000,0.0,0,0,0.0,1718.6180000000002,0.0,1,0.0683375104427736,1.0,0,21.01,1197.0,1,1,0,0,0,81.8,1.0,0,0,500.0,1.0,6,3000,0,760000
30000,0.0,0,0,0.0,1408.5,0.0,1,0.075075075075075,1.0,0,18.78,999.0,0,1,0,0,0,75.0,1.0,0,1,833.3333333333334,1.0,6,5000,0,570000
2755000,0.0,0,1,0.0,1595.685,0.0,2,0.0655689102564102,1.0,0,19.5,1248.0,0,1,0,0,0,81.83,1.0,0,0,7631.578947368421,1.0,19,145000,0,130000
91000,0.0,0,0,0.0,1778.3399999999997,0.0,1,0.0694235588972431,1.0,0,21.4,1197.0,1,1,0,0,0,83.1,1.0,0,0,1857.142857142857,1.0,7,13000,0,700000
300000,0.0,0,1,0.0,1725.552,0.0,1,0.0736490993995997,0.0,0,15.63,1499.0,0,1,0,0,0,110.4,1.0,0,0,3000.0,1.0,10,30000,0,775000
1500000,0.0,0,0,0.0,1116.0,0.0,2,0.0623115577889447,1.0,0,18.0,995.0,0,2,0,0,0,62.0,1.0,0,0,6666.666666666667,1.0,15,100000,0,140000
360000,0.0,0,0,0.0,1075.602,0.0,1,0.0594221105527638,1.0,0,22.74,796.0,1,1,0,0,0,47.3,1.0,0,0,4444.444444444444,1.0,9,40000,0,220000
400000,0.0,0,0,0.0,1522.038,0.0,2,0.0683625730994152,1.0,0,18.6,1197.0,0,2,0,0,0,81.83,1.0,1,0,6250.0,1.0,8,50000,0,440000
640000,0.0,0,0,1.0,1880.1887,0.0,2,0.0635601719197707,1.0,0,21.19,1396.0,0,1,0,0,0,88.73,0.0,1,0,10000.0,1.0,8,80000,0,650000
240000,0.0,0,0,0.0,1827.4923000000003,0.0,1,0.0515886287625418,1.0,0,29.619000000000003,1196.0,1,1,0,0,0,61.7,0.0,0,0,3750.0,1.0,8,30000,0,380000
1625000,0.0,1,0,1.0,1868.696,0.0,2,0.0639296187683284,1.0,0,21.43,1364.0,0,2,0,0,0,87.2,0.0,0,0,9615.384615384615,1.0,13,125000,0,415000
1430000,0.0,0,0,0.0,1348.0704999999998,0.0,2,0.0626611418047882,1.0,0,19.81,1086.0,0,1,0,0,0,68.05,1.0,1,0,8461.538461538461,1.0,13,110000,0,225000
720000,0.0,0,0,0.0,1549.8,0.0,2,0.0685045948203842,1.0,0,18.9,1197.0,0,2,0,0,0,82.0,1.0,1,0,8888.888888888889,1.0,9,80000,0,400000
2200000,0.0,0,0,0.0,1268.1899999999998,0.0,2,0.0672344689378757,1.0,0,18.9,998.0,1,1,0,0,0,67.1,1.0,0,0,5500.0,1.0,20,110000,0,110000
1235000,0.0,0,0,1.0,1358.0,0.0,2,0.0498220640569395,1.0,0,19.4,1405.0,0,2,0,0,0,70.0,0.0,0,0,7307.692307692308,1.0,13,95000,1,119000
250000,0.0,0,0,1.0,2543.88,0.0,1,0.0658210947930574,1.0,0,25.8,1498.0,0,1,0,1,0,98.6,0.0,0,0,2500.0,1.0,10,25000,0,600000
660000,0.0,0,0,1.0,2040.1,0.0,2,0.0710737179487179,1.0,0,23.0,1248.0,0,2,0,0,0,88.7,0.0,0,0,5454.545454545455,1.0,11,60000,1,280000
1200000,0.0,0,0,0.0,1575.0,0.0,2,0.0657071339173967,1.0,0,15.0,1598.0,0,1,0,0,1,105.0,1.0,0,0,8333.333333333334,1.0,12,100000,0,375000
248000,0.0,0,0,1.0,1878.838,0.0,1,0.0623693086003372,1.0,0,25.4,1186.0,0,1,0,0,0,73.97,0.0,1,0,3875.0,1.0,8,31000,0,620000
960000,0.0,0,0,1.0,1967.66,0.0,2,0.0592948717948717,1.0,0,26.59,1248.0,1,1,0,0,0,74.0,0.0,0,0,15000.0,1.0,8,120000,0,570000
1365000,0.0,0,0,1.0,1426.2700000000002,0.0,2,0.0592147435897435,1.0,0,19.3,1248.0,1,2,0,0,0,73.9,0.0,0,0,8076.923076923077,1.0,13,105000,0,290000
780000,0.0,0,0,1.0,1694.6,0.0,1,0.0592948717948717,1.0,0,22.9,1248.0,1,1,0,0,0,74.0,0.0,0,0,4615.384615384615,1.0,13,60000,0,370000
75000,0.0,0,0,0.0,2058.51,0.0,1,0.0739348370927318,1.0,0,23.26,1197.0,1,1,0,0,0,88.5,1.0,0,0,3000.0,1.0,5,15000,0,550000
1800000,0.0,0,0,0.0,1595.88,0.0,2,0.0716791979949874,1.0,0,18.6,1197.0,1,2,0,0,0,85.8,1.0,0,0,12500.0,1.0,12,150000,0,325000
651000,0.0,0,0,1.0,2702.4619999999995,0.0,2,0.0658411214953271,1.0,0,27.4,1498.0,0,1,0,1,0,98.63,0.0,0,0,13285.714285714286,1.0,7,93000,0,670000
336000,0.0,0,0,0.0,1348.0704999999998,0.0,2,0.0626611418047882,1.0,0,19.81,1086.0,0,2,0,0,0,68.05,1.0,1,0,5250.0,1.0,8,42000,0,385000
1360000,0.0,0,0,0.0,1112.832,0.0,1,0.0571823204419889,1.0,0,17.92,1086.0,0,2,0,0,0,62.1,1.0,1,0,4705.882352941177,1.0,17,80000,0,114999
1350000,0.0,0,0,0.0,1112.832,0.0,2,0.0571823204419889,1.0,0,17.92,1086.0,0,1,0,0,0,62.1,1.0,1,0,6000.0,1.0,15,90000,0,200000
39000,0.0,0,0,1.0,2150.55,0.0,1,0.0709134615384615,0.0,0,24.3,1248.0,1,1,0,0,0,88.5,0.0,0,0,1083.3333333333333,1.0,6,6500,0,860000
420000,0.0,0,0,1.0,2026.86,0.0,2,0.0592948717948717,1.0,0,27.39,1248.0,1,1,0,0,0,74.0,0.0,0,0,8571.42857142857,1.0,7,60000,0,600000
990000,0.0,0,0,0.0,1605.8475,0.0,2,0.0671843687374749,1.0,0,23.95,998.0,1,1,0,0,0,67.05,1.0,0,0,12222.222222222224,1.0,9,110000,0,265000
360000,0.0,0,0,1.0,2221.35,0.0,2,0.0709134615384615,1.0,0,25.1,1248.0,1,1,0,0,0,88.5,0.0,0,0,10000.0,1.0,6,60000,0,900000
1040000,0.0,0,0,0.0,1075.602,0.0,2,0.0594221105527638,1.0,0,22.74,796.0,1,1,0,0,0,47.3,1.0,0,0,6153.846153846154,1.0,13,80000,0,180000
684000,0.0,0,0,0.0,1164.72,0.0,1,0.0678132678132678,1.0,0,21.1,814.0,0,1,0,0,0,55.2,1.0,1,0,4750.0,1.0,12,57000,0,200000
1100000,0.0,0,0,0.0,1348.0704999999998,0.0,2,0.0626611418047882,1.0,0,19.81,1086.0,0,1,0,0,0,68.05,1.0,1,0,9090.90909090909,1.0,11,100000,0,300000
440000,0.0,0,0,0.0,1075.602,0.0,1,0.0594221105527638,1.0,0,22.74,796.0,1,1,0,0,0,47.3,1.0,0,0,3636.363636363637,1.0,11,40000,0,267000
990000,0.0,0,0,0.0,1549.8,0.0,2,0.0685045948203842,1.0,0,18.9,1197.0,0,2,0,0,0,82.0,1.0,1,0,8181.818181818182,1.0,11,90000,0,400000
1440000,0.0,0,1,0.0,1403.3639999999998,0.0,2,0.0624060150375939,1.0,0,14.09,1596.0,0,1,0,0,0,99.6,1.0,0,0,10000.0,1.0,12,120000,0,350000
880000,0.0,0,0,0.0,1605.8475,0.0,2,0.0671843687374749,1.0,0,23.95,998.0,1,2,0,0,0,67.05,1.0,0,0,7272.727272727273,1.0,11,80000,0,240000
880000,0.0,0,0,1.0,1317.4009,0.0,2,0.0491174377224199,1.0,0,19.09,1405.0,0,2,0,0,0,69.01,0.0,0,0,7272.727272727273,1.0,11,80000,1,185000
400000,0.0,0,0,0.0,1164.72,0.0,2,0.0678132678132678,1.0,0,21.1,814.0,0,1,0,0,0,55.2,1.0,1,0,6250.0,1.0,8,50000,0,250000
1600000,0.0,0,0,0.0,912.11,0.0,2,0.0581658291457286,1.0,0,19.7,796.0,1,1,0,0,0,46.3,1.0,0,0,6250.0,1.0,16,100000,0,135000
544000,0.0,0,0,0.0,2002.56,0.0,2,0.0700583819849874,1.0,0,23.84,1199.0,0,2,0,0,0,84.0,1.0,0,0,8500.0,1.0,8,68000,1,328000
1700000,0.0,0,0,0.0,1266.3,0.0,2,0.063147973609802,1.0,0,18.9,1061.0,1,3,0,0,0,67.0,1.0,0,0,5882.35294117647,1.0,17,100000,0,105000
1360000,0.0,0,0,0.0,912.11,0.0,1,0.0581658291457286,1.0,0,19.7,796.0,1,3,0,0,0,46.3,1.0,0,0,4705.882352941177,1.0,17,80000,0,112999
1200000,0.0,0,0,1.0,1337.0,0.0,2,0.0498220640569395,1.0,0,19.1,1405.0,0,2,0,0,0,70.0,0.0,0,0,12000.0,1.0,10,120000,1,229999
1950000,0.0,0,1,1.0,1360.0,0.0,2,0.0486061472480343,1.0,0,20.0,1399.0,0,1,0,0,0,68.0,0.0,0,0,11538.46153846154,1.0,13,150000,0,325000
160000,0.0,0,0,0.0,1522.038,0.0,1,0.0683625730994152,1.0,0,18.6,1197.0,0,1,0,0,0,81.83,1.0,1,0,2500.0,1.0,8,20000,0,650000
1280000,0.0,0,0,1.0,1190.0,0.0,1,0.0498220640569395,1.0,0,17.0,1405.0,0,2,0,0,0,70.0,0.0,0,0,5000.0,1.0,16,80000,1,85000
1340000,0.0,0,0,1.0,1864.8,0.0,2,0.0592948717948717,1.0,0,25.2,1248.0,1,1,0,0,0,74.0,0.0,0,0,13400.0,1.0,10,134000,0,525000
1080000,0.0,0,0,0.0,1532.725,0.0,2,0.0692147034252297,1.0,0,18.5,1197.0,0,2,0,0,0,82.85,1.0,1,0,7500.0,1.0,12,90000,0,350000
1080000,0.0,0,0,0.0,1411.0000000000002,0.0,1,0.0710108604845446,1.0,0,16.6,1197.0,1,1,0,0,0,85.0,1.0,0,0,3333.333333333333,1.0,18,60000,0,250000
177600,0.0,0,0,1.0,1999.9742,0.0,1,0.0635601719197707,1.0,0,22.54,1396.0,0,1,0,0,0,88.73,0.0,1,0,2775.0,1.0,8,22200,0,650000
42000,0.0,0,0,0.0,1547.1539999999998,0.0,1,0.0683876357560568,1.0,0,18.9,1197.0,0,1,0,0,0,81.86,1.0,1,0,857.1428571428571,1.0,7,6000,0,520000
288000,0.0,0,0,0.0,1668.7199999999998,0.0,1,0.0683375104427736,1.0,0,20.4,1197.0,1,1,0,0,0,81.8,1.0,0,0,3555.555555555556,1.0,9,32000,0,500000
810000,0.0,0,0,0.0,1341.561,0.0,2,0.0667083854818523,1.0,0,25.17,799.0,0,1,1,0,0,53.3,1.0,0,0,10000.0,1.0,9,90000,0,220000
624000,0.0,0,0,1.0,2485.965,0.0,2,0.0709134615384615,1.0,0,28.09,1248.0,1,3,0,0,0,88.5,0.0,0,0,9750.0,1.0,8,78000,0,650000
96000,0.0,0,0,0.0,1552.25,0.0,1,0.0739783152627189,1.0,0,17.5,1199.0,0,1,0,1,0,88.7,1.0,0,0,1500.0,1.0,8,12000,0,819999
1080000,0.0,0,0,1.0,1665.106,0.0,2,0.0573579739904175,1.0,0,19.87,1461.0,0,1,1,0,0,83.8,0.0,0,0,13333.333333333334,1.0,9,120000,0,645000
1870000,0.0,0,0,0.0,1380.6,0.0,2,0.0521042084168336,1.0,0,17.7,1497.0,0,2,0,1,0,78.0,1.0,0,0,6470.588235294118,1.0,17,110000,0,215000
140000,0.0,0,0,0.0,912.11,0.0,1,0.0581658291457286,1.0,0,19.7,796.0,1,1,0,0,0,46.3,1.0,0,0,714.2857142857143,1.0,14,10000,0,114999
156000,0.0,0,0,0.0,1084.496,0.0,1,0.0539815590947192,1.0,0,16.84,1193.0,0,1,0,0,0,64.4,1.0,0,0,923.0769230769232,1.0,13,12000,1,75000
840000,0.0,0,0,0.0,1476.84,0.0,1,0.0662218515429524,1.0,0,18.6,1199.0,0,1,0,0,0,79.4,1.0,0,0,4285.714285714285,1.0,14,60000,0,120000
369000,0.0,0,0,0.0,1341.561,0.0,1,0.0667083854818523,1.0,0,25.17,799.0,0,1,1,0,0,53.3,1.0,0,0,4555.555555555556,1.0,9,41000,0,250000
300000,0.0,0,0,0.0,1566.2,0.0,1,0.0685045948203842,1.0,0,19.1,1197.0,0,1,0,0,0,82.0,1.0,1,0,3000.0,1.0,10,30000,0,380000
350000,0.0,0,0,1.0,2543.88,0.0,2,0.0658210947930574,1.0,0,25.8,1498.0,0,1,0,1,0,98.6,0.0,0,0,7142.857142857143,1.0,7,50000,0,560000
70000,0.0,0,0,0.0,1708.802,0.0,1,0.0683375104427736,1.0,0,20.89,1197.0,1,1,0,0,0,81.8,1.0,0,0,1428.571428571429,1.0,7,10000,0,575000
320000,0.0,0,0,1.0,1967.66,0.0,1,0.0592948717948717,1.0,0,26.59,1248.0,1,1,0,0,0,74.0,0.0,0,0,5000.0,1.0,8,40000,0,635000
720000,0.0,0,0,1.0,2138.634,0.0,2,0.0742299794661191,1.0,0,19.72,1461.0,0,1,1,0,0,108.45,0.0,0,0,8888.888888888889,1.0,9,80000,0,650000
560000,0.0,0,1,1.0,2557.17,0.0,2,0.0660881174899866,1.0,0,25.83,1498.0,0,2,0,0,0,99.0,0.0,0,0,8750.0,1.0,8,70000,0,550000
2400000,0.0,0,0,1.0,1559.2900000000002,0.0,2,0.0592147435897435,1.0,0,21.1,1248.0,1,3,0,0,0,73.9,0.0,0,0,9375.0,1.0,16,150000,0,145000
1800000,0.0,0,0,1.0,1127.0,0.0,2,0.0498220640569395,1.0,0,16.1,1405.0,0,3,0,0,0,70.0,0.0,0,0,5555.555555555556,1.0,18,100000,1,130000
350000,0.0,0,0,1.0,2150.55,0.0,2,0.0709134615384615,1.0,0,24.3,1248.0,1,1,0,0,0,88.5,0.0,0,0,7142.857142857143,0.0,7,50000,0,875000
729000,0.0,0,0,1.0,2485.965,0.0,2,0.0709134615384615,1.0,0,28.09,1248.0,1,2,0,0,0,88.5,0.0,0,0,9000.0,0.0,9,81000,0,650000
672000,0.0,0,0,1.0,1635.4,0.0,1,0.0592948717948717,1.0,0,22.1,1248.0,0,1,0,0,0,74.0,0.0,0,0,4666.666666666667,0.0,12,56000,0,246000
720000,0.0,0,0,1.0,2436.161,0.0,1,0.0658411214953271,1.0,0,24.7,1498.0,0,2,0,1,0,98.63,0.0,0,0,5000.0,0.0,12,60000,0,325000
430010,0.0,0,0,1.0,2418.522,0.0,1,0.0724966622162883,1.0,0,22.27,1498.0,0,1,0,0,0,108.6,0.0,0,1,4300.1,0.0,10,43001,0,560000
54000,0.0,0,0,0.0,1450.0752,0.0,1,0.0671743486973947,0.0,0,21.63,998.0,1,1,0,0,0,67.04,1.0,0,0,1500.0,0.0,6,9000,0,470000
715000,0.0,0,0,1.0,1317.4009,0.0,2,0.0491174377224199,1.0,0,19.09,1405.0,0,1,0,0,0,69.01,0.0,0,0,5909.090909090909,0.0,11,65000,1,221000
1207200,0.0,0,0,1.0,1714.548,0.0,2,0.0573579739904175,1.0,0,20.46,1461.0,0,3,1,0,0,83.8,0.0,0,0,8383.333333333334,1.0,12,100600,0,550000
1260000,0.0,0,0,1.0,1731.6,0.0,2,0.0592948717948717,1.0,0,23.4,1248.0,1,3,0,0,0,74.0,0.0,0,0,8750.0,1.0,12,105000,0,480000
900000,0.0,0,0,0.0,1810.38,0.0,1,0.0716791979949874,1.0,0,21.1,1197.0,1,2,0,0,0,85.8,1.0,0,0,4000.0,1.0,15,60000,0,320000
1300000,0.0,0,0,0.0,1587.3,0.0,2,0.0716791979949874,1.0,0,18.5,1197.0,1,2,0,0,0,85.8,1.0,0,0,7692.307692307692,1.0,13,100000,0,360000
2100000,0.0,0,0,0.0,1595.685,0.0,1,0.0655689102564102,0.0,0,19.5,1248.0,0,2,0,0,0,81.83,1.0,1,0,4761.9047619047615,1.0,21,100000,0,130000
1080000,0.0,0,0,1.0,1999.9742,0.0,2,0.0635601719197707,1.0,0,22.54,1396.0,0,1,0,0,0,88.73,0.0,1,0,13333.333333333334,1.0,9,120000,0,725000
2035000,0.0,0,0,1.0,1462.5,0.0,3,0.0600961538461538,1.0,0,19.5,1248.0,0,3,0,0,1,75.0,0.0,0,0,16818.18181818182,1.0,11,185000,0,280000
1876000,0.0,0,0,1.0,1630.9730000000002,0.0,2,0.0616346955796497,1.0,0,22.07,1199.0,0,2,0,0,0,73.9,0.0,0,1,9571.42857142857,1.0,14,134000,0,325000
1320000,0.0,0,1,1.0,1361.0,0.0,2,0.0486418870621872,1.0,0,20.0,1399.0,0,3,0,0,0,68.05,0.0,0,0,10909.09090909091,1.0,11,120000,0,320000
840000,0.0,0,0,0.0,1547.1539999999998,0.0,3,0.0683876357560568,1.0,0,18.9,1197.0,0,1,0,0,0,81.86,1.0,1,0,17142.85714285714,1.0,7,120000,0,500000
1080000,0.0,0,0,1.0,1715.408,0.0,2,0.0592467948717948,1.0,0,23.2,1248.0,1,3,0,0,0,73.94,0.0,0,0,13333.333333333334,1.0,9,120000,0,350000
1246000,0.0,0,0,1.0,2070.0,0.0,2,0.0644699140401146,1.0,0,23.0,1396.0,0,1,0,0,0,90.0,0.0,1,0,6357.142857142857,1.0,14,89000,0,470000
1920000,0.0,0,0,1.0,1248.0,0.0,2,0.0444900752908966,1.0,0,19.2,1461.0,0,3,0,0,1,65.0,0.0,0,0,7500.0,1.0,16,120000,0,125000
600000,0.0,0,0,1.0,2543.88,0.0,1,0.0658210947930574,1.0,0,25.8,1498.0,0,1,0,1,0,98.6,0.0,0,0,4166.666666666667,1.0,12,50000,0,484999
105000,0.0,0,0,0.0,1168.31,0.0,1,0.0594221105527638,1.0,0,24.7,796.0,1,1,0,0,0,47.3,1.0,0,0,2142.8571428571427,1.0,7,15000,0,308000
78000,0.0,0,0,0.0,1547.1539999999998,0.0,1,0.0683876357560568,1.0,0,18.9,1197.0,0,1,0,0,0,81.86,1.0,1,0,2166.6666666666665,1.0,6,13000,0,570000
600000,0.0,0,0,1.0,1595.685,0.0,1,0.0655689102564102,1.0,0,19.5,1248.0,0,2,0,0,1,81.83,0.0,0,0,1500.0,1.0,20,30000,0,400000
196000,0.0,0,0,0.0,1734.978,0.0,1,0.0683375104427736,0.0,0,21.21,1197.0,1,1,0,0,0,81.8,1.0,0,0,4000.0,1.0,7,28000,0,680000
560000,0.0,0,0,1.0,2102.168,0.0,2,0.0593108974358974,1.0,0,28.4,1248.0,1,1,0,0,0,74.02,0.0,0,0,8750.0,1.0,8,70000,0,700000
990000,0.0,0,0,0.0,1164.72,0.0,2,0.0678132678132678,1.0,0,21.1,814.0,0,1,0,0,0,55.2,1.0,1,0,8181.818181818182,1.0,11,90000,0,280000
1800000,0.0,0,0,1.0,1207.0,0.0,2,0.0505338078291814,1.0,0,17.0,1405.0,0,2,0,0,0,71.0,0.0,0,0,8000.0,1.0,15,120000,1,125000
1600000,0.0,0,1,1.0,1595.685,0.0,2,0.0655689102564102,1.0,0,19.5,1248.0,0,3,0,0,0,81.83,0.0,0,0,6250.0,1.0,16,100000,0,130000
1440000,0.0,0,0,1.0,2127.944,0.0,2,0.0648310387984981,1.0,0,20.54,1598.0,0,2,0,0,0,103.6,0.0,0,1,10000.0,1.0,12,120000,0,400000
913000,0.0,0,0,1.0,1999.9742,0.0,2,0.0635601719197707,1.0,0,22.54,1396.0,0,2,0,0,0,88.73,0.0,1,0,7545.454545454545,1.0,11,83000,0,475000
880000,0.0,0,1,0.0,1306.4,0.0,1,0.0576080150281778,1.0,0,14.2,1597.0,0,3,0,0,0,92.0,1.0,0,0,1818.1818181818185,1.0,22,40000,0,150000
200000,0.0,0,0,0.0,1168.31,0.0,1,0.0594221105527638,1.0,0,24.7,796.0,1,2,0,0,0,47.3,1.0,0,0,3125.0,1.0,8,25000,0,285000
350000,0.0,0,0,1.0,1775.28,0.0,2,0.0623693086003372,1.0,0,24.0,1186.0,0,1,0,0,0,73.97,0.0,1,0,7142.857142857143,1.0,7,50000,0,650000
780000,0.0,0,0,0.0,1255.9,0.0,1,0.0662324649298597,1.0,0,19.0,998.0,1,1,0,0,0,66.1,1.0,0,0,4615.384615384615,1.0,13,60000,0,275000
1470000,0.0,0,0,1.0,1248.0,0.0,2,0.0444900752908966,1.0,0,19.2,1461.0,0,2,0,0,1,65.0,0.0,0,0,7500.0,1.0,14,105000,0,229999
200000,0.0,0,0,0.0,1605.8475,0.0,1,0.0671843687374749,1.0,0,23.95,998.0,1,1,0,0,0,67.05,1.0,0,0,2000.0,1.0,10,20000,0,300000
1200000,0.0,0,0,1.0,2319.585,0.0,2,0.0709134615384615,1.0,0,26.21,1248.0,1,2,0,0,0,88.5,0.0,0,0,12000.0,1.0,10,120000,0,600000
560000,0.0,0,0,1.0,2026.86,0.0,2,0.0592948717948717,1.0,0,27.39,1248.0,1,1,0,0,0,74.0,0.0,0,0,8750.0,1.0,8,70000,0,800000
720000,0.0,0,0,1.0,1925.808,0.0,2,0.0580424366872005,1.0,1,22.71,1461.0,0,2,0,0,0,84.8,0.0,0,0,11250.0,1.0,8,90000,0,580000
525000,0.0,0,0,0.0,1705.2,0.0,2,0.0700583819849874,1.0,0,20.3,1199.0,0,1,0,0,0,84.0,1.0,0,0,10714.285714285714,1.0,7,75000,1,450000
1210000,0.0,0,0,1.0,2543.88,0.0,2,0.0658210947930574,1.0,0,25.8,1498.0,0,1,0,1,0,98.6,0.0,0,0,10000.0,1.0,11,110000,0,530000
120000,0.0,0,0,1.0,2130.24,0.0,1,0.0635816618911174,1.0,0,24.0,1396.0,0,1,0,0,0,88.76,0.0,1,0,3333.333333333333,1.0,6,20000,0,960000
1760000,0.0,0,0,0.0,2006.0,0.0,2,0.0788243152972612,1.0,0,17.0,1497.0,0,3,0,1,0,118.0,1.0,0,0,6875.0,1.0,16,110000,0,290000
416000,0.0,0,0,0.0,1449.21,0.0,2,0.0671342685370741,1.0,0,21.63,998.0,1,1,0,0,0,67.0,1.0,0,0,6500.0,1.0,8,52000,0,400000
720000,0.0,0,0,1.0,2150.55,0.0,2,0.0709134615384615,1.0,0,24.3,1248.0,1,1,0,0,0,88.5,0.0,0,0,11250.0,1.0,8,90000,0,700000
1170000,0.0,0,0,1.0,2127.944,0.0,2,0.0648310387984981,1.0,0,20.54,1598.0,0,1,0,0,0,103.6,0.0,0,1,6923.076923076923,1.0,13,90000,0,361000
636000,0.0,0,0,1.0,1943.844,0.0,1,0.0635816618911174,1.0,0,21.9,1396.0,0,2,0,0,0,88.76,0.0,1,0,4416.666666666667,1.0,12,53000,0,390000
2340000,0.0,0,0,1.0,1380.0,0.0,2,0.0600961538461538,1.0,0,18.4,1248.0,0,1,0,0,0,75.0,0.0,0,0,13846.153846153846,1.0,13,180000,1,200000
636000,0.0,0,0,1.0,1694.6,0.0,1,0.0592948717948717,1.0,0,22.9,1248.0,1,1,0,0,0,74.0,0.0,0,0,4416.666666666667,1.0,12,53000,0,500000
708400,0.0,0,0,0.0,912.11,0.0,1,0.0581658291457286,1.0,0,19.7,796.0,1,1,0,0,0,46.3,1.0,0,0,3614.285714285714,1.0,14,50600,0,200000
500000,0.0,0,1,0.0,1749.84,0.0,1,0.0736490993995997,1.0,0,15.85,1499.0,0,1,0,0,0,110.4,1.0,0,0,5000.0,1.0,10,50000,0,680000
624000,0.0,0,0,0.0,1168.31,0.0,1,0.0594221105527638,1.0,0,24.7,796.0,1,1,0,0,0,47.3,1.0,0,0,4333.333333333333,0.0,12,52000,0,235000
616000,0.0,0,0,1.0,2474.86,0.0,2,0.0658210947930574,1.0,0,25.1,1498.0,0,2,0,1,0,98.6,0.0,0,0,5090.909090909091,1.0,11,56000,0,630000
574000,0.0,0,1,1.0,2557.17,0.0,2,0.0660881174899866,1.0,0,25.83,1498.0,0,1,0,0,0,99.0,0.0,0,0,11714.285714285714,1.0,7,82000,0,640000
1331000,0.0,0,0,0.0,1566.2,0.0,2,0.0685045948203842,1.0,0,19.1,1197.0,0,1,0,0,0,82.0,1.0,1,0,11000.0,0.0,11,121000,0,355000
840000,0.0,0,0,1.0,1731.6,0.0,3,0.0592948717948717,1.0,0,23.4,1248.0,1,1,0,0,0,74.0,0.0,0,0,17142.85714285714,1.0,7,120000,0,580000
1283520,0.0,0,1,1.0,1258.0,0.0,2,0.0486061472480343,1.0,0,18.5,1399.0,0,1,0,0,0,68.0,0.0,0,0,5704.533333333334,0.0,15,85568,0,185000
60000,0.0,0,0,0.0,1778.3399999999997,0.0,1,0.0694235588972431,0.0,0,21.4,1197.0,1,1,0,0,0,83.1,1.0,0,0,1666.6666666666667,1.0,6,10000,0,660000
110000,0.0,0,0,0.0,1381.415,0.0,1,0.0681863727454909,1.0,0,20.3,998.0,0,1,0,0,0,68.05,1.0,1,0,909.0909090909092,1.0,11,10000,0,220000
1080000,0.0,0,0,0.0,1112.832,0.0,1,0.0571823204419889,1.0,0,17.92,1086.0,0,4,0,0,0,62.1,1.0,1,0,3333.333333333333,1.0,18,60000,0,150000
60000,0.0,0,0,0.0,1734.978,0.0,1,0.0683375104427736,1.0,0,21.21,1197.0,1,1,0,0,0,81.8,1.0,0,0,1666.6666666666667,1.0,6,10000,0,509999
80500,0.0,0,0,0.0,1605.8475,0.0,1,0.0671843687374749,1.0,0,23.95,998.0,1,1,0,0,0,67.05,1.0,0,0,1642.857142857143,1.0,7,11500,0,375000
90000,0.0,0,0,1.0,1960.27,0.0,1,0.063538681948424,1.0,0,22.1,1396.0,0,1,0,0,0,88.7,0.0,1,0,2500.0,1.0,6,15000,0,950000
320000,0.0,0,0,1.0,1967.66,0.0,1,0.0592948717948717,1.0,0,26.59,1248.0,1,1,0,0,0,74.0,0.0,0,0,3200.0,1.0,10,32000,0,615000
700000,0.0,0,0,0.0,1595.88,0.0,1,0.0716791979949874,1.0,0,18.6,1197.0,1,1,0,0,0,85.8,1.0,0,0,3571.428571428572,1.0,14,50000,0,275000
80000,0.0,0,0,0.0,1122.01,0.0,1,0.0610367892976588,1.0,0,15.37,1196.0,1,1,0,0,0,73.0,1.0,0,0,1250.0,1.0,8,10000,0,400000
90000,0.0,0,0,1.0,2221.35,0.0,1,0.0709134615384615,1.0,0,25.1,1248.0,1,1,0,0,0,88.5,0.0,0,0,2500.0,1.0,6,15000,0,930000
1300000,0.0,0,0,0.0,1638.78,0.0,2,0.0716791979949874,1.0,0,19.1,1197.0,1,1,0,0,0,85.8,1.0,0,0,7692.307692307692,1.0,13,100000,0,310000
1560000,0.0,1,0,1.0,1595.685,0.0,2,0.0655689102564102,1.0,0,19.5,1248.0,0,1,0,0,0,81.83,0.0,0,0,9230.76923076923,1.0,13,120000,0,320000
840000,0.0,0,0,1.0,1731.6,0.0,2,0.0592948717948717,1.0,0,23.4,1248.0,1,2,0,0,0,74.0,0.0,0,0,5833.333333333333,1.0,12,70000,0,356000
384000,0.0,0,0,0.0,1953.84,0.0,1,0.077688710754843,1.0,0,16.8,1497.0,0,1,0,1,0,116.3,1.0,0,0,2666.6666666666665,1.0,12,32000,0,500000
245000,0.0,0,0,0.0,2002.56,0.0,1,0.0700583819849874,1.0,0,23.84,1199.0,0,2,0,0,0,84.0,1.0,0,0,5000.0,1.0,7,35000,1,409999
300000,0.0,0,0,1.0,2150.55,0.0,2,0.0709134615384615,1.0,0,24.3,1248.0,1,1,0,0,0,88.5,0.0,0,0,8333.333333333334,1.0,6,50000,0,980000
18600,0.0,0,0,0.0,1614.34,0.0,1,0.0739783152627189,0.0,0,18.2,1199.0,0,1,0,1,0,88.7,1.0,0,0,516.6666666666666,1.0,6,3100,0,750000
2040000,0.0,0,0,1.0,1694.6,0.0,2,0.0592948717948717,1.0,0,22.9,1248.0,1,1,0,0,0,74.0,0.0,0,0,14166.666666666666,1.0,12,170000,0,355000
700000,0.0,0,0,1.0,1207.0,0.0,1,0.0505338078291814,1.0,0,17.0,1405.0,0,2,0,0,0,71.0,0.0,0,0,3571.428571428572,1.0,14,50000,1,200000
200000,0.0,0,0,0.0,1566.2,0.0,1,0.0685045948203842,1.0,0,19.1,1197.0,0,1,0,0,0,82.0,1.0,1,0,2000.0,1.0,10,20000,0,450000
100000,0.0,0,0,0.0,1549.8,0.0,1,0.0685045948203842,1.0,0,18.9,1197.0,0,1,0,0,0,82.0,1.0,1,0,1000.0,1.0,10,10000,0,486000
1680000,0.0,0,0,1.0,1909.2,0.0,2,0.0711538461538461,1.0,0,21.5,1248.0,1,1,0,0,0,88.8,0.0,0,0,8571.42857142857,1.0,14,120000,0,242000
175000,0.0,0,0,0.0,1547.1539999999998,0.0,1,0.0683876357560568,1.0,0,18.9,1197.0,0,1,0,0,0,81.86,1.0,1,0,3571.428571428572,1.0,7,25000,0,580000
1430000,0.0,0,1,1.0,2244.8943,0.0,2,0.0658144192256341,1.0,0,22.77,1498.0,0,2,0,0,0,98.59,0.0,0,0,11818.181818181818,1.0,11,130000,0,500000
2520000,0.0,1,0,0.0,1595.685,0.0,2,0.0655689102564102,1.0,0,19.5,1248.0,0,2,0,0,0,81.83,1.0,0,0,5714.285714285715,1.0,21,120000,0,170000
910000,0.0,0,0,1.0,1564.5,0.0,2,0.0625521267723102,1.0,0,20.86,1199.0,0,3,0,0,1,75.0,0.0,0,0,5384.615384615385,1.0,13,70000,0,220000
5000,0.0,0,0,0.0,1734.978,0.0,1,0.0683375104427736,0.0,0,21.21,1197.0,1,1,0,0,0,81.8,1.0,0,0,200.0,1.0,5,1000,0,654000
60000,0.0,0,0,0.0,1531.488,0.0,1,0.0645807259073842,0.0,0,14.84,1598.0,0,1,0,0,1,103.2,1.0,0,0,1666.6666666666667,1.0,6,10000,0,835000
705000,0.0,0,1,0.0,1545.3000000000002,0.0,1,0.0632832080200501,1.0,0,15.3,1596.0,0,1,0,0,0,101.0,1.0,0,0,3133.333333333333,1.0,15,47000,0,250000
108000,0.0,0,0,0.0,1734.978,0.0,1,0.0683375104427736,1.0,0,21.21,1197.0,1,1,0,0,0,81.8,1.0,0,0,3000.0,1.0,6,18000,0,600000
540000,0.0,0,0,0.0,1733.469,0.0,2,0.0694569757727652,1.0,0,20.85,1197.0,1,1,0,0,0,83.14,1.0,0,0,6666.666666666667,1.0,9,60000,0,459999
140000,0.0,0,0,0.0,1541.67,0.0,1,0.067067067067067,1.0,0,23.01,999.0,0,1,1,0,0,67.0,1.0,0,0,2857.1428571428573,1.0,7,20000,0,275000
480000,0.0,0,1,0.0,1576.288,0.0,2,0.0725752508361204,1.0,0,18.16,1196.0,0,1,0,0,0,86.8,1.0,0,0,7500.0,1.0,8,60000,0,408000
572000,0.0,0,0,0.0,1563.526,0.0,1,0.0683876357560568,1.0,0,19.1,1197.0,0,1,0,0,0,81.86,1.0,1,0,4727.272727272727,1.0,11,52000,0,375000
836000,0.0,0,0,0.0,912.11,0.0,1,0.0581658291457286,1.0,0,19.7,796.0,1,1,0,0,0,46.3,1.0,0,0,2315.7894736842104,1.0,19,44000,0,94500
238000,0.0,0,0,0.0,1217.133,0.0,1,0.061686143572621,1.0,0,16.47,1198.0,0,1,0,0,0,73.9,1.0,0,1,1214.2857142857142,1.0,14,17000,0,300000
560000,0.0,0,0,0.0,2006.0,0.0,1,0.0788243152972612,1.0,0,17.0,1497.0,0,1,0,1,0,118.0,1.0,0,0,2187.5,1.0,16,35000,0,350000
1000000,0.0,0,0,0.0,1522.038,0.0,2,0.0683625730994152,1.0,0,18.6,1197.0,0,1,0,0,0,81.83,1.0,1,0,10000.0,1.0,10,100000,0,600000
533700,0.0,0,0,0.0,1341.561,0.0,2,0.0667083854818523,1.0,0,25.17,799.0,0,1,1,0,0,53.3,1.0,0,0,6588.888888888889,1.0,9,59300,0,240000
600000,0.0,0,0,1.0,1698.3,0.0,2,0.0592948717948717,1.0,0,22.95,1248.0,0,1,0,0,0,74.0,0.0,0,0,6000.0,1.0,10,60000,1,350000
780000,0.0,0,0,0.0,1558.1439999999998,0.0,1,0.0648310387984981,1.0,0,15.04,1598.0,0,3,0,0,0,103.6,1.0,0,1,4615.384615384615,1.0,13,60000,0,360000
1200000,0.0,0,1,0.0,1092.0,0.0,2,0.0585284280936454,1.0,0,15.6,1196.0,0,2,0,0,0,70.0,1.0,0,0,5333.333333333333,1.0,15,80000,0,250000
69000,0.0,0,0,0.0,1734.978,0.0,1,0.0683375104427736,1.0,0,21.21,1197.0,1,1,0,0,0,81.8,1.0,0,0,1916.6666666666667,1.0,6,11500,0,550000
728000,0.0,0,0,0.0,1164.72,0.0,1,0.0678132678132678,1.0,0,21.1,814.0,0,1,0,0,0,55.2,1.0,1,0,4307.692307692308,1.0,13,56000,0,180000
612000,0.0,0,0,1.0,2691.78,0.0,2,0.0658210947930574,1.0,0,27.3,1498.0,0,1,0,1,0,98.6,0.0,0,0,7555.555555555556,1.0,9,68000,0,425000
150000,0.0,0,0,0.0,2002.56,0.0,1,0.0700583819849874,1.0,0,23.84,1199.0,0,1,0,0,0,84.0,1.0,0,0,4166.666666666667,1.0,6,25000,1,409999
175000,0.0,0,0,0.0,2002.56,0.0,1,0.0700583819849874,1.0,0,23.84,1199.0,0,1,0,0,0,84.0,1.0,0,0,3571.428571428572,1.0,7,25000,1,438999
1100000,0.0,0,0,0.0,1306.6096,0.0,2,0.0559599332220367,1.0,1,19.49,1198.0,0,1,0,0,0,67.04,1.0,0,0,9090.90909090909,1.0,11,100000,0,225000
1700000,0.0,0,0,0.0,1501.5,0.0,2,0.0661016949152542,1.0,0,17.5,1298.0,1,1,0,0,0,85.8,1.0,0,0,5882.35294117647,1.0,17,100000,0,200000
1710000,0.0,0,0,0.0,1595.685,0.0,1,0.0655689102564102,1.0,0,19.5,1248.0,0,2,0,0,0,81.83,1.0,1,0,4736.8421052631575,1.0,19,90000,0,75000
564000,0.0,0,0,1.0,1522.5,0.0,1,0.0600961538461538,1.0,0,20.3,1248.0,0,1,0,0,1,75.0,0.0,0,0,3916.6666666666665,1.0,12,47000,0,250000
2450000,0.0,0,0,1.0,1559.2900000000002,0.0,2,0.0592147435897435,1.0,0,21.1,1248.0,1,2,0,0,0,73.9,0.0,0,0,12500.0,1.0,14,175000,0,170000
900000,0.0,0,0,0.0,1501.5,0.0,1,0.0716791979949874,1.0,0,17.5,1197.0,1,2,0,0,0,85.8,1.0,0,0,4000.0,1.0,15,60000,0,300000
1650000,0.0,0,0,1.0,1731.6,0.0,2,0.0592948717948717,1.0,0,23.4,1248.0,1,3,0,0,0,74.0,0.0,0,0,13636.363636363636,1.0,11,150000,0,409999
1430000,0.0,0,0,1.0,2070.0,0.0,2,0.0644699140401146,1.0,0,23.0,1396.0,0,3,0,0,0,90.0,0.0,1,0,8461.538461538461,1.0,13,110000,0,350000
150000,0.0,0,0,0.0,1341.561,0.0,1,0.0667083854818523,1.0,0,25.17,799.0,0,1,1,0,0,53.3,1.0,0,0,4166.666666666667,1.0,6,25000,0,310000
1425000,0.0,0,0,0.0,912.11,0.0,2,0.0581658291457286,1.0,0,19.7,796.0,1,3,0,0,0,46.3,1.0,0,0,6333.333333333333,1.0,15,95000,0,135000
1500000,0.0,0,0,1.0,1559.2900000000002,0.0,2,0.0592147435897435,1.0,0,21.1,1248.0,1,1,0,0,0,73.9,0.0,0,0,6666.666666666667,1.0,15,100000,0,220000
160000,0.0,0,0,0.0,1547.1539999999998,0.0,1,0.0683876357560568,1.0,0,18.9,1197.0,0,1,0,0,0,81.86,1.0,1,0,2500.0,1.0,8,20000,0,570000
924000,0.0,0,0,1.0,1731.6,0.0,2,0.0592948717948717,1.0,0,23.4,1248.0,1,1,0,0,0,74.0,0.0,0,0,7636.363636363636,1.0,11,84000,0,500000
360000,0.0,0,0,1.0,1999.9742,0.0,1,0.0635601719197707,1.0,0,22.54,1396.0,0,1,0,0,0,88.73,0.0,1,0,4444.444444444444,1.0,9,40000,0,875000
1400000,0.0,0,0,1.0,1337.0,0.0,2,0.0498220640569395,1.0,0,19.1,1405.0,0,1,0,0,0,70.0,0.0,0,0,7142.857142857143,1.0,14,100000,1,210000
1680000,0.0,0,0,1.0,1358.0,0.0,2,0.0498220640569395,1.0,0,19.4,1405.0,0,1,0,0,0,70.0,0.0,0,0,8571.42857142857,1.0,14,120000,1,210000
1200000,0.0,0,0,0.0,1127.58075,1.0,2,0.0571823204419889,1.0,0,18.1575,1086.0,0,2,0,0,0,62.1,0.0,1,0,5333.333333333333,1.0,15,80000,0,200000
2450000,0.0,0,0,0.0,912.11,0.0,2,0.0581658291457286,1.0,0,19.7,796.0,1,2,0,0,0,46.3,1.0,0,0,12500.0,1.0,14,175000,0,175000
240000,0.0,0,0,0.0,1522.038,0.0,1,0.0683625730994152,1.0,0,18.6,1197.0,0,1,0,0,0,81.83,1.0,1,0,3750.0,1.0,8,30000,0,700000
168000,0.0,0,0,0.0,1547.1539999999998,0.0,1,0.0683876357560568,0.0,0,18.9,1197.0,0,1,0,0,0,81.86,1.0,1,0,4666.666666666667,1.0,6,28000,0,550000
120000,0.0,0,0,0.0,1380.4,0.0,1,0.0626151012891344,1.0,0,20.3,1086.0,0,2,0,0,0,68.0,1.0,1,0,3333.333333333333,1.0,6,20000,0,420000
1429152,0.0,0,0,0.0,1360.0,0.0,2,0.0668337510442773,1.0,0,17.0,1197.0,0,2,0,0,0,80.0,1.0,1,0,5582.625,1.0,16,89322,0,210000
912000,0.0,0,0,1.0,1465.344,0.0,2,0.0615384615384615,1.0,0,25.44,936.0,0,1,0,0,0,57.6,0.0,0,0,6333.333333333333,1.0,12,76000,0,175000
910000,0.0,0,0,0.0,912.11,0.0,2,0.0581658291457286,1.0,0,19.7,796.0,1,2,0,0,0,46.3,1.0,0,0,5384.615384615385,1.0,13,70000,0,180000
1980000,0.0,0,0,0.0,912.11,0.0,2,0.0581658291457286,1.0,0,19.7,796.0,1,2,0,0,0,46.3,1.0,0,0,6111.111111111111,1.0,18,110000,0,118000
2160000,0.0,0,0,1.0,1848.0,0.0,2,0.073677160080375,1.0,0,16.8,1493.0,0,2,0,0,0,110.0,0.0,1,0,6666.666666666667,1.0,18,120000,0,170000
1760000,0.0,0,0,0.0,1164.8,0.0,2,0.060320452403393,1.0,0,18.2,1061.0,1,2,0,0,0,64.0,1.0,0,0,6875.0,1.0,16,110000,0,120000
1440000,0.0,0,0,0.0,912.11,0.0,2,0.0581658291457286,1.0,0,19.7,796.0,1,3,0,0,0,46.3,1.0,0,0,5625.0,1.0,16,90000,0,170000
420000,0.0,0,0,1.0,2101.6,0.0,2,0.0592948717948717,1.0,0,28.4,1248.0,1,1,0,0,0,74.0,0.0,0,0,8571.42857142857,1.0,7,60000,0,700000
1134000,0.0,0,0,0.0,1266.3,0.0,1,0.063147973609802,0.0,0,18.9,1061.0,1,3,0,0,0,67.0,1.0,0,0,3500.0,1.0,18,63000,0,80000
1870000,0.0,0,0,0.0,1380.6,0.0,2,0.0521042084168336,1.0,0,17.7,1497.0,0,2,0,1,0,78.0,1.0,0,0,6470.588235294118,1.0,17,110000,0,105000
1080000,0.0,0,0,1.0,1967.66,0.0,2,0.0592948717948717,1.0,0,26.59,1248.0,1,3,0,0,0,74.0,0.0,0,0,13333.333333333334,1.0,9,120000,0,425000
188088,0.0,0,0,0.0,1522.038,0.0,1,0.0683625730994152,1.0,0,18.6,1197.0,0,1,0,0,0,81.83,1.0,1,0,2938.875,1.0,8,23511,0,625000
180096,0.0,0,0,0.0,1522.038,0.0,1,0.0683625730994152,1.0,0,18.6,1197.0,0,1,0,0,0,81.83,1.0,1,0,2814.0,1.0,8,22512,0,640000
1800000,0.0,0,0,0.0,1606.404,0.0,2,0.0659147869674185,1.0,0,20.36,1197.0,0,1,0,0,0,78.9,1.0,1,0,8000.0,1.0,15,120000,0,180000
1920000,0.0,0,0,1.0,1559.2900000000002,0.0,2,0.0592147435897435,1.0,0,21.1,1248.0,1,1,0,0,0,73.9,0.0,0,0,7500.0,1.0,16,120000,0,155000
1800000,0.0,0,0,0.0,1266.3,0.0,2,0.063147973609802,1.0,0,18.9,1061.0,1,3,0,0,0,67.0,1.0,0,0,5555.555555555556,1.0,18,100000,0,85000
980000,0.0,0,0,0.0,1606.404,0.0,1,0.0659147869674185,1.0,0,20.36,1197.0,0,1,0,0,0,78.9,1.0,1,0,5000.0,1.0,14,70000,0,250000
148500,0.0,0,0,0.0,1382.21,0.0,1,0.0559265442404006,1.0,0,20.63,1198.0,0,1,0,0,1,67.0,1.0,0,0,1833.3333333333333,1.0,9,16500,0,350000
350000,0.0,0,0,1.0,2102.168,0.0,2,0.0593108974358974,1.0,0,28.4,1248.0,1,1,0,0,0,74.02,0.0,0,0,7142.857142857143,1.0,7,50000,0,740000
133000,0.0,0,0,0.0,1507.5,0.0,1,0.067067067067067,1.0,0,22.5,999.0,0,1,0,0,1,67.0,1.0,0,0,2714.285714285714,1.0,7,19000,0,300000
400000,0.0,0,0,1.0,2352.7092,0.0,2,0.0725100133511348,1.0,0,21.66,1498.0,0,1,0,0,0,108.62,0.0,0,1,6250.0,1.0,8,50000,0,550000
600000,0.0,0,0,0.0,1763.856,1.0,2,0.0626611418047882,1.0,0,25.92,1086.0,0,1,0,0,0,68.05,0.0,1,0,6000.0,1.0,10,60000,0,375000
912000,0.0,0,0,1.0,1694.6,0.0,2,0.0592948717948717,1.0,0,22.9,1248.0,1,2,0,0,0,74.0,0.0,0,0,6333.333333333333,1.0,12,76000,0,380000
1020000,0.0,0,0,1.0,1694.6,0.0,2,0.0592948717948717,1.0,0,22.9,1248.0,1,1,0,0,0,74.0,0.0,0,0,7083.333333333333,1.0,12,85000,0,350000
175000,0.0,0,0,1.0,2150.55,0.0,1,0.0709134615384615,0.0,0,24.3,1248.0,1,1,0,0,0,88.5,0.0,0,0,3571.428571428572,1.0,7,25000,0,911999
105000,0.0,0,0,0.0,1734.978,0.0,1,0.0683375104427736,1.0,0,21.21,1197.0,1,1,0,0,0,81.8,1.0,0,0,2142.8571428571427,1.0,7,15000,0,650000
390000,0.0,0,0,0.0,1501.5,0.0,1,0.0661016949152542,1.0,0,17.5,1298.0,1,1,0,0,0,85.8,1.0,0,0,2307.692307692308,1.0,13,30000,0,350000
1680000,0.0,0,0,1.0,1575.0,0.0,2,0.055379746835443,1.0,0,15.0,1896.0,0,2,0,0,0,105.0,0.0,0,1,8571.42857142857,1.0,14,120000,0,350000
825000,0.0,0,0,0.0,1112.832,0.0,1,0.0571823204419889,1.0,0,17.92,1086.0,0,4,0,0,0,62.1,1.0,1,0,3666.6666666666665,1.0,15,55000,0,180000
1120000,0.0,1,0,1.0,1595.685,0.0,2,0.0655689102564102,1.0,0,19.5,1248.0,0,1,0,0,0,81.83,0.0,0,0,5714.285714285715,1.0,14,80000,0,375000
1430000,0.0,0,0,0.0,1683.9199999999998,0.0,2,0.0724540901502504,1.0,0,19.4,1198.0,0,1,0,1,0,86.8,1.0,0,0,8461.538461538461,1.0,13,110000,0,229999
1195100,0.0,0,0,0.0,1268.1899999999998,0.0,1,0.0672344689378757,1.0,0,18.9,998.0,1,1,0,0,0,67.1,1.0,0,0,3310.5263157894738,1.0,19,62900,0,135000
480000,0.0,0,0,1.0,2102.168,0.0,2,0.0593108974358974,1.0,0,28.4,1248.0,1,1,0,0,0,74.02,0.0,0,0,7500.0,1.0,8,60000,0,455000
600000,0.0,0,0,0.0,1374.9904,0.0,2,0.0671743486973947,1.0,0,20.51,998.0,1,1,0,0,0,67.04,1.0,0,0,6000.0,1.0,10,60000,0,320000
24000,0.0,0,0,0.0,1522.596,0.0,1,0.0683876357560568,1.0,0,18.6,1197.0,0,1,0,0,0,81.86,1.0,1,0,666.6666666666666,1.0,6,4000,0,693000
280000,0.0,0,0,1.0,2150.55,0.0,1,0.0709134615384615,1.0,0,24.3,1248.0,1,1,0,0,0,88.5,0.0,0,0,4375.0,1.0,8,35000,0,830000
121500,0.0,0,0,0.0,1549.8,0.0,1,0.0685045948203842,1.0,0,18.9,1197.0,0,1,0,0,0,82.0,1.0,1,0,1500.0,1.0,9,13500,0,470000
208000,0.0,0,0,0.0,2111.4,0.0,1,0.0783567134268537,0.0,0,18.0,1497.0,0,1,0,1,0,117.3,1.0,0,0,3250.0,1.0,8,26000,0,1100000
450000,0.0,0,0,1.0,2040.1,0.0,2,0.0710737179487179,1.0,0,23.0,1248.0,0,1,0,0,0,88.7,0.0,0,0,5555.555555555556,1.0,9,50000,1,325000
550000,0.0,0,0,0.0,1164.72,0.0,1,0.0678132678132678,1.0,0,21.1,814.0,0,1,0,0,0,55.2,1.0,1,0,4545.454545454545,1.0,11,50000,0,215000
175000,0.0,0,0,0.0,1799.6,0.0,1,0.0683375104427736,1.0,0,22.0,1197.0,1,1,0,0,0,81.8,1.0,0,0,3571.428571428572,1.0,7,25000,0,560000
240000,0.0,0,0,0.0,1548.6240000000005,0.0,1,0.0671743486973947,0.0,0,23.1,998.0,1,2,0,0,0,67.04,1.0,0,0,3750.0,1.0,8,30000,0,400000
360000,0.0,0,1,1.0,2276.08,0.0,2,0.0660614152202937,1.0,0,23.0,1498.0,0,1,0,0,0,98.96,0.0,0,0,5625.0,1.0,8,45000,0,725000
576862,1.0,0,0,0.0,1605.8,0.0,1,0.0724540901502504,1.0,0,18.5,1198.0,0,2,0,1,0,86.8,1.0,0,0,4767.454545454545,0.0,11,52442,0,325000
468000,0.0,0,0,0.0,1606.404,0.0,1,0.0659147869674185,1.0,0,20.36,1197.0,0,1,0,0,0,78.9,1.0,1,0,3250.0,0.0,12,39000,0,229999
341560,0.0,0,0,0.0,1218.78,0.0,1,0.0617696160267111,1.0,0,16.47,1198.0,0,1,0,0,0,74.0,1.0,0,1,3415.6,0.0,10,34156,0,449000
273216,0.0,0,0,0.0,1547.1539999999998,0.0,1,0.0683876357560568,1.0,0,18.9,1197.0,0,1,0,0,0,81.86,1.0,1,0,4269.0,0.0,8,34152,0,455000
439887,1.0,0,0,0.0,1522.038,0.0,2,0.0683625730994152,1.0,0,18.6,1197.0,0,1,0,0,0,81.83,1.0,1,0,8977.285714285714,0.0,7,62841,0,650000
193578,0.0,0,0,1.0,2102.168,0.0,1,0.0593108974358974,0.0,0,28.4,1248.0,1,1,0,0,0,74.02,0.0,0,0,3950.571428571429,0.0,7,27654,0,698000
230965,0.0,0,0,0.0,1678.5359999999998,0.0,1,0.0683375104427736,0.0,0,20.52,1197.0,1,1,0,0,0,81.8,1.0,0,0,4713.571428571428,0.0,7,32995,0,445000
420000,0.0,0,0,1.0,1698.3,0.0,2,0.0592948717948717,1.0,0,22.95,1248.0,0,1,0,0,0,74.0,0.0,0,0,8571.42857142857,1.0,7,60000,1,539000
1650000,0.0,0,0,1.0,1335.0,0.0,2,0.0600961538461538,1.0,0,17.8,1248.0,1,4,0,0,0,75.0,0.0,0,0,7333.333333333333,1.0,15,110000,0,350000
1300000,0.0,0,0,1.0,1713.7099999999998,0.0,2,0.0573579739904175,1.0,0,20.45,1461.0,0,2,1,0,0,83.8,0.0,0,0,13000.0,1.0,10,130000,0,550000
1680000,0.0,0,0,1.0,1630.9730000000002,0.0,2,0.0616346955796497,1.0,0,22.07,1199.0,0,1,0,0,0,73.9,0.0,0,1,8571.42857142857,1.0,14,120000,0,330000
880000,0.0,0,0,0.0,1164.72,0.0,2,0.0678132678132678,1.0,0,21.1,814.0,0,3,0,0,0,55.2,1.0,1,0,7272.727272727273,1.0,11,80000,0,220000
720000,0.0,0,0,0.0,1587.3,0.0,1,0.0716791979949874,1.0,0,18.5,1197.0,1,2,0,0,0,85.8,1.0,0,0,5000.0,1.0,12,60000,0,415000
1350000,0.0,0,0,0.0,912.11,0.0,1,0.0581658291457286,1.0,0,19.7,796.0,1,1,0,0,0,46.3,1.0,0,0,4166.666666666667,1.0,18,75000,0,150000
1780000,0.0,0,0,0.0,1269.9,0.0,1,0.0618941088739746,1.0,0,15.3,1341.0,0,2,0,0,0,83.0,1.0,1,0,4450.0,1.0,20,89000,0,150000
1980000,0.0,0,0,1.0,1991.0,0.0,2,0.073677160080375,1.0,0,18.1,1493.0,0,1,0,0,0,110.0,0.0,1,0,6111.111111111111,1.0,18,110000,0,240000
1440000,0.0,0,0,0.0,912.11,0.0,2,0.0581658291457286,1.0,0,19.7,796.0,1,2,0,0,0,46.3,1.0,0,0,5625.0,1.0,16,90000,0,170000
400000,0.0,0,0,1.0,2485.965,0.0,1,0.0709134615384615,1.0,0,28.09,1248.0,1,3,0,0,0,88.5,0.0,0,0,4000.0,1.0,10,40000,0,550000
208000,0.0,0,0,0.0,1469.84,0.0,1,0.0634390651085141,0.0,1,19.34,1198.0,0,1,0,0,0,76.0,1.0,0,0,3250.0,1.0,8,26000,0,500000
1320000,0.0,0,0,0.0,1638.78,0.0,2,0.0716791979949874,1.0,0,19.1,1197.0,1,1,0,0,0,85.8,1.0,0,0,10909.09090909091,1.0,11,120000,0,400000
1120000,0.0,0,0,0.0,1240.8,0.0,1,0.062876254180602,1.0,0,13.2,1495.0,0,2,0,0,0,94.0,1.0,1,0,4375.0,1.0,16,70000,0,120000
900000,0.0,0,0,1.0,2150.55,0.0,2,0.0709134615384615,1.0,0,24.3,1248.0,1,2,0,0,0,88.5,0.0,0,0,11111.111111111111,1.0,9,100000,0,765000
811350,0.0,0,0,1.0,2150.55,0.0,2,0.0709134615384615,1.0,0,24.3,1248.0,1,1,0,0,0,88.5,0.0,0,0,10016.666666666666,1.0,9,90150,0,919999
630000,0.0,1,0,1.0,1581.7095,0.0,2,0.0491568914956011,1.0,0,23.59,1364.0,0,1,0,0,0,67.05,0.0,0,0,12857.142857142857,1.0,7,90000,0,730000
1080000,0.0,0,0,1.0,1698.3,0.0,2,0.0592948717948717,1.0,0,22.95,1248.0,0,1,0,0,0,74.0,0.0,0,0,13333.333333333334,1.0,9,120000,1,320000
900000,0.0,0,0,1.0,2543.88,0.0,2,0.0658210947930574,1.0,0,25.8,1498.0,0,2,0,1,0,98.6,0.0,0,0,9000.0,1.0,10,90000,0,455000
500000,0.0,0,0,0.0,1382.21,0.0,1,0.0559265442404006,1.0,0,20.63,1198.0,0,1,0,0,1,67.0,1.0,0,0,5000.0,1.0,10,50000,0,350000
1199800,0.0,0,0,1.0,1190.0,0.0,2,0.0498220640569395,1.0,0,17.0,1405.0,0,2,0,0,0,70.0,0.0,0,0,6121.428571428572,1.0,14,85700,1,175000
980000,0.0,0,0,0.0,988.0,0.0,1,0.0544844928751047,1.0,0,15.2,1193.0,0,2,0,0,0,65.0,1.0,0,0,5000.0,1.0,14,70000,1,120000
330000,0.0,0,0,0.0,1606.404,0.0,1,0.0659147869674185,1.0,0,20.36,1197.0,0,2,0,0,0,78.9,1.0,1,0,2727.2727272727275,1.0,11,30000,0,300000
1000000,0.0,0,0,1.0,2563.6,0.0,2,0.0658210947930574,1.0,0,26.0,1498.0,0,1,0,1,0,98.6,0.0,0,0,10000.0,1.0,10,100000,0,500000
228051,0.0,0,0,0.0,1778.3399999999997,0.0,1,0.0694235588972431,1.0,0,21.4,1197.0,1,1,0,0,0,83.1,1.0,0,0,2815.4444444444443,1.0,9,25339,0,562000
110000,0.0,0,0,0.0,1164.72,0.0,1,0.0678132678132678,1.0,0,21.1,814.0,0,1,0,0,0,55.2,1.0,1,0,909.0909090909092,1.0,11,10000,0,250000
280000,0.0,0,0,1.0,1831.655,0.0,1,0.0710737179487179,1.0,0,20.65,1248.0,0,1,0,0,0,88.7,0.0,0,0,4375.0,1.0,8,35000,1,484999
420000,0.0,0,0,0.0,1606.404,0.0,1,0.0659147869674185,1.0,0,20.36,1197.0,0,2,0,0,0,78.9,1.0,1,0,2916.6666666666665,1.0,12,35000,0,280000
480000,0.0,0,0,0.0,1595.88,0.0,1,0.0716791979949874,1.0,0,18.6,1197.0,1,1,0,0,0,85.8,1.0,0,0,3333.333333333333,1.0,12,40000,0,400000
1200000,0.0,0,0,1.0,1317.4009,0.0,2,0.0491174377224199,1.0,0,19.09,1405.0,0,2,0,0,0,69.01,0.0,0,0,12000.0,1.0,10,120000,1,295000
2280000,0.0,0,0,1.0,1595.685,0.0,2,0.0655689102564102,1.0,0,19.5,1248.0,0,1,0,0,1,81.83,0.0,0,0,6315.789473684211,1.0,19,120000,0,210000
350000,0.0,0,1,0.0,1092.0,0.0,1,0.0585284280936454,1.0,0,15.6,1196.0,0,1,0,0,0,70.0,1.0,0,0,1785.7142857142858,1.0,14,25000,0,250000
780000,0.0,0,0,1.0,1650.2,0.0,1,0.0592948717948717,1.0,0,22.3,1248.0,0,1,0,0,0,74.0,0.0,0,0,4615.384615384615,1.0,13,60000,1,175000
980000,0.0,0,1,1.0,1360.0,0.0,1,0.0486061472480343,1.0,0,20.0,1399.0,0,2,0,0,0,68.0,0.0,0,0,5000.0,1.0,14,70000,0,204999
329856,0.0,0,0,1.0,1967.66,0.0,2,0.0592948717948717,1.0,0,26.59,1248.0,1,1,0,0,0,74.0,0.0,0,0,5154.0,0.0,8,41232,0,589000
304000,0.0,0,0,1.0,1595.685,0.0,1,0.0655689102564102,1.0,0,19.5,1248.0,1,2,0,0,0,81.83,0.0,0,0,4750.0,0.0,8,38000,0,525000
525000,0.0,0,0,0.0,1268.1899999999998,0.0,1,0.0672344689378757,1.0,0,18.9,998.0,1,1,0,0,0,67.1,1.0,0,0,2333.333333333333,0.0,15,35000,0,200000
63000,0.0,0,0,0.0,1638.78,0.0,1,0.0716791979949874,1.0,0,19.1,1197.0,1,1,0,0,0,85.8,1.0,0,0,1285.7142857142858,0.0,7,9000,0,611000
351000,0.0,0,0,1.0,1896.406,0.0,1,0.063538681948424,1.0,0,21.38,1396.0,0,1,0,0,0,88.7,0.0,1,0,4333.333333333333,0.0,9,39000,0,825000
926510,0.0,0,1,1.0,2147.432,0.0,2,0.0660614152202937,1.0,0,21.7,1498.0,0,1,0,0,0,98.96,0.0,0,0,9265.1,0.0,10,92651,0,599000
196000,0.0,0,0,0.0,1368.5000000000002,0.0,1,0.0710108604845446,1.0,0,16.1,1197.0,1,1,0,0,0,85.0,1.0,0,0,4000.0,0.0,7,28000,0,490000
200000,0.0,0,0,0.0,1558.459,0.0,2,0.0743503772003352,1.0,0,17.57,1193.0,0,1,0,0,0,88.7,1.0,0,0,8000.0,1.0,5,40000,1,500000
42000,0.0,0,1,0.0,1841.642,0.0,1,0.0795058626465661,1.0,0,19.4,1194.0,0,1,0,0,0,94.93,1.0,0,0,1166.6666666666667,1.0,6,7000,0,675000
140000,0.0,0,0,0.0,1547.1539999999998,0.0,1,0.0683876357560568,1.0,0,18.9,1197.0,0,1,0,0,0,81.86,1.0,1,0,2857.1428571428573,1.0,7,20000,0,570000
400000,0.0,0,0,1.0,1775.28,0.0,2,0.0623693086003372,1.0,0,24.0,1186.0,0,1,0,0,0,73.97,0.0,1,0,6250.0,1.0,8,50000,0,455000
540000,0.0,0,0,0.0,1164.72,0.0,1,0.0678132678132678,1.0,0,21.1,814.0,0,2,0,0,0,55.2,1.0,1,0,3750.0,1.0,12,45000,0,165000
198000,0.0,0,0,0.0,2087.94,0.0,1,0.0783567134268537,1.0,0,17.8,1497.0,0,1,0,1,0,117.3,1.0,0,0,2444.4444444444443,1.0,9,22000,0,925000
1100000,0.0,0,0,1.0,1725.2500000000002,0.0,2,0.0494340974212034,1.0,0,25.0,1396.0,0,2,0,0,0,69.01,0.0,0,0,9090.90909090909,1.0,11,100000,1,215000
213300,0.0,0,0,0.0,1668.7199999999998,0.0,1,0.0683375104427736,1.0,0,20.4,1197.0,1,1,0,0,0,81.8,1.0,0,0,2633.333333333333,1.0,9,23700,0,470000
213300,0.0,0,0,0.0,1668.7199999999998,0.0,1,0.0683375104427736,1.0,0,20.4,1197.0,1,1,0,0,0,81.8,1.0,0,0,2633.333333333333,1.0,9,23700,0,470000
480000,0.0,0,0,1.0,2485.965,0.0,2,0.0709134615384615,1.0,0,28.09,1248.0,1,1,0,0,0,88.5,0.0,0,0,7500.0,1.0,8,60000,0,650000
400000,0.0,0,0,1.0,2209.1265000000003,0.0,2,0.0742299794661191,1.0,0,20.37,1461.0,0,1,1,0,0,108.45,0.0,0,0,6250.0,1.0,8,50000,0,900000
746018,0.0,0,1,0.0,1595.685,0.0,1,0.0655689102564102,1.0,0,19.5,1248.0,0,1,0,0,0,81.83,1.0,0,0,3806.214285714286,0.0,14,53287,0,325000
1600000,0.0,0,1,1.0,1192.6,0.0,2,0.0478913509649749,1.0,0,17.8,1399.0,0,2,0,0,0,67.0,0.0,0,0,6250.0,1.0,16,100000,0,190000
480000,0.0,0,0,1.0,1880.1887,0.0,2,0.0635601719197707,1.0,0,21.19,1396.0,0,1,0,0,0,88.73,0.0,1,0,7500.0,1.0,8,60000,0,715000
720000,0.0,0,0,1.0,1725.2500000000002,0.0,1,0.0494340974212034,1.0,0,25.0,1396.0,0,2,0,0,0,69.01,0.0,0,0,5000.0,1.0,12,60000,1,227999
400000,0.0,0,0,1.0,1432.272,0.0,1,0.0601495726495726,1.0,0,25.44,936.0,0,1,0,0,0,56.3,0.0,0,0,4000.0,1.0,10,40000,0,200000
880000,0.0,0,1,1.0,1361.0,0.0,2,0.0486418870621872,1.0,0,20.0,1399.0,0,1,0,0,0,68.05,0.0,0,0,7272.727272727273,1.0,11,80000,0,300000
363000,0.0,0,0,0.0,1382.21,0.0,1,0.0559265442404006,1.0,0,20.63,1198.0,0,1,0,0,1,67.0,1.0,0,0,3000.0,1.0,11,33000,0,225000
720000,0.0,0,0,0.0,1348.0704999999998,0.0,2,0.0626611418047882,1.0,0,19.81,1086.0,0,1,0,0,0,68.05,1.0,1,0,8888.888888888889,1.0,9,80000,0,380000
30000,0.0,0,0,0.0,1522.596,0.0,1,0.0683876357560568,1.0,0,18.6,1197.0,0,1,0,0,0,81.86,1.0,1,0,833.3333333333334,1.0,6,5000,0,630000
275000,0.0,0,0,0.0,1606.404,0.0,1,0.0659147869674185,1.0,0,20.36,1197.0,0,1,0,0,0,78.9,1.0,1,0,2272.7272727272725,1.0,11,25000,0,351000
650000,0.0,0,0,1.0,1564.5,0.0,1,0.0625521267723102,1.0,0,20.86,1199.0,0,2,0,0,1,75.0,0.0,0,0,3846.153846153846,1.0,13,50000,0,199000
1800000,0.0,0,0,1.0,1350.0,0.0,2,0.0600961538461538,1.0,0,18.0,1248.0,0,2,0,0,0,75.0,0.0,0,0,8000.0,1.0,15,120000,1,105000
1800000,0.0,0,0,1.0,1692.0,0.0,2,0.0721153846153846,1.0,0,18.8,1248.0,0,3,0,0,0,90.0,0.0,0,0,8000.0,1.0,15,120000,1,300000
210000,0.0,0,0,1.0,1775.28,0.0,1,0.0623693086003372,1.0,0,24.0,1186.0,0,1,0,0,0,73.97,0.0,1,0,4285.714285714285,1.0,7,30000,0,540000
780000,0.0,0,0,0.0,1513.89,1.0,1,0.0580110497237569,1.0,0,24.03,1086.0,0,2,0,0,0,63.0,0.0,1,0,4615.384615384615,1.0,13,60000,0,175000
25000,0.0,0,0,0.0,1042.965,0.0,1,0.0594221105527638,1.0,0,22.05,796.0,1,1,0,0,0,47.3,1.0,0,0,1000.0,1.0,5,5000,0,350000
108000,0.0,0,0,0.0,1522.596,0.0,1,0.0683876357560568,1.0,0,18.6,1197.0,0,1,0,0,0,81.86,1.0,1,0,3000.0,1.0,6,18000,0,690000
800000,0.0,0,0,1.0,1999.9742,0.0,2,0.0635601719197707,1.0,0,22.54,1396.0,0,1,0,0,0,88.73,0.0,1,0,8000.0,1.0,10,80000,0,535000
900000,0.0,0,0,1.0,2150.55,0.0,2,0.0709134615384615,1.0,0,24.3,1248.0,1,1,0,0,0,88.5,0.0,0,0,11111.111111111111,1.0,9,100000,0,730000
171000,0.0,0,0,0.0,1164.72,0.0,1,0.0678132678132678,1.0,0,21.1,814.0,0,1,0,0,0,55.2,1.0,1,0,2111.1111111111118,1.0,9,19000,0,280000
198000,0.0,0,0,0.0,1734.978,0.0,2,0.0683375104427736,0.0,0,21.21,1197.0,1,1,0,0,0,81.8,1.0,0,0,5500.0,1.0,6,33000,0,650000
325000,0.0,0,0,0.0,1648.6604,0.0,2,0.0683876357560568,1.0,0,20.14,1197.0,0,2,0,0,0,81.86,1.0,1,0,13000.0,1.0,5,65000,0,360000
2380000,0.0,0,0,1.0,1426.2700000000002,0.0,2,0.0592147435897435,1.0,0,19.3,1248.0,1,1,0,0,0,73.9,0.0,0,0,12142.857142857143,1.0,14,170000,0,250000
320000,0.0,0,0,1.0,2352.7092,0.0,1,0.0725100133511348,1.0,0,21.66,1498.0,0,1,0,0,0,108.62,0.0,0,1,5000.0,1.0,8,40000,0,575000
1560000,0.0,0,0,1.0,1317.21,0.0,2,0.0494269340974212,1.0,0,19.09,1396.0,0,3,0,0,0,69.0,0.0,0,0,9230.76923076923,1.0,13,120000,1,170000
424000,0.0,0,0,1.0,2150.55,0.0,2,0.0709134615384615,1.0,0,24.3,1248.0,1,1,0,0,0,88.5,0.0,0,0,6625.0,1.0,8,53000,0,711000
1080000,0.0,0,0,0.0,1268.1899999999998,0.0,2,0.0672344689378757,1.0,0,18.9,998.0,1,1,0,0,0,67.1,1.0,0,0,7500.0,1.0,12,90000,0,250000
280000,0.0,0,0,1.0,1967.66,0.0,1,0.0592948717948717,1.0,0,26.59,1248.0,1,1,0,0,0,74.0,0.0,0,0,4375.0,1.0,8,35000,0,675000
450000,0.0,0,0,0.0,1374.9904,0.0,2,0.0671743486973947,1.0,0,20.51,998.0,1,1,0,0,0,67.04,1.0,0,0,5555.555555555556,1.0,9,50000,0,325000
180000,0.0,0,0,0.0,1075.602,0.0,1,0.0594221105527638,1.0,0,22.74,796.0,1,1,0,0,0,47.3,1.0,0,0,2222.222222222222,1.0,9,20000,0,250000
228000,0.0,0,0,1.0,2101.6,0.0,2,0.0592948717948717,0.0,0,28.4,1248.0,1,1,0,0,0,74.0,0.0,0,0,6333.333333333333,1.0,6,38000,0,740000
224400,0.0,0,0,1.0,2485.965,0.0,1,0.0709134615384615,1.0,0,28.09,1248.0,1,1,0,0,0,88.5,0.0,0,0,3506.25,0.0,8,28050,0,800000
759000,0.0,0,0,1.0,1665.106,0.0,2,0.0573579739904175,1.0,0,19.87,1461.0,0,1,1,0,0,83.8,0.0,0,0,6272.727272727273,0.0,11,69000,0,425000
206523,0.0,0,0,0.0,1668.7199999999998,0.0,1,0.0683375104427736,1.0,0,20.4,1197.0,1,1,0,0,0,81.8,1.0,0,0,2549.6666666666665,1.0,9,22947,0,500000
360000,0.0,0,0,0.0,1606.404,0.0,1,0.0659147869674185,1.0,0,20.36,1197.0,0,2,0,0,0,78.9,1.0,1,0,2500.0,1.0,12,30000,0,300000
69048,0.0,0,0,0.0,1164.72,0.0,1,0.0678132678132678,1.0,0,21.1,814.0,0,1,0,0,0,55.2,1.0,1,0,852.4444444444445,1.0,9,7672,0,270000
549885,0.0,0,0,0.0,912.11,0.0,1,0.0581658291457286,1.0,0,19.7,796.0,1,1,0,0,0,46.3,1.0,0,0,2443.9333333333334,1.0,15,36659,0,160000
585000,0.0,0,0,0.0,1096.81,0.0,1,0.0611687087653157,1.0,0,16.9,1061.0,1,1,0,0,0,64.9,1.0,0,0,2600.0,1.0,15,39000,0,150000
1120000,0.0,0,0,0.0,912.11,0.0,1,0.0581658291457286,1.0,0,19.7,796.0,1,3,0,0,0,46.3,1.0,0,0,4375.0,1.0,16,70000,0,160000
1300000,0.0,0,1,1.0,1360.0,0.0,2,0.0486061472480343,1.0,0,20.0,1399.0,0,2,0,0,0,68.0,0.0,0,0,7692.307692307692,1.0,13,100000,0,220000
384000,0.0,0,0,1.0,1999.9742,0.0,2,0.0635601719197707,1.0,0,22.54,1396.0,0,1,0,0,0,88.73,0.0,1,0,6000.0,1.0,8,48000,0,670000
245000,0.0,0,0,1.0,1999.9742,0.0,1,0.0635601719197707,1.0,0,22.54,1396.0,0,1,0,0,0,88.73,0.0,1,0,5000.0,1.0,7,35000,0,780000
184000,0.0,0,0,0.0,1778.3399999999997,0.0,1,0.0694235588972431,1.0,0,21.4,1197.0,1,1,0,0,0,83.1,1.0,0,0,2875.0,1.0,8,23000,0,515000
112000,0.0,0,0,1.0,1999.9742,0.0,1,0.0635601719197707,1.0,0,22.54,1396.0,0,1,0,0,0,88.73,0.0,1,0,1750.0,1.0,8,14000,0,800000
720000,0.0,0,0,0.0,1164.72,0.0,1,0.0678132678132678,1.0,0,21.1,814.0,0,2,0,0,0,55.2,1.0,1,0,5000.0,1.0,12,60000,0,200000
2550000,0.0,0,0,1.0,1358.0,0.0,2,0.0492264416315049,1.0,0,19.4,1422.0,0,3,0,0,1,70.0,0.0,0,0,8823.529411764706,1.0,17,150000,0,140000
420000,0.0,0,0,0.0,1403.732,0.0,1,0.0672344689378757,1.0,0,20.92,998.0,1,1,0,0,0,67.1,1.0,0,0,2916.6666666666665,1.0,12,35000,0,250000
356000,0.0,0,0,1.0,2221.35,0.0,2,0.0709134615384615,1.0,0,25.1,1248.0,1,1,0,0,0,88.5,0.0,0,0,5562.5,1.0,8,44500,0,800000
600000,0.0,0,0,1.0,2319.585,0.0,2,0.0709134615384615,1.0,0,26.21,1248.0,1,3,0,0,0,88.5,0.0,0,0,6000.0,1.0,10,60000,0,600000
1560000,0.0,0,0,1.0,1700.4,0.0,2,0.0533880903490759,1.0,0,21.8,1461.0,0,3,1,0,0,78.0,0.0,0,0,9230.76923076923,1.0,13,120000,0,250000
720000,0.0,0,0,1.0,2543.88,0.0,2,0.0658210947930574,1.0,0,25.8,1498.0,0,2,0,1,0,98.6,0.0,0,0,8888.888888888889,1.0,9,80000,0,500000
748000,0.0,0,0,1.0,1694.6,0.0,2,0.0592948717948717,1.0,0,22.9,1248.0,1,1,0,0,0,74.0,0.0,0,0,6181.818181818182,1.0,11,68000,0,650000
520000,0.0,1,0,0.0,1595.685,0.0,1,0.0655689102564102,1.0,0,19.5,1248.0,0,3,0,0,0,81.83,1.0,0,0,3076.923076923077,1.0,13,40000,0,350000
60000,0.0,0,0,0.0,1547.1539999999998,0.0,1,0.0683876357560568,1.0,0,18.9,1197.0,0,1,0,0,0,81.86,1.0,1,0,1666.6666666666667,1.0,6,10000,0,640000
420000,0.0,0,0,0.0,1255.9,0.0,1,0.0662324649298597,1.0,0,19.0,998.0,1,1,0,0,0,66.1,1.0,0,0,2142.8571428571427,1.0,14,30000,0,347000
315000,0.0,0,0,0.0,1164.72,0.0,1,0.0678132678132678,1.0,0,21.1,814.0,0,1,0,0,0,55.2,1.0,1,0,3888.8888888888887,1.0,9,35000,0,300000
320000,0.0,0,0,0.0,1705.2,0.0,1,0.0700583819849874,1.0,0,20.3,1199.0,0,1,0,0,0,84.0,1.0,0,0,5000.0,1.0,8,40000,1,493000
660000,0.0,0,0,0.0,1549.8,0.0,2,0.0685045948203842,1.0,0,18.9,1197.0,0,1,0,0,0,82.0,1.0,1,0,5454.545454545455,1.0,11,60000,0,370000
1530000,0.0,0,0,1.0,1426.2700000000002,0.0,2,0.0592147435897435,1.0,0,19.3,1248.0,1,4,0,0,0,73.9,0.0,0,0,5294.117647058823,1.0,17,90000,0,250000
160000,0.0,0,0,0.0,1507.5,0.0,1,0.067067067067067,1.0,0,22.5,999.0,0,1,0,0,1,67.0,1.0,0,0,2500.0,1.0,8,20000,0,300000
320000,0.0,0,0,0.0,1610.6799999999998,0.0,1,0.067067067067067,0.0,0,24.04,999.0,0,1,1,0,0,67.0,1.0,0,0,5000.0,1.0,8,40000,0,450000
1864740,0.0,0,1,1.0,1360.0,0.0,2,0.0486061472480343,1.0,0,20.0,1399.0,0,2,0,0,0,68.0,0.0,0,0,8287.733333333334,0.0,15,124316,0,185000
39264,0.0,0,0,1.0,2300.0,0.0,1,0.0768203072812291,1.0,0,20.0,1497.0,0,1,0,0,1,115.0,0.0,0,0,1090.6666666666667,1.0,6,6544,0,1225000
90000,0.0,0,0,0.0,1522.038,0.0,1,0.0683625730994152,1.0,0,18.6,1197.0,0,1,0,0,0,81.83,1.0,1,0,1111.111111111111,1.0,9,10000,0,600000
300000,0.0,0,0,0.0,1547.1539999999998,0.0,1,0.0683876357560568,1.0,0,18.9,1197.0,0,2,0,0,0,81.86,1.0,1,0,3000.0,1.0,10,30000,0,360000
897000,0.0,0,0,0.0,1501.5,0.0,2,0.0661016949152542,1.0,0,17.5,1298.0,1,1,0,0,0,85.8,1.0,0,0,5307.692307692308,1.0,13,69000,0,285000
510000,0.0,0,0,0.0,1348.0704999999998,0.0,1,0.0626611418047882,1.0,0,19.81,1086.0,0,2,0,0,0,68.05,1.0,1,0,1764.7058823529412,1.0,17,30000,0,130000
1200000,0.0,0,0,0.0,1360.0,0.0,2,0.0668337510442773,1.0,0,17.0,1197.0,0,1,0,0,0,80.0,1.0,1,0,5333.333333333333,1.0,15,80000,0,350000
114000,0.0,0,0,0.0,1778.3399999999997,0.0,1,0.0694235588972431,0.0,0,21.4,1197.0,1,1,0,0,0,83.1,1.0,0,0,3166.6666666666665,1.0,6,19000,0,685000
25000,0.0,0,0,0.0,1827.4923000000003,0.0,1,0.0515886287625418,1.0,0,29.619000000000003,1196.0,1,1,0,0,0,61.7,0.0,0,0,1000.0,1.0,5,5000,0,399000
80000,0.0,0,0,0.0,1547.1539999999998,0.0,1,0.0683876357560568,1.0,0,18.9,1197.0,0,1,0,0,0,81.86,1.0,1,0,1250.0,1.0,8,10000,0,525000
1261000,0.0,0,0,1.0,1694.6,0.0,2,0.0592948717948717,1.0,0,22.9,1248.0,1,3,0,0,0,74.0,0.0,0,0,7461.538461538462,1.0,13,97000,0,450000
330000,0.0,0,0,0.0,1320.0176,0.0,1,0.0559599332220367,1.0,1,19.69,1198.0,0,1,0,0,0,67.04,1.0,0,0,2727.2727272727275,1.0,11,30000,0,390000
1440000,0.0,0,0,1.0,2061.6345,0.0,2,0.0742299794661191,1.0,0,19.01,1461.0,0,2,1,0,0,108.45,0.0,0,0,10000.0,1.0,12,120000,0,650000
1351922,0.0,0,1,1.0,1360.0,0.0,2,0.0486061472480343,1.0,0,20.0,1399.0,0,4,0,0,0,68.0,0.0,0,0,7999.538461538462,1.0,13,103994,0,320000
560000,0.0,0,1,1.0,2557.17,0.0,2,0.0660881174899866,1.0,0,25.83,1498.0,0,1,0,0,0,99.0,0.0,0,0,8750.0,1.0,8,70000,0,670000
1610000,0.0,0,0,1.0,1909.2,0.0,2,0.0711538461538461,1.0,0,21.5,1248.0,1,4,0,0,0,88.8,0.0,0,0,8214.285714285714,1.0,14,115000,0,350000
2314000,0.0,0,0,1.0,1650.2,0.0,2,0.0592948717948717,1.0,0,22.3,1248.0,0,2,0,0,0,74.0,0.0,0,0,13692.307692307691,1.0,13,178000,1,285000
560000,0.0,0,0,0.0,1274.9,0.0,1,0.0672344689378757,1.0,0,19.0,998.0,1,3,0,0,0,67.1,1.0,0,0,2857.1428571428573,1.0,14,40000,0,300000
1120000,0.0,0,1,1.0,1360.0,0.0,2,0.0486061472480343,1.0,0,20.0,1399.0,0,1,0,0,0,68.0,0.0,0,0,5714.285714285715,1.0,14,80000,0,300000
1888000,0.0,0,0,1.0,1041.6,0.0,2,0.0441281138790035,1.0,0,16.8,1405.0,0,2,0,0,0,62.0,0.0,0,0,7375.0,1.0,16,118000,1,90000
2100000,0.0,0,0,0.0,912.11,0.0,1,0.0581658291457286,1.0,0,19.7,796.0,1,2,0,0,0,46.3,1.0,0,0,4761.9047619047615,1.0,21,100000,0,100000
1920000,0.0,0,0,1.0,944.064,0.0,2,0.0378223495702005,1.0,0,17.88,1396.0,0,2,0,0,0,52.8,0.0,0,0,7500.0,1.0,16,120000,1,90000
910000,0.0,0,0,0.0,1268.1899999999998,0.0,1,0.0672344689378757,1.0,0,18.9,998.0,1,2,0,0,0,67.1,1.0,0,0,4642.857142857143,1.0,14,65000,0,250000
533000,0.0,0,0,0.0,1606.404,0.0,1,0.0659147869674185,1.0,0,20.36,1197.0,0,2,0,0,0,78.9,1.0,1,0,3153.846153846154,1.0,13,41000,0,300000
2400000,0.0,0,0,0.0,1420.0200000000002,0.0,2,0.0679506933744222,1.0,0,16.1,1298.0,1,2,0,0,0,88.2,1.0,0,0,6000.0,1.0,20,120000,0,130000
980000,0.0,0,0,0.0,1403.732,0.0,1,0.0672344689378757,1.0,0,20.92,998.0,1,3,0,0,0,67.1,1.0,0,0,5000.0,1.0,14,70000,0,199000
1170000,0.0,0,0,1.0,1714.548,0.0,2,0.0573579739904175,1.0,0,20.46,1461.0,0,2,1,0,0,83.8,0.0,0,0,6923.076923076923,1.0,13,90000,0,545000
2280000,0.0,0,0,0.0,1689.9999999999998,0.0,2,0.0668002672010688,1.0,0,16.9,1497.0,0,2,0,1,0,100.0,1.0,0,0,6315.789473684211,1.0,19,120000,0,150000
1600000,0.0,0,0,0.0,912.11,0.0,2,0.0581658291457286,1.0,0,19.7,796.0,1,1,0,0,0,46.3,1.0,0,0,6250.0,1.0,16,100000,0,114999
245000,0.0,0,0,0.0,1705.2,0.0,1,0.0700583819849874,1.0,0,20.3,1199.0,0,1,0,0,0,84.0,1.0,0,0,5000.0,1.0,7,35000,1,450000
990000,0.0,0,0,1.0,2150.55,0.0,2,0.0709134615384615,1.0,0,24.3,1248.0,1,1,0,0,0,88.5,0.0,0,0,12222.222222222224,1.0,9,110000,0,610000
160000,0.0,0,0,0.0,1522.038,0.0,1,0.0683625730994152,1.0,0,18.6,1197.0,0,1,0,0,0,81.83,1.0,1,0,2500.0,1.0,8,20000,0,690000
105000,0.0,0,0,0.0,1844.5,0.0,1,0.090567612687813,1.0,0,17.0,1198.0,0,1,0,0,0,108.5,1.0,0,0,2142.8571428571427,1.0,7,15000,1,790000
440000,0.0,0,0,0.0,1403.732,0.0,1,0.0672344689378757,1.0,0,20.92,998.0,1,2,0,0,0,67.1,1.0,0,0,3636.363636363637,1.0,11,40000,0,254999
369000,0.0,0,0,0.0,1658.69,0.0,1,0.0739783152627189,1.0,0,18.7,1199.0,0,1,0,1,0,88.7,1.0,0,0,4555.555555555556,1.0,9,41000,0,500000
1560000,0.0,0,1,1.0,1192.6,0.0,2,0.0478913509649749,1.0,0,17.8,1399.0,0,3,0,0,0,67.0,0.0,0,0,9230.76923076923,1.0,13,120000,0,340000
595136,0.0,0,0,0.0,1461.0195,0.0,1,0.0671843687374749,1.0,0,21.79,998.0,1,1,0,0,0,67.05,1.0,0,0,2059.294117647059,0.0,17,35008,0,221000
248800,0.0,0,0,0.0,1217.628,0.0,1,0.0671339173967459,1.0,0,22.7,799.0,0,1,0,0,1,53.64,1.0,0,0,3887.5,0.0,8,31100,0,270000
465432,0.0,0,0,1.0,1732.4,0.0,1,0.0633928571428571,1.0,0,24.4,1120.0,0,1,0,0,0,71.0,0.0,1,0,3846.5454545454554,0.0,11,42312,0,455000
1008000,0.0,1,0,0.0,1561.12,0.0,2,0.0592914438502673,1.0,0,17.6,1496.0,0,1,0,0,0,88.7,1.0,0,0,5142.857142857143,0.0,14,72000,0,300000
603801,0.0,1,0,1.0,1581.4736,0.0,1,0.049149560117302,1.0,0,23.59,1364.0,0,1,0,0,0,67.04,0.0,0,0,4990.090909090909,0.0,11,54891,0,480000
1300000,0.0,0,0,1.0,1456.348,0.0,2,0.0431895961670089,1.0,0,23.08,1461.0,0,1,1,0,0,63.1,0.0,0,0,7692.307692307692,0.0,13,100000,0,245000
26022,0.0,0,0,0.0,1549.8,0.0,1,0.0685045948203842,0.0,0,18.9,1197.0,0,1,0,0,0,82.0,1.0,1,0,722.8333333333334,0.0,6,4337,0,625000
101465,0.0,0,0,0.0,1408.5,0.0,1,0.075075075075075,1.0,0,18.78,999.0,0,1,0,0,0,75.0,1.0,0,1,2070.714285714286,0.0,7,14495,0,560000
1253775,0.0,1,0,1.0,1868.696,0.0,2,0.0639296187683284,1.0,0,21.43,1364.0,0,1,0,0,0,87.2,0.0,0,0,5572.333333333333,0.0,15,83585,0,425000
341000,0.0,0,0,0.0,1782.956,0.0,1,0.0865497076023391,0.0,0,17.21,1197.0,0,2,0,0,0,103.6,1.0,0,1,2818.181818181818,0.0,11,31000,0,550000
387248,0.0,0,0,1.0,1665.106,0.0,2,0.0573579739904175,1.0,0,19.87,1461.0,0,1,1,0,0,83.8,0.0,0,0,6050.75,0.0,8,48406,0,750000
506151,0.0,0,0,1.0,1999.9742,0.0,2,0.0635601719197707,1.0,0,22.54,1396.0,0,1,0,0,0,88.73,0.0,1,0,6248.777777777777,0.0,9,56239,0,570000
332430,0.0,0,0,0.0,1778.3399999999997,0.0,1,0.0694235588972431,1.0,0,21.4,1197.0,1,1,0,0,0,83.1,1.0,0,0,3324.3,0.0,10,33243,0,585000
234000,0.0,0,0,0.0,1685.3,0.0,1,0.0739783152627189,0.0,0,19.0,1199.0,0,1,0,1,0,88.7,1.0,0,0,2888.8888888888887,0.0,9,26000,0,600000
1170000,0.0,1,0,1.0,1595.685,0.0,2,0.0655689102564102,1.0,0,19.5,1248.0,0,1,0,0,0,81.83,0.0,0,0,6923.076923076923,1.0,13,90000,0,415000
1080000,0.0,0,0,0.0,1407.1734,0.0,2,0.0683876357560568,1.0,0,17.19,1197.0,0,2,0,0,0,81.86,1.0,1,0,13333.333333333334,1.0,9,120000,0,530000
317160,0.0,0,1,0.0,966.0,0.0,1,0.0538876058506543,1.0,0,13.8,1299.0,0,1,0,0,0,70.0,1.0,0,0,792.9,1.0,20,15858,0,150000
120000,0.0,0,0,0.0,1168.31,0.0,1,0.0594221105527638,1.0,0,24.7,796.0,1,1,0,0,0,47.3,1.0,0,0,1875.0,1.0,8,15000,0,310000
720000,0.0,0,0,1.0,1465.344,0.0,1,0.0615384615384615,1.0,0,25.44,936.0,0,2,0,0,0,57.6,0.0,0,0,5000.0,1.0,12,60000,0,200000
500000,0.0,0,0,0.0,1695.444,0.0,1,0.0694319131161236,1.0,0,20.4,1197.0,1,1,0,0,0,83.11,1.0,0,0,5000.0,1.0,10,50000,0,400000
878470,0.0,0,0,1.0,2101.6,0.0,2,0.0592948717948717,1.0,0,28.4,1248.0,1,1,0,0,0,74.0,0.0,0,0,8784.7,0.0,10,87847,0,480000
560000,0.0,0,0,0.0,912.11,0.0,1,0.0581658291457286,1.0,0,19.7,796.0,1,1,0,0,0,46.3,1.0,0,0,2187.5,1.0,16,35000,0,140000
35000,0.0,0,0,0.0,1799.6,0.0,1,0.0683375104427736,1.0,0,22.0,1197.0,1,1,0,0,0,81.8,1.0,0,0,714.2857142857143,1.0,7,5000,0,550000
232000,0.0,0,0,0.0,1374.17,0.0,1,0.0671342685370741,0.0,0,20.51,998.0,1,1,0,0,0,67.0,1.0,0,0,3625.0,1.0,8,29000,0,380000
180000,0.0,0,0,1.0,1317.4009,0.0,1,0.0491174377224199,1.0,0,19.09,1405.0,0,1,0,0,0,69.01,0.0,0,0,2222.222222222222,1.0,9,20000,1,440000
105000,0.0,0,0,0.0,1734.978,0.0,1,0.0683375104427736,1.0,0,21.21,1197.0,1,1,0,0,0,81.8,1.0,0,0,2142.8571428571427,1.0,7,15000,0,630000
320000,0.0,0,0,0.0,1341.561,0.0,1,0.0667083854818523,1.0,0,25.17,799.0,0,1,1,0,0,53.3,1.0,0,0,5000.0,1.0,8,40000,0,250000
272000,0.0,0,0,0.0,912.11,0.0,1,0.0581658291457286,1.0,0,19.7,796.0,1,1,0,0,0,46.3,1.0,0,0,1062.5,1.0,16,17000,0,120000
1560000,0.0,0,0,1.0,1875.456,0.0,2,0.0711538461538461,1.0,0,21.12,1248.0,0,1,0,0,0,88.8,0.0,0,0,9230.76923076923,1.0,13,120000,1,287000
405000,0.0,0,0,0.0,1778.3399999999997,0.0,1,0.0694235588972431,1.0,0,21.4,1197.0,1,1,0,0,0,83.1,1.0,0,0,5000.0,1.0,9,45000,0,550000
800000,0.0,0,1,1.0,2244.6475,0.0,2,0.0599132176234979,1.0,0,25.01,1498.0,0,2,0,0,0,89.75,0.0,0,0,8000.0,1.0,10,80000,0,501000
225000,0.0,0,0,0.0,1075.602,0.0,1,0.0594221105527638,1.0,0,22.74,796.0,1,1,0,0,0,47.3,1.0,0,0,2777.777777777778,1.0,9,25000,0,300000
500000,0.0,0,0,0.0,1374.9904,0.0,1,0.0671743486973947,1.0,0,20.51,998.0,1,3,0,0,0,67.04,1.0,0,0,5000.0,1.0,10,50000,0,300000
1300000,0.0,1,0,1.0,1595.685,0.0,2,0.0655689102564102,1.0,0,19.5,1248.0,0,2,0,0,0,81.83,0.0,0,0,7692.307692307692,1.0,13,100000,0,280000
135000,0.0,0,0,0.0,1499.68,0.0,1,0.0687239366138448,1.0,0,18.2,1199.0,0,1,0,0,0,82.4,1.0,0,0,1666.6666666666667,1.0,9,15000,0,550000
980000,0.0,0,0,0.0,1002.524,0.0,1,0.0537300922045263,1.0,0,15.64,1193.0,0,1,0,0,0,64.1,1.0,0,0,5000.0,1.0,14,70000,1,181000
181602,0.0,0,0,0.0,1595.685,0.0,1,0.0655689102564102,1.0,0,19.5,1248.0,0,1,0,0,0,81.83,1.0,1,0,503.05263157894734,1.0,19,9558,0,150000
80000,0.0,0,0,0.0,1607.0449999999998,0.0,1,0.0672344689378757,0.0,0,23.95,998.0,1,1,0,0,0,67.1,1.0,0,0,1250.0,1.0,8,10000,0,400000
1650000,0.0,0,0,0.0,1606.404,0.0,2,0.0659147869674185,1.0,0,20.36,1197.0,0,1,0,0,0,78.9,1.0,1,0,7333.333333333333,1.0,15,110000,0,210000
960000,0.0,0,0,0.0,1558.459,0.0,2,0.0743503772003352,1.0,0,17.57,1193.0,0,1,0,0,0,88.7,1.0,0,0,15000.0,1.0,8,120000,1,550000
720000,0.0,0,0,1.0,1887.9252,0.0,1,0.0635816618911174,1.0,0,21.27,1396.0,0,2,0,0,0,88.76,0.0,1,0,5000.0,1.0,12,60000,0,459999
180000,0.0,0,0,0.0,1075.602,0.0,1,0.0594221105527638,1.0,0,22.74,796.0,1,1,0,0,0,47.3,1.0,0,0,1800.0,1.0,10,18000,0,310000
560000,0.0,0,0,1.0,1698.3,0.0,2,0.0592948717948717,1.0,0,22.95,1248.0,0,1,0,0,0,74.0,0.0,0,0,11428.57142857143,1.0,7,80000,1,775000
2016000,0.0,0,0,0.0,912.11,0.0,1,0.0581658291457286,1.0,0,19.7,796.0,1,3,0,0,0,46.3,1.0,0,0,4571.428571428572,1.0,21,96000,0,105000
970000,0.0,0,0,1.0,2543.88,0.0,2,0.0658210947930574,1.0,0,25.8,1498.0,0,2,0,1,0,98.6,0.0,0,0,9700.0,1.0,10,97000,0,430000
780000,0.0,0,0,1.0,2152.5,0.0,1,0.0657071339173967,1.0,0,20.5,1598.0,0,3,0,0,0,105.0,0.0,0,1,4615.384615384615,1.0,13,60000,0,400000
990000,0.0,0,0,1.0,1731.6,0.0,2,0.0592948717948717,1.0,0,23.4,1248.0,1,1,0,0,0,74.0,0.0,0,0,8181.818181818182,1.0,11,90000,0,600000
210000,0.0,0,0,0.0,1552.25,0.0,2,0.0739783152627189,1.0,0,17.5,1199.0,0,1,0,1,0,88.7,1.0,0,0,5833.333333333333,1.0,6,35000,0,580000
1560000,0.0,0,0,1.0,1366.95,0.0,2,0.0444900752908966,1.0,0,21.03,1461.0,0,2,0,0,1,65.0,0.0,0,0,9230.76923076923,1.0,13,120000,0,140000
1700000,0.0,0,0,1.0,1372.7,0.0,2,0.0498220640569395,1.0,0,19.61,1405.0,0,1,0,0,0,70.0,0.0,0,0,5882.35294117647,1.0,17,100000,1,210000
160000,0.0,0,0,0.0,1549.8,0.0,1,0.0685045948203842,1.0,0,18.9,1197.0,0,1,0,0,0,82.0,1.0,1,0,2500.0,1.0,8,20000,0,550000
1320000,0.0,0,0,0.0,1543.36,0.0,2,0.0707256046705588,1.0,0,18.2,1199.0,0,2,0,0,0,84.8,1.0,0,0,9166.666666666666,1.0,12,110000,0,120000
105000,0.0,0,0,1.0,2514.3,0.0,1,0.0658210947930574,1.0,0,25.5,1498.0,0,1,0,1,0,98.6,0.0,0,0,2142.8571428571427,1.0,7,15000,0,1035000
900000,0.0,0,0,1.0,2319.585,0.0,2,0.0709134615384615,1.0,0,26.21,1248.0,1,1,0,0,0,88.5,0.0,0,0,9000.0,1.0,10,90000,0,625000
680000,0.0,0,0,0.0,1606.404,0.0,1,0.0659147869674185,1.0,0,20.36,1197.0,0,1,0,0,0,78.9,1.0,1,0,2352.9411764705883,1.0,17,40000,0,200000
1680000,0.0,0,0,1.0,1865.7352,0.0,2,0.0711217948717948,1.0,0,21.02,1248.0,0,1,0,0,0,88.76,0.0,0,0,11666.666666666666,1.0,12,140000,1,316000
880000,0.0,0,0,1.0,2150.55,0.0,2,0.0709134615384615,1.0,0,24.3,1248.0,1,1,0,0,0,88.5,0.0,0,0,13750.0,1.0,8,110000,0,813000
320000,0.0,0,1,1.0,2557.17,0.0,1,0.0660881174899866,1.0,0,25.83,1498.0,0,2,0,0,0,99.0,0.0,0,0,3200.0,1.0,10,32000,0,459999
1456936,0.0,0,0,1.0,1835.072,0.0,2,0.0580424366872005,1.0,1,21.64,1461.0,0,1,0,0,0,84.8,0.0,0,0,8620.923076923076,1.0,13,112072,0,290000
330000,0.0,0,1,1.0,1361.0,0.0,1,0.0486418870621872,1.0,0,20.0,1399.0,0,1,0,0,0,68.05,0.0,0,0,2727.2727272727275,1.0,11,30000,0,400000
630000,0.0,0,0,1.0,1864.8,0.0,2,0.0592948717948717,1.0,0,25.2,1248.0,1,2,0,0,0,74.0,0.0,0,0,7777.777777777777,1.0,9,70000,0,565000
1280000,0.0,0,0,0.0,1116.0,0.0,1,0.0623115577889447,1.0,0,18.0,995.0,0,2,0,0,0,62.0,1.0,0,0,5000.0,1.0,16,80000,0,150000
1440000,0.0,0,0,0.0,1164.8,0.0,1,0.060320452403393,1.0,0,18.2,1061.0,1,2,0,0,0,64.0,1.0,0,0,4444.444444444444,1.0,18,80000,0,70000
1900000,0.0,0,0,0.0,1595.685,0.0,2,0.0655689102564102,1.0,0,19.5,1248.0,0,2,0,0,0,81.83,1.0,1,0,5263.1578947368425,1.0,19,100000,0,140000
133000,0.0,0,1,1.0,2276.08,0.0,1,0.0660614152202937,1.0,0,23.0,1498.0,0,1,0,0,0,98.96,0.0,0,0,2714.285714285714,1.0,7,19000,0,900000
400000,0.0,0,0,1.0,1999.9742,0.0,1,0.0635601719197707,1.0,0,22.54,1396.0,0,1,0,0,0,88.73,0.0,1,0,4000.0,1.0,10,40000,0,600000
2240000,0.0,0,0,0.0,1595.685,0.0,2,0.0655689102564102,1.0,0,19.5,1248.0,1,1,0,0,0,81.83,1.0,0,0,8750.0,1.0,16,140000,0,120000
2550000,0.0,0,0,0.0,1595.685,0.0,2,0.0655689102564102,1.0,0,19.5,1248.0,1,2,0,0,0,81.83,1.0,0,0,11333.333333333334,1.0,15,170000,0,120000
960000,0.0,0,0,0.0,1480.0,0.0,1,0.0668337510442773,1.0,0,18.5,1197.0,0,3,0,0,0,80.0,1.0,1,0,3750.0,1.0,16,60000,0,229999
126240,0.0,0,0,0.0,1543.2600000000002,0.0,1,0.0723706176961602,1.0,0,17.8,1198.0,0,1,0,1,0,86.7,1.0,0,0,1972.5,1.0,8,15780,0,570000
1040000,0.0,0,0,1.0,2127.944,0.0,2,0.0648310387984981,1.0,0,20.54,1598.0,0,3,0,0,0,103.6,0.0,0,1,6153.846153846154,1.0,13,80000,0,280000
740000,0.0,0,0,1.0,1880.1887,0.0,2,0.0635601719197707,1.0,0,21.19,1396.0,0,2,0,0,0,88.73,0.0,1,0,7400.0,1.0,10,74000,0,580000
600000,0.0,0,0,1.0,2319.585,0.0,2,0.0709134615384615,1.0,0,26.21,1248.0,1,1,0,0,0,88.5,0.0,0,0,6000.0,1.0,10,60000,0,700000
450000,0.0,0,1,0.0,1576.288,0.0,2,0.0725752508361204,1.0,0,18.16,1196.0,0,2,0,0,0,86.8,1.0,0,0,5555.555555555556,1.0,9,50000,0,388000
1120000,0.0,0,0,0.0,1606.404,0.0,2,0.0659147869674185,1.0,0,20.36,1197.0,0,2,0,0,0,78.9,1.0,1,0,5714.285714285715,1.0,14,80000,0,225000
1260000,0.0,0,0,0.0,1002.2112,0.0,2,0.0537133277451802,1.0,0,15.64,1193.0,0,2,0,0,0,64.08,1.0,0,0,6428.571428571428,1.0,14,90000,1,90000
1254000,0.0,0,0,1.0,2061.6345,0.0,2,0.0742299794661191,1.0,0,19.01,1461.0,0,1,1,0,0,108.45,0.0,0,0,10363.636363636364,1.0,11,114000,0,600000
1600000,0.0,0,0,0.0,1480.0,0.0,2,0.0668337510442773,1.0,0,18.5,1197.0,0,1,0,0,0,80.0,1.0,1,0,6250.0,1.0,16,100000,0,235000
1400000,0.0,0,0,1.0,2070.0,0.0,2,0.0644699140401146,1.0,0,23.0,1396.0,0,2,0,0,0,90.0,0.0,1,0,7142.857142857143,1.0,14,100000,0,350000
1120000,0.0,0,0,0.0,1606.404,0.0,2,0.0659147869674185,1.0,0,20.36,1197.0,0,2,0,0,0,78.9,1.0,1,0,5714.285714285715,1.0,14,80000,0,235000
525000,0.0,0,0,0.0,912.11,0.0,1,0.0581658291457286,1.0,0,19.7,796.0,1,1,0,0,0,46.3,1.0,0,0,2333.333333333333,1.0,15,35000,0,190000
1106000,0.0,0,0,1.0,1875.456,0.0,2,0.0711538461538461,1.0,0,21.12,1248.0,0,1,0,0,0,88.8,0.0,0,0,5642.857142857143,1.0,14,79000,1,325000
1680000,0.0,0,0,1.0,2127.944,0.0,2,0.0648310387984981,1.0,0,20.54,1598.0,0,3,0,0,0,103.6,0.0,0,1,8571.42857142857,1.0,14,120000,0,300000
80000,0.0,0,0,0.0,1705.2,0.0,1,0.0700583819849874,1.0,0,20.3,1199.0,0,1,0,0,0,84.0,1.0,0,0,1250.0,1.0,8,10000,1,550000
1540000,0.0,0,0,0.0,1354.5,0.0,2,0.0626043405676126,1.0,1,18.06,1198.0,0,1,0,0,0,75.0,1.0,0,0,7857.142857142857,1.0,14,110000,0,110000
70000,0.0,0,0,0.0,1168.31,0.0,1,0.0594221105527638,1.0,0,24.7,796.0,1,1,0,0,0,47.3,1.0,0,0,1428.571428571429,1.0,7,10000,0,310000
598000,0.0,0,0,1.0,1358.0,0.0,1,0.0498220640569395,1.0,0,19.4,1405.0,0,1,0,0,0,70.0,0.0,0,0,3538.4615384615386,1.0,13,46000,1,260000
2760000,0.0,0,0,0.0,1240.8,0.0,2,0.062876254180602,1.0,0,13.2,1495.0,0,4,0,0,0,94.0,1.0,1,0,5217.391304347826,1.0,23,120000,0,55000
1305600,0.0,0,0,1.0,1694.6,0.0,2,0.0592948717948717,1.0,0,22.9,1248.0,1,3,0,0,0,74.0,0.0,0,0,9066.666666666666,1.0,12,108800,0,450000
1120000,0.0,0,0,0.0,1606.404,0.0,1,0.0659147869674185,1.0,0,20.36,1197.0,0,2,0,0,0,78.9,1.0,1,0,4375.0,1.0,16,70000,0,199000
1008000,0.0,0,1,1.0,1360.0,0.0,2,0.0486061472480343,1.0,0,20.0,1399.0,0,1,0,0,0,68.0,0.0,0,0,5142.857142857143,1.0,14,72000,0,240000
280000,0.0,0,0,0.0,1341.561,0.0,2,0.0667083854818523,1.0,0,25.17,799.0,0,1,1,0,0,53.3,1.0,0,0,5714.285714285715,1.0,7,40000,0,350000
490000,0.0,0,0,0.0,1116.0,0.0,1,0.0623115577889447,1.0,0,18.0,995.0,0,1,0,0,0,62.0,1.0,0,0,2500.0,1.0,14,35000,0,150000
75000,0.0,0,0,0.0,1522.596,0.0,1,0.0683876357560568,1.0,0,18.6,1197.0,0,1,0,0,0,81.86,1.0,1,0,2083.333333333333,1.0,6,12500,0,625000
880000,0.0,0,0,0.0,1549.8,0.0,2,0.0685045948203842,1.0,0,18.9,1197.0,0,1,0,0,0,82.0,1.0,1,0,7272.727272727273,1.0,11,80000,0,378000
700000,0.0,0,0,1.0,2102.168,0.0,2,0.0593108974358974,1.0,0,28.4,1248.0,1,2,0,0,0,74.02,0.0,0,0,14285.714285714286,1.0,7,100000,0,700000
1540000,0.0,0,0,0.0,1112.832,0.0,2,0.0571823204419889,1.0,0,17.92,1086.0,0,2,0,0,0,62.1,1.0,1,0,7857.142857142857,1.0,14,110000,0,156000
1900000,0.0,0,0,0.0,912.11,0.0,2,0.0581658291457286,1.0,0,19.7,796.0,1,2,0,0,0,46.3,1.0,0,0,5263.1578947368425,1.0,19,100000,0,120000
450000,0.0,0,0,0.0,1343.85,0.0,1,0.0723706176961602,0.0,0,15.5,1198.0,0,1,0,1,0,86.7,1.0,0,0,4500.0,1.0,10,45000,0,415000
450000,0.0,0,0,0.0,1343.85,0.0,1,0.0723706176961602,0.0,0,15.5,1198.0,0,1,0,1,0,86.7,1.0,0,0,4500.0,1.0,10,45000,0,450000
440000,0.0,0,0,0.0,1683.9199999999998,0.0,1,0.0724540901502504,1.0,0,19.4,1198.0,0,3,0,1,0,86.8,1.0,0,0,3636.363636363637,1.0,11,40000,0,325000
800000,0.0,0,0,0.0,1164.72,0.0,2,0.0678132678132678,1.0,0,21.1,814.0,0,1,0,0,0,55.2,1.0,1,0,12500.0,1.0,8,100000,0,265000
1000000,0.0,0,0,1.0,2040.1,0.0,2,0.0710737179487179,1.0,0,23.0,1248.0,0,1,0,0,0,88.7,0.0,0,0,10000.0,1.0,10,100000,1,400000
480000,0.0,0,0,1.0,1944.72,0.0,1,0.0636103151862464,1.0,0,21.9,1396.0,0,1,0,0,0,88.8,0.0,1,0,3333.333333333333,1.0,12,40000,0,345000
105000,0.0,0,0,0.0,1708.802,0.0,1,0.0683375104427736,0.0,0,20.89,1197.0,1,1,0,0,0,81.8,1.0,0,0,2142.8571428571427,1.0,7,15000,0,620000
70000,0.0,0,0,0.0,1778.3399999999997,0.0,1,0.0694235588972431,1.0,0,21.4,1197.0,1,2,0,0,0,83.1,1.0,0,0,1428.571428571429,1.0,7,10000,0,700000
1170000,0.0,0,0,1.0,1650.2,0.0,2,0.0592948717948717,1.0,0,22.3,1248.0,0,1,0,0,0,74.0,0.0,0,0,6923.076923076923,1.0,13,90000,1,200000
960000,0.0,0,0,1.0,944.064,0.0,1,0.0378223495702005,1.0,0,17.88,1396.0,0,2,0,0,0,52.8,0.0,0,0,3750.0,1.0,16,60000,1,90000
1350000,0.0,0,1,0.0,1092.0,0.0,2,0.0585284280936454,1.0,0,15.6,1196.0,0,2,0,0,0,70.0,1.0,0,0,6000.0,1.0,15,90000,0,160000
525000,0.0,0,0,0.0,1274.9,0.0,1,0.0672344689378757,1.0,0,19.0,998.0,1,1,0,0,0,67.1,1.0,0,0,2333.333333333333,1.0,15,35000,0,200000
2590000,0.0,1,0,1.0,1868.696,0.0,2,0.0639296187683284,1.0,0,21.43,1364.0,0,2,0,0,0,87.2,0.0,0,0,13214.285714285714,1.0,14,185000,0,365000
1760000,0.0,0,0,0.0,1051.9,0.0,2,0.0571672354948805,1.0,0,15.7,1172.0,0,2,0,0,1,67.0,1.0,0,0,6875.0,1.0,16,110000,0,140000
900000,0.0,0,0,1.0,1880.26,0.0,2,0.0734935897435897,1.0,0,20.5,1248.0,0,1,0,0,1,91.72,0.0,0,0,11111.111111111111,1.0,9,100000,0,360000
1870000,0.0,0,0,0.0,1380.6,0.0,2,0.0521042084168336,1.0,0,17.7,1497.0,0,2,0,1,0,78.0,1.0,0,0,6470.588235294118,1.0,17,110000,0,200000
1500000,0.0,0,0,1.0,1855.0,0.0,2,0.0559071729957805,1.0,0,17.5,1896.0,0,2,0,0,1,106.0,0.0,0,0,6666.666666666667,1.0,15,100000,0,250000
1870000,0.0,0,0,1.0,1855.0,0.0,2,0.0559071729957805,1.0,0,17.5,1896.0,0,2,0,0,1,106.0,0.0,0,0,6470.588235294118,1.0,17,110000,0,229999
1820000,0.0,0,1,1.0,1210.4,0.0,2,0.0486061472480343,1.0,0,17.8,1399.0,0,2,0,0,0,68.0,0.0,0,0,9285.714285714286,1.0,14,130000,0,320000
1502600,0.0,0,0,0.0,1595.685,0.0,1,0.0655689102564102,1.0,0,19.5,1248.0,0,3,0,0,0,81.83,1.0,1,0,3104.5454545454545,1.0,22,68300,0,85000
63000,0.0,0,0,0.0,1778.3399999999997,0.0,1,0.0694235588972431,0.0,0,21.4,1197.0,1,1,0,0,0,83.1,1.0,0,0,1285.7142857142858,1.0,7,9000,0,740000
114000,0.0,0,0,0.0,1708.802,0.0,1,0.0683375104427736,0.0,0,20.89,1197.0,1,2,0,0,0,81.8,1.0,0,0,3166.6666666666665,1.0,6,19000,0,570000
1200000,0.0,0,0,1.0,1649.9,0.0,2,0.0501432664756446,1.0,0,23.57,1396.0,0,1,0,0,0,70.0,0.0,0,0,8333.333333333334,1.0,12,100000,1,250000
160000,0.0,0,0,0.0,1374.17,0.0,1,0.0671342685370741,0.0,0,20.51,998.0,1,1,0,0,0,67.0,1.0,0,0,2500.0,1.0,8,20000,0,430000
385000,0.0,0,0,0.0,1164.72,0.0,1,0.0678132678132678,1.0,0,21.1,814.0,0,1,0,0,0,55.2,1.0,1,0,3181.818181818182,1.0,11,35000,0,225000
770000,0.0,0,0,1.0,1999.9742,0.0,2,0.0635601719197707,1.0,0,22.54,1396.0,0,2,0,0,0,88.73,0.0,1,0,6363.636363636364,1.0,11,70000,0,440000
630000,0.0,0,0,1.0,2150.55,0.0,2,0.0709134615384615,1.0,0,24.3,1248.0,1,1,0,0,0,88.5,0.0,0,0,7777.777777777777,1.0,9,70000,0,800000
530000,0.0,0,0,1.0,1680.0,0.0,2,0.0625,1.0,0,24.0,1120.0,0,1,0,0,0,70.0,0.0,1,0,5300.0,1.0,10,53000,0,450000
1260000,0.0,0,0,1.0,1731.6,0.0,2,0.0592948717948717,1.0,0,23.4,1248.0,1,2,0,0,0,74.0,0.0,0,0,8750.0,1.0,12,105000,0,420000
135000,0.0,0,0,0.0,2002.56,0.0,1,0.0700583819849874,1.0,0,23.84,1199.0,0,1,0,0,0,84.0,1.0,0,0,1666.6666666666667,1.0,9,15000,1,350000
1826232,0.0,0,0,1.0,1713.7099999999998,0.0,2,0.0573579739904175,1.0,0,20.45,1461.0,0,2,1,0,0,83.8,0.0,0,0,12682.166666666666,0.0,12,152186,0,425000
986952,0.0,0,0,0.0,1606.404,0.0,2,0.0659147869674185,1.0,0,20.36,1197.0,0,1,0,0,0,78.9,1.0,1,0,6853.833333333333,0.0,12,82246,0,295000
180000,0.0,0,0,0.0,1668.7199999999998,0.0,1,0.0683375104427736,1.0,0,20.4,1197.0,1,1,0,0,0,81.8,1.0,0,0,2222.222222222222,1.0,9,20000,0,540000
320000,0.0,0,0,1.0,2102.168,0.0,1,0.0593108974358974,1.0,0,28.4,1248.0,1,1,0,0,0,74.02,0.0,0,0,5000.0,1.0,8,40000,0,754000
16734,0.0,0,1,0.0,1576.288,0.0,1,0.0725752508361204,1.0,0,18.16,1196.0,0,1,0,0,0,86.8,1.0,0,0,464.8333333333333,0.0,6,2789,0,675000
246946,0.0,0,1,1.0,2355.486,0.0,2,0.0660240160106737,1.0,0,23.8,1499.0,0,1,0,0,0,98.97,0.0,0,0,5039.714285714285,0.0,7,35278,0,700000
20020,0.0,0,1,1.0,2355.486,0.0,1,0.0660240160106737,1.0,0,23.8,1499.0,0,1,0,0,0,98.97,0.0,0,0,408.57142857142856,0.0,7,2860,0,795000
1020000,0.0,0,0,0.0,999.0,0.0,1,0.0613259668508287,1.0,0,15.0,1086.0,0,3,0,0,0,66.6,1.0,1,0,3529.4117647058824,1.0,17,60000,0,155000
1400000,0.0,1,0,1.0,1582.889,0.0,2,0.0491935483870967,1.0,0,23.59,1364.0,0,2,0,0,0,67.1,0.0,0,0,7142.857142857143,1.0,14,100000,0,350000
1099868,0.0,0,1,1.0,1360.0,0.0,2,0.0486061472480343,1.0,0,20.0,1399.0,0,1,0,0,0,68.0,0.0,0,0,5611.571428571428,0.0,14,78562,0,250000
550000,0.0,0,0,1.0,1999.9742,0.0,1,0.0635601719197707,1.0,0,22.54,1396.0,0,1,0,0,0,88.73,0.0,1,0,4545.454545454545,1.0,11,50000,0,420000
1300000,0.0,1,0,1.0,1595.685,0.0,2,0.0655689102564102,1.0,0,19.5,1248.0,0,1,0,0,0,81.83,0.0,0,0,7692.307692307692,1.0,13,100000,0,315000
280000,0.0,0,0,1.0,2221.35,0.0,2,0.0709134615384615,1.0,0,25.1,1248.0,1,1,0,0,0,88.5,0.0,0,0,5714.285714285715,1.0,7,40000,0,750000
50000,0.0,0,0,0.0,1275.291,0.0,1,0.0559682804674457,1.0,0,19.02,1198.0,0,1,0,0,1,67.05,1.0,0,0,2000.0,1.0,5,10000,0,450000
1020000,0.0,0,0,1.0,1335.0,0.0,1,0.0600961538461538,1.0,0,17.8,1248.0,1,2,0,0,0,75.0,0.0,0,0,3529.4117647058824,1.0,17,60000,0,175000
60000,0.0,0,0,0.0,1407.1734,0.0,1,0.0683876357560568,1.0,0,17.19,1197.0,0,1,0,0,0,81.86,1.0,1,0,1666.6666666666667,1.0,6,10000,0,650000
280000,0.0,0,1,1.0,2404.71,0.0,1,0.0660881174899866,1.0,0,24.29,1498.0,0,1,0,0,0,99.0,0.0,0,0,4375.0,1.0,8,35000,0,620000
880000,0.0,0,0,0.0,1268.1899999999998,0.0,1,0.0672344689378757,1.0,0,18.9,998.0,1,1,0,0,0,67.1,1.0,0,0,1818.1818181818185,1.0,22,40000,0,135000
60000,0.0,0,0,0.0,1341.561,0.0,1,0.0667083854818523,1.0,0,25.17,799.0,0,1,1,0,0,53.3,1.0,0,0,1666.6666666666667,1.0,6,10000,0,320000
450000,0.0,0,0,0.0,1605.8475,0.0,2,0.0671843687374749,1.0,0,23.95,998.0,1,1,0,0,0,67.05,1.0,0,0,5555.555555555556,1.0,9,50000,0,320000
1677000,0.0,0,0,1.0,1426.2700000000002,0.0,2,0.0592147435897435,1.0,0,19.3,1248.0,1,1,0,0,0,73.9,0.0,0,0,9923.076923076924,1.0,13,129000,0,400000
210000,0.0,0,0,0.0,1168.31,0.0,1,0.0594221105527638,1.0,0,24.7,796.0,1,1,0,0,0,47.3,1.0,0,0,4285.714285714285,1.0,7,30000,0,310000
196000,0.0,0,0,0.0,1844.5,0.0,1,0.090567612687813,1.0,0,17.0,1198.0,0,2,0,0,0,108.5,1.0,0,0,4000.0,1.0,7,28000,1,595000
840000,0.0,0,0,0.0,1192.82,0.0,2,0.0538172715894868,1.0,0,13.87,1598.0,0,1,0,0,1,86.0,1.0,0,0,5833.333333333333,1.0,12,70000,0,350000
1320000,0.0,0,0,1.0,1337.0,0.0,2,0.0498220640569395,1.0,0,19.1,1405.0,0,1,0,0,0,70.0,0.0,0,0,9166.666666666666,1.0,12,110000,1,275000
60000,0.0,0,0,0.0,1122.01,0.0,1,0.0610367892976588,1.0,0,15.37,1196.0,1,1,0,0,0,73.0,1.0,0,0,1666.6666666666667,1.0,6,10000,0,420000
1870000,0.0,0,0,1.0,1991.0,0.0,2,0.073677160080375,1.0,0,18.1,1493.0,0,2,0,0,0,110.0,0.0,1,0,6470.588235294118,1.0,17,110000,0,250000
1800000,0.0,0,0,1.0,1335.0,0.0,2,0.0600961538461538,1.0,0,17.8,1248.0,1,2,0,0,0,75.0,0.0,0,0,5555.555555555556,1.0,18,100000,0,250000
540000,0.0,0,0,0.0,1385.8,0.0,2,0.0685045948203842,0.0,0,16.9,1197.0,0,1,0,0,0,82.0,1.0,1,0,6666.666666666667,1.0,9,60000,0,525000
1152000,0.0,0,0,0.0,1595.685,0.0,1,0.0655689102564102,1.0,0,19.5,1248.0,0,1,0,0,0,81.83,1.0,1,0,3555.555555555556,1.0,18,64000,0,90000
80000,0.0,0,0,0.0,1548.6240000000005,0.0,1,0.0671743486973947,1.0,0,23.1,998.0,1,1,0,0,0,67.04,1.0,0,0,1250.0,1.0,8,10000,0,430000
280000,0.0,0,0,0.0,1778.3399999999997,0.0,1,0.0694235588972431,1.0,0,21.4,1197.0,1,1,0,0,0,83.1,1.0,0,0,4375.0,1.0,8,35000,0,630000
161000,0.0,0,0,0.0,1705.2,0.0,1,0.0700583819849874,1.0,0,20.3,1199.0,0,1,0,0,0,84.0,1.0,0,0,3285.714285714286,1.0,7,23000,1,550000
90000,0.0,0,0,1.0,2101.6,0.0,1,0.0592948717948717,1.0,0,28.4,1248.0,1,2,0,0,0,74.0,0.0,0,0,2500.0,1.0,6,15000,0,630000
960000,0.0,0,0,1.0,1943.844,0.0,2,0.0635816618911174,1.0,0,21.9,1396.0,0,1,0,0,0,88.76,0.0,1,0,6666.666666666667,1.0,12,80000,0,370000
450000,0.0,0,0,0.0,1549.8,0.0,2,0.0685045948203842,1.0,0,18.9,1197.0,0,1,0,0,0,82.0,1.0,1,0,5555.555555555556,1.0,9,50000,0,500000
1000000,0.0,0,0,1.0,1595.685,0.0,1,0.0655689102564102,1.0,0,19.5,1248.0,0,2,0,0,0,81.83,0.0,0,0,2500.0,1.0,20,50000,1,95000
2405000,0.0,0,0,1.0,1358.0,0.0,2,0.0498220640569395,1.0,0,19.4,1405.0,0,2,0,0,0,70.0,0.0,0,0,14230.76923076923,1.0,13,185000,1,140000
240000,0.0,0,0,0.0,1734.978,0.0,2,0.0683375104427736,1.0,0,21.21,1197.0,1,1,0,0,0,81.8,1.0,0,0,6666.666666666667,1.0,6,40000,0,550000
240000,0.0,0,0,0.0,1541.67,0.0,1,0.067067067067067,1.0,0,23.01,999.0,0,1,1,0,0,67.0,1.0,0,0,3750.0,1.0,8,30000,0,300000
1680000,0.0,0,0,1.0,1589.0700000000002,0.0,2,0.0494269340974212,1.0,0,23.03,1396.0,0,1,0,0,0,69.0,0.0,0,0,8571.42857142857,1.0,14,120000,1,150000
810000,0.0,0,0,1.0,1999.9742,0.0,2,0.0635601719197707,1.0,0,22.54,1396.0,0,2,0,0,0,88.73,0.0,1,0,10000.0,1.0,9,90000,0,550000
1520000,0.0,0,0,0.0,1595.685,0.0,1,0.0655689102564102,1.0,0,19.5,1248.0,0,2,0,0,0,81.83,1.0,1,0,4210.526315789473,1.0,19,80000,0,70000
630000,0.0,0,0,1.0,1864.8,0.0,2,0.0592948717948717,1.0,0,25.2,1248.0,1,1,0,0,0,74.0,0.0,0,0,7777.777777777777,1.0,9,70000,0,535000
910000,0.0,0,0,1.0,1732.4,0.0,2,0.0633928571428571,1.0,0,24.4,1120.0,0,3,0,0,0,71.0,0.0,1,0,9100.0,1.0,10,91000,0,320000
900000,0.0,0,0,1.0,1999.9742,0.0,2,0.0635601719197707,1.0,0,22.54,1396.0,0,1,0,0,0,88.73,0.0,1,0,9000.0,1.0,10,90000,0,500000
540000,0.0,0,0,0.0,1541.67,0.0,2,0.067067067067067,1.0,0,23.01,999.0,0,1,1,0,0,67.0,1.0,0,0,15000.0,1.0,6,90000,0,220000
350000,0.0,0,0,0.0,2002.56,0.0,2,0.0700583819849874,1.0,0,23.84,1199.0,0,1,0,0,0,84.0,1.0,0,0,7142.857142857143,1.0,7,50000,1,350000
420000,0.0,0,0,0.0,1075.602,0.0,1,0.0594221105527638,1.0,0,22.74,796.0,1,1,0,0,0,47.3,1.0,0,0,2916.6666666666665,1.0,12,35000,0,215000
1300000,0.0,0,0,1.0,2127.944,0.0,2,0.0648310387984981,1.0,0,20.54,1598.0,0,1,0,0,0,103.6,0.0,0,1,7692.307692307692,1.0,13,100000,0,335000
900000,0.0,0,0,1.0,1732.4,0.0,2,0.0633928571428571,1.0,0,24.4,1120.0,0,2,0,0,0,71.0,0.0,1,0,9000.0,1.0,10,90000,0,320000
1680000,0.0,0,1,1.0,1360.0,0.0,2,0.0486061472480343,1.0,0,20.0,1399.0,0,2,0,0,0,68.0,0.0,0,0,8571.42857142857,1.0,14,120000,0,135000
1520000,0.0,0,0,0.0,1255.9,0.0,2,0.0662324649298597,1.0,0,19.0,998.0,1,2,0,0,0,66.1,1.0,0,0,5937.5,1.0,16,95000,0,175000
684000,0.0,0,0,0.0,999.09,0.0,1,0.0547359597652975,1.0,0,15.3,1193.0,0,2,0,0,0,65.3,1.0,0,0,2111.1111111111118,1.0,18,38000,1,78000
616000,0.0,0,0,0.0,2041.02,0.0,2,0.0783567134268537,1.0,0,17.4,1497.0,0,2,0,1,0,117.3,1.0,0,0,5090.909090909091,1.0,11,56000,0,565000
400000,0.0,0,0,1.0,1999.9742,0.0,2,0.0635601719197707,1.0,0,22.54,1396.0,0,1,0,0,0,88.73,0.0,1,0,6250.0,1.0,8,50000,0,575000
770000,0.0,0,0,0.0,1164.72,0.0,2,0.0678132678132678,1.0,0,21.1,814.0,0,2,0,0,0,55.2,1.0,1,0,6363.636363636364,1.0,11,70000,0,170000
330000,0.0,0,0,0.0,1075.602,0.0,1,0.0594221105527638,1.0,0,22.74,796.0,1,1,0,0,0,47.3,1.0,0,0,2727.2727272727275,1.0,11,30000,0,250999
660000,0.0,0,0,0.0,2087.94,0.0,2,0.0783567134268537,1.0,0,17.8,1497.0,0,1,0,1,0,117.3,1.0,0,0,5454.545454545455,1.0,11,60000,0,650000
150000,0.0,0,0,0.0,1042.965,0.0,2,0.0594221105527638,1.0,0,22.05,796.0,1,1,0,0,0,47.3,1.0,0,0,6000.0,1.0,5,30000,0,250999
720000,0.0,0,0,0.0,1075.602,0.0,1,0.0594221105527638,1.0,0,22.74,796.0,1,2,0,0,0,47.3,1.0,0,0,5000.0,1.0,12,60000,0,170000
360000,0.0,0,0,1.0,1317.21,0.0,1,0.0494269340974212,1.0,0,19.09,1396.0,0,1,0,0,0,69.0,0.0,0,0,2500.0,1.0,12,30000,1,250000
220000,0.0,0,0,0.0,1075.602,0.0,1,0.0594221105527638,1.0,0,22.74,796.0,1,1,0,0,0,47.3,1.0,0,0,1818.1818181818185,1.0,11,20000,0,250000
960000,0.0,0,0,0.0,1164.72,0.0,2,0.0678132678132678,1.0,0,21.1,814.0,0,1,0,0,0,55.2,1.0,1,0,6666.666666666667,1.0,12,80000,0,200000
400000,0.0,0,0,0.0,1164.72,0.0,2,0.0678132678132678,1.0,0,21.1,814.0,0,1,0,0,0,55.2,1.0,1,0,6250.0,1.0,8,50000,0,270000
322000,0.0,0,0,1.0,2101.6,0.0,2,0.0592948717948717,1.0,0,28.4,1248.0,1,1,0,0,0,74.0,0.0,0,0,6571.428571428572,1.0,7,46000,0,630000
352000,0.0,0,0,1.0,2093.025,0.0,2,0.0709134615384615,1.0,0,23.65,1248.0,1,1,0,0,0,88.5,0.0,0,0,5500.0,0.0,8,44000,0,650000
1800000,0.0,0,0,1.0,1559.2900000000002,0.0,2,0.0592147435897435,1.0,0,21.1,1248.0,1,1,0,0,0,73.9,0.0,0,0,8000.0,1.0,15,120000,0,217000
910000,0.0,0,0,0.0,1595.88,0.0,2,0.0716791979949874,1.0,0,18.6,1197.0,1,2,0,0,0,85.8,1.0,0,0,5384.615384615385,1.0,13,70000,0,280000
1080000,0.0,0,1,0.0,1403.3639999999998,0.0,2,0.0624060150375939,1.0,0,14.09,1596.0,0,1,0,0,0,99.6,1.0,0,0,7500.0,1.0,12,90000,0,350000
270000,0.0,0,0,0.0,1549.8,0.0,1,0.0685045948203842,1.0,0,18.9,1197.0,0,2,0,0,0,82.0,1.0,1,0,3333.333333333333,1.0,9,30000,0,420000
640000,0.0,0,0,0.0,1888.503,0.0,2,0.0663510560815732,1.0,0,20.73,1373.0,1,1,0,0,0,91.1,1.0,0,0,10000.0,1.0,8,80000,0,810000
1260000,0.0,0,0,0.0,1360.0,0.0,2,0.0668337510442773,1.0,0,17.0,1197.0,0,3,0,0,0,80.0,1.0,1,0,6428.571428571428,1.0,14,90000,0,290000
780000,0.0,0,0,0.0,1476.84,0.0,1,0.0662218515429524,1.0,0,18.6,1199.0,0,1,0,0,0,79.4,1.0,0,0,4615.384615384615,1.0,13,60000,0,180000
2430000,0.0,0,0,0.0,1122.01,0.0,2,0.0610367892976588,1.0,0,15.37,1196.0,1,1,0,0,0,73.0,1.0,0,0,10800.0,1.0,15,162000,0,160000
200000,0.0,0,0,0.0,1374.9904,0.0,1,0.0671743486973947,1.0,0,20.51,998.0,1,2,0,0,0,67.04,1.0,0,0,2000.0,1.0,10,20000,0,369000
2040000,0.0,0,0,0.0,1536.0,0.0,2,0.0668337510442773,0.0,0,19.2,1197.0,0,2,0,0,0,80.0,1.0,1,0,7058.823529411765,1.0,17,120000,0,220000
1600000,0.0,0,0,1.0,1335.0,0.0,2,0.0600961538461538,1.0,0,17.8,1248.0,1,2,0,0,0,75.0,0.0,0,0,6250.0,1.0,16,100000,0,221000
280000,0.0,0,0,0.0,1558.459,0.0,1,0.0743503772003352,1.0,0,17.57,1193.0,0,1,0,0,0,88.7,1.0,0,0,4375.0,1.0,8,35000,1,400000
1430000,0.0,0,0,0.0,1122.01,0.0,2,0.0610367892976588,1.0,0,15.37,1196.0,1,1,0,0,0,73.0,1.0,0,0,8461.538461538461,1.0,13,110000,0,190000
480000,0.0,0,0,0.0,1341.561,0.0,2,0.0667083854818523,1.0,0,25.17,799.0,0,1,1,0,0,53.3,1.0,0,0,7500.0,1.0,8,60000,0,300000
216000,0.0,0,0,1.0,1999.9742,0.0,1,0.0635601719197707,1.0,0,22.54,1396.0,0,1,0,0,0,88.73,0.0,1,0,3375.0,1.0,8,27000,0,750000
450000,0.0,0,0,1.0,1967.66,0.0,2,0.0592948717948717,1.0,0,26.59,1248.0,1,1,0,0,0,74.0,0.0,0,0,5555.555555555556,1.0,9,50000,0,650000
280000,0.0,0,0,0.0,1543.2600000000002,0.0,2,0.0723706176961602,1.0,0,17.8,1198.0,0,1,0,1,0,86.7,1.0,0,0,5714.285714285715,1.0,7,40000,0,635000
360000,0.0,0,0,1.0,2000.6504,0.0,2,0.0635816618911174,1.0,0,22.54,1396.0,0,1,0,0,0,88.76,0.0,1,0,10000.0,1.0,6,60000,0,700000
208000,0.0,0,0,0.0,1734.978,0.0,1,0.0683375104427736,1.0,0,21.21,1197.0,1,2,0,0,0,81.8,1.0,0,0,3250.0,1.0,8,26000,0,484999
1440000,0.0,0,1,0.0,1128.8000000000002,0.0,1,0.0489913544668587,1.0,0,16.6,1388.0,0,2,0,0,0,68.0,1.0,0,0,4444.444444444444,1.0,18,80000,0,120000
660000,0.0,0,0,0.0,1164.72,0.0,2,0.0678132678132678,1.0,0,21.1,814.0,0,2,0,0,0,55.2,1.0,1,0,5454.545454545455,1.0,11,60000,0,220000
880000,0.0,0,0,0.0,1606.404,0.0,2,0.0659147869674185,1.0,0,20.36,1197.0,0,2,0,0,0,78.9,1.0,1,0,7272.727272727273,1.0,11,80000,0,320000
1260000,0.0,0,0,1.0,1694.6,0.0,2,0.0592948717948717,1.0,0,22.9,1248.0,1,2,0,0,0,74.0,0.0,0,0,6428.571428571428,1.0,14,90000,0,375000
90000,0.0,0,0,0.0,1547.1539999999998,0.0,1,0.0683876357560568,0.0,0,18.9,1197.0,0,1,0,0,0,81.86,1.0,1,0,2500.0,1.0,6,15000,0,550000
280000,0.0,0,0,1.0,1864.8,0.0,1,0.0592948717948717,1.0,0,25.2,1248.0,1,2,0,0,0,74.0,0.0,0,0,4375.0,1.0,8,35000,0,640000
1320000,0.0,1,0,1.0,1581.4736,0.0,2,0.049149560117302,1.0,0,23.59,1364.0,0,1,0,0,0,67.04,0.0,0,0,10909.09090909091,1.0,11,120000,0,420000
567000,0.0,0,0,1.0,1680.0,0.0,2,0.0625,1.0,0,24.0,1120.0,0,3,0,0,0,70.0,0.0,1,0,7000.0,1.0,9,63000,0,330000
150000,0.0,0,0,1.0,2352.7092,0.0,1,0.0725100133511348,1.0,0,21.66,1498.0,0,1,0,0,0,108.62,0.0,0,1,4166.666666666667,1.0,6,25000,0,800000
903000,0.0,0,0,0.0,1268.1899999999998,0.0,1,0.0672344689378757,1.0,0,18.9,998.0,1,1,0,0,0,67.1,1.0,0,0,4607.142857142857,1.0,14,64500,0,240000
120000,0.0,0,0,0.0,1522.038,0.0,1,0.0683625730994152,1.0,0,18.6,1197.0,0,2,0,0,0,81.83,1.0,1,0,1875.0,1.0,8,15000,0,570000
250000,0.0,1,0,1.0,1581.4736,0.0,1,0.049149560117302,1.0,0,23.59,1364.0,0,1,0,0,0,67.04,0.0,0,0,2500.0,1.0,10,25000,0,450000
738000,0.0,0,0,0.0,1587.3,0.0,2,0.0716791979949874,1.0,0,18.5,1197.0,1,3,0,0,0,85.8,1.0,0,0,9111.111111111111,1.0,9,82000,0,270000
800000,0.0,0,0,0.0,1605.8475,0.0,2,0.0671843687374749,1.0,0,23.95,998.0,1,2,0,0,0,67.05,1.0,0,0,8000.0,1.0,10,80000,0,240000
1430000,0.0,0,0,1.0,2061.6345,0.0,2,0.0742299794661191,1.0,0,19.01,1461.0,0,3,1,0,0,108.45,0.0,0,0,8461.538461538461,1.0,13,110000,0,320000
2072000,0.0,0,0,1.0,1875.456,0.0,2,0.0711538461538461,1.0,0,21.12,1248.0,0,2,0,0,0,88.8,0.0,0,0,10571.42857142857,1.0,14,148000,1,149000
980000,0.0,0,0,0.0,1532.932,0.0,1,0.0626755852842809,1.0,0,16.36,1495.0,0,1,0,0,0,93.7,1.0,1,0,5000.0,1.0,14,70000,0,180000
910000,0.0,0,0,0.0,1127.58075,1.0,2,0.0571823204419889,1.0,0,18.1575,1086.0,0,2,0,0,0,62.1,0.0,1,0,5384.615384615385,1.0,13,70000,0,185000
1800000,0.0,0,0,1.0,1190.0,0.0,2,0.0498220640569395,1.0,0,17.0,1405.0,0,1,0,0,0,70.0,0.0,0,0,8000.0,1.0,15,120000,1,130000
780000,0.0,0,1,1.0,1192.6,0.0,1,0.0478913509649749,1.0,0,17.8,1399.0,0,1,0,0,0,67.0,0.0,0,0,4615.384615384615,1.0,13,60000,0,330000
1260000,0.0,0,0,1.0,1692.0,0.0,2,0.0721153846153846,1.0,0,18.8,1248.0,0,1,0,0,0,90.0,0.0,0,0,6428.571428571428,0.0,14,90000,1,190000
748000,0.0,0,0,1.0,1694.6,0.0,2,0.0592948717948717,1.0,0,22.9,1248.0,1,1,0,0,0,74.0,0.0,0,0,6181.818181818182,0.0,11,68000,0,501000
196000,0.0,0,0,1.0,2543.88,0.0,1,0.0658210947930574,1.0,0,25.8,1498.0,0,1,0,1,0,98.6,0.0,0,0,3062.5,0.0,8,24500,0,600000
850000,0.0,0,0,1.0,2543.88,0.0,2,0.0658210947930574,1.0,0,25.8,1498.0,0,1,0,1,0,98.6,0.0,0,0,8500.0,0.0,10,85000,0,450000
637000,0.0,1,0,0.0,1488.8894000000005,0.0,1,0.0593114973262032,1.0,0,16.78,1496.0,0,1,0,0,0,88.73,1.0,0,0,3250.0,0.0,14,45500,0,285000
737000,0.0,0,0,1.0,2101.6,0.0,2,0.0592948717948717,1.0,0,28.4,1248.0,1,1,0,0,0,74.0,0.0,0,0,6090.909090909091,0.0,11,67000,0,490000
847000,0.0,0,0,1.0,2101.6,0.0,2,0.0592948717948717,1.0,0,28.4,1248.0,1,1,0,0,0,74.0,0.0,0,0,7000.0,0.0,11,77000,0,500000
423000,0.0,0,0,0.0,1164.72,0.0,2,0.0678132678132678,1.0,0,21.1,814.0,0,1,0,0,0,55.2,1.0,1,0,5222.222222222223,0.0,9,47000,0,275000
456000,0.0,0,0,0.0,2014.0032,0.0,2,0.0704587155963302,1.0,0,23.84,1199.0,0,1,0,0,0,84.48,1.0,0,0,7125.0,0.0,8,57000,1,440000
500500,0.0,0,0,1.0,1999.9742,0.0,2,0.0635601719197707,1.0,0,22.54,1396.0,0,1,0,0,0,88.73,0.0,1,0,10214.285714285714,0.0,7,71500,0,825000
1430000,0.0,1,0,1.0,1581.4736,0.0,2,0.049149560117302,1.0,0,23.59,1364.0,0,1,0,0,0,67.04,0.0,0,0,8461.538461538461,0.0,13,110000,0,411000
984000,0.0,0,0,1.0,1967.66,0.0,2,0.0592948717948717,1.0,0,26.59,1248.0,1,2,0,0,0,74.0,0.0,0,0,6833.333333333333,0.0,12,82000,0,470000
840000,0.0,0,0,1.0,2101.6,0.0,2,0.0592948717948717,1.0,0,28.4,1248.0,1,2,0,0,0,74.0,0.0,0,0,5833.333333333333,0.0,12,70000,0,445000
224000,0.0,0,0,1.0,2026.86,0.0,1,0.0592948717948717,1.0,0,27.39,1248.0,1,1,0,0,0,74.0,0.0,0,0,3500.0,0.0,8,28000,0,752000
1125000,0.0,0,0,1.0,2188.4128,0.0,2,0.069105473965287,1.0,0,21.14,1498.0,0,2,0,0,1,103.52,0.0,0,0,13888.888888888889,0.0,9,125000,0,650000
804000,0.0,0,0,1.0,2101.6,0.0,2,0.0592948717948717,1.0,0,28.4,1248.0,1,2,0,0,0,74.0,0.0,0,0,5583.333333333333,0.0,12,67000,0,450000
1309000,0.0,0,0,0.0,2006.0,0.0,2,0.0788243152972612,1.0,0,17.0,1497.0,0,3,0,1,0,118.0,1.0,0,0,6678.571428571428,0.0,14,93500,0,350000
110500,0.0,0,0,0.0,1799.6,0.0,1,0.0683375104427736,1.0,0,22.0,1197.0,1,1,0,0,0,81.8,1.0,0,0,653.8461538461538,0.0,13,8500,0,511000
720000,0.0,0,0,1.0,2026.86,0.0,2,0.0592948717948717,1.0,0,27.39,1248.0,1,1,0,0,0,74.0,0.0,0,0,8888.888888888889,0.0,9,80000,0,700000
1746000,0.0,0,1,0.0,1128.8000000000002,0.0,2,0.0489913544668587,1.0,0,16.6,1388.0,0,1,0,0,0,68.0,1.0,0,0,5388.888888888889,1.0,18,97000,0,142000
240000,0.0,0,0,0.0,1522.038,0.0,1,0.0683625730994152,1.0,0,18.6,1197.0,0,1,0,0,0,81.83,1.0,1,0,3750.0,1.0,8,30000,0,630000
500000,0.0,0,0,0.0,1522.038,0.0,1,0.0683625730994152,1.0,0,18.6,1197.0,0,1,0,0,0,81.83,1.0,1,0,5000.0,1.0,10,50000,0,480000
270000,0.0,0,0,0.0,1605.8475,0.0,1,0.0671843687374749,1.0,0,23.95,998.0,1,1,0,0,0,67.05,1.0,0,0,3333.333333333333,1.0,9,30000,0,330000
783900,0.0,0,0,1.0,1630.9730000000002,0.0,1,0.0616346955796497,1.0,0,22.07,1199.0,0,1,0,0,0,73.9,0.0,0,1,4638.461538461538,1.0,13,60300,0,300000
350000,0.0,0,0,1.0,2040.1,0.0,1,0.0710737179487179,1.0,0,23.0,1248.0,0,1,0,0,0,88.7,0.0,0,0,3500.0,1.0,10,35000,1,400000
754647,0.0,0,0,0.0,1348.0704999999998,0.0,1,0.0626611418047882,1.0,0,19.81,1086.0,0,2,0,0,0,68.05,1.0,1,0,2611.235294117647,1.0,17,44391,0,180000
522000,0.0,0,0,1.0,2026.86,0.0,2,0.0592948717948717,1.0,0,27.39,1248.0,1,1,0,0,0,74.0,0.0,0,0,6444.444444444444,1.0,9,58000,0,530000
990000,0.0,0,0,1.0,2563.6,0.0,2,0.0658210947930574,1.0,0,26.0,1498.0,0,1,0,1,0,98.6,0.0,0,0,12222.222222222224,1.0,9,110000,0,700000
675780,0.0,0,0,1.0,1465.344,0.0,1,0.0615384615384615,1.0,0,25.44,936.0,0,1,0,0,0,57.6,0.0,0,0,4692.916666666667,1.0,12,56315,0,175000
1440000,0.0,1,0,1.0,1581.9454,0.0,2,0.0491642228739002,1.0,0,23.59,1364.0,0,1,0,0,0,67.06,0.0,0,0,10000.0,1.0,12,120000,0,325000
900000,0.0,0,0,1.0,2040.1,0.0,2,0.0710737179487179,1.0,0,23.0,1248.0,0,2,0,0,0,88.7,0.0,0,0,9000.0,1.0,10,90000,1,350000
2280000,0.0,0,0,0.0,1342.9125,1.0,2,0.0541941564561734,1.0,0,23.355000000000004,1061.0,1,3,0,0,0,57.5,0.0,0,0,6315.789473684211,1.0,19,120000,0,110000
2880000,0.0,0,0,0.0,1221.2199999999998,0.0,2,0.0672344689378757,1.0,0,18.2,998.0,1,4,0,0,0,67.1,1.0,0,0,8888.888888888889,1.0,18,160000,0,85000
1920000,0.0,0,0,1.0,1426.2700000000002,0.0,2,0.0592147435897435,1.0,0,19.3,1248.0,1,3,0,0,0,73.9,0.0,0,0,7500.0,1.0,16,120000,0,225000
1500000,0.0,0,0,1.0,1350.0,0.0,2,0.0600961538461538,1.0,0,18.0,1248.0,0,2,0,0,0,75.0,0.0,0,0,6666.666666666667,1.0,15,100000,1,111000
1260000,0.0,0,0,0.0,1266.3,0.0,1,0.063147973609802,1.0,0,18.9,1061.0,1,3,0,0,0,67.0,1.0,0,0,3888.8888888888887,1.0,18,70000,0,150000
121208,0.0,0,0,0.0,1164.72,0.0,1,0.0678132678132678,1.0,0,21.1,814.0,0,2,0,0,0,55.2,1.0,1,0,1893.875,1.0,8,15151,0,300000
1400000,0.0,0,0,0.0,1348.0704999999998,0.0,2,0.0626611418047882,1.0,0,19.81,1086.0,0,1,0,0,0,68.05,1.0,1,0,7142.857142857143,1.0,14,100000,0,206000
2090000,0.0,0,0,0.0,1268.1899999999998,0.0,2,0.0672344689378757,1.0,0,18.9,998.0,1,4,0,0,0,67.1,1.0,0,0,5789.473684210527,1.0,19,110000,0,70000
42000,0.0,0,0,0.0,1547.1539999999998,0.0,1,0.0683876357560568,0.0,0,18.9,1197.0,0,1,0,0,0,81.86,1.0,1,0,1166.6666666666667,1.0,6,7000,0,567000
840000,0.0,0,1,0.0,1749.84,0.0,2,0.0736490993995997,1.0,0,15.85,1499.0,0,2,0,0,0,110.4,1.0,0,0,5833.333333333333,1.0,12,70000,0,500000
1280000,0.0,0,0,0.0,1549.8,0.0,2,0.0685045948203842,1.0,0,18.9,1197.0,0,1,0,0,0,82.0,1.0,1,0,12800.0,1.0,10,128000,0,400000
2240000,0.0,0,0,1.0,1595.685,0.0,2,0.0655689102564102,1.0,0,19.5,1248.0,1,2,0,0,0,81.83,0.0,0,0,11428.57142857143,1.0,14,160000,0,340000
165000,0.0,0,0,1.0,1864.8,0.0,1,0.0592948717948717,1.0,0,25.2,1248.0,1,1,0,0,0,74.0,0.0,0,0,1363.6363636363635,1.0,11,15000,0,570000
480000,0.0,0,0,1.0,2102.168,0.0,2,0.0593108974358974,1.0,0,28.4,1248.0,1,1,0,0,0,74.02,0.0,0,0,7500.0,1.0,8,60000,0,699000
960000,0.0,0,0,0.0,1683.9199999999998,0.0,2,0.0724540901502504,1.0,0,19.4,1198.0,0,1,0,1,0,86.8,1.0,0,0,6666.666666666667,1.0,12,80000,0,355000
720000,0.0,0,0,1.0,1967.66,0.0,2,0.0592948717948717,1.0,0,26.59,1248.0,1,1,0,0,0,74.0,0.0,0,0,8888.888888888889,1.0,9,80000,0,690000
2172099,0.0,0,1,1.0,1210.4,0.0,2,0.0486061472480343,1.0,0,17.8,1399.0,0,2,0,0,0,68.0,0.0,0,0,6016.894736842105,1.0,19,114321,0,180000
1440000,0.0,0,0,1.0,1358.0,0.0,2,0.0498220640569395,1.0,0,19.4,1405.0,0,1,0,0,0,70.0,0.0,0,0,10000.0,1.0,12,120000,1,200000
1606000,0.0,1,0,1.0,1581.9454,0.0,2,0.0491642228739002,1.0,0,23.59,1364.0,0,1,0,0,0,67.06,0.0,0,0,13272.727272727272,1.0,11,146000,0,415000
390000,0.0,0,0,0.0,1763.856,1.0,1,0.0626611418047882,1.0,0,25.92,1086.0,0,1,0,0,0,68.05,0.0,1,0,2307.692307692308,1.0,13,30000,0,350000
160000,0.0,0,0,0.0,1164.72,0.0,1,0.0678132678132678,1.0,0,21.1,814.0,0,1,0,0,0,55.2,1.0,1,0,2500.0,1.0,8,20000,0,350000
1200000,0.0,1,0,1.0,1581.7095,0.0,3,0.0491568914956011,1.0,0,23.59,1364.0,0,1,0,0,0,67.05,0.0,0,0,18750.0,1.0,8,150000,0,632000
770000,0.0,0,0,0.0,1827.4923000000003,0.0,2,0.0515886287625418,1.0,0,29.619000000000003,1196.0,1,2,0,0,0,61.7,0.0,0,0,6363.636363636364,1.0,11,70000,0,325000
1500000,0.0,0,0,0.0,2006.0,0.0,2,0.0788243152972612,1.0,0,17.0,1497.0,0,3,0,1,0,118.0,1.0,0,0,6666.666666666667,1.0,15,100000,0,300000
3760000,0.0,0,0,0.0,1268.1899999999998,0.0,2,0.0672344689378757,1.0,0,18.9,998.0,1,4,0,0,0,67.1,1.0,0,0,9400.0,1.0,20,188000,0,70000
1700000,0.0,0,0,0.0,1348.0704999999998,0.0,2,0.0626611418047882,1.0,0,19.81,1086.0,0,3,0,0,0,68.05,1.0,1,0,5882.35294117647,1.0,17,100000,0,180000
298664,0.0,0,0,0.0,1522.038,0.0,1,0.0683625730994152,1.0,0,18.6,1197.0,0,1,0,0,0,81.83,1.0,1,0,4666.625,1.0,8,37333,0,730000
720000,0.0,1,0,1.0,1581.7095,0.0,2,0.0491568914956011,1.0,0,23.59,1364.0,0,2,0,0,0,67.05,0.0,0,0,8888.888888888889,1.0,9,80000,0,509999
2010000,0.0,0,0,1.0,1595.685,0.0,2,0.0655689102564102,1.0,0,19.5,1248.0,1,2,0,0,0,81.83,0.0,0,0,8933.333333333334,1.0,15,134000,0,240000
1008000,0.0,0,0,0.0,912.11,0.0,2,0.0581658291457286,1.0,0,19.7,796.0,1,2,0,0,0,46.3,1.0,0,0,5142.857142857143,1.0,14,72000,0,140000
800000,0.0,0,0,0.0,1587.3,0.0,2,0.0716791979949874,1.0,0,18.5,1197.0,1,2,0,0,0,85.8,1.0,0,0,8000.0,1.0,10,80000,0,300000
1800000,0.0,0,0,1.0,1426.2700000000002,0.0,2,0.0592147435897435,1.0,0,19.3,1248.0,1,2,0,0,0,73.9,0.0,0,0,8000.0,1.0,15,120000,0,225000
1300000,0.0,0,0,1.0,1714.548,0.0,2,0.0573579739904175,1.0,0,20.46,1461.0,0,2,1,0,0,83.8,0.0,0,0,7692.307692307692,1.0,13,100000,0,400000
1440000,0.0,0,0,0.0,1501.5,0.0,2,0.0661016949152542,1.0,0,17.5,1298.0,1,3,0,0,0,85.8,1.0,0,0,5625.0,1.0,16,90000,0,190000
1680000,0.0,0,0,1.0,2543.88,0.0,2,0.0658210947930574,1.0,0,25.8,1498.0,0,3,0,1,0,98.6,0.0,0,0,11666.666666666666,1.0,12,140000,0,350000
1800000,0.0,0,0,0.0,1116.0,0.0,2,0.0623115577889447,1.0,0,18.0,995.0,0,1,0,0,0,62.0,1.0,0,0,8000.0,1.0,15,120000,0,75000
210000,0.0,0,0,1.0,2150.55,0.0,2,0.0709134615384615,0.0,0,24.3,1248.0,1,1,0,0,0,88.5,0.0,0,0,5833.333333333333,1.0,6,35000,0,860000
550000,0.0,0,0,0.0,1605.8475,0.0,1,0.0671843687374749,1.0,0,23.95,998.0,1,2,0,0,0,67.05,1.0,0,0,4545.454545454545,1.0,11,50000,0,250000
656000,0.0,0,0,1.0,2199.76,0.0,2,0.063538681948424,1.0,0,24.8,1396.0,0,1,0,0,0,88.7,0.0,1,0,10250.0,1.0,8,82000,0,700000
770000,0.0,0,0,1.0,1864.8,0.0,2,0.0592948717948717,1.0,0,25.2,1248.0,1,3,0,0,0,74.0,0.0,0,0,6363.636363636364,1.0,11,70000,0,399000
810000,0.0,0,0,0.0,1587.3,0.0,2,0.0716791979949874,1.0,0,18.5,1197.0,1,1,0,0,0,85.8,1.0,0,0,10000.0,1.0,9,90000,0,320000
424000,0.0,0,0,1.0,2485.965,0.0,2,0.0709134615384615,1.0,0,28.09,1248.0,1,1,0,0,0,88.5,0.0,0,0,6625.0,1.0,8,53000,0,750000
172000,0.0,0,0,0.0,1469.84,0.0,1,0.0634390651085141,0.0,1,19.34,1198.0,0,1,0,0,0,76.0,1.0,0,0,2687.5,1.0,8,21500,0,560000
712000,0.0,0,0,1.0,1882.32,0.0,2,0.0659025787965616,1.0,0,27.28,1047.0,0,1,0,0,0,69.0,0.0,0,0,11125.0,1.0,8,89000,1,450000
420000,0.0,0,0,0.0,1638.78,0.0,1,0.0716791979949874,1.0,0,19.1,1197.0,1,2,0,0,0,85.8,1.0,0,0,2916.6666666666665,1.0,12,35000,0,459999
516000,0.0,0,0,0.0,1274.9,0.0,1,0.0672344689378757,1.0,0,19.0,998.0,1,2,0,0,0,67.1,1.0,0,0,3583.333333333333,1.0,12,43000,0,235000
1280000,0.0,0,0,0.0,1112.832,0.0,1,0.0571823204419889,1.0,0,17.92,1086.0,0,2,0,0,0,62.1,1.0,1,0,5000.0,1.0,16,80000,0,180000
1440000,0.0,0,0,0.0,1121.4,0.0,1,0.0580110497237569,1.0,0,17.8,1086.0,0,2,0,0,0,63.0,1.0,1,0,4444.444444444444,1.0,18,80000,0,140000
1210000,0.0,0,0,1.0,1999.9742,0.0,2,0.0635601719197707,1.0,0,22.54,1396.0,0,1,0,0,0,88.73,0.0,1,0,10000.0,1.0,11,110000,0,620000
1300000,0.0,0,0,0.0,1164.72,0.0,2,0.0678132678132678,1.0,0,21.1,814.0,0,1,0,0,0,55.2,1.0,1,0,7692.307692307692,1.0,13,100000,0,190000
175000,0.0,0,0,0.0,1164.72,0.0,1,0.0678132678132678,1.0,0,21.1,814.0,0,1,0,0,0,55.2,1.0,1,0,3571.428571428572,1.0,7,25000,0,380000
120000,0.0,0,1,1.0,2276.08,0.0,1,0.0660614152202937,1.0,0,23.0,1498.0,0,1,0,0,0,98.96,0.0,0,0,3333.333333333333,1.0,6,20000,0,1145000
560000,0.0,0,0,1.0,1698.3,0.0,2,0.0592948717948717,1.0,0,22.95,1248.0,0,1,0,0,0,74.0,0.0,0,0,8750.0,1.0,8,70000,1,540000
1900000,0.0,0,0,0.0,896.0,0.0,2,0.060320452403393,1.0,0,14.0,1061.0,1,2,0,0,0,64.0,1.0,0,0,5263.1578947368425,1.0,19,100000,0,150000
1462000,0.0,0,0,0.0,1595.685,0.0,2,0.0655689102564102,1.0,0,19.5,1248.0,1,2,0,0,0,81.83,1.0,0,0,5058.823529411765,1.0,17,86000,0,75000
800000,0.0,0,0,0.0,912.11,0.0,1,0.0581658291457286,1.0,0,19.7,796.0,1,1,0,0,0,46.3,1.0,0,0,3125.0,1.0,16,50000,0,135000
322400,0.0,0,0,0.0,2002.56,0.0,2,0.0700583819849874,1.0,0,23.84,1199.0,0,1,0,0,0,84.0,1.0,0,0,5037.5,1.0,8,40300,1,340000
225000,0.0,0,0,0.0,1548.6240000000005,0.0,1,0.0671743486973947,1.0,0,23.1,998.0,1,2,0,0,0,67.04,1.0,0,0,2777.777777777778,1.0,9,25000,0,411000
2325000,0.0,0,0,0.0,1268.1899999999998,0.0,2,0.0672344689378757,1.0,0,18.9,998.0,1,3,0,0,0,67.1,1.0,0,0,10333.333333333334,1.0,15,155000,0,150000
500000,0.0,0,0,0.0,1685.3,0.0,1,0.0739783152627189,0.0,0,19.0,1199.0,0,1,0,1,0,88.7,1.0,0,0,5000.0,1.0,10,50000,0,575000
240240,0.0,0,0,0.0,1522.038,0.0,1,0.0683625730994152,1.0,0,18.6,1197.0,0,1,0,0,0,81.83,1.0,1,0,3753.75,0.0,8,30030,0,595000
232232,0.0,0,0,0.0,1566.2,0.0,1,0.0685045948203842,1.0,0,19.1,1197.0,0,1,0,0,0,82.0,1.0,1,0,3628.625,0.0,8,29029,0,525000
936936,0.0,0,0,1.0,1559.2900000000002,0.0,2,0.0592147435897435,1.0,0,21.1,1248.0,1,1,0,0,0,73.9,0.0,0,0,5544.0,0.0,13,72072,0,335000
702000,0.0,0,1,1.0,1360.0,0.0,1,0.0486061472480343,1.0,0,20.0,1399.0,0,1,0,0,0,68.0,0.0,0,0,4153.846153846154,1.0,13,54000,0,300000
1067066,0.0,0,0,1.0,1999.9742,0.0,2,0.0635601719197707,1.0,0,22.54,1396.0,0,1,0,0,0,88.73,0.0,1,0,6314.0,0.0,13,82082,0,415000
1128400,0.0,0,0,1.0,1426.2700000000002,0.0,2,0.0592147435897435,1.0,0,19.3,1248.0,1,1,0,0,0,73.9,0.0,0,0,5757.142857142857,1.0,14,80600,0,347000
703308,0.0,0,0,0.0,1164.72,0.0,1,0.0678132678132678,1.0,0,21.1,814.0,0,2,0,0,0,55.2,1.0,1,0,4884.083333333333,1.0,12,58609,0,195000
297027,0.0,0,0,0.0,1051.9,0.0,1,0.0571672354948805,1.0,0,15.7,1172.0,0,1,0,0,1,67.0,1.0,0,0,3667.0,1.0,9,33003,0,265000
148500,0.0,0,0,0.0,1522.038,0.0,1,0.0683625730994152,1.0,0,18.6,1197.0,0,1,0,0,0,81.83,1.0,1,0,1833.3333333333333,1.0,9,16500,0,590000
1680000,0.0,0,0,1.0,1426.2700000000002,0.0,2,0.0592147435897435,1.0,0,19.3,1248.0,1,2,0,0,0,73.9,0.0,0,0,8571.42857142857,1.0,14,120000,0,350000
210000,0.0,0,0,1.0,2332.75,0.0,1,0.0724782899131596,1.0,0,21.5,1497.0,0,1,0,0,0,108.5,0.0,0,0,4285.714285714285,1.0,7,30000,1,749000
1050000,0.0,0,0,1.0,1317.21,0.0,1,0.0494269340974212,1.0,0,19.09,1396.0,0,2,0,0,0,69.0,0.0,0,0,4666.666666666667,1.0,15,70000,1,150000
3740000,0.0,0,0,0.0,1038.0,0.0,2,0.0604229607250755,1.0,0,17.3,993.0,1,3,0,0,0,60.0,1.0,0,0,7727.272727272727,1.0,22,170000,0,58000
1680000,0.0,0,0,1.0,1346.1,0.0,2,0.0438740588637919,1.0,0,21.0,1461.0,0,3,0,0,1,64.1,0.0,0,0,8571.42857142857,1.0,14,120000,0,200000
1848000,0.0,0,0,1.0,1650.2,0.0,3,0.0592948717948717,1.0,0,22.3,1248.0,0,2,0,0,0,74.0,0.0,0,0,15272.727272727272,1.0,11,168000,1,240000
480000,0.0,0,0,1.0,2543.88,0.0,2,0.0658210947930574,1.0,0,25.8,1498.0,0,2,0,1,0,98.6,0.0,0,0,7500.0,1.0,8,60000,0,515000
2040000,0.0,0,0,0.0,912.11,0.0,2,0.0581658291457286,1.0,0,19.7,796.0,1,2,0,0,0,46.3,1.0,0,0,7058.823529411765,1.0,17,120000,0,145000
52200,0.0,0,0,0.0,1374.9904,0.0,1,0.0671743486973947,1.0,0,20.51,998.0,1,2,0,0,0,67.04,1.0,0,0,644.4444444444445,1.0,9,5800,0,450000
1030500,0.0,0,0,0.0,1255.9,0.0,1,0.0662324649298597,1.0,0,19.0,998.0,1,3,0,0,0,66.1,1.0,0,0,4580.0,1.0,15,68700,0,179000
1944000,0.0,0,0,0.0,1434.48,0.0,2,0.0645403377110694,1.0,0,13.9,1599.0,0,3,0,0,0,103.2,1.0,1,0,6000.0,1.0,18,108000,0,220000
840000,0.0,0,0,0.0,1217.133,0.0,1,0.061686143572621,1.0,0,16.47,1198.0,0,2,0,0,0,73.9,1.0,0,1,4285.714285714285,1.0,14,60000,0,270000
153000,0.0,0,0,0.0,1164.72,0.0,1,0.0678132678132678,1.0,0,21.1,814.0,0,1,0,0,0,55.2,1.0,1,0,1888.888888888889,1.0,9,17000,0,335000
35000,0.0,0,0,0.0,1374.9904,0.0,1,0.0671743486973947,1.0,0,20.51,998.0,1,1,0,0,0,67.04,1.0,0,0,714.2857142857143,1.0,7,5000,0,459999
480000,0.0,0,0,1.0,2150.55,0.0,2,0.0709134615384615,1.0,0,24.3,1248.0,1,1,0,0,0,88.5,0.0,0,0,7500.0,1.0,8,60000,0,710000
1400000,0.0,0,0,1.0,1967.66,0.0,2,0.0592948717948717,1.0,0,26.59,1248.0,1,2,0,0,0,74.0,0.0,0,0,14000.0,1.0,10,140000,0,330000
175000,0.0,0,0,0.0,1844.5,0.0,1,0.090567612687813,1.0,0,17.0,1198.0,0,1,0,0,0,108.5,1.0,0,0,3571.428571428572,1.0,7,25000,1,750000
450000,0.0,0,0,0.0,1006.02,0.0,2,0.0624120603015075,1.0,0,16.2,995.0,0,2,0,0,0,62.1,1.0,0,0,5555.555555555556,1.0,9,50000,0,160000
540000,0.0,0,0,1.0,1432.272,0.0,2,0.0601495726495726,1.0,0,25.44,936.0,0,2,0,0,0,56.3,0.0,0,0,6666.666666666667,1.0,9,60000,0,215000
792000,0.0,0,0,0.0,1638.78,0.0,2,0.0716791979949874,1.0,0,19.1,1197.0,1,1,0,0,0,85.8,1.0,0,0,6545.454545454545,1.0,11,72000,0,480000
910000,0.0,0,0,0.0,1164.72,0.0,2,0.0678132678132678,1.0,0,21.1,814.0,0,1,0,0,0,55.2,1.0,1,0,5384.615384615385,1.0,13,70000,0,200000
996000,0.0,0,0,1.0,1456.348,0.0,2,0.0431895961670089,1.0,1,23.08,1461.0,0,1,0,0,0,63.1,0.0,0,0,6916.666666666667,1.0,12,83000,0,400000
1300000,0.0,0,0,0.0,1164.72,0.0,2,0.0678132678132678,1.0,0,21.1,814.0,0,2,0,0,0,55.2,1.0,1,0,7692.307692307692,1.0,13,100000,0,180000
250000,0.0,0,0,0.0,1668.7199999999998,0.0,1,0.0683375104427736,1.0,0,20.4,1197.0,1,1,0,0,0,81.8,1.0,0,0,2500.0,1.0,10,25000,0,550000
450000,0.0,0,0,1.0,1864.8,0.0,2,0.0592948717948717,1.0,0,25.2,1248.0,1,1,0,0,0,74.0,0.0,0,0,5555.555555555556,1.0,9,50000,0,550000
420000,0.0,0,0,0.0,1274.9,0.0,1,0.0672344689378757,1.0,0,19.0,998.0,1,1,0,0,0,67.1,1.0,0,0,2142.8571428571427,1.0,14,30000,0,270000
1020000,0.0,0,0,1.0,1456.8095999999998,0.0,2,0.0432032854209445,1.0,0,23.08,1461.0,0,1,1,0,0,63.12,0.0,0,0,7083.333333333333,1.0,12,85000,0,315000
341000,0.0,0,0,0.0,1374.9904,0.0,1,0.0671743486973947,1.0,0,20.51,998.0,1,1,0,0,0,67.04,1.0,0,0,2818.181818181818,1.0,11,31000,0,300000
1100000,0.0,0,0,1.0,1680.0,0.0,2,0.0625,1.0,0,24.0,1120.0,0,1,0,0,0,70.0,0.0,1,0,9090.90909090909,1.0,11,100000,0,350000
180000,0.0,0,0,0.0,1374.9904,0.0,1,0.0671743486973947,1.0,0,20.51,998.0,1,1,0,0,0,67.04,1.0,0,0,2222.222222222222,1.0,9,20000,0,350000
480000,0.0,0,1,1.0,2244.8943,0.0,2,0.0658144192256341,1.0,0,22.77,1498.0,0,1,0,0,0,98.59,0.0,0,0,7500.0,1.0,8,60000,0,700000
1235952,0.0,0,0,1.0,1731.6,0.0,2,0.0592948717948717,1.0,0,23.4,1248.0,1,2,0,0,0,74.0,0.0,0,0,8583.0,1.0,12,102996,0,415000
600000,0.0,0,0,1.0,1999.9742,0.0,2,0.0635601719197707,1.0,0,22.54,1396.0,0,1,0,0,0,88.73,0.0,1,0,6000.0,1.0,10,60000,0,550000
670000,0.0,0,0,1.0,1590.0,0.0,2,0.0600961538461538,1.0,0,21.2,1248.0,0,1,0,0,1,75.0,0.0,0,0,6700.0,1.0,10,67000,0,550000
965000,0.0,0,0,1.0,1880.26,0.0,2,0.0734935897435897,1.0,0,20.5,1248.0,0,1,0,0,1,91.72,0.0,0,0,9650.0,1.0,10,96500,0,500000
419296,0.0,0,0,0.0,1268.1899999999998,0.0,2,0.0672344689378757,1.0,0,18.9,998.0,1,1,0,0,0,67.1,1.0,0,0,6551.5,0.0,8,52412,0,340000
1049424,0.0,0,1,1.0,2244.8943,0.0,2,0.0658144192256341,1.0,0,22.77,1498.0,0,2,0,0,0,98.59,0.0,0,0,7287.666666666667,0.0,12,87452,0,480000
119000,0.0,0,1,1.0,2276.08,0.0,1,0.0660614152202937,1.0,0,23.0,1498.0,0,1,0,0,0,98.96,0.0,0,0,2428.5714285714284,1.0,7,17000,0,750000
1131010,0.0,0,0,0.0,1266.3,0.0,1,0.063147973609802,1.0,0,18.9,1061.0,1,2,0,0,0,67.0,1.0,0,0,3913.529411764706,1.0,17,66530,0,100000
480000,0.0,0,0,0.0,1532.725,0.0,1,0.0692147034252297,1.0,0,18.5,1197.0,0,1,0,0,0,82.85,1.0,1,0,3333.333333333333,1.0,12,40000,0,290000
965000,0.0,0,0,1.0,1880.26,0.0,2,0.0734935897435897,1.0,0,20.5,1248.0,0,1,0,0,1,91.72,0.0,0,0,9650.0,1.0,10,96500,0,425000
1185000,0.0,0,0,0.0,1953.84,0.0,2,0.077688710754843,1.0,0,16.8,1497.0,0,1,0,1,0,116.3,1.0,0,0,5266.666666666667,1.0,15,79000,0,285000
780000,0.0,0,0,1.0,1522.5,0.0,1,0.0600961538461538,1.0,0,20.3,1248.0,0,2,0,0,1,75.0,0.0,0,0,4615.384615384615,1.0,13,60000,0,170000
245000,0.0,0,0,0.0,1558.459,0.0,1,0.0743503772003352,1.0,0,17.57,1193.0,0,1,0,0,0,88.7,1.0,0,0,5000.0,1.0,7,35000,1,459999
1200000,0.0,0,0,1.0,1880.26,0.0,2,0.0734935897435897,1.0,0,20.5,1248.0,0,1,0,0,1,91.72,0.0,0,0,12000.0,1.0,10,120000,0,450000
60000,0.0,0,0,0.0,1734.978,0.0,1,0.0683375104427736,0.0,0,21.21,1197.0,1,1,0,0,0,81.8,1.0,0,0,1666.6666666666667,1.0,6,10000,0,650000
120000,0.0,0,0,0.0,1407.1734,0.0,1,0.0683876357560568,1.0,0,17.19,1197.0,0,1,0,0,0,81.86,1.0,1,0,1875.0,1.0,8,15000,0,600000
45000,0.0,0,0,0.0,1075.602,0.0,1,0.0594221105527638,1.0,0,22.74,796.0,1,1,0,0,0,47.3,1.0,0,0,555.5555555555555,1.0,9,5000,0,300000
640000,0.0,0,0,0.0,912.11,0.0,1,0.0581658291457286,1.0,0,19.7,796.0,1,1,0,0,0,46.3,1.0,0,0,2500.0,1.0,16,40000,0,150000
60000,0.0,0,0,0.0,1522.596,0.0,1,0.0683876357560568,1.0,0,18.6,1197.0,0,1,0,0,0,81.86,1.0,1,0,1666.6666666666667,1.0,6,10000,0,590000
225000,0.0,0,0,0.0,1164.72,0.0,1,0.0678132678132678,1.0,0,21.1,814.0,0,1,0,0,0,55.2,1.0,1,0,2777.777777777778,1.0,9,25000,0,310000
424000,0.0,0,0,0.0,1558.459,0.0,2,0.0743503772003352,1.0,0,17.57,1193.0,0,1,0,0,0,88.7,1.0,0,0,6625.0,1.0,8,53000,1,400000
132000,0.0,0,0,0.0,1870.0,0.0,1,0.0918964076858813,1.0,0,17.0,1197.0,0,1,0,0,1,110.0,1.0,0,0,3666.6666666666665,1.0,6,22000,0,1000000
1540000,0.0,0,0,0.0,1268.1899999999998,0.0,1,0.0672344689378757,1.0,0,18.9,998.0,1,4,0,0,0,67.1,1.0,0,0,3181.818181818182,1.0,22,70000,0,65000
750000,0.0,0,0,1.0,2543.88,0.0,2,0.0658210947930574,1.0,0,25.8,1498.0,0,2,0,1,0,98.6,0.0,0,0,7500.0,1.0,10,75000,0,509999
910000,0.0,0,0,0.0,1268.1899999999998,0.0,2,0.0672344689378757,1.0,0,18.9,998.0,1,1,0,0,0,67.1,1.0,0,0,5384.615384615385,1.0,13,70000,0,221000
704000,0.0,0,0,0.0,1552.128,0.0,2,0.0645807259073842,1.0,0,15.04,1598.0,0,3,0,0,0,103.2,1.0,0,1,5818.181818181818,1.0,11,64000,0,390000
640000,0.0,0,0,0.0,912.11,0.0,1,0.0581658291457286,1.0,0,19.7,796.0,1,1,0,0,0,46.3,1.0,0,0,2500.0,1.0,16,40000,0,195000
720000,0.0,0,0,1.0,1999.9742,0.0,2,0.0635601719197707,1.0,0,22.54,1396.0,0,1,0,0,0,88.73,0.0,1,0,7200.0,1.0,10,72000,0,615000
840000,0.0,0,0,1.0,1943.844,0.0,2,0.0635816618911174,1.0,0,21.9,1396.0,0,2,0,0,0,88.76,0.0,1,0,5833.333333333333,1.0,12,70000,0,350000
975000,0.0,0,0,1.0,1465.344,0.0,2,0.0615384615384615,1.0,0,25.44,936.0,0,1,0,0,0,57.6,0.0,0,0,5769.2307692307695,1.0,13,75000,0,140000
258648,0.0,0,0,1.0,1999.9742,0.0,1,0.0635601719197707,1.0,0,22.54,1396.0,0,2,0,0,0,88.73,0.0,1,0,4041.375,1.0,8,32331,0,650000
1200000,0.0,0,0,1.0,2070.0,0.0,2,0.0644699140401146,1.0,0,23.0,1396.0,0,2,0,0,0,90.0,0.0,1,0,5333.333333333333,1.0,15,80000,0,285000
280000,0.0,0,0,0.0,1116.0,0.0,1,0.0623115577889447,1.0,0,18.0,995.0,0,2,0,0,0,62.0,1.0,0,0,1428.571428571429,1.0,14,20000,0,190000
1430000,0.0,0,0,0.0,1656.015,0.0,2,0.0652202937249666,1.0,1,16.95,1498.0,0,1,0,0,0,97.7,1.0,0,0,8461.538461538461,1.0,13,110000,0,350000
440000,0.0,0,0,0.0,1549.8,0.0,1,0.0685045948203842,1.0,0,18.9,1197.0,0,2,0,0,0,82.0,1.0,1,0,3636.363636363637,1.0,11,40000,0,400000
900000,0.0,0,0,0.0,1522.038,0.0,2,0.0683625730994152,1.0,0,18.6,1197.0,0,2,0,0,0,81.83,1.0,1,0,9000.0,1.0,10,90000,0,434999
550000,0.0,0,0,0.0,1638.78,0.0,1,0.0716791979949874,1.0,0,19.1,1197.0,1,2,0,0,0,85.8,1.0,0,0,4545.454545454545,1.0,11,50000,0,450000
600000,0.0,0,0,0.0,1522.038,0.0,2,0.0683625730994152,1.0,0,18.6,1197.0,0,1,0,0,0,81.83,1.0,1,0,6000.0,1.0,10,60000,0,450000
240000,0.0,0,0,1.0,1864.8,0.0,1,0.0592948717948717,1.0,0,25.2,1248.0,1,1,0,0,0,74.0,0.0,0,0,3750.0,1.0,8,30000,0,580000
1920000,0.0,0,0,1.0,1317.21,0.0,2,0.0494269340974212,1.0,0,19.09,1396.0,0,3,0,0,0,69.0,0.0,0,0,7500.0,1.0,16,120000,1,140000
240000,0.0,0,0,0.0,1547.1539999999998,0.0,1,0.0683876357560568,1.0,0,18.9,1197.0,0,1,0,0,0,81.86,1.0,1,0,3750.0,1.0,8,30000,0,525000
1920000,0.0,0,0,1.0,1317.21,0.0,2,0.0494269340974212,1.0,0,19.09,1396.0,0,3,0,0,0,69.0,0.0,0,0,7500.0,1.0,16,120000,1,114999
360000,0.0,0,0,0.0,2002.56,0.0,1,0.0700583819849874,1.0,0,23.84,1199.0,0,1,0,0,0,84.0,1.0,0,0,4444.444444444444,1.0,9,40000,1,399000
1900000,0.0,0,0,0.0,1595.685,0.0,2,0.0655689102564102,1.0,0,19.5,1248.0,0,2,0,0,0,81.83,1.0,1,0,5263.1578947368425,1.0,19,100000,0,150000
1170000,0.0,0,0,1.0,1349.0,0.0,2,0.0505338078291814,1.0,0,19.0,1405.0,0,2,0,0,0,71.0,0.0,0,0,6923.076923076923,1.0,13,90000,1,275000
1120000,0.0,0,0,1.0,1971.0,0.0,2,0.0644699140401146,1.0,0,21.9,1396.0,0,2,0,0,0,90.0,0.0,1,0,5714.285714285715,1.0,14,80000,0,340000
1560000,0.0,0,0,0.0,1572.3720000000003,1.0,2,0.0678132678132678,1.0,0,28.485000000000003,814.0,0,1,0,0,0,55.2,0.0,1,0,9230.76923076923,1.0,13,120000,0,222000
1980000,0.0,0,0,1.0,920.2,0.0,2,0.038323782234957,1.0,0,17.2,1396.0,0,2,0,0,0,53.5,0.0,0,0,6111.111111111111,1.0,18,110000,1,70000
304000,0.0,0,0,0.0,2002.56,0.0,1,0.0700583819849874,1.0,0,23.84,1199.0,0,2,0,0,0,84.0,1.0,0,0,4750.0,1.0,8,38000,1,430000
280000,0.0,0,0,0.0,2002.56,0.0,1,0.0700583819849874,1.0,0,23.84,1199.0,0,2,0,0,0,84.0,1.0,0,0,4375.0,1.0,8,35000,1,430000
770000,0.0,0,0,0.0,1374.9904,0.0,2,0.0671743486973947,1.0,0,20.51,998.0,1,1,0,0,0,67.04,1.0,0,0,6363.636363636364,1.0,11,70000,0,320000
2500000,0.0,0,0,0.0,1595.685,0.0,2,0.0655689102564102,1.0,0,19.5,1248.0,0,4,0,0,0,81.83,1.0,1,0,6250.0,1.0,20,125000,0,95000
1560000,0.0,0,0,1.0,1700.4,0.0,2,0.0533880903490759,1.0,0,21.8,1461.0,0,2,1,0,0,78.0,0.0,0,0,9230.76923076923,1.0,13,120000,0,500000
1430000,0.0,0,0,1.0,2061.6345,0.0,2,0.0742299794661191,1.0,0,19.01,1461.0,0,2,1,0,0,108.45,0.0,0,0,8461.538461538461,1.0,13,110000,0,500000
2100000,0.0,0,0,1.0,1380.0,0.0,2,0.0600961538461538,1.0,0,18.4,1248.0,0,1,0,0,0,75.0,0.0,0,0,9333.333333333334,1.0,15,140000,1,229999
2160000,0.0,0,0,0.0,1595.685,0.0,2,0.0655689102564102,1.0,0,19.5,1248.0,0,2,0,0,0,81.83,1.0,1,0,6666.666666666667,1.0,18,120000,0,200000
640000,0.0,0,0,1.0,1456.348,0.0,2,0.0431895961670089,1.0,0,23.08,1461.0,0,2,1,0,0,63.1,0.0,0,0,10000.0,1.0,8,80000,0,500000
1120000,0.0,0,0,0.0,1268.1899999999998,0.0,2,0.0672344689378757,1.0,0,18.9,998.0,1,1,0,0,0,67.1,1.0,0,0,5714.285714285715,1.0,14,80000,0,265000
1100000,0.0,0,1,1.0,2557.17,0.0,2,0.0660881174899866,1.0,0,25.83,1498.0,0,2,0,0,0,99.0,0.0,0,0,11000.0,1.0,10,110000,0,350000
2408000,0.0,0,0,1.0,944.064,0.0,2,0.0378223495702005,1.0,0,17.88,1396.0,0,2,0,0,0,52.8,0.0,0,0,12285.714285714286,1.0,14,172000,1,114999
275000,0.0,0,0,0.0,1522.038,0.0,1,0.0683625730994152,1.0,0,18.6,1197.0,0,1,0,0,0,81.83,1.0,1,0,2272.7272727272725,1.0,11,25000,0,425000
210000,0.0,0,1,1.0,2276.08,0.0,2,0.0660614152202937,1.0,0,23.0,1498.0,0,1,0,0,0,98.96,0.0,0,0,5833.333333333333,1.0,6,35000,0,900000
210000,0.0,0,0,1.0,2514.3,0.0,1,0.0658210947930574,1.0,0,25.5,1498.0,0,1,0,1,0,98.6,0.0,0,0,4285.714285714285,1.0,7,30000,0,900000
1358000,0.0,0,0,0.0,1348.0704999999998,0.0,2,0.0626611418047882,1.0,0,19.81,1086.0,0,3,0,0,0,68.05,1.0,1,0,6928.571428571428,1.0,14,97000,0,165000
840000,0.0,0,0,1.0,1426.2700000000002,0.0,1,0.0592147435897435,1.0,0,19.3,1248.0,1,2,0,0,0,73.9,0.0,0,0,4285.714285714285,1.0,14,60000,0,500000
840000,0.0,0,0,0.0,1348.0704999999998,0.0,1,0.0626611418047882,1.0,0,19.81,1086.0,0,1,0,0,0,68.05,1.0,1,0,4285.714285714285,1.0,14,60000,0,160000
600000,0.0,0,0,1.0,2474.86,0.0,2,0.0658210947930574,1.0,0,25.1,1498.0,0,1,0,1,0,98.6,0.0,0,0,6000.0,1.0,10,60000,0,670000
990000,0.0,0,0,1.0,1694.6,0.0,2,0.0592948717948717,1.0,0,22.9,1248.0,1,1,0,0,0,74.0,0.0,0,0,8181.818181818182,1.0,11,90000,0,430000
300000,0.0,0,0,0.0,1566.2,0.0,1,0.0685045948203842,1.0,0,19.1,1197.0,0,1,0,0,0,82.0,1.0,1,0,3000.0,1.0,10,30000,0,375000
315000,0.0,0,0,0.0,1522.038,0.0,1,0.0683625730994152,1.0,0,18.6,1197.0,0,1,0,0,0,81.83,1.0,1,0,3888.8888888888887,1.0,9,35000,0,650000
315000,0.0,0,0,1.0,1967.66,0.0,1,0.0592948717948717,1.0,0,26.59,1248.0,1,1,0,0,0,74.0,0.0,0,0,3888.8888888888887,1.0,9,35000,0,500000
280000,0.0,0,0,1.0,2352.7092,0.0,2,0.0725100133511348,1.0,0,21.66,1498.0,0,1,0,0,0,108.62,0.0,0,1,5714.285714285715,1.0,7,40000,0,600000
187648,0.0,0,0,0.0,1549.8,0.0,1,0.0685045948203842,1.0,0,18.9,1197.0,0,1,0,0,0,82.0,1.0,1,0,2932.0,0.0,8,23456,0,550000
120000,0.0,0,0,0.0,1552.25,0.0,1,0.0739783152627189,1.0,0,17.5,1199.0,0,1,0,1,0,88.7,1.0,0,0,1875.0,1.0,8,15000,0,700000
480000,0.0,0,0,1.0,1731.6,0.0,1,0.0592948717948717,1.0,0,23.4,1248.0,1,1,0,0,0,74.0,0.0,0,0,3333.333333333333,1.0,12,40000,0,530000
1050000,0.0,0,0,0.0,1476.84,0.0,1,0.0662218515429524,1.0,0,18.6,1199.0,0,1,0,0,0,79.4,1.0,0,0,4666.666666666667,1.0,15,70000,0,150000
440000,0.0,0,0,0.0,1638.78,0.0,1,0.0716791979949874,1.0,0,19.1,1197.0,1,1,0,0,0,85.8,1.0,0,0,3636.363636363637,1.0,11,40000,0,475000
900000,0.0,0,0,1.0,2474.86,0.0,2,0.0658210947930574,1.0,0,25.1,1498.0,0,2,0,1,0,98.6,0.0,0,0,9000.0,1.0,10,90000,0,800000
56000,0.0,0,0,0.0,1374.17,0.0,1,0.0671342685370741,0.0,0,20.51,998.0,1,2,0,0,0,67.0,1.0,0,0,1142.857142857143,1.0,7,8000,0,509999
1700000,0.0,1,0,1.0,1581.4736,0.0,3,0.049149560117302,1.0,0,23.59,1364.0,0,1,0,0,0,67.04,0.0,0,0,17000.0,1.0,10,170000,0,387000
275000,0.0,0,0,0.0,1075.602,0.0,1,0.0594221105527638,1.0,0,22.74,796.0,1,1,0,0,0,47.3,1.0,0,0,2272.7272727272725,1.0,11,25000,0,235000
1650000,0.0,0,0,1.0,1335.0,0.0,2,0.0600961538461538,1.0,0,17.8,1248.0,1,3,0,0,0,75.0,0.0,0,0,7333.333333333333,1.0,15,110000,0,340000
1840000,0.0,0,1,1.0,938.4,0.0,2,0.0486061472480343,1.0,0,13.8,1399.0,0,2,0,0,0,68.0,0.0,0,0,7187.5,1.0,16,115000,0,160000
1530000,0.0,0,0,1.0,1335.0,0.0,2,0.0600961538461538,1.0,0,17.8,1248.0,1,2,0,0,0,75.0,0.0,0,0,5294.117647058823,1.0,17,90000,0,260000
280000,0.0,0,0,0.0,1614.34,0.0,2,0.0739783152627189,0.0,0,18.2,1199.0,0,1,0,1,0,88.7,1.0,0,0,5714.285714285715,1.0,7,40000,0,860000
935000,0.0,0,0,0.0,1434.48,0.0,1,0.0645403377110694,1.0,0,13.9,1599.0,0,2,0,0,0,103.2,1.0,1,0,3235.294117647059,1.0,17,55000,0,114999
1620000,0.0,0,0,0.0,912.11,0.0,1,0.0581658291457286,1.0,0,19.7,796.0,1,2,0,0,0,46.3,1.0,0,0,5000.0,1.0,18,90000,0,100000
1221000,0.0,0,0,1.0,2099.088,0.0,2,0.0688918558077436,1.0,0,20.34,1498.0,0,1,0,0,0,103.2,0.0,0,1,10090.90909090909,1.0,11,111000,0,565000
120000,0.0,0,0,0.0,1778.3399999999997,0.0,1,0.0694235588972431,1.0,0,21.4,1197.0,1,1,0,0,0,83.1,1.0,0,0,1875.0,1.0,8,15000,0,625000
270000,0.0,0,0,0.0,1075.602,0.0,1,0.0594221105527638,1.0,0,22.74,796.0,1,2,0,0,0,47.3,1.0,0,0,3333.333333333333,1.0,9,30000,0,280000
400000,0.0,0,0,0.0,1605.8475,0.0,2,0.0671843687374749,1.0,0,23.95,998.0,1,1,0,0,0,67.05,1.0,0,0,6250.0,1.0,8,50000,0,330000
850000,0.0,0,0,0.0,1071.0,0.0,1,0.0501432664756446,1.0,0,15.3,1396.0,0,2,0,0,0,70.0,1.0,0,0,2941.176470588235,1.0,17,50000,1,65000
315000,0.0,0,0,0.0,2002.56,0.0,2,0.0700583819849874,1.0,0,23.84,1199.0,0,2,0,0,0,84.0,1.0,0,0,6428.571428571428,1.0,7,45000,1,480000
315000,0.0,0,0,1.0,1882.32,0.0,1,0.0659025787965616,1.0,0,27.28,1047.0,0,2,0,0,0,69.0,0.0,0,0,3888.8888888888887,1.0,9,35000,1,400000
1680000,0.0,0,0,1.0,1426.2700000000002,0.0,2,0.0592147435897435,1.0,0,19.3,1248.0,1,3,0,0,0,73.9,0.0,0,0,8571.42857142857,1.0,14,120000,0,300000
120000,0.0,0,0,0.0,1168.31,0.0,1,0.0594221105527638,1.0,0,24.7,796.0,1,1,0,0,0,47.3,1.0,0,0,1875.0,1.0,8,15000,0,282000
120000,0.0,0,0,0.0,1734.978,0.0,1,0.0683375104427736,0.0,0,21.21,1197.0,1,1,0,0,0,81.8,1.0,0,0,1875.0,1.0,8,15000,0,700000
560000,0.0,0,1,1.0,2557.17,0.0,2,0.0660881174899866,1.0,0,25.83,1498.0,0,1,0,0,0,99.0,0.0,0,0,8750.0,1.0,8,70000,0,700000
1350000,0.0,0,1,1.0,2244.8943,0.0,2,0.0658144192256341,1.0,0,22.77,1498.0,0,1,0,0,0,98.59,0.0,0,0,13500.0,1.0,10,135000,0,600000
1040000,0.0,0,0,1.0,2121.75,0.0,2,0.0647684605757196,1.0,0,20.5,1598.0,0,2,0,0,1,103.5,0.0,0,0,6153.846153846154,1.0,13,80000,0,290000
152000,0.0,0,0,0.0,1522.038,0.0,1,0.0683625730994152,1.0,0,18.6,1197.0,0,1,0,0,0,81.83,1.0,1,0,2375.0,1.0,8,19000,0,575000
1155000,0.0,0,0,0.0,1268.1899999999998,0.0,2,0.0672344689378757,1.0,0,18.9,998.0,1,1,0,0,0,67.1,1.0,0,0,5133.333333333333,1.0,15,77000,0,180000
1560000,0.0,0,0,1.0,1715.408,0.0,2,0.0592467948717948,1.0,0,23.2,1248.0,1,1,0,0,0,73.94,0.0,0,0,9230.76923076923,1.0,13,120000,0,229999
60000,0.0,1,0,0.0,1600.0079999999998,0.0,1,0.0683375104427736,0.0,0,19.56,1197.0,0,1,0,0,0,81.8,1.0,0,0,1666.6666666666667,1.0,6,10000,0,800000
1760000,0.0,0,0,0.0,1039.5,0.0,2,0.0633165829145728,1.0,0,16.5,995.0,0,3,0,0,0,63.0,1.0,0,0,6875.0,1.0,16,110000,0,60000
1760000,0.0,0,0,0.0,1570.2,0.0,2,0.0660025220680958,1.0,0,15.0,1586.0,1,1,0,0,0,104.68,1.0,0,0,6875.0,1.0,16,110000,0,150000
1620000,0.0,0,0,1.0,1649.9,0.0,1,0.0501432664756446,1.0,0,23.57,1396.0,0,3,0,0,0,70.0,0.0,0,0,5000.0,1.0,18,90000,1,100000
350000,0.0,0,0,1.0,1999.9742,0.0,2,0.0635601719197707,1.0,0,22.54,1396.0,0,1,0,0,0,88.73,0.0,1,0,7142.857142857143,1.0,7,50000,0,850000
550000,0.0,0,0,1.0,1432.272,0.0,1,0.0601495726495726,1.0,0,25.44,936.0,0,1,0,0,0,56.3,0.0,0,0,4545.454545454545,1.0,11,50000,0,220000
440000,0.0,0,0,0.0,1075.602,0.0,1,0.0594221105527638,1.0,0,22.74,796.0,1,2,0,0,0,47.3,1.0,0,0,3636.363636363637,1.0,11,40000,0,250000
1560000,0.0,0,0,1.0,1650.2,0.0,2,0.0592948717948717,1.0,0,22.3,1248.0,0,1,0,0,0,74.0,0.0,0,0,9230.76923076923,1.0,13,120000,1,125000
320000,0.0,0,0,0.0,2002.56,0.0,1,0.0700583819849874,1.0,0,23.84,1199.0,0,1,0,0,0,84.0,1.0,0,0,5000.0,1.0,8,40000,1,400000
1760000,0.0,0,0,1.0,2474.86,0.0,2,0.0658210947930574,1.0,0,25.1,1498.0,0,1,0,1,0,98.6,0.0,0,0,14545.454545454546,1.0,11,160000,0,600000
900000,0.0,0,0,0.0,1360.0,0.0,1,0.0668337510442773,1.0,0,17.0,1197.0,0,1,0,0,0,80.0,1.0,1,0,4000.0,1.0,15,60000,0,250000
1200000,0.0,0,0,0.0,1268.1899999999998,0.0,1,0.0672344689378757,1.0,0,18.9,998.0,1,4,0,0,0,67.1,1.0,0,0,3000.0,1.0,20,60000,0,120000
180000,0.0,0,0,0.0,1380.4,0.0,1,0.0626151012891344,1.0,0,20.3,1086.0,0,1,0,0,0,68.0,1.0,1,0,5000.0,1.0,6,30000,0,458000
140000,0.0,0,1,1.0,2276.08,0.0,1,0.0660614152202937,1.0,0,23.0,1498.0,0,1,0,0,0,98.96,0.0,0,0,2857.1428571428573,1.0,7,20000,0,950000
168000,0.0,0,0,0.0,1799.6,0.0,1,0.0683375104427736,1.0,0,22.0,1197.0,1,1,0,0,0,81.8,1.0,0,0,2625.0,1.0,8,21000,0,650000
840000,0.0,0,0,1.0,1694.6,0.0,2,0.0592948717948717,1.0,0,22.9,1248.0,1,1,0,0,0,74.0,0.0,0,0,5833.333333333333,1.0,12,70000,0,400000
700000,0.0,0,0,0.0,1549.8,0.0,2,0.0685045948203842,0.0,0,18.9,1197.0,0,2,0,0,0,82.0,1.0,1,0,7000.0,1.0,10,70000,0,400000
807500,0.0,0,0,0.0,912.11,0.0,1,0.0581658291457286,1.0,0,19.7,796.0,1,1,0,0,0,46.3,1.0,0,0,2236.842105263158,1.0,19,42500,0,100000
325000,0.0,0,0,0.0,1606.404,0.0,1,0.0659147869674185,1.0,0,20.36,1197.0,0,1,0,0,0,78.9,1.0,1,0,1923.076923076923,1.0,13,25000,0,350000
1200000,0.0,0,0,1.0,1630.9730000000002,0.0,2,0.0616346955796497,1.0,0,22.07,1199.0,0,4,0,0,0,73.9,0.0,0,1,5333.333333333333,1.0,15,80000,0,250000
1800000,0.0,0,0,0.0,999.09,0.0,2,0.0547359597652975,1.0,0,15.3,1193.0,0,2,0,0,0,65.3,1.0,0,0,5555.555555555556,1.0,18,100000,1,75000
306000,0.0,0,0,0.0,1541.67,0.0,1,0.067067067067067,1.0,0,23.01,999.0,0,1,1,0,0,67.0,1.0,0,0,3777.777777777778,1.0,9,34000,0,300000
400000,0.0,0,0,1.0,1665.106,0.0,2,0.0573579739904175,1.0,0,19.87,1461.0,0,1,1,0,0,83.8,0.0,0,0,6250.0,1.0,8,50000,0,819999
1500000,0.0,0,0,1.0,1372.7,0.0,2,0.0498220640569395,1.0,0,19.61,1405.0,0,2,0,0,0,70.0,0.0,0,0,6666.666666666667,1.0,15,100000,1,409999
884000,0.0,0,0,0.0,1434.48,0.0,1,0.0645403377110694,1.0,0,13.9,1599.0,0,2,0,0,0,103.2,1.0,1,0,3058.823529411765,1.0,17,52000,0,275000
700000,0.0,0,0,0.0,1522.038,0.0,2,0.0683625730994152,1.0,0,18.6,1197.0,0,1,0,0,0,81.83,1.0,1,0,7000.0,1.0,10,70000,0,500000
180000,0.0,0,1,1.0,2276.08,0.0,1,0.0660614152202937,1.0,0,23.0,1498.0,0,1,0,0,0,98.96,0.0,0,0,5000.0,1.0,6,30000,0,975000
105000,0.0,0,1,0.0,1936.572,0.0,1,0.0795058626465661,1.0,0,20.4,1194.0,0,1,0,0,0,94.93,1.0,0,0,2142.8571428571427,1.0,7,15000,0,620000
280000,0.0,0,1,1.0,2276.08,0.0,2,0.0660614152202937,1.0,0,23.0,1498.0,0,1,0,0,0,98.96,0.0,0,0,5714.285714285715,1.0,7,40000,0,950000
1008000,0.0,0,0,1.0,1694.6,0.0,2,0.0592948717948717,1.0,0,22.9,1248.0,1,1,0,0,0,74.0,0.0,0,0,5142.857142857143,1.0,14,72000,0,400000
600000,0.0,0,0,1.0,2026.86,0.0,2,0.0592948717948717,1.0,0,27.39,1248.0,1,1,0,0,0,74.0,0.0,0,0,6000.0,1.0,10,60000,0,562000
1920000,0.0,0,0,1.0,1595.685,0.0,2,0.0655689102564102,1.0,0,19.5,1248.0,1,4,0,0,0,81.83,0.0,0,0,7500.0,1.0,16,120000,0,210000
800000,0.0,0,1,1.0,2244.6475,0.0,2,0.0599132176234979,1.0,0,25.01,1498.0,0,1,0,0,0,89.75,0.0,0,0,8000.0,1.0,10,80000,0,590000
1080000,0.0,0,0,1.0,1732.4,0.0,2,0.0633928571428571,1.0,0,24.4,1120.0,0,2,0,0,0,71.0,0.0,1,0,13333.333333333334,1.0,9,120000,0,350000
240000,0.0,0,0,0.0,1708.802,0.0,1,0.0683375104427736,1.0,0,20.89,1197.0,1,1,0,0,0,81.8,1.0,0,0,3750.0,1.0,8,30000,0,484999
1100000,0.0,0,0,1.0,1337.0,0.0,2,0.0498220640569395,1.0,0,19.1,1405.0,0,2,0,0,0,70.0,0.0,0,0,11000.0,1.0,10,110000,1,240000
640000,0.0,0,0,0.0,1168.31,0.0,2,0.0594221105527638,1.0,0,24.7,796.0,1,1,0,0,0,47.3,1.0,0,0,10000.0,1.0,8,80000,0,300000
720000,0.0,0,0,1.0,2485.965,0.0,2,0.0709134615384615,1.0,0,28.09,1248.0,1,1,0,0,0,88.5,0.0,0,0,8888.888888888889,1.0,9,80000,0,750000
315000,0.0,0,0,0.0,1733.469,0.0,1,0.0694569757727652,1.0,0,20.85,1197.0,1,2,0,0,0,83.14,1.0,0,0,3888.8888888888887,1.0,9,35000,0,574000
2004000,0.0,0,0,1.0,1980.24,0.0,2,0.0711538461538461,1.0,0,22.3,1248.0,0,1,0,0,0,88.8,0.0,0,0,13916.666666666666,1.0,12,167000,1,200000
1040000,0.0,0,0,0.0,1112.832,0.0,2,0.0571823204419889,1.0,0,17.92,1086.0,0,1,0,0,0,62.1,1.0,1,0,6153.846153846154,1.0,13,80000,0,350000
1800000,0.0,0,1,0.0,966.0,0.0,1,0.0538876058506543,1.0,0,13.8,1299.0,0,2,0,0,0,70.0,1.0,0,0,4500.0,1.0,20,90000,0,120000
60000,0.0,0,0,0.0,1778.3399999999997,0.0,1,0.0694235588972431,1.0,0,21.4,1197.0,1,1,0,0,0,83.1,1.0,0,0,1666.6666666666667,1.0,6,10000,0,500000
810000,0.0,0,0,1.0,1317.4009,0.0,2,0.0491174377224199,1.0,0,19.09,1405.0,0,1,0,0,0,69.01,0.0,0,0,10000.0,1.0,9,90000,1,370000
31200,0.0,0,0,0.0,1701.343,0.0,1,0.0698999165971643,1.0,0,20.3,1199.0,0,1,0,0,0,83.81,1.0,0,0,866.6666666666666,1.0,6,5200,1,600000
2280000,0.0,0,0,0.0,1038.0,0.0,2,0.0604229607250755,1.0,0,17.3,993.0,1,2,0,0,0,60.0,1.0,0,0,6315.789473684211,1.0,19,120000,0,100000
1080000,0.0,0,0,1.0,1694.6,0.0,2,0.0592948717948717,1.0,0,22.9,1248.0,1,2,0,0,0,74.0,0.0,0,0,7500.0,1.0,12,90000,0,409999
450000,0.0,0,0,0.0,2111.4,0.0,2,0.0783567134268537,0.0,0,18.0,1497.0,0,1,0,1,0,117.3,1.0,0,0,5555.555555555556,1.0,9,50000,0,750000
40000,0.0,0,0,0.0,1547.1539999999998,0.0,1,0.0683876357560568,1.0,0,18.9,1197.0,0,1,0,0,0,81.86,1.0,1,0,625.0,1.0,8,5000,0,600000
182000,0.0,0,0,1.0,2125.6200000000003,0.0,1,0.0742299794661191,1.0,0,19.6,1461.0,0,1,1,0,0,108.45,0.0,0,0,3714.285714285714,1.0,7,26000,0,950000
250000,0.0,0,1,0.0,1749.84,0.0,1,0.0736490993995997,1.0,0,15.85,1499.0,0,1,0,0,0,110.4,1.0,0,0,2500.0,1.0,10,25000,0,800000
250000,0.0,0,1,0.0,1749.84,0.0,1,0.0736490993995997,1.0,0,15.85,1499.0,0,1,0,0,0,110.4,1.0,0,0,2500.0,1.0,10,25000,0,700000
210000,0.0,0,0,0.0,1501.5,0.0,1,0.0661016949152542,1.0,0,17.5,1298.0,1,1,0,0,0,85.8,1.0,0,0,1071.428571428571,1.0,14,15000,0,335000
1430000,0.0,0,0,1.0,1426.2700000000002,0.0,2,0.0592147435897435,1.0,0,19.3,1248.0,1,1,0,0,0,73.9,0.0,0,0,8461.538461538461,1.0,13,110000,0,270000
1500000,0.0,0,0,1.0,1426.2700000000002,0.0,2,0.0592147435897435,1.0,0,19.3,1248.0,1,2,0,0,0,73.9,0.0,0,0,6666.666666666667,1.0,15,100000,0,320000
2160000,0.0,0,0,0.0,1121.4,0.0,2,0.0580110497237569,1.0,0,17.8,1086.0,0,1,0,0,0,63.0,1.0,1,0,6666.666666666667,1.0,18,120000,0,120000
2160000,0.0,0,0,0.0,1570.2,0.0,2,0.0660025220680958,1.0,0,15.0,1586.0,1,3,0,0,0,104.68,1.0,0,0,6666.666666666667,1.0,18,120000,0,125000
630000,0.0,0,0,0.0,1164.8,0.0,1,0.060320452403393,1.0,0,18.2,1061.0,1,1,0,0,0,64.0,1.0,0,0,1944.4444444444443,1.0,18,35000,0,150000
91000,0.0,0,0,0.0,1168.31,0.0,1,0.0594221105527638,1.0,0,24.7,796.0,1,1,0,0,0,47.3,1.0,0,0,1857.142857142857,1.0,7,13000,0,310000
500000,0.0,0,0,1.0,1967.66,0.0,1,0.0592948717948717,1.0,0,26.59,1248.0,1,1,0,0,0,74.0,0.0,0,0,5000.0,1.0,10,50000,0,625000
520000,0.0,0,0,0.0,1606.404,0.0,1,0.0659147869674185,1.0,0,20.36,1197.0,0,1,0,0,0,78.9,1.0,1,0,3076.923076923077,1.0,13,40000,0,267000
225000,0.0,0,0,0.0,1407.1734,0.0,1,0.0683876357560568,1.0,0,17.19,1197.0,0,1,0,0,0,81.86,1.0,1,0,2777.777777777778,1.0,9,25000,0,600000
30000,0.0,1,0,0.0,2112.495,0.0,1,0.0739348370927318,1.0,0,23.87,1197.0,0,1,0,0,0,88.5,1.0,0,0,833.3333333333334,1.0,6,5000,0,700000
880000,0.0,0,0,0.0,1549.8,0.0,2,0.0685045948203842,1.0,0,18.9,1197.0,0,3,0,0,0,82.0,1.0,1,0,7272.727272727273,1.0,11,80000,0,350000
1700000,0.0,0,0,0.0,1107.2,0.0,2,0.060320452403393,1.0,0,17.3,1061.0,1,3,0,0,0,64.0,1.0,0,0,5882.35294117647,1.0,17,100000,0,80000
1586627,0.0,0,0,0.0,1348.0704999999998,0.0,2,0.0626611418047882,1.0,0,19.81,1086.0,0,2,0,0,0,68.05,1.0,1,0,5490.058823529412,1.0,17,93331,0,120000
700000,0.0,0,0,1.0,2062.585,0.0,2,0.0742642026009582,1.0,1,19.01,1461.0,0,1,0,0,0,108.5,0.0,0,0,7000.0,1.0,10,70000,0,750000
1710000,0.0,0,0,1.0,1074.2,0.0,1,0.0549229738780977,1.0,0,13.1,1493.0,0,2,0,0,0,82.0,0.0,1,0,4736.8421052631575,1.0,19,90000,0,120000
4232000,0.0,0,0,0.0,1595.685,0.0,2,0.0655689102564102,1.0,0,19.5,1248.0,0,2,0,0,0,81.83,1.0,1,0,8000.0,1.0,23,184000,0,35000
39000,0.0,0,0,0.0,1734.978,0.0,1,0.0683375104427736,0.0,0,21.21,1197.0,1,1,0,0,0,81.8,1.0,0,0,1083.3333333333333,1.0,6,6500,0,750000
1200000,0.0,1,0,1.0,1581.7095,0.0,2,0.0491568914956011,1.0,0,23.59,1364.0,0,2,0,0,0,67.05,0.0,0,0,12000.0,1.0,10,120000,0,570000
1560000,0.0,0,0,0.0,1164.72,0.0,2,0.0678132678132678,1.0,0,21.1,814.0,0,2,0,0,0,55.2,1.0,1,0,9230.76923076923,1.0,13,120000,0,180000
2850000,0.0,0,0,1.0,1234.2,0.0,2,0.0348101265822784,1.0,0,18.7,1896.0,0,3,0,0,1,66.0,0.0,0,0,7894.736842105263,1.0,19,150000,0,280000
2400000,0.0,0,0,1.0,1127.0,0.0,2,0.0498220640569395,1.0,0,16.1,1405.0,0,4,0,0,0,70.0,0.0,0,0,6000.0,1.0,20,120000,1,90000
1090000,0.0,0,1,1.0,2039.368,0.0,2,0.059973297730307,1.0,0,22.7,1498.0,0,1,0,0,0,89.84,0.0,0,0,10900.0,0.0,10,109000,0,685000
1140000,0.0,0,0,1.0,1863.288,0.0,2,0.0592467948717948,1.0,0,25.2,1248.0,1,1,0,0,0,73.94,0.0,0,0,11400.0,0.0,10,114000,0,565000
1760000,0.0,0,0,1.0,1680.0,0.0,2,0.0625,1.0,0,24.0,1120.0,0,3,0,0,0,70.0,0.0,1,0,14545.454545454546,0.0,11,160000,0,395000
1212000,0.0,0,0,1.0,1943.844,0.0,2,0.0635816618911174,1.0,0,21.9,1396.0,0,1,0,0,0,88.76,0.0,1,0,8416.666666666666,0.0,12,101000,0,425000
217000,0.0,0,0,0.0,1610.6799999999998,0.0,1,0.067067067067067,0.0,0,24.04,999.0,0,1,1,0,0,67.0,1.0,0,0,4428.571428571428,0.0,7,31000,0,535000
217000,0.0,0,0,0.0,1541.67,0.0,1,0.067067067067067,1.0,0,23.01,999.0,0,1,1,0,0,67.0,1.0,0,0,4428.571428571428,0.0,7,31000,0,500000
495000,0.0,0,0,0.0,1678.5359999999998,0.0,2,0.0683375104427736,1.0,0,20.52,1197.0,1,1,0,0,0,81.8,1.0,0,0,6111.111111111111,0.0,9,55000,0,434999
750000,0.0,0,0,0.0,1678.5359999999998,0.0,2,0.0683375104427736,1.0,0,20.52,1197.0,1,1,0,0,0,81.8,1.0,0,0,7500.0,0.0,10,75000,0,425000
1896000,0.0,0,1,1.0,2414.624,0.0,2,0.0660173448965977,1.0,0,24.4,1499.0,0,1,0,0,0,98.96,0.0,0,0,13166.666666666666,0.0,12,158000,0,325000
60000,0.0,0,0,1.0,2332.75,0.0,1,0.0724782899131596,0.0,0,21.5,1497.0,0,1,0,0,0,108.5,0.0,0,0,1666.6666666666667,1.0,6,10000,1,1140000
25000,0.0,0,0,0.0,1980.864,0.0,1,0.1087087087087087,1.0,0,18.24,999.0,0,1,0,0,0,108.6,1.0,0,1,1000.0,1.0,5,5000,0,808000
330000,0.0,0,0,0.0,1638.78,0.0,1,0.0716791979949874,1.0,0,19.1,1197.0,1,1,0,0,0,85.8,1.0,0,0,2727.2727272727275,1.0,11,30000,0,550000
960000,0.0,0,0,0.0,912.11,0.0,1,0.0581658291457286,1.0,0,19.7,796.0,1,1,0,0,0,46.3,1.0,0,0,4266.666666666667,1.0,15,64000,0,215000
94500,0.0,0,1,0.0,1576.288,0.0,1,0.0725752508361204,1.0,0,18.16,1196.0,0,1,0,0,0,86.8,1.0,0,0,1166.6666666666667,1.0,9,10500,0,512000
700000,0.0,0,0,0.0,912.11,0.0,1,0.0581658291457286,1.0,0,19.7,796.0,1,2,0,0,0,46.3,1.0,0,0,3571.428571428572,1.0,14,50000,0,215000
780000,0.0,0,0,1.0,2121.75,0.0,1,0.0647684605757196,1.0,0,20.5,1598.0,0,1,0,0,1,103.5,0.0,0,0,4615.384615384615,1.0,13,60000,0,500000
350000,0.0,0,0,1.0,2188.4128,0.0,1,0.069105473965287,1.0,0,21.14,1498.0,0,1,0,0,1,103.52,0.0,0,0,3500.0,1.0,10,35000,0,700000
720000,0.0,0,0,1.0,2150.55,0.0,2,0.0709134615384615,1.0,0,24.3,1248.0,1,1,0,0,0,88.5,0.0,0,0,8888.888888888889,1.0,9,80000,0,750000
200000,0.0,0,0,0.0,1449.21,0.0,1,0.0671342685370741,1.0,0,21.63,998.0,1,1,0,0,0,67.0,1.0,0,0,3125.0,1.0,8,25000,0,395000
40000,0.0,0,0,0.0,1522.038,0.0,1,0.0683625730994152,1.0,0,18.6,1197.0,0,1,0,0,0,81.83,1.0,1,0,625.0,1.0,8,5000,0,675000
1360000,0.0,0,0,0.0,1112.832,0.0,1,0.0571823204419889,1.0,0,17.92,1086.0,0,3,0,0,0,62.1,1.0,1,0,4705.882352941177,1.0,17,80000,0,140000
2338000,0.0,1,0,0.0,1595.685,0.0,2,0.0655689102564102,1.0,0,19.5,1248.0,0,1,0,0,0,81.83,1.0,0,0,11928.57142857143,1.0,14,167000,0,270000
110000,0.0,0,0,0.0,1374.9904,0.0,1,0.0671743486973947,1.0,0,20.51,998.0,1,1,0,0,0,67.04,1.0,0,0,909.0909090909092,1.0,11,10000,0,300000
816000,0.0,0,0,1.0,1699.4900000000002,0.0,2,0.0616185897435897,1.0,0,22.1,1248.0,0,1,0,0,0,76.9,0.0,0,0,5666.666666666667,1.0,12,68000,0,355000
350000,0.0,0,0,0.0,1075.602,0.0,1,0.0594221105527638,1.0,0,22.74,796.0,1,2,0,0,0,47.3,1.0,0,0,3500.0,1.0,10,35000,0,180000
900000,0.0,0,0,0.0,999.09,0.0,1,0.0547359597652975,1.0,0,15.3,1193.0,0,1,0,0,0,65.3,1.0,0,0,2777.777777777778,1.0,18,50000,1,125000
1520000,0.0,0,0,1.0,1595.685,0.0,1,0.0655689102564102,1.0,0,19.5,1248.0,1,1,0,0,0,81.83,0.0,0,0,4210.526315789473,1.0,19,80000,0,150000
1157062,0.0,0,0,0.0,1595.685,0.0,1,0.0655689102564102,1.0,0,19.5,1248.0,0,1,0,0,0,81.83,1.0,1,0,3205.157894736842,1.0,19,60898,0,95000
207900,0.0,0,0,1.0,2221.35,0.0,1,0.0709134615384615,1.0,0,25.1,1248.0,1,1,0,0,0,88.5,0.0,0,0,4242.857142857143,1.0,7,29700,0,810000
140000,0.0,0,0,0.0,1834.518,0.0,1,0.0720979532163742,0.0,0,18.6,1368.0,0,1,0,0,0,98.63,1.0,1,0,2857.1428571428573,1.0,7,20000,0,671000
140000,0.0,0,0,0.0,1168.31,0.0,1,0.0594221105527638,1.0,0,24.7,796.0,1,1,0,0,0,47.3,1.0,0,0,2857.1428571428573,1.0,7,20000,0,295000
1080000,0.0,0,0,1.0,1694.6,0.0,2,0.0592948717948717,1.0,0,22.9,1248.0,1,1,0,0,0,74.0,0.0,0,0,7500.0,1.0,12,90000,0,409999
780000,0.0,0,0,0.0,1268.1899999999998,0.0,1,0.0672344689378757,1.0,0,18.9,998.0,1,3,0,0,0,67.1,1.0,0,0,4615.384615384615,1.0,13,60000,0,220000
672000,0.0,0,0,1.0,1731.6,0.0,1,0.0592948717948717,1.0,0,23.4,1248.0,1,1,0,0,0,74.0,0.0,0,0,4666.666666666667,1.0,12,56000,0,550000
1353000,0.0,0,0,1.0,2061.6345,0.0,2,0.0742299794661191,1.0,0,19.01,1461.0,0,1,1,0,0,108.45,0.0,0,0,11181.818181818182,1.0,11,123000,0,400000
1080000,0.0,0,0,0.0,1595.685,0.0,1,0.0655689102564102,1.0,0,19.5,1248.0,1,3,0,0,0,81.83,1.0,0,0,3333.333333333333,1.0,18,60000,0,250000
864000,0.0,0,0,0.0,912.11,0.0,1,0.0581658291457286,1.0,0,19.7,796.0,1,1,0,0,0,46.3,1.0,0,0,3375.0,1.0,16,54000,0,155000
600000,0.0,0,0,0.0,1002.524,0.0,1,0.0537300922045263,1.0,0,15.64,1193.0,0,1,0,0,0,64.1,1.0,0,0,4166.666666666667,1.0,12,50000,1,250000
880000,0.0,0,0,0.0,1549.8,0.0,2,0.0685045948203842,1.0,0,18.9,1197.0,0,2,0,0,0,82.0,1.0,1,0,7272.727272727273,1.0,11,80000,0,400000
60000,0.0,0,0,0.0,1275.291,0.0,1,0.0559682804674457,1.0,0,19.02,1198.0,0,1,0,0,1,67.05,1.0,0,0,1666.6666666666667,1.0,6,10000,0,500000
70000,0.0,0,0,0.0,1380.4,0.0,1,0.0626151012891344,0.0,0,20.3,1086.0,0,1,0,0,0,68.0,1.0,1,0,1428.571428571429,1.0,7,10000,0,565000
280000,0.0,0,1,1.0,2276.08,0.0,2,0.0660614152202937,1.0,0,23.0,1498.0,0,1,0,0,0,98.96,0.0,0,0,5714.285714285715,1.0,7,40000,0,900000
245000,0.0,0,0,1.0,2102.168,0.0,1,0.0593108974358974,1.0,0,28.4,1248.0,1,1,0,0,0,74.02,0.0,0,0,5000.0,1.0,7,35000,0,800000
600000,0.0,0,0,1.0,1999.9742,0.0,2,0.0635601719197707,1.0,0,22.54,1396.0,0,1,0,0,0,88.73,0.0,1,0,6000.0,1.0,10,60000,0,575000
360000,0.0,0,1,0.0,1877.904,0.0,1,0.0736490993995997,0.0,0,17.01,1499.0,0,1,0,0,0,110.4,1.0,0,0,4444.444444444444,1.0,9,40000,0,550000
1120000,0.0,0,0,0.0,1601.15,0.0,2,0.0651324085750315,1.0,0,15.5,1586.0,1,3,0,0,0,103.3,1.0,0,0,5714.285714285715,1.0,14,80000,0,190000
296000,0.0,0,1,1.0,2276.08,0.0,1,0.0660614152202937,1.0,0,23.0,1498.0,0,1,0,0,0,98.96,0.0,0,0,4625.0,1.0,8,37000,0,750000
154000,0.0,0,0,0.0,1778.3399999999997,0.0,1,0.0694235588972431,1.0,0,21.4,1197.0,1,1,0,0,0,83.1,1.0,0,0,3142.8571428571427,1.0,7,22000,0,625000
420000,0.0,0,0,1.0,1999.9742,0.0,2,0.0635601719197707,1.0,0,22.54,1396.0,0,2,0,0,0,88.73,0.0,1,0,8571.42857142857,1.0,7,60000,0,799000
684000,0.0,0,0,0.0,1374.9904,0.0,1,0.0671743486973947,1.0,0,20.51,998.0,1,2,0,0,0,67.04,1.0,0,0,4750.0,1.0,12,57000,0,300000
216000,0.0,0,0,0.0,1888.503,0.0,1,0.0663510560815732,1.0,0,20.73,1373.0,1,1,0,0,0,91.1,1.0,0,0,3375.0,1.0,8,27000,0,850000
910000,0.0,0,0,0.0,1116.0,0.0,2,0.0623115577889447,1.0,0,18.0,995.0,0,1,0,0,0,62.0,1.0,0,0,5384.615384615385,1.0,13,70000,0,130000
560000,0.0,0,0,0.0,1403.732,0.0,1,0.0672344689378757,1.0,0,20.92,998.0,1,2,0,0,0,67.1,1.0,0,0,2857.1428571428573,1.0,14,40000,0,229999
600000,0.0,0,0,0.0,1548.6240000000005,0.0,2,0.0671743486973947,1.0,0,23.1,998.0,1,1,0,0,0,67.04,1.0,0,0,6000.0,1.0,10,60000,0,400000
430000,0.0,0,0,0.0,1164.72,0.0,1,0.0678132678132678,1.0,0,21.1,814.0,0,2,0,0,0,55.2,1.0,1,0,4300.0,1.0,10,43000,0,250999
1540000,0.0,0,0,0.0,1350.0,0.0,2,0.0657894736842105,1.0,0,15.0,1368.0,0,2,0,0,0,90.0,1.0,0,0,7857.142857142857,1.0,14,110000,1,250000
1600000,0.0,0,0,0.0,1051.9,0.0,2,0.0571672354948805,1.0,0,15.7,1172.0,0,2,0,0,1,67.0,1.0,0,0,6250.0,1.0,16,100000,0,100000
576000,0.0,0,0,0.0,1668.7199999999998,0.0,2,0.0683375104427736,1.0,0,20.4,1197.0,1,1,0,0,0,81.8,1.0,0,0,7111.111111111111,1.0,9,64000,0,450000
768000,0.0,0,0,1.0,1665.106,0.0,2,0.0573579739904175,1.0,0,19.87,1461.0,0,1,1,0,0,83.8,0.0,0,0,12000.0,1.0,8,96000,0,575000
1152000,0.0,0,0,1.0,1714.548,0.0,2,0.0573579739904175,1.0,0,20.46,1461.0,0,1,1,0,0,83.8,0.0,0,0,8000.0,1.0,12,96000,0,400000
45600,0.0,0,0,0.0,1449.21,0.0,1,0.0671342685370741,1.0,0,21.63,998.0,1,1,0,0,0,67.0,1.0,0,0,1266.6666666666667,1.0,6,7600,0,480000
42000,0.0,0,0,0.0,1449.21,0.0,1,0.0671342685370741,1.0,0,21.63,998.0,1,1,0,0,0,67.0,1.0,0,0,1166.6666666666667,1.0,6,7000,0,490000
2160000,0.0,0,0,1.0,1190.0,0.0,2,0.0498220640569395,1.0,0,17.0,1405.0,0,2,0,0,0,70.0,0.0,0,0,6666.666666666667,1.0,18,120000,1,150000
400000,0.0,0,0,1.0,1698.3,0.0,2,0.0592948717948717,1.0,0,22.95,1248.0,0,1,0,0,0,74.0,0.0,0,0,6250.0,1.0,8,50000,1,600000
500000,0.0,0,0,1.0,1732.4,0.0,1,0.0633928571428571,1.0,0,24.4,1120.0,0,2,0,0,0,71.0,0.0,1,0,5000.0,1.0,10,50000,0,500000
800000,0.0,0,0,1.0,2040.1,0.0,2,0.0710737179487179,1.0,0,23.0,1248.0,0,1,0,0,0,88.7,0.0,0,0,8000.0,1.0,10,80000,1,425000
340000,0.0,0,0,0.0,1374.9904,0.0,1,0.0671743486973947,1.0,0,20.51,998.0,1,1,0,0,0,67.04,1.0,0,0,3400.0,1.0,10,34000,0,360000
1040000,0.0,0,0,0.0,1217.133,0.0,2,0.061686143572621,1.0,0,16.47,1198.0,0,2,0,0,0,73.9,1.0,0,1,6153.846153846154,1.0,13,80000,0,290000
440000,0.0,0,0,1.0,906.3,0.0,1,0.037328094302554,1.0,0,15.9,1527.0,1,1,0,0,0,57.0,0.0,0,0,909.0909090909092,1.0,22,20000,0,70000
1680000,0.0,0,1,1.0,1360.0,0.0,2,0.0486061472480343,1.0,0,20.0,1399.0,0,1,0,0,0,68.0,0.0,0,0,8571.42857142857,1.0,14,120000,0,215000
1260000,0.0,0,0,0.0,1348.0704999999998,0.0,1,0.0626611418047882,1.0,0,19.81,1086.0,0,2,0,0,0,68.05,1.0,1,0,3888.8888888888887,1.0,18,70000,0,190000
169855,0.0,0,0,0.0,1658.69,0.0,1,0.0739783152627189,1.0,0,18.7,1199.0,0,1,0,1,0,88.7,1.0,0,0,3466.428571428572,0.0,7,24265,0,675000
891000,0.0,0,0,1.0,1731.6,0.0,2,0.0592948717948717,1.0,0,23.4,1248.0,1,1,0,0,0,74.0,0.0,0,0,7363.636363636364,0.0,11,81000,0,438999
420000,0.0,0,0,0.0,1638.78,0.0,1,0.0716791979949874,1.0,0,19.1,1197.0,1,1,0,0,0,85.8,1.0,0,0,2916.6666666666665,1.0,12,35000,0,409999
90000,0.0,0,0,0.0,1341.561,0.0,1,0.0667083854818523,1.0,0,25.17,799.0,0,1,1,0,0,53.3,1.0,0,0,2500.0,1.0,6,15000,0,350000
637000,0.0,0,0,1.0,1465.344,0.0,1,0.0615384615384615,1.0,0,25.44,936.0,0,3,0,0,0,57.6,0.0,0,0,3769.230769230769,1.0,13,49000,0,135000
770000,0.0,0,0,1.0,1864.8,0.0,2,0.0592948717948717,1.0,0,25.2,1248.0,1,2,0,0,0,74.0,0.0,0,0,6363.636363636364,1.0,11,70000,0,520000
2700000,0.0,0,0,1.0,1426.2700000000002,0.0,2,0.0592147435897435,1.0,0,19.3,1248.0,1,1,0,0,0,73.9,0.0,0,0,12000.0,1.0,15,180000,0,315000
750000,0.0,0,0,0.0,1255.9,0.0,1,0.0662324649298597,1.0,0,19.0,998.0,1,1,0,0,0,66.1,1.0,0,0,3333.333333333333,1.0,15,50000,0,235000
1000000,0.0,0,0,0.0,1240.8,0.0,1,0.062876254180602,1.0,0,13.2,1495.0,0,3,0,0,0,94.0,1.0,1,0,2500.0,1.0,20,50000,0,80500
1058400,0.0,0,0,1.0,1715.408,0.0,2,0.0592467948717948,1.0,0,23.2,1248.0,1,1,0,0,0,73.94,0.0,0,0,7350.0,1.0,12,88200,0,375000
1767000,0.0,0,0,0.0,1368.5000000000002,0.0,1,0.0710108604845446,1.0,0,16.1,1197.0,1,2,0,0,0,85.0,1.0,0,0,4894.736842105263,1.0,19,93000,0,189000
960000,0.0,0,0,1.0,2543.88,0.0,2,0.0658210947930574,1.0,0,25.8,1498.0,0,1,0,1,0,98.6,0.0,0,0,15000.0,1.0,8,120000,0,550000
1540000,0.0,0,1,1.0,1210.4,0.0,2,0.0486061472480343,1.0,0,17.8,1399.0,0,2,0,0,0,68.0,0.0,0,0,7857.142857142857,1.0,14,110000,0,260000
400000,0.0,0,0,0.0,1605.8475,0.0,1,0.0671843687374749,1.0,0,23.95,998.0,1,1,0,0,0,67.05,1.0,0,0,4000.0,1.0,10,40000,0,300000
1800000,0.0,0,0,0.0,2006.0,0.0,2,0.0788243152972612,1.0,0,17.0,1497.0,0,2,0,1,0,118.0,1.0,0,0,8000.0,1.0,15,120000,0,350000
60000,0.0,0,0,1.0,2150.55,0.0,1,0.0709134615384615,1.0,0,24.3,1248.0,1,1,0,0,0,88.5,0.0,0,0,1666.6666666666667,1.0,6,10000,0,892000
910000,0.0,0,0,1.0,1867.6,0.0,2,0.0737179487179487,1.0,0,20.3,1248.0,0,2,0,0,1,92.0,0.0,0,0,5384.615384615385,1.0,13,70000,0,285000
780000,0.0,0,0,0.0,1763.856,1.0,1,0.0626611418047882,1.0,0,25.92,1086.0,0,1,0,0,0,68.05,0.0,1,0,4615.384615384615,1.0,13,60000,0,300000
810000,0.0,0,0,1.0,2485.965,0.0,2,0.0709134615384615,1.0,0,28.09,1248.0,1,1,0,0,0,88.5,0.0,0,0,10000.0,1.0,9,90000,0,620000
720000,0.0,0,0,1.0,2150.55,0.0,2,0.0709134615384615,1.0,0,24.3,1248.0,1,1,0,0,0,88.5,0.0,0,0,11250.0,1.0,8,90000,0,750000
315000,0.0,0,0,0.0,1075.602,0.0,1,0.0594221105527638,1.0,0,22.74,796.0,1,1,0,0,0,47.3,1.0,0,0,3888.8888888888887,1.0,9,35000,0,270000
520000,0.0,0,0,0.0,1112.832,0.0,1,0.0571823204419889,1.0,0,17.92,1086.0,0,2,0,0,0,62.1,1.0,1,0,3076.923076923077,1.0,13,40000,0,300000
1120000,0.0,0,0,1.0,1589.0700000000002,0.0,2,0.0494269340974212,1.0,0,23.03,1396.0,0,1,0,0,0,69.0,0.0,0,0,5714.285714285715,1.0,14,80000,1,220000
1287000,0.0,0,0,0.0,1601.15,0.0,2,0.0651324085750315,1.0,0,15.5,1586.0,1,2,0,0,0,103.3,1.0,0,0,7615.384615384615,1.0,13,99000,0,260000
45000,0.0,0,0,0.0,1734.978,0.0,1,0.0683375104427736,0.0,0,21.21,1197.0,1,1,0,0,0,81.8,1.0,0,0,1250.0,1.0,6,7500,0,600000
367200,0.0,0,0,0.0,1164.72,0.0,1,0.0678132678132678,1.0,0,21.1,814.0,0,1,0,0,0,55.2,1.0,1,0,4533.333333333333,1.0,9,40800,0,300000
700000,0.0,0,0,0.0,1558.459,0.0,2,0.0743503772003352,1.0,0,17.57,1193.0,0,1,0,0,0,88.7,1.0,0,0,7000.0,1.0,10,70000,1,300000
900000,0.0,0,0,0.0,1488.3,0.0,2,0.0684474123539232,1.0,0,18.15,1198.0,0,1,0,0,1,82.0,1.0,0,0,11111.111111111111,1.0,9,100000,0,400000
77292,0.0,0,0,0.0,1799.6,0.0,1,0.0683375104427736,1.0,0,22.0,1197.0,1,1,0,0,0,81.8,1.0,0,0,954.2222222222222,1.0,9,8588,0,550000
240000,0.0,0,0,1.0,2506.24,0.0,2,0.0653538050734312,1.0,0,25.6,1498.0,0,1,0,1,0,97.9,0.0,0,0,6666.666666666667,1.0,6,40000,0,1200000
600000,0.0,0,1,1.0,2557.17,0.0,2,0.0660881174899866,1.0,0,25.83,1498.0,0,1,0,0,0,99.0,0.0,0,0,6000.0,1.0,10,60000,0,500000
1600000,0.0,0,0,0.0,1351.5,0.0,1,0.0654853620955315,1.0,0,15.9,1298.0,1,3,0,0,0,85.0,1.0,0,0,4000.0,1.0,20,80000,0,93000
1210000,0.0,0,0,1.0,2563.6,0.0,2,0.0658210947930574,1.0,0,26.0,1498.0,0,1,0,1,0,98.6,0.0,0,0,10000.0,1.0,11,110000,0,500000
1050000,0.0,1,0,1.0,1581.7095,0.0,3,0.0491568914956011,1.0,0,23.59,1364.0,0,1,0,0,0,67.05,0.0,0,0,21428.571428571428,1.0,7,150000,0,670000
240000,0.0,0,0,0.0,1605.8475,0.0,1,0.0671843687374749,1.0,0,23.95,998.0,1,1,0,0,0,67.05,1.0,0,0,3750.0,1.0,8,30000,0,370000
450000,0.0,0,0,0.0,1348.0704999999998,0.0,2,0.0626611418047882,1.0,0,19.81,1086.0,0,1,0,0,0,68.05,1.0,1,0,5555.555555555556,1.0,9,50000,0,425000
2060500,0.0,1,0,1.0,1595.685,0.0,2,0.0655689102564102,1.0,0,19.5,1248.0,0,3,0,0,0,81.83,0.0,0,0,12192.307692307691,1.0,13,158500,0,400000
154000,0.0,0,0,1.0,1366.95,0.0,1,0.0444900752908966,1.0,0,21.03,1461.0,0,1,0,0,1,65.0,0.0,0,0,3142.8571428571427,1.0,7,22000,0,750000
560000,0.0,0,0,1.0,2514.3,0.0,2,0.0658210947930574,1.0,0,25.5,1498.0,0,1,0,1,0,98.6,0.0,0,0,8750.0,1.0,8,70000,0,700000
504000,0.0,0,0,1.0,1680.0,0.0,2,0.0625,1.0,0,24.0,1120.0,0,1,0,0,0,70.0,0.0,1,0,6222.222222222223,1.0,9,56000,0,480000
450000,0.0,0,0,1.0,1698.3,0.0,2,0.0592948717948717,1.0,0,22.95,1248.0,0,1,0,0,0,74.0,0.0,0,0,5555.555555555556,1.0,9,50000,1,475000
1200000,0.0,0,0,1.0,2188.4128,0.0,2,0.069105473965287,1.0,0,21.14,1498.0,0,1,0,0,1,103.52,0.0,0,0,12000.0,1.0,10,120000,0,610000
560000,0.0,0,0,1.0,2514.3,0.0,2,0.0658210947930574,1.0,0,25.5,1498.0,0,1,0,1,0,98.6,0.0,0,0,8750.0,1.0,8,70000,0,800000
990000,0.0,0,0,1.0,1725.0,0.0,2,0.0494269340974212,1.0,0,25.0,1396.0,0,1,0,0,0,69.0,0.0,0,0,8181.818181818182,1.0,11,90000,1,160000
490000,0.0,0,0,1.0,2221.35,0.0,2,0.0709134615384615,1.0,0,25.1,1248.0,1,1,0,0,0,88.5,0.0,0,0,10000.0,1.0,7,70000,0,1000000
560000,0.0,0,0,1.0,2543.88,0.0,2,0.0658210947930574,1.0,0,25.8,1498.0,0,2,0,1,0,98.6,0.0,0,0,8750.0,1.0,8,70000,0,590000
1840000,0.0,0,0,0.0,1268.1899999999998,0.0,1,0.0672344689378757,1.0,0,18.9,998.0,1,2,0,0,0,67.1,1.0,0,0,3478.260869565217,1.0,23,80000,0,140000
500000,0.0,0,0,1.0,1967.66,0.0,1,0.0592948717948717,1.0,0,26.59,1248.0,1,1,0,0,0,74.0,0.0,0,0,5000.0,1.0,10,50000,0,550000
1170000,0.0,0,0,1.0,1715.408,0.0,2,0.0592467948717948,1.0,0,23.2,1248.0,1,2,0,0,0,73.94,0.0,0,0,6923.076923076923,1.0,13,90000,0,240000
400000,0.0,0,0,1.0,2691.78,0.0,2,0.0658210947930574,1.0,0,27.3,1498.0,0,1,0,1,0,98.6,0.0,0,0,6250.0,1.0,8,50000,0,670000
1100000,0.0,0,0,1.0,1967.66,0.0,2,0.0592948717948717,1.0,0,26.59,1248.0,1,1,0,0,0,74.0,0.0,0,0,11000.0,1.0,10,110000,0,550000
300000,0.0,0,0,0.0,1548.6240000000005,0.0,1,0.0671743486973947,1.0,0,23.1,998.0,1,1,0,0,0,67.04,1.0,0,0,3000.0,1.0,10,30000,0,400000
900000,0.0,0,0,1.0,1896.406,0.0,2,0.063538681948424,1.0,0,21.38,1396.0,0,1,0,0,0,88.7,0.0,1,0,11111.111111111111,1.0,9,100000,0,725000
1200000,0.0,0,0,0.0,2041.02,0.0,2,0.0783567134268537,1.0,0,17.4,1497.0,0,2,0,1,0,117.3,1.0,0,0,12000.0,1.0,10,120000,0,525000
1190000,0.0,0,0,1.0,1559.2900000000002,0.0,2,0.0592147435897435,1.0,0,21.1,1248.0,1,2,0,0,0,73.9,0.0,0,0,6071.428571428572,1.0,14,85000,0,204999
1430000,0.0,0,0,1.0,1575.0,0.0,2,0.0625521267723102,1.0,0,21.0,1199.0,0,1,0,0,1,75.0,0.0,0,0,8461.538461538461,1.0,13,110000,0,190000
600000,0.0,0,0,1.0,1680.0,0.0,2,0.0625,1.0,0,24.0,1120.0,0,4,0,0,0,70.0,0.0,1,0,6000.0,1.0,10,60000,0,310000
810000,0.0,0,0,1.0,1680.0,0.0,2,0.0625,1.0,0,24.0,1120.0,0,2,0,0,0,70.0,0.0,1,0,10000.0,1.0,9,90000,0,380000
1430000,0.0,0,0,0.0,1403.732,0.0,2,0.0672344689378757,1.0,0,20.92,998.0,1,3,0,0,0,67.1,1.0,0,0,8461.538461538461,1.0,13,110000,0,204000
175000,0.0,0,0,0.0,1381.415,0.0,1,0.0681863727454909,1.0,0,20.3,998.0,0,1,0,0,0,68.05,1.0,1,0,3571.428571428572,1.0,7,25000,0,350000
1200000,0.0,0,0,1.0,2127.944,0.0,2,0.0648310387984981,1.0,0,20.54,1598.0,0,1,0,0,0,103.6,0.0,0,1,8333.333333333334,1.0,12,100000,0,350000
1560000,0.0,0,1,1.0,1360.0,0.0,2,0.0486061472480343,1.0,0,20.0,1399.0,0,2,0,0,0,68.0,0.0,0,0,9230.76923076923,1.0,13,120000,0,175000
1260000,0.0,0,0,1.0,2127.944,0.0,2,0.0648310387984981,1.0,0,20.54,1598.0,0,1,0,0,0,103.6,0.0,0,1,6428.571428571428,1.0,14,90000,0,340000
280000,0.0,0,0,0.0,2046.24,0.0,1,0.0785571142284569,1.0,0,17.4,1497.0,0,1,0,1,0,117.6,1.0,0,0,4375.0,1.0,8,35000,0,950000
280000,0.0,0,0,0.0,2087.94,0.0,1,0.0783567134268537,1.0,0,17.8,1497.0,0,1,0,1,0,117.3,1.0,0,0,4375.0,1.0,8,35000,0,894999
1800000,0.0,0,0,0.0,1088.0,0.0,1,0.0608882521489971,1.0,0,12.8,1396.0,0,2,0,0,0,85.0,1.0,0,0,4500.0,1.0,20,90000,1,100000
684000,0.0,0,0,1.0,1967.66,0.0,2,0.0592948717948717,1.0,0,26.59,1248.0,1,1,0,0,0,74.0,0.0,0,0,8444.444444444445,1.0,9,76000,0,550000
1260000,0.0,0,0,1.0,1127.0,0.0,1,0.0498220640569395,1.0,0,16.1,1405.0,0,3,0,0,0,70.0,0.0,0,0,2857.1428571428573,1.0,21,60000,1,100000
2560000,0.0,0,0,0.0,1501.5,0.0,2,0.0716791979949874,1.0,0,17.5,1197.0,1,3,0,0,0,85.8,1.0,0,0,10000.0,1.0,16,160000,0,190000
210000,0.0,0,0,1.0,2102.168,0.0,2,0.0593108974358974,1.0,0,28.4,1248.0,1,1,0,0,0,74.02,0.0,0,0,5833.333333333333,1.0,6,35000,0,694000
400000,0.0,0,0,1.0,2543.88,0.0,2,0.0658210947930574,1.0,0,25.8,1498.0,0,1,0,1,0,98.6,0.0,0,0,6250.0,1.0,8,50000,0,650000
980000,0.0,0,0,1.0,1426.2700000000002,0.0,1,0.0592147435897435,1.0,0,19.3,1248.0,1,2,0,0,0,73.9,0.0,0,0,5000.0,1.0,14,70000,0,310000
1164000,0.0,0,0,1.0,1694.6,0.0,2,0.0592948717948717,1.0,0,22.9,1248.0,1,1,0,0,0,74.0,0.0,0,0,8083.333333333333,1.0,12,97000,0,360000
1260000,0.0,0,0,1.0,1426.2700000000002,0.0,2,0.0592147435897435,1.0,0,19.3,1248.0,1,2,0,0,0,73.9,0.0,0,0,6428.571428571428,1.0,14,90000,0,240000
1080000,0.0,0,0,0.0,912.11,0.0,1,0.0581658291457286,1.0,0,19.7,796.0,1,3,0,0,0,46.3,1.0,0,0,3333.333333333333,1.0,18,60000,0,100000
1760000,0.0,0,0,0.0,1570.2,0.0,2,0.0660025220680958,1.0,0,15.0,1586.0,1,3,0,0,0,104.68,1.0,0,0,6875.0,1.0,16,110000,0,200000
770000,0.0,0,0,1.0,1731.6,0.0,2,0.0592948717948717,1.0,0,23.4,1248.0,1,1,0,0,0,74.0,0.0,0,0,6363.636363636364,1.0,11,70000,0,450000
409168,0.0,0,0,1.0,2150.55,0.0,2,0.0709134615384615,1.0,0,24.3,1248.0,1,1,0,0,0,88.5,0.0,0,0,6393.25,1.0,8,51146,0,800000
560000,0.0,0,0,0.0,1810.38,0.0,1,0.0716791979949874,1.0,0,21.1,1197.0,1,1,0,0,0,85.8,1.0,0,0,2857.1428571428573,1.0,14,40000,0,215000
400000,0.0,0,0,1.0,2150.55,0.0,2,0.0709134615384615,1.0,0,24.3,1248.0,1,1,0,0,0,88.5,0.0,0,0,6250.0,1.0,8,50000,0,760000
800000,0.0,0,0,1.0,1788.432,0.0,2,0.059279038718291,1.0,0,20.14,1498.0,0,1,0,0,0,88.8,0.0,0,1,8000.0,1.0,10,80000,0,416000
1680000,0.0,0,0,0.0,1268.1899999999998,0.0,2,0.0672344689378757,1.0,0,18.9,998.0,1,1,0,0,0,67.1,1.0,0,0,8571.42857142857,1.0,14,120000,0,195000
184000,0.0,0,0,0.0,1168.31,0.0,1,0.0594221105527638,1.0,0,24.7,796.0,1,1,0,0,0,47.3,1.0,0,0,2875.0,1.0,8,23000,0,325000
1050000,0.0,0,0,0.0,1403.732,0.0,1,0.0672344689378757,1.0,0,20.92,998.0,1,2,0,0,0,67.1,1.0,0,0,4666.666666666667,1.0,15,70000,0,145000
161000,0.0,0,0,1.0,2101.6,0.0,1,0.0592948717948717,1.0,0,28.4,1248.0,1,1,0,0,0,74.0,0.0,0,0,3285.714285714286,1.0,7,23000,0,675000
270000,0.0,0,0,0.0,1374.9904,0.0,1,0.0671743486973947,1.0,0,20.51,998.0,1,2,0,0,0,67.04,1.0,0,0,3333.333333333333,1.0,9,30000,0,340000
700000,0.0,0,0,1.0,1710.0,0.0,1,0.0721153846153846,1.0,0,19.0,1248.0,0,1,0,0,0,90.0,0.0,0,0,3571.428571428572,1.0,14,50000,1,340000
500000,0.0,0,0,0.0,1075.602,0.0,1,0.0594221105527638,1.0,0,22.74,796.0,1,1,0,0,0,47.3,1.0,0,0,5000.0,1.0,10,50000,0,300000
1120000,0.0,0,0,1.0,1358.0,0.0,2,0.0498220640569395,1.0,0,19.4,1405.0,0,1,0,0,0,70.0,0.0,0,0,5714.285714285715,1.0,14,80000,1,350000
2250000,0.0,0,0,1.0,1875.456,0.0,2,0.0711538461538461,1.0,0,21.12,1248.0,0,3,0,0,0,88.8,0.0,0,0,10000.0,1.0,15,150000,1,170000
280000,0.0,0,0,0.0,1630.2,0.0,2,0.0716791979949874,1.0,0,19.0,1197.0,1,1,0,0,0,85.8,1.0,0,0,5714.285714285715,1.0,7,40000,0,600000
375000,0.0,0,0,0.0,1982.4,0.0,1,0.0788243152972612,0.0,0,16.8,1497.0,0,1,0,1,0,118.0,1.0,0,0,1666.6666666666667,1.0,15,25000,0,800000
350000,0.0,0,0,1.0,2150.55,0.0,2,0.0709134615384615,0.0,0,24.3,1248.0,1,2,0,0,0,88.5,0.0,0,0,7142.857142857143,1.0,7,50000,0,900000
1800000,0.0,0,0,1.0,1426.2700000000002,0.0,2,0.0592147435897435,1.0,0,19.3,1248.0,1,2,0,0,0,73.9,0.0,0,0,8000.0,1.0,15,120000,0,310000
2533000,0.0,0,0,1.0,1426.2700000000002,0.0,2,0.0592147435897435,1.0,0,19.3,1248.0,1,2,0,0,0,73.9,0.0,0,0,8764.70588235294,1.0,17,149000,0,270000
30000,0.0,0,0,0.0,1380.4,0.0,1,0.0626151012891344,1.0,0,20.3,1086.0,0,1,0,0,0,68.0,1.0,1,0,833.3333333333334,1.0,6,5000,0,509999
840000,0.0,0,0,1.0,1358.0,0.0,2,0.0498220640569395,1.0,0,19.4,1405.0,0,2,0,0,0,70.0,0.0,0,0,5833.333333333333,1.0,12,70000,1,225000
550000,0.0,0,0,0.0,1606.404,0.0,2,0.0659147869674185,1.0,0,20.36,1197.0,0,1,0,0,0,78.9,1.0,1,0,5500.0,1.0,10,55000,0,280000
900000,0.0,0,0,1.0,1882.32,0.0,2,0.0659025787965616,1.0,0,27.28,1047.0,0,1,0,0,0,69.0,0.0,0,0,11111.111111111111,1.0,9,100000,1,490000
700000,0.0,0,0,0.0,1407.1734,0.0,2,0.0683876357560568,1.0,0,17.19,1197.0,0,3,0,0,0,81.86,1.0,1,0,7000.0,1.0,10,70000,0,590000
400000,0.0,0,1,1.0,2244.8943,0.0,1,0.0658144192256341,1.0,0,22.77,1498.0,0,1,0,0,0,98.59,0.0,0,0,4000.0,1.0,10,40000,0,600000
220800,0.0,0,0,1.0,1772.3200000000002,0.0,2,0.0587449933244325,1.0,0,20.14,1498.0,0,1,0,0,0,88.0,0.0,0,1,6133.333333333333,0.0,6,36800,0,695000
365400,0.0,0,0,1.0,1967.66,0.0,2,0.0592948717948717,1.0,0,26.59,1248.0,1,1,0,0,0,74.0,0.0,0,0,7457.142857142857,0.0,7,52200,0,690000
702000,0.0,0,0,1.0,1775.28,0.0,2,0.0623693086003372,1.0,0,24.0,1186.0,0,1,0,0,0,73.97,0.0,1,0,8666.666666666666,0.0,9,78000,0,409999
232000,0.0,0,0,1.0,1775.28,0.0,1,0.0623693086003372,1.0,0,24.0,1186.0,0,2,0,0,0,73.97,0.0,1,0,3625.0,0.0,8,29000,0,525000
252000,0.0,0,0,1.0,2485.965,0.0,2,0.0709134615384615,1.0,0,28.09,1248.0,1,1,0,0,0,88.5,0.0,0,0,5142.857142857143,0.0,7,36000,0,975000
540000,0.0,0,0,0.0,1461.0195,0.0,2,0.0671843687374749,1.0,0,21.79,998.0,1,1,0,0,0,67.05,1.0,0,0,6666.666666666667,0.0,9,60000,0,355000
480000,0.0,0,0,0.0,1168.31,0.0,1,0.0594221105527638,1.0,0,24.7,796.0,1,1,0,0,0,47.3,1.0,0,0,4800.0,0.0,10,48000,0,265000
280000,0.0,0,0,1.0,1772.3200000000002,0.0,2,0.0587449933244325,1.0,0,20.14,1498.0,0,1,0,0,0,88.0,0.0,0,1,5714.285714285715,0.0,7,40000,0,650000
480000,0.0,0,0,1.0,2485.965,0.0,2,0.0709134615384615,1.0,0,28.09,1248.0,1,1,0,0,0,88.5,0.0,0,0,7500.0,1.0,8,60000,0,720000
420000,0.0,0,0,0.0,1605.8475,0.0,1,0.0671843687374749,1.0,0,23.95,998.0,1,1,0,0,0,67.05,1.0,0,0,4200.0,1.0,10,42000,0,290000
1260000,0.0,0,0,1.0,1559.2900000000002,0.0,2,0.0592147435897435,1.0,0,21.1,1248.0,1,2,0,0,0,73.9,0.0,0,0,6428.571428571428,1.0,14,90000,0,300000
1430000,0.0,0,0,1.0,1456.8095999999998,0.0,2,0.0432032854209445,1.0,0,23.08,1461.0,0,2,1,0,0,63.12,0.0,0,0,8461.538461538461,1.0,13,110000,0,225000
1120000,0.0,0,0,1.0,1426.2700000000002,0.0,1,0.0592147435897435,1.0,0,19.3,1248.0,1,2,0,0,0,73.9,0.0,0,0,4375.0,1.0,16,70000,0,240000
770000,0.0,0,0,1.0,1864.8,0.0,2,0.0592948717948717,1.0,0,25.2,1248.0,1,2,0,0,0,74.0,0.0,0,0,6363.636363636364,1.0,11,70000,0,470000
720000,0.0,0,0,1.0,1880.1887,0.0,2,0.0635601719197707,1.0,0,21.19,1396.0,0,1,0,0,0,88.73,0.0,1,0,8888.888888888889,1.0,9,80000,0,800000
1170000,0.0,0,0,1.0,2061.6345,0.0,2,0.0742299794661191,1.0,0,19.01,1461.0,0,1,1,0,0,108.45,0.0,0,0,6923.076923076923,1.0,13,90000,0,450000
1620000,0.0,0,0,1.0,920.2,0.0,1,0.038323782234957,1.0,0,17.2,1396.0,0,3,0,0,0,53.5,0.0,0,0,5000.0,1.0,18,90000,1,90000
1800000,0.0,1,0,1.0,1868.696,0.0,2,0.0639296187683284,1.0,0,21.43,1364.0,0,2,0,0,0,87.2,0.0,0,0,8000.0,1.0,15,120000,0,450000
1397500,0.0,1,0,1.0,1595.685,0.0,2,0.0655689102564102,1.0,0,19.5,1248.0,0,2,0,0,0,81.83,0.0,0,0,8269.23076923077,1.0,13,107500,0,400000
1600000,0.0,0,0,1.0,1426.2700000000002,0.0,2,0.0592147435897435,1.0,0,19.3,1248.0,1,1,0,0,0,73.9,0.0,0,0,6250.0,1.0,16,100000,0,360000
1050000,0.0,0,0,1.0,1782.0,0.0,1,0.073677160080375,1.0,0,16.2,1493.0,0,2,0,0,0,110.0,0.0,1,0,4666.666666666667,1.0,15,70000,0,320000
385000,0.0,0,0,0.0,1070.4699999999998,0.0,1,0.0546928327645051,1.0,0,16.7,1172.0,0,2,0,0,0,64.1,1.0,0,0,3181.818181818182,1.0,11,35000,1,210000
1380000,0.0,0,0,1.0,1206.4,0.0,1,0.0379829731499672,1.0,0,20.8,1527.0,1,2,0,0,0,58.0,0.0,0,0,2608.695652173913,1.0,23,60000,0,120000
900000,0.0,0,0,1.0,1333.28,0.0,2,0.0438740588637919,1.0,0,20.8,1461.0,0,1,0,0,1,64.1,0.0,0,0,11111.111111111111,1.0,9,100000,0,750000
520938,0.0,0,0,0.0,1522.038,0.0,2,0.0683625730994152,1.0,0,18.6,1197.0,0,1,0,0,0,81.83,1.0,1,0,6431.333333333333,1.0,9,57882,0,550000
70000,0.0,0,0,0.0,1328.61,0.0,1,0.0559265442404006,1.0,0,19.83,1198.0,0,1,0,0,1,67.0,1.0,0,0,1428.571428571429,1.0,7,10000,0,400000
300000,0.0,0,0,0.0,1548.6240000000005,0.0,1,0.0671743486973947,1.0,0,23.1,998.0,1,2,0,0,0,67.04,1.0,0,0,3000.0,1.0,10,30000,0,290000
1170000,0.0,0,0,1.0,1317.21,0.0,2,0.0494269340974212,1.0,0,19.09,1396.0,0,1,0,0,0,69.0,0.0,0,0,6923.076923076923,1.0,13,90000,1,150000
400000,0.0,0,0,0.0,1595.685,0.0,1,0.0655689102564102,1.0,0,19.5,1248.0,1,1,0,0,0,81.83,1.0,0,0,1562.5,1.0,16,25000,0,220000
30000,0.0,0,0,0.0,1380.4,0.0,1,0.0626151012891344,1.0,0,20.3,1086.0,0,1,0,0,0,68.0,1.0,1,0,833.3333333333334,1.0,6,5000,0,500000
600000,0.0,0,0,1.0,1866.576,0.0,1,0.0711538461538461,1.0,0,21.02,1248.0,0,1,0,0,0,88.8,0.0,0,0,4166.666666666667,1.0,12,50000,1,250000
960000,0.0,0,0,1.0,1589.0700000000002,0.0,2,0.0494269340974212,1.0,0,23.03,1396.0,0,1,0,0,0,69.0,0.0,0,0,6666.666666666667,1.0,12,80000,1,220000
240000,0.0,0,0,1.0,2102.168,0.0,1,0.0593108974358974,0.0,0,28.4,1248.0,1,1,0,0,0,74.02,0.0,0,0,3750.0,0.0,8,30000,0,875000
54000,0.0,0,0,0.0,1522.038,0.0,1,0.0683625730994152,1.0,0,18.6,1197.0,0,1,0,0,0,81.83,1.0,1,0,1500.0,0.0,6,9000,0,785000
240000,0.0,0,0,0.0,1552.25,0.0,1,0.0739783152627189,1.0,0,17.5,1199.0,0,1,0,1,0,88.7,1.0,0,0,3750.0,0.0,8,30000,0,819999
312000,0.0,0,0,1.0,2514.3,0.0,1,0.0658210947930574,1.0,0,25.5,1498.0,0,1,0,1,0,98.6,0.0,0,0,4875.0,0.0,8,39000,0,885000
640000,0.0,0,1,0.0,1771.92,0.0,2,0.0736490993995997,0.0,0,16.05,1499.0,0,1,0,0,0,110.4,1.0,0,0,6400.0,0.0,10,64000,0,680000
336000,0.0,0,1,1.0,2276.08,0.0,2,0.0660614152202937,1.0,0,23.0,1498.0,0,1,0,0,0,98.96,0.0,0,0,5250.0,0.0,8,42000,0,960000
585000,0.0,0,0,0.0,1605.8,0.0,1,0.0724540901502504,1.0,0,18.5,1198.0,0,1,0,1,0,86.8,1.0,0,0,3461.538461538461,0.0,13,45000,0,385000
90000,0.0,0,0,0.0,2093.9100000000003,0.0,1,0.0706224350205198,0.0,0,20.28,1462.0,1,1,0,0,0,103.25,1.0,0,0,2500.0,0.0,6,15000,0,1025000
621000,0.0,0,0,0.0,1781.9199999999998,0.0,2,0.0865497076023391,0.0,0,17.2,1197.0,0,1,0,0,0,103.6,1.0,0,1,7666.666666666667,0.0,9,69000,0,675000
640000,0.0,0,0,0.0,1799.6,0.0,2,0.0683375104427736,1.0,0,22.0,1197.0,1,1,0,0,0,81.8,1.0,0,0,10000.0,0.0,8,80000,0,700000
540000,0.0,0,1,1.0,2244.8943,0.0,2,0.0658144192256341,1.0,0,22.77,1498.0,0,1,0,0,0,98.59,0.0,0,0,6666.666666666667,0.0,9,60000,0,780000
900000,0.0,0,0,1.0,1698.3,0.0,2,0.0592948717948717,1.0,0,22.95,1248.0,0,1,0,0,0,74.0,0.0,0,0,11111.111111111111,1.0,9,100000,1,400000
1440000,0.0,0,0,0.0,912.11,0.0,2,0.0581658291457286,1.0,0,19.7,796.0,1,2,0,0,0,46.3,1.0,0,0,5625.0,1.0,16,90000,0,85000
350000,0.0,0,0,0.0,1541.67,0.0,2,0.067067067067067,1.0,0,23.01,999.0,0,1,1,0,0,67.0,1.0,0,0,7142.857142857143,1.0,7,50000,0,260000
553800,0.0,0,0,0.0,1549.8,0.0,2,0.0685045948203842,1.0,0,18.9,1197.0,0,1,0,0,0,82.0,1.0,1,0,5538.0,0.0,10,55380,0,484999
150528,0.0,0,0,0.0,1253.75,0.0,1,0.0615609348914858,1.0,0,17.0,1198.0,0,1,0,0,0,73.75,1.0,0,1,2352.0,0.0,8,18816,0,650000
144000,0.0,0,0,0.0,1814.28,0.0,1,0.077688710754843,0.0,0,15.6,1497.0,0,1,0,1,0,116.3,1.0,0,0,2250.0,0.0,8,18000,0,925000
381976,0.0,0,0,1.0,2485.965,0.0,2,0.0709134615384615,1.0,0,28.09,1248.0,1,1,0,0,0,88.5,0.0,0,0,5968.375,0.0,8,47747,0,810000
540000,0.0,0,0,1.0,861.9947999999999,0.0,2,0.0343131672597864,1.0,0,17.88,1405.0,0,2,0,0,0,48.21,0.0,0,0,6666.666666666667,1.0,9,60000,1,300000
1680000,0.0,0,0,0.0,1038.0,0.0,1,0.0604229607250755,1.0,0,17.3,993.0,1,2,0,0,0,60.0,1.0,0,0,3809.5238095238096,1.0,21,80000,0,120000
459000,0.0,0,0,0.0,1522.038,0.0,1,0.0683625730994152,1.0,0,18.6,1197.0,0,2,0,0,0,81.83,1.0,1,0,4590.0,1.0,10,45900,0,490000
840000,0.0,0,0,1.0,2543.88,0.0,2,0.0658210947930574,1.0,0,25.8,1498.0,0,1,0,1,0,98.6,0.0,0,0,5833.333333333333,1.0,12,70000,0,425000
560000,0.0,0,0,0.0,912.11,0.0,1,0.0581658291457286,1.0,0,19.7,796.0,1,1,0,0,0,46.3,1.0,0,0,2857.1428571428573,1.0,14,40000,0,155000
1575000,0.0,0,0,0.0,912.11,0.0,2,0.0581658291457286,1.0,0,19.7,796.0,1,1,0,0,0,46.3,1.0,0,0,7000.0,1.0,15,105000,0,132000
210000,0.0,0,0,1.0,2000.6504,0.0,1,0.0635816618911174,1.0,0,22.54,1396.0,0,1,0,0,0,88.76,0.0,1,0,4285.714285714285,1.0,7,30000,0,750000
280000,0.0,0,0,0.0,1268.1899999999998,0.0,1,0.0672344689378757,1.0,0,18.9,998.0,1,1,0,0,0,67.1,1.0,0,0,1428.571428571429,1.0,14,20000,0,225000
1120000,0.0,0,0,0.0,1606.404,0.0,2,0.0659147869674185,1.0,0,20.36,1197.0,0,1,0,0,0,78.9,1.0,1,0,5714.285714285715,1.0,14,80000,0,240000
1890000,0.0,0,0,0.0,1268.1899999999998,0.0,1,0.0672344689378757,1.0,0,18.9,998.0,1,3,0,0,0,67.1,1.0,0,0,4285.714285714285,1.0,21,90000,0,33351
1200000,0.0,0,0,0.0,1116.0,0.0,2,0.0623115577889447,1.0,0,18.0,995.0,0,2,0,0,0,62.0,1.0,0,0,5333.333333333333,1.0,15,80000,0,80000
720000,0.0,0,0,1.0,1732.4,0.0,2,0.0633928571428571,1.0,0,24.4,1120.0,0,2,0,0,0,71.0,0.0,1,0,8888.888888888889,1.0,9,80000,0,380000
550000,0.0,0,0,0.0,1075.602,0.0,1,0.0594221105527638,1.0,0,22.74,796.0,1,1,0,0,0,47.3,1.0,0,0,4545.454545454545,1.0,11,50000,0,240000
980000,0.0,0,0,1.0,1694.6,0.0,1,0.0592948717948717,1.0,0,22.9,1248.0,1,1,0,0,0,74.0,0.0,0,0,5000.0,1.0,14,70000,0,325000
560000,0.0,0,1,1.0,2276.08,0.0,2,0.0660614152202937,1.0,0,23.0,1498.0,0,1,0,0,0,98.96,0.0,0,0,11428.57142857143,1.0,7,80000,0,950000
1440000,0.0,0,0,1.0,1694.6,0.0,2,0.0592948717948717,1.0,0,22.9,1248.0,1,4,0,0,0,74.0,0.0,0,0,10000.0,1.0,12,120000,0,300000
472000,0.0,0,0,0.0,1488.3,0.0,2,0.0684474123539232,1.0,0,18.15,1198.0,0,1,0,0,1,82.0,1.0,0,0,7375.0,1.0,8,59000,0,530000
405000,0.0,0,0,0.0,1341.561,0.0,1,0.0667083854818523,1.0,0,25.17,799.0,0,2,1,0,0,53.3,1.0,0,0,5000.0,1.0,9,45000,0,240000
1200000,0.0,0,0,1.0,1426.2700000000002,0.0,2,0.0592147435897435,1.0,0,19.3,1248.0,1,4,0,0,0,73.9,0.0,0,0,5333.333333333333,1.0,15,80000,0,220000
1360000,0.0,0,0,0.0,1266.3,0.0,1,0.063147973609802,1.0,0,18.9,1061.0,1,4,0,0,0,67.0,1.0,0,0,4705.882352941177,1.0,17,80000,0,110000
900000,0.0,0,0,1.0,2150.55,0.0,2,0.0709134615384615,1.0,0,24.3,1248.0,1,1,0,0,0,88.5,0.0,0,0,11111.111111111111,1.0,9,100000,0,850000
175000,0.0,0,0,1.0,2221.35,0.0,1,0.0709134615384615,1.0,0,25.1,1248.0,1,1,0,0,0,88.5,0.0,0,0,3571.428571428572,1.0,7,25000,0,950000
824364,0.0,0,0,0.0,1164.72,0.0,2,0.0678132678132678,1.0,0,21.1,814.0,0,3,0,0,0,55.2,1.0,1,0,5724.75,1.0,12,68697,0,200000
240000,0.0,0,0,1.0,1864.8,0.0,1,0.0592948717948717,1.0,0,25.2,1248.0,1,1,0,0,0,74.0,0.0,0,0,3750.0,1.0,8,30000,0,660000
480000,0.0,0,0,1.0,2543.88,0.0,1,0.0658210947930574,1.0,0,25.8,1498.0,0,2,0,1,0,98.6,0.0,0,0,3333.333333333333,1.0,12,40000,0,420000
435000,0.0,0,0,0.0,1072.5,0.0,1,0.0554607508532423,1.0,0,16.5,1172.0,0,1,0,0,0,65.0,1.0,0,0,1933.3333333333333,1.0,15,29000,1,150000
816000,0.0,0,0,1.0,1465.344,0.0,2,0.0615384615384615,1.0,0,25.44,936.0,0,2,0,0,0,57.6,0.0,0,0,5666.666666666667,1.0,12,68000,0,175000
105000,0.0,0,0,0.0,1605.4700000000005,0.0,1,0.0739783152627189,0.0,0,18.1,1199.0,0,1,0,1,0,88.7,1.0,0,0,2142.8571428571427,1.0,7,15000,0,750000
770000,0.0,0,0,1.0,1715.408,0.0,2,0.0592467948717948,1.0,0,23.2,1248.0,1,1,0,0,0,73.94,0.0,0,0,6363.636363636364,1.0,11,70000,0,425000
1260000,0.0,1,0,1.0,1868.696,0.0,2,0.0639296187683284,1.0,0,21.43,1364.0,0,3,0,0,0,87.2,0.0,0,0,12600.0,1.0,10,126000,0,790000
1290000,0.0,1,0,1.0,1868.696,0.0,2,0.0639296187683284,1.0,0,21.43,1364.0,0,3,0,0,0,87.2,0.0,0,0,12900.0,1.0,10,129000,0,780000
825000,0.0,0,0,0.0,1348.0704999999998,0.0,1,0.0626611418047882,1.0,0,19.81,1086.0,0,2,0,0,0,68.05,1.0,1,0,3666.6666666666665,1.0,15,55000,0,180000
240000,0.0,0,1,1.0,2276.08,0.0,2,0.0660614152202937,1.0,0,23.0,1498.0,0,1,0,0,0,98.96,0.0,0,0,6666.666666666667,1.0,6,40000,0,869999
700000,0.0,0,0,1.0,1875.456,0.0,1,0.0711538461538461,1.0,0,21.12,1248.0,0,1,0,0,0,88.8,0.0,0,0,3571.428571428572,1.0,14,50000,1,275000
200000,0.0,0,0,0.0,1522.038,0.0,1,0.0683625730994152,1.0,0,18.6,1197.0,0,2,0,0,0,81.83,1.0,1,0,3125.0,1.0,8,25000,0,630000
225000,0.0,0,0,0.0,1075.602,0.0,1,0.0594221105527638,1.0,0,22.74,796.0,1,1,0,0,0,47.3,1.0,0,0,2777.777777777778,1.0,9,25000,0,315000
980000,0.0,0,0,1.0,1649.9,0.0,1,0.0501432664756446,1.0,0,23.57,1396.0,0,2,0,0,0,70.0,0.0,0,0,5000.0,1.0,14,70000,1,189000
1320000,0.0,0,0,1.0,1731.6,0.0,2,0.0592948717948717,1.0,0,23.4,1248.0,1,1,0,0,0,74.0,0.0,0,0,10909.09090909091,1.0,11,120000,0,580000
2448000,0.0,0,0,1.0,1595.685,0.0,2,0.0655689102564102,1.0,0,19.5,1248.0,0,2,0,0,1,81.83,0.0,0,0,9562.5,1.0,16,153000,0,150000
245000,0.0,0,0,1.0,2150.55,0.0,1,0.0709134615384615,1.0,0,24.3,1248.0,1,1,0,0,0,88.5,0.0,0,0,5000.0,1.0,7,35000,0,825000
1302000,0.0,0,0,0.0,1170.0,0.0,1,0.0670141474311243,1.0,0,13.0,1343.0,0,2,0,1,0,90.0,1.0,0,0,2952.3809523809523,1.0,21,62000,0,50000
1680000,0.0,0,0,0.0,1200.875,0.0,2,0.061686143572621,1.0,0,16.25,1198.0,0,2,0,0,1,73.9,1.0,0,0,8571.42857142857,1.0,14,120000,0,200000
640000,0.0,0,0,1.0,1999.9742,0.0,2,0.0635601719197707,1.0,0,22.54,1396.0,0,1,0,0,0,88.73,0.0,1,0,10000.0,1.0,8,80000,0,680000
640000,0.0,0,0,1.0,1999.9742,0.0,2,0.0635601719197707,1.0,0,22.54,1396.0,0,1,0,0,0,88.73,0.0,1,0,10000.0,1.0,8,80000,0,670000
1200000,0.0,0,0,0.0,1403.732,0.0,2,0.0672344689378757,1.0,0,20.92,998.0,1,2,0,0,0,67.1,1.0,0,0,5333.333333333333,1.0,15,80000,0,240000
1176000,0.0,0,0,1.0,2121.75,0.0,2,0.0647684605757196,1.0,0,20.5,1598.0,0,1,0,0,1,103.5,0.0,0,0,8166.666666666667,1.0,12,98000,0,455000
175000,0.0,0,0,1.0,2102.168,0.0,1,0.0593108974358974,1.0,0,28.4,1248.0,1,1,0,0,0,74.02,0.0,0,0,3571.428571428572,1.0,7,25000,0,750000
810000,0.0,0,0,1.0,1967.66,0.0,2,0.0592948717948717,0.0,0,26.59,1248.0,1,1,0,0,0,74.0,0.0,0,0,10000.0,1.0,9,90000,0,700000
1320000,0.0,0,0,1.0,1725.0,0.0,2,0.0494269340974212,1.0,0,25.0,1396.0,0,1,0,0,0,69.0,0.0,0,0,10909.09090909091,1.0,11,120000,1,160000
1200000,0.0,0,0,1.0,1699.4900000000002,0.0,2,0.0616185897435897,1.0,0,22.1,1248.0,0,2,0,0,0,76.9,0.0,0,0,8333.333333333334,1.0,12,100000,0,225000
2040000,0.0,0,0,1.0,1317.21,0.0,2,0.0494269340974212,1.0,0,19.09,1396.0,0,2,0,0,0,69.0,0.0,0,0,7058.823529411765,1.0,17,120000,1,140000
770000,0.0,0,0,1.0,1731.6,0.0,2,0.0592948717948717,1.0,0,23.4,1248.0,1,2,0,0,0,74.0,0.0,0,0,6363.636363636364,1.0,11,70000,0,600000
1700000,0.0,0,0,0.0,1116.0,0.0,2,0.0623115577889447,1.0,0,18.0,995.0,0,3,0,0,0,62.0,1.0,0,0,5882.35294117647,1.0,17,100000,0,65000
60000,0.0,0,0,0.0,1708.802,0.0,1,0.0683375104427736,1.0,0,20.89,1197.0,1,1,0,0,0,81.8,1.0,0,0,1666.6666666666667,1.0,6,10000,0,500000
726505,0.0,0,0,0.0,1218.75,0.0,1,0.0626043405676126,1.0,0,16.25,1198.0,0,1,0,0,1,75.0,1.0,0,0,4298.846153846154,0.0,13,55885,0,320000
96204,0.0,0,1,1.0,2147.432,0.0,1,0.0660614152202937,1.0,0,21.7,1498.0,0,1,0,0,0,98.96,0.0,0,0,2672.333333333333,0.0,6,16034,0,950000
2028520,0.0,0,1,1.0,1360.0,0.0,2,0.0486061472480343,1.0,0,20.0,1399.0,0,1,0,0,0,68.0,0.0,0,0,12003.076923076924,0.0,13,156040,0,250000
160000,0.0,0,0,1.0,2026.86,0.0,1,0.0592948717948717,1.0,0,27.39,1248.0,1,1,0,0,0,74.0,0.0,0,0,2500.0,1.0,8,20000,0,600000
368000,0.0,0,0,0.0,1799.6,0.0,2,0.0683375104427736,1.0,0,22.0,1197.0,1,1,0,0,0,81.8,1.0,0,0,5750.0,1.0,8,46000,0,509999
450000,0.0,0,0,0.0,1590.312,0.0,2,0.0645807259073842,1.0,0,15.41,1598.0,0,3,0,0,1,103.2,1.0,0,0,5555.555555555556,1.0,9,50000,0,395000
35000,0.0,0,0,0.0,1461.0195,0.0,1,0.0671843687374749,1.0,0,21.79,998.0,1,1,0,0,0,67.05,1.0,0,0,714.2857142857143,1.0,7,5000,0,469000
336000,0.0,0,0,0.0,1168.31,0.0,2,0.0594221105527638,1.0,0,24.7,796.0,1,1,0,0,0,47.3,1.0,0,0,5250.0,1.0,8,42000,0,250000
959266,0.0,0,0,0.0,1006.02,0.0,1,0.0624120603015075,1.0,0,16.2,995.0,0,1,0,0,0,62.1,1.0,0,0,4894.214285714285,0.0,14,68519,0,130000
180000,0.0,0,1,1.0,2276.08,0.0,1,0.0660614152202937,1.0,0,23.0,1498.0,0,1,0,0,0,98.96,0.0,0,0,5000.0,1.0,6,30000,0,906000
1190000,0.0,0,1,1.0,1360.0,0.0,2,0.0486061472480343,1.0,0,20.0,1399.0,0,1,0,0,0,68.0,0.0,0,0,6071.428571428572,1.0,14,85000,0,160000
1144000,0.0,0,0,0.0,1501.5,0.0,2,0.0661016949152542,1.0,0,17.5,1298.0,1,1,0,0,0,85.8,1.0,0,0,6769.2307692307695,1.0,13,88000,0,300000
1500000,0.0,0,0,0.0,525.0,0.0,2,0.0471105527638191,1.0,0,14.0,796.0,1,4,0,0,0,37.5,1.0,0,0,6666.666666666667,1.0,15,100000,0,60000
1100000,0.0,0,0,0.0,1638.78,0.0,2,0.0716791979949874,1.0,0,19.1,1197.0,1,2,0,0,0,85.8,1.0,0,0,9090.90909090909,1.0,11,100000,0,400000
160762,0.0,0,0,0.0,2014.0032,0.0,1,0.0704587155963302,1.0,0,23.84,1199.0,0,1,0,0,0,84.48,1.0,0,0,3280.8571428571427,0.0,7,22966,1,450000
1040000,0.0,0,0,1.0,1694.6,0.0,2,0.0592948717948717,1.0,0,22.9,1248.0,1,2,0,0,0,74.0,0.0,0,0,6153.846153846154,1.0,13,80000,0,325000
1190000,0.0,0,0,0.0,912.11,0.0,1,0.0581658291457286,1.0,0,19.7,796.0,1,2,0,0,0,46.3,1.0,0,0,4117.64705882353,1.0,17,70000,0,150000
25850,0.0,0,0,0.0,1164.72,0.0,1,0.0678132678132678,1.0,0,21.1,814.0,0,1,0,0,0,55.2,1.0,1,0,213.63636363636363,1.0,11,2350,0,250000
700000,0.0,0,0,0.0,912.11,0.0,1,0.0581658291457286,1.0,0,19.7,796.0,1,1,0,0,0,46.3,1.0,0,0,3571.428571428572,1.0,14,50000,0,175000
870000,0.0,0,0,0.0,912.11,0.0,1,0.0581658291457286,1.0,0,19.7,796.0,1,1,0,0,0,46.3,1.0,0,0,3866.6666666666665,1.0,15,58000,0,175000
1520000,0.0,0,0,0.0,1689.9999999999998,0.0,1,0.0668002672010688,1.0,0,16.9,1497.0,0,2,0,1,0,100.0,1.0,0,0,4210.526315789473,1.0,19,80000,0,150000
210000,0.0,0,0,0.0,1522.596,0.0,2,0.0683876357560568,1.0,0,18.6,1197.0,0,1,0,0,0,81.86,1.0,1,0,5833.333333333333,1.0,6,35000,0,800000
1430000,0.0,0,0,0.0,912.11,0.0,2,0.0581658291457286,1.0,0,19.7,796.0,1,1,0,0,0,46.3,1.0,0,0,8461.538461538461,1.0,13,110000,0,160000
900000,0.0,0,0,0.0,912.11,0.0,1,0.0581658291457286,1.0,0,19.7,796.0,1,3,0,0,0,46.3,1.0,0,0,4000.0,1.0,15,60000,0,160000
1300000,0.0,0,0,1.0,1887.9252,0.0,2,0.0635816618911174,1.0,0,21.27,1396.0,0,1,0,0,0,88.76,0.0,1,0,7692.307692307692,1.0,13,100000,0,400000
1440000,0.0,1,0,1.0,1581.9454,0.0,2,0.0491642228739002,1.0,0,23.59,1364.0,0,1,0,0,0,67.06,0.0,0,0,10000.0,1.0,12,120000,0,451000
910000,0.0,0,0,1.0,1875.456,0.0,2,0.0711538461538461,1.0,0,21.12,1248.0,0,3,0,0,0,88.8,0.0,0,0,5384.615384615385,1.0,13,70000,1,300000
476000,0.0,0,0,0.0,1548.6240000000005,0.0,2,0.0671743486973947,1.0,0,23.1,998.0,1,2,0,0,0,67.04,1.0,0,0,7437.5,1.0,8,59500,0,421000
405000,0.0,0,0,1.0,2150.55,0.0,1,0.0709134615384615,1.0,0,24.3,1248.0,1,1,0,0,0,88.5,0.0,0,0,5000.0,1.0,9,45000,0,950000
1057000,0.0,0,0,1.0,2070.0,0.0,2,0.0644699140401146,1.0,0,23.0,1396.0,0,2,0,0,0,90.0,0.0,1,0,5392.857142857143,1.0,14,75500,0,395000
414000,0.0,0,0,1.0,2150.55,0.0,2,0.0709134615384615,1.0,0,24.3,1248.0,1,2,0,0,0,88.5,0.0,0,0,5111.111111111111,1.0,9,46000,0,950000
720000,0.0,0,0,0.0,1075.602,0.0,1,0.0594221105527638,1.0,0,22.74,796.0,1,1,0,0,0,47.3,1.0,0,0,5000.0,1.0,12,60000,0,270000
960000,0.0,0,0,0.0,1500.0,0.0,1,0.0716332378223495,0.0,0,15.0,1396.0,0,2,0,0,0,100.0,1.0,1,0,3750.0,1.0,16,60000,0,360000
2592500,0.0,0,0,1.0,1335.0,0.0,2,0.0600961538461538,1.0,0,17.8,1248.0,1,1,0,0,0,75.0,0.0,0,0,8970.588235294117,1.0,17,152500,0,235000
338000,0.0,0,0,0.0,1683.9199999999998,0.0,1,0.0724540901502504,1.0,0,19.4,1198.0,0,1,0,1,0,86.8,1.0,0,0,2000.0,1.0,13,26000,0,376000
620192,0.0,0,1,1.0,2039.368,0.0,2,0.059973297730307,1.0,0,22.7,1498.0,0,1,0,0,0,89.84,0.0,0,0,9690.5,0.0,8,77524,0,875000
445753,0.0,0,0,0.0,1532.725,0.0,1,0.0692147034252297,1.0,0,18.5,1197.0,0,2,0,0,0,82.85,1.0,1,0,3683.909090909091,0.0,11,40523,0,459999
273000,0.0,0,0,1.0,2101.6,0.0,2,0.0592948717948717,1.0,0,28.4,1248.0,1,1,0,0,0,74.0,0.0,0,0,5571.428571428572,0.0,7,39000,0,755000
175000,0.0,0,0,0.0,1778.3399999999997,0.0,1,0.0694235588972431,0.0,0,21.4,1197.0,1,1,0,0,0,83.1,1.0,0,0,3571.428571428572,1.0,7,25000,0,800000
310000,0.0,0,0,1.0,1864.8,0.0,1,0.0592948717948717,1.0,0,25.2,1248.0,1,2,0,0,0,74.0,0.0,0,0,3100.0,1.0,10,31000,0,600000
336000,0.0,0,0,0.0,1778.3399999999997,0.0,2,0.0694235588972431,1.0,0,21.4,1197.0,1,1,0,0,0,83.1,1.0,0,0,5250.0,1.0,8,42000,0,530000
800000,0.0,0,0,0.0,1733.469,0.0,2,0.0694569757727652,1.0,0,20.85,1197.0,1,1,0,0,0,83.14,1.0,0,0,8000.0,1.0,10,80000,0,450000
840000,0.0,0,0,0.0,1403.732,0.0,1,0.0672344689378757,1.0,0,20.92,998.0,1,1,0,0,0,67.1,1.0,0,0,4285.714285714285,1.0,14,60000,0,235000
420000,0.0,0,0,0.0,1480.0500000000002,0.0,1,0.0647684605757196,0.0,0,14.3,1598.0,0,2,0,0,1,103.5,1.0,0,0,2916.6666666666665,1.0,12,35000,0,395000
1200000,0.0,0,0,1.0,2099.088,0.0,2,0.0688918558077436,1.0,0,20.34,1498.0,0,2,0,0,0,103.2,0.0,0,1,12000.0,1.0,10,120000,0,515000
560000,0.0,0,0,0.0,1348.0704999999998,0.0,1,0.0626611418047882,1.0,0,19.81,1086.0,0,3,0,0,0,68.05,1.0,1,0,2187.5,1.0,16,35000,0,160000
2160000,0.0,0,0,0.0,912.11,0.0,2,0.0581658291457286,1.0,0,19.7,796.0,1,2,0,0,0,46.3,1.0,0,0,6666.666666666667,1.0,18,120000,0,110000
770000,0.0,0,0,1.0,1864.8,0.0,2,0.0592948717948717,1.0,0,25.2,1248.0,1,1,0,0,0,74.0,0.0,0,0,6363.636363636364,1.0,11,70000,0,360000
1760000,0.0,0,0,1.0,1595.685,0.0,2,0.0655689102564102,1.0,0,19.5,1248.0,1,1,0,0,0,81.83,0.0,0,0,6875.0,1.0,16,110000,0,210000
1260000,0.0,0,0,1.0,1782.0,0.0,2,0.073677160080375,1.0,0,16.2,1493.0,0,3,0,0,0,110.0,0.0,1,0,6428.571428571428,1.0,14,90000,0,260000
1080000,0.0,0,0,0.0,912.11,0.0,1,0.0581658291457286,1.0,0,19.7,796.0,1,2,0,0,0,46.3,1.0,0,0,3333.333333333333,1.0,18,60000,0,128000
150000,0.0,0,0,1.0,2102.168,0.0,1,0.0593108974358974,1.0,0,28.4,1248.0,1,1,0,0,0,74.02,0.0,0,0,4166.666666666667,1.0,6,25000,0,675000
750000,0.0,0,0,0.0,1570.2,0.0,1,0.0660025220680958,1.0,0,15.0,1586.0,1,1,0,0,0,104.68,1.0,0,0,3333.333333333333,1.0,15,50000,0,300000
200000,0.0,0,0,0.0,1549.8,0.0,1,0.0685045948203842,1.0,0,18.9,1197.0,0,1,0,0,0,82.0,1.0,1,0,3125.0,1.0,8,25000,0,550000
1440000,0.0,0,0,0.0,912.11,0.0,1,0.0581658291457286,1.0,0,19.7,796.0,1,3,0,0,0,46.3,1.0,0,0,4444.444444444444,1.0,18,80000,0,150000
105000,0.0,0,0,0.0,2120.55,0.0,1,0.1007014028056112,1.0,0,21.1,998.0,1,1,0,0,0,100.5,1.0,0,0,2142.8571428571427,1.0,7,15000,0,750000
357500,0.0,0,0,0.0,1533.65,0.0,1,0.0692564745196324,1.0,0,18.5,1197.0,0,1,0,0,0,82.9,1.0,1,0,2115.3846153846152,1.0,13,27500,0,380000
1800000,0.0,0,0,0.0,1177.5,0.0,2,0.0539568345323741,1.0,0,15.7,1390.0,0,1,0,0,1,75.0,1.0,0,0,8000.0,1.0,15,120000,0,200000
630000,0.0,0,0,1.0,2485.965,0.0,2,0.0709134615384615,1.0,0,28.09,1248.0,1,1,0,0,0,88.5,0.0,0,0,7777.777777777777,1.0,9,70000,0,700000
2520000,0.0,0,0,0.0,1380.6,0.0,2,0.0521042084168336,1.0,0,17.7,1497.0,0,1,0,1,0,78.0,1.0,0,0,7777.777777777777,1.0,18,140000,0,210000
320000,0.0,0,0,0.0,1708.802,0.0,1,0.0683375104427736,1.0,0,20.89,1197.0,1,1,0,0,0,81.8,1.0,0,0,5000.0,1.0,8,40000,0,370000
120000,0.0,0,0,0.0,1778.3399999999997,0.0,1,0.0694235588972431,0.0,0,21.4,1197.0,1,1,0,0,0,83.1,1.0,0,0,3333.333333333333,1.0,6,20000,0,600000
75000,0.0,0,0,1.0,2150.55,0.0,1,0.0709134615384615,1.0,0,24.3,1248.0,1,1,0,0,0,88.5,0.0,0,0,3000.0,1.0,5,15000,0,810000
665000,0.0,0,0,0.0,1595.685,0.0,1,0.0655689102564102,1.0,0,19.5,1248.0,0,1,0,0,1,81.83,1.0,0,0,1842.1052631578948,1.0,19,35000,0,80000
96000,0.0,0,0,0.0,2002.56,0.0,1,0.0700583819849874,1.0,0,23.84,1199.0,0,1,0,0,0,84.0,1.0,0,0,2666.6666666666665,1.0,6,16000,1,346000
2600000,0.0,0,0,0.0,1170.0,0.0,2,0.0670141474311243,1.0,0,13.0,1343.0,0,1,0,1,0,90.0,1.0,0,0,6500.0,1.0,20,130000,0,55000
836000,0.0,0,0,0.0,1420.0200000000002,0.0,1,0.0679506933744222,1.0,0,16.1,1298.0,1,2,0,0,0,88.2,1.0,0,0,2315.7894736842104,1.0,19,44000,0,120000
540000,0.0,0,0,0.0,1122.01,0.0,2,0.0610367892976588,1.0,0,15.37,1196.0,1,1,0,0,0,73.0,1.0,0,0,6666.666666666667,1.0,9,60000,0,330000
1617000,0.0,0,0,0.0,1522.038,0.0,2,0.0683625730994152,1.0,0,18.6,1197.0,0,2,0,0,0,81.83,1.0,1,0,13363.636363636364,1.0,11,147000,0,400000
840000,0.0,0,0,1.0,1041.6,0.0,1,0.0441281138790035,1.0,0,16.8,1405.0,0,2,0,0,0,62.0,0.0,0,0,1904.7619047619048,1.0,21,40000,1,100000
1100000,0.0,0,0,0.0,1638.78,0.0,2,0.0716791979949874,1.0,0,19.1,1197.0,1,3,0,0,0,85.8,1.0,0,0,9090.90909090909,1.0,11,100000,0,450000
400000,0.0,0,0,1.0,1298.14,0.0,1,0.0592686002522068,1.0,0,27.62,793.0,1,2,0,0,0,47.0,0.0,0,0,4000.0,1.0,10,40000,0,340000
960000,0.0,0,0,1.0,1559.2900000000002,0.0,1,0.0592147435897435,1.0,0,21.1,1248.0,1,3,0,0,0,73.9,0.0,0,0,4266.666666666667,1.0,15,64000,0,225000
2300000,0.0,0,0,0.0,1038.0,0.0,1,0.0604229607250755,1.0,0,17.3,993.0,1,2,0,0,0,60.0,1.0,0,0,4347.826086956522,1.0,23,100000,0,55000
210000,0.0,0,0,0.0,1374.9904,0.0,1,0.0671743486973947,1.0,0,20.51,998.0,1,1,0,0,0,67.04,1.0,0,0,4285.714285714285,1.0,7,30000,0,465000
3150000,0.0,0,0,0.0,1038.0,0.0,2,0.0604229607250755,1.0,0,17.3,993.0,1,1,0,0,0,60.0,1.0,0,0,7142.857142857143,1.0,21,150000,0,70000
217593,0.0,0,0,0.0,1558.459,0.0,1,0.0743503772003352,1.0,0,17.57,1193.0,0,1,0,0,0,88.7,1.0,0,0,2686.333333333333,1.0,9,24177,1,400000
1040000,0.0,0,0,1.0,1127.0,0.0,2,0.0498220640569395,1.0,0,16.1,1405.0,0,1,0,0,0,70.0,0.0,0,0,6153.846153846154,1.0,13,80000,1,185000
2850000,0.0,0,0,0.0,1268.1899999999998,0.0,2,0.0672344689378757,1.0,0,18.9,998.0,1,2,0,0,0,67.1,1.0,0,0,7894.736842105263,1.0,19,150000,0,140000
448000,0.0,0,0,1.0,2026.86,0.0,2,0.0592948717948717,1.0,0,27.39,1248.0,1,1,0,0,0,74.0,0.0,0,0,7000.0,1.0,8,56000,0,600000
1700000,0.0,0,0,0.0,1570.2,0.0,2,0.0660025220680958,1.0,0,15.0,1586.0,1,4,0,0,0,104.68,1.0,0,0,5882.35294117647,1.0,17,100000,0,150000
84000,0.0,0,0,0.0,1668.7199999999998,0.0,1,0.0683375104427736,1.0,0,20.4,1197.0,1,1,0,0,0,81.8,1.0,0,0,1714.2857142857142,1.0,7,12000,0,459999
123048,0.0,0,0,1.0,2150.55,0.0,1,0.0709134615384615,1.0,0,24.3,1248.0,1,1,0,0,0,88.5,0.0,0,0,1922.625,1.0,8,15381,0,800000
440000,0.0,0,0,1.0,2062.585,0.0,1,0.0742642026009582,1.0,1,19.01,1461.0,0,1,0,0,0,108.5,0.0,0,0,3636.363636363637,1.0,11,40000,0,475000
70000,0.0,0,0,0.0,1605.8475,0.0,1,0.0671843687374749,1.0,0,23.95,998.0,1,1,0,0,0,67.05,1.0,0,0,1428.571428571429,1.0,7,10000,0,350000
175000,0.0,0,0,0.0,1799.6,0.0,1,0.0683375104427736,0.0,0,22.0,1197.0,1,1,0,0,0,81.8,1.0,0,0,3571.428571428572,1.0,7,25000,0,640000
400000,0.0,0,0,0.0,1374.17,0.0,2,0.0671342685370741,0.0,0,20.51,998.0,1,1,0,0,0,67.0,1.0,0,0,6250.0,1.0,8,50000,0,350000
210000,0.0,0,0,0.0,1844.5,0.0,1,0.090567612687813,1.0,0,17.0,1198.0,0,1,0,0,0,108.5,1.0,0,0,4285.714285714285,1.0,7,30000,1,600000
35000,0.0,0,0,0.0,1374.17,0.0,1,0.0671342685370741,0.0,0,20.51,998.0,1,2,0,0,0,67.0,1.0,0,0,714.2857142857143,1.0,7,5000,0,445000
100000,0.0,0,0,1.0,1960.27,0.0,1,0.063538681948424,1.0,0,22.1,1396.0,0,1,0,0,0,88.7,0.0,1,0,4000.0,1.0,5,20000,0,1050000
500000,0.0,0,1,1.0,2244.8943,0.0,1,0.0658144192256341,1.0,0,22.77,1498.0,0,1,0,0,0,98.59,0.0,0,0,5000.0,1.0,10,50000,0,600000
320000,0.0,0,1,0.0,1576.288,0.0,1,0.0725752508361204,1.0,0,18.16,1196.0,0,2,0,0,0,86.8,1.0,0,0,5000.0,1.0,8,40000,0,370000
1260000,0.0,0,0,0.0,1164.8,0.0,1,0.060320452403393,1.0,0,18.2,1061.0,1,3,0,0,0,64.0,1.0,0,0,3888.8888888888887,1.0,18,70000,0,150000
120000,0.0,0,0,0.0,1548.6240000000005,0.0,1,0.0671743486973947,1.0,0,23.1,998.0,1,1,0,0,0,67.04,1.0,0,0,1875.0,1.0,8,15000,0,483000
90000,0.0,0,0,0.0,1549.8,0.0,1,0.0685045948203842,1.0,0,18.9,1197.0,0,1,0,0,0,82.0,1.0,1,0,1111.111111111111,1.0,9,10000,0,470000
175000,0.0,0,0,1.0,2150.55,0.0,1,0.0709134615384615,1.0,0,24.3,1248.0,1,1,0,0,0,88.5,0.0,0,0,3571.428571428572,1.0,7,25000,0,950000
980000,0.0,1,0,0.0,1561.12,0.0,1,0.0592914438502673,1.0,0,17.6,1496.0,0,1,0,0,0,88.7,1.0,0,0,5000.0,1.0,14,70000,0,345000
25000,0.0,0,0,0.0,1708.802,0.0,1,0.0683375104427736,0.0,0,20.89,1197.0,1,1,0,0,0,81.8,1.0,0,0,1000.0,1.0,5,5000,0,600000
960000,0.0,0,0,0.0,1255.9,0.0,1,0.0662324649298597,1.0,0,19.0,998.0,1,1,0,0,0,66.1,1.0,0,0,3750.0,1.0,16,60000,0,300000
1346400,0.0,0,0,0.0,1221.2199999999998,0.0,1,0.0672344689378757,1.0,0,18.2,998.0,1,2,0,0,0,67.1,1.0,0,0,4155.555555555556,1.0,18,74800,0,160000
840000,0.0,0,0,0.0,1381.415,0.0,3,0.0681863727454909,1.0,0,20.3,998.0,0,1,0,0,0,68.05,1.0,1,0,17142.85714285714,1.0,7,120000,0,340000
2160000,0.0,0,0,0.0,1380.6,0.0,2,0.0521042084168336,1.0,0,17.7,1497.0,0,2,0,1,0,78.0,1.0,0,0,6666.666666666667,1.0,18,120000,0,138000
1200000,0.0,0,0,0.0,1501.5,0.0,2,0.0661016949152542,1.0,0,17.5,1298.0,1,3,0,0,0,85.8,1.0,0,0,5333.333333333333,1.0,15,80000,0,231000
120000,0.0,0,0,0.0,1846.2,0.0,1,0.0907268170426065,1.0,0,17.0,1197.0,0,1,0,0,1,108.6,1.0,0,0,3333.333333333333,1.0,6,20000,0,960000
1120000,0.0,0,0,0.0,1266.3,0.0,1,0.063147973609802,1.0,0,18.9,1061.0,1,2,0,0,0,67.0,1.0,0,0,4375.0,1.0,16,70000,0,120000
520000,0.0,0,0,0.0,1268.1899999999998,0.0,1,0.0672344689378757,1.0,0,18.9,998.0,1,1,0,0,0,67.1,1.0,0,0,3076.923076923077,1.0,13,40000,0,270000
1400000,0.0,0,0,0.0,1810.38,0.0,2,0.0716791979949874,1.0,0,21.1,1197.0,1,2,0,0,0,85.8,1.0,0,0,7142.857142857143,1.0,14,100000,0,200000
1599000,0.0,0,0,0.0,1595.88,0.0,2,0.0716791979949874,1.0,0,18.6,1197.0,1,1,0,0,0,85.8,1.0,0,0,9461.53846153846,1.0,13,123000,0,328000
42000,0.0,0,0,0.0,1408.5,0.0,1,0.075075075075075,1.0,0,18.78,999.0,0,1,0,0,0,75.0,1.0,0,1,1166.6666666666667,1.0,6,7000,0,565000
560000,0.0,0,0,0.0,1122.01,0.0,2,0.0610367892976588,1.0,0,15.37,1196.0,1,1,0,0,0,73.0,1.0,0,0,8750.0,1.0,8,70000,0,390000
240000,0.0,0,1,1.0,2557.17,0.0,1,0.0660881174899866,1.0,0,25.83,1498.0,0,1,0,0,0,99.0,0.0,0,0,3750.0,1.0,8,30000,0,600000
1680000,0.0,0,0,1.0,2070.0,0.0,2,0.0644699140401146,1.0,0,23.0,1396.0,0,3,0,0,0,90.0,0.0,1,0,8571.42857142857,1.0,14,120000,0,250000
980000,0.0,0,0,0.0,1116.0,0.0,1,0.0623115577889447,1.0,0,18.0,995.0,0,1,0,0,0,62.0,1.0,0,0,5000.0,1.0,14,70000,0,165000
1470000,0.0,0,0,0.0,2006.0,0.0,2,0.0788243152972612,1.0,0,17.0,1497.0,0,1,0,1,0,118.0,1.0,0,0,7500.0,1.0,14,105000,0,421000
1421186,0.0,0,0,0.0,1532.932,0.0,2,0.0626755852842809,1.0,0,16.36,1495.0,0,2,0,0,0,93.7,1.0,1,0,8409.384615384615,1.0,13,109322,0,225000
1440000,0.0,0,0,1.0,1835.072,0.0,2,0.0580424366872005,1.0,1,21.64,1461.0,0,1,0,0,0,84.8,0.0,0,0,10000.0,1.0,12,120000,0,350000
700000,0.0,0,0,1.0,2026.86,0.0,2,0.0592948717948717,1.0,0,27.39,1248.0,1,2,0,0,0,74.0,0.0,0,0,7000.0,1.0,10,70000,0,600000
245000,0.0,0,0,0.0,2011.44,0.0,1,0.0698999165971643,1.0,0,24.0,1199.0,0,1,0,0,0,83.81,1.0,0,0,5000.0,1.0,7,35000,1,515000
560000,0.0,0,0,1.0,2093.025,0.0,2,0.0709134615384615,1.0,0,23.65,1248.0,1,2,0,0,0,88.5,0.0,0,0,8750.0,1.0,8,70000,0,800000
320000,0.0,0,0,0.0,1374.9904,0.0,1,0.0671743486973947,1.0,0,20.51,998.0,1,1,0,0,0,67.04,1.0,0,0,5000.0,1.0,8,40000,0,475000
200000,0.0,0,0,0.0,1374.17,0.0,1,0.0671342685370741,0.0,0,20.51,998.0,1,1,0,0,0,67.0,1.0,0,0,2000.0,1.0,10,20000,0,400000
1890000,0.0,0,0,0.0,1595.685,0.0,1,0.0655689102564102,0.0,0,19.5,1248.0,0,2,0,0,0,81.83,1.0,1,0,4285.714285714285,1.0,21,90000,0,80000
840000,0.0,0,0,1.0,1522.5,0.0,1,0.0600961538461538,1.0,0,20.3,1248.0,0,1,0,0,1,75.0,0.0,0,0,4285.714285714285,1.0,14,60000,0,300000
1120000,0.0,0,0,0.0,1107.2,0.0,1,0.060320452403393,1.0,0,17.3,1061.0,1,2,0,0,0,64.0,1.0,0,0,4375.0,1.0,16,70000,0,235000
400000,0.0,0,0,0.0,1374.9904,0.0,1,0.0671743486973947,1.0,0,20.51,998.0,1,2,0,0,0,67.04,1.0,0,0,4000.0,1.0,10,40000,0,350000
272000,0.0,0,0,1.0,2102.168,0.0,1,0.0593108974358974,1.0,0,28.4,1248.0,1,2,0,0,0,74.02,0.0,0,0,4250.0,1.0,8,34000,0,625000
70000,0.0,0,0,0.0,1705.2,0.0,1,0.0700583819849874,1.0,0,20.3,1199.0,0,1,0,0,0,84.0,1.0,0,0,1428.571428571429,1.0,7,10000,1,550000
1900000,0.0,0,0,0.0,1380.6,0.0,2,0.0521042084168336,1.0,0,17.7,1497.0,0,2,0,1,0,78.0,1.0,0,0,5263.1578947368425,1.0,19,100000,0,200000
1900000,0.0,0,0,0.0,1380.6,0.0,2,0.0521042084168336,1.0,0,17.7,1497.0,0,2,0,1,0,78.0,1.0,0,0,5263.1578947368425,1.0,19,100000,0,220000
225000,0.0,0,0,0.0,1549.8,0.0,1,0.0685045948203842,1.0,0,18.9,1197.0,0,1,0,0,0,82.0,1.0,1,0,2777.777777777778,1.0,9,25000,0,412000
832000,0.0,0,0,0.0,1266.3,0.0,1,0.063147973609802,1.0,0,18.9,1061.0,1,2,0,0,0,67.0,1.0,0,0,3250.0,1.0,16,52000,0,126000
756000,0.0,0,0,1.0,1731.6,0.0,2,0.0592948717948717,1.0,0,23.4,1248.0,1,1,0,0,0,74.0,0.0,0,0,5250.0,1.0,12,63000,0,430000
1440000,0.0,0,0,0.0,1255.9,0.0,2,0.0662324649298597,1.0,0,19.0,998.0,1,2,0,0,0,66.1,1.0,0,0,5625.0,1.0,16,90000,0,130000
480000,0.0,0,0,0.0,2002.56,0.0,2,0.0700583819849874,1.0,0,23.84,1199.0,0,1,0,0,0,84.0,1.0,0,0,7500.0,1.0,8,60000,1,350000
490000,0.0,0,0,0.0,912.11,0.0,1,0.0581658291457286,1.0,0,19.7,796.0,1,1,0,0,0,46.3,1.0,0,0,2500.0,1.0,14,35000,0,220000
1650000,0.0,0,1,1.0,1360.0,0.0,2,0.0486061472480343,1.0,0,20.0,1399.0,0,2,0,0,0,68.0,0.0,0,0,7333.333333333333,1.0,15,110000,0,200000
488000,0.0,0,0,1.0,1967.66,0.0,2,0.0592948717948717,1.0,0,26.59,1248.0,1,1,0,0,0,74.0,0.0,0,0,7625.0,1.0,8,61000,0,620000
1946000,0.0,0,0,0.0,1268.1899999999998,0.0,2,0.0672344689378757,1.0,0,18.9,998.0,1,1,0,0,0,67.1,1.0,0,0,9928.57142857143,1.0,14,139000,0,246000
480000,0.0,0,0,0.0,1827.4923000000003,0.0,2,0.0515886287625418,1.0,0,29.619000000000003,1196.0,1,1,0,0,0,61.7,0.0,0,0,7500.0,1.0,8,60000,0,400000
270000,0.0,0,1,1.0,2147.432,0.0,1,0.0660614152202937,1.0,0,21.7,1498.0,0,1,0,0,0,98.96,0.0,0,0,3333.333333333333,1.0,9,30000,0,725000
315000,0.0,0,0,1.0,2102.168,0.0,2,0.0593108974358974,1.0,0,28.4,1248.0,1,1,0,0,0,74.02,0.0,0,0,6428.571428571428,1.0,7,45000,0,700000
420000,0.0,0,0,0.0,1116.0,0.0,1,0.0623115577889447,1.0,0,18.0,995.0,0,1,0,0,0,62.0,1.0,0,0,2142.8571428571427,1.0,14,30000,0,150000
1207500,0.0,0,0,0.0,912.11,0.0,2,0.0581658291457286,1.0,0,19.7,796.0,1,2,0,0,0,46.3,1.0,0,0,5366.666666666667,1.0,15,80500,0,180000
2090000,0.0,0,0,1.0,1206.4,0.0,2,0.0379829731499672,1.0,0,20.8,1527.0,1,2,0,0,0,58.0,0.0,0,0,5789.473684210527,1.0,19,110000,0,80000
1800000,0.0,0,0,0.0,912.11,0.0,1,0.0581658291457286,1.0,0,19.7,796.0,1,2,0,0,0,46.3,1.0,0,0,4500.0,1.0,20,90000,0,110000
2280000,0.0,0,0,0.0,1380.6,0.0,2,0.0521042084168336,1.0,0,17.7,1497.0,0,2,0,1,0,78.0,1.0,0,0,6315.789473684211,1.0,19,120000,0,180000
126000,0.0,0,0,1.0,2352.7092,0.0,1,0.0725100133511348,1.0,0,21.66,1498.0,0,1,0,0,0,108.62,0.0,0,1,2571.428571428572,1.0,7,18000,0,560000
560000,0.0,0,0,1.0,2150.55,0.0,2,0.0709134615384615,1.0,0,24.3,1248.0,1,1,0,0,0,88.5,0.0,0,0,8750.0,1.0,8,70000,0,650000
591795,0.0,0,0,0.0,1778.3399999999997,0.0,2,0.0694235588972431,1.0,0,21.4,1197.0,1,1,0,0,0,83.1,1.0,0,0,7306.111111111111,1.0,9,65755,0,480000
15600,0.0,0,1,1.0,2276.08,0.0,1,0.0660614152202937,1.0,0,23.0,1498.0,0,1,0,0,0,98.96,0.0,0,0,433.3333333333333,1.0,6,2600,0,960000
120000,0.0,0,0,0.0,1164.72,0.0,1,0.0678132678132678,1.0,0,21.1,814.0,0,2,0,0,0,55.2,1.0,1,0,1875.0,1.0,8,15000,0,310000
660000,0.0,0,0,1.0,1731.6,0.0,2,0.0592948717948717,1.0,0,23.4,1248.0,1,1,0,0,0,74.0,0.0,0,0,5454.545454545455,1.0,11,60000,0,500000
124000,0.0,0,0,0.0,1607.0449999999998,0.0,1,0.0672344689378757,0.0,0,23.95,998.0,1,1,0,0,0,67.1,1.0,0,0,1937.5,1.0,8,15500,0,350000
1200000,0.0,0,0,1.0,2543.88,0.0,2,0.0658210947930574,1.0,0,25.8,1498.0,0,1,0,1,0,98.6,0.0,0,0,12000.0,1.0,10,120000,0,365000
105000,0.0,0,1,0.0,1576.288,0.0,1,0.0725752508361204,1.0,0,18.16,1196.0,0,1,0,0,0,86.8,1.0,0,0,2142.8571428571427,1.0,7,15000,0,590000
400000,0.0,0,0,1.0,2125.6200000000003,0.0,2,0.0742299794661191,0.0,0,19.6,1461.0,0,1,1,0,0,108.45,0.0,0,0,6250.0,1.0,8,50000,0,850000
1200000,0.0,0,0,1.0,2543.88,0.0,2,0.0658210947930574,1.0,0,25.8,1498.0,0,1,0,1,0,98.6,0.0,0,0,8333.333333333334,1.0,12,100000,0,325000
557700,0.0,0,0,1.0,1317.4009,0.0,1,0.0491174377224199,1.0,0,19.09,1405.0,0,1,0,0,0,69.01,0.0,0,0,4609.090909090909,1.0,11,50700,1,300000
840000,0.0,0,0,1.0,1630.9730000000002,0.0,2,0.0616346955796497,1.0,0,22.07,1199.0,0,2,0,0,0,73.9,0.0,0,1,5833.333333333333,1.0,12,70000,0,365000
245000,0.0,0,0,1.0,1775.28,0.0,1,0.0623693086003372,1.0,0,24.0,1186.0,0,1,0,0,0,73.97,0.0,1,0,5000.0,1.0,7,35000,0,700000
400000,0.0,0,0,1.0,2125.6200000000003,0.0,2,0.0742299794661191,1.0,0,19.6,1461.0,0,1,1,0,0,108.45,0.0,0,0,6250.0,1.0,8,50000,0,880000
140000,0.0,0,0,0.0,1541.67,0.0,1,0.067067067067067,1.0,0,23.01,999.0,0,1,1,0,0,67.0,1.0,0,0,2857.1428571428573,1.0,7,20000,0,320000
600000,0.0,0,0,1.0,1713.7099999999998,0.0,2,0.0573579739904175,1.0,0,20.45,1461.0,0,1,1,0,0,83.8,0.0,0,0,6000.0,1.0,10,60000,0,550000
1100000,0.0,0,0,0.0,1374.9904,0.0,2,0.0671743486973947,1.0,0,20.51,998.0,1,1,0,0,0,67.04,1.0,0,0,11000.0,1.0,10,110000,0,300000
1368000,0.0,0,0,1.0,1880.1887,0.0,3,0.0635601719197707,1.0,0,21.19,1396.0,0,1,0,0,0,88.73,0.0,1,0,16888.88888888889,1.0,9,152000,0,580000
350000,0.0,0,0,0.0,1844.5,0.0,2,0.090567612687813,1.0,0,17.0,1198.0,0,1,0,0,0,108.5,1.0,0,0,7142.857142857143,1.0,7,50000,1,850000
1750000,0.0,0,0,1.0,1426.2700000000002,0.0,2,0.0592147435897435,1.0,0,19.3,1248.0,1,1,0,0,0,73.9,0.0,0,0,8928.57142857143,1.0,14,125000,0,300000
540000,0.0,0,1,0.0,1576.288,0.0,2,0.0725752508361204,1.0,0,18.16,1196.0,0,1,0,0,0,86.8,1.0,0,0,6666.666666666667,1.0,9,60000,0,350000
990000,0.0,0,0,0.0,1865.9970000000003,0.0,2,0.0526755852842809,1.0,0,29.619000000000003,1196.0,1,1,0,0,0,63.0,0.0,0,0,8181.818181818182,1.0,11,90000,0,300000
240000,0.0,0,0,0.0,1865.9970000000003,0.0,1,0.0526755852842809,1.0,0,29.619000000000003,1196.0,1,1,0,0,0,63.0,0.0,0,0,3750.0,1.0,8,30000,0,390000
160000,0.0,0,0,0.0,1253.75,0.0,1,0.0615609348914858,1.0,0,17.0,1198.0,0,1,0,0,0,73.75,1.0,0,1,2500.0,1.0,8,20000,0,550000
1430000,0.0,0,0,1.0,1694.6,0.0,2,0.0592948717948717,1.0,0,22.9,1248.0,1,3,0,0,0,74.0,0.0,0,0,8461.538461538461,1.0,13,110000,0,300000
1950000,0.0,0,0,1.0,2127.944,0.0,2,0.0648310387984981,1.0,0,20.54,1598.0,0,2,0,0,0,103.6,0.0,0,1,11538.46153846154,1.0,13,150000,0,300000
1430000,0.0,0,0,1.0,2070.0,0.0,2,0.0644699140401146,1.0,0,23.0,1396.0,0,1,0,0,0,90.0,0.0,1,0,8461.538461538461,1.0,13,110000,0,350000
1800000,0.0,0,0,0.0,1669.7340000000002,0.0,2,0.0626755852842809,1.0,0,17.82,1495.0,0,2,0,0,0,93.7,0.0,1,0,8000.0,1.0,15,120000,0,160000
990000,0.0,0,0,1.0,1880.1887,0.0,2,0.0635601719197707,1.0,0,21.19,1396.0,0,1,0,0,0,88.73,0.0,1,0,12222.222222222224,1.0,9,110000,0,660000
400000,0.0,0,0,0.0,1558.459,0.0,1,0.0743503772003352,1.0,0,17.57,1193.0,0,1,0,0,0,88.7,1.0,0,0,4000.0,1.0,10,40000,1,450000
1430000,0.0,0,0,1.0,2040.92,0.0,2,0.0648310387984981,1.0,0,19.7,1598.0,0,2,0,0,0,103.6,0.0,0,1,8461.538461538461,1.0,13,110000,0,400000
900000,0.0,0,0,0.0,1476.84,0.0,1,0.0662218515429524,1.0,0,18.6,1199.0,0,1,0,0,0,79.4,1.0,0,0,4000.0,1.0,15,60000,0,140000
455000,0.0,0,0,0.0,1274.9,0.0,1,0.0672344689378757,1.0,0,19.0,998.0,1,2,0,0,0,67.1,1.0,0,0,2692.3076923076924,1.0,13,35000,0,195000
450000,0.0,0,0,0.0,1407.1734,0.0,1,0.0683876357560568,1.0,0,17.19,1197.0,0,1,0,0,0,81.86,1.0,1,0,4500.0,1.0,10,45000,0,500000
225000,0.0,0,0,0.0,1558.459,0.0,1,0.0743503772003352,1.0,0,17.57,1193.0,0,1,0,0,0,88.7,1.0,0,0,2777.777777777778,1.0,9,25000,1,400000
110000,0.0,0,0,0.0,1522.038,0.0,1,0.0683625730994152,1.0,0,18.6,1197.0,0,1,0,0,0,81.83,1.0,1,0,909.0909090909092,1.0,11,10000,0,400000
133000,0.0,0,0,0.0,1374.9904,0.0,1,0.0671743486973947,1.0,0,20.51,998.0,1,1,0,0,0,67.04,1.0,0,0,2714.285714285714,1.0,7,19000,0,380000
60000,0.0,0,0,0.0,1778.3399999999997,0.0,1,0.0694235588972431,1.0,0,21.4,1197.0,1,1,0,0,0,83.1,1.0,0,0,1666.6666666666667,1.0,6,10000,0,579000
390000,0.0,0,0,0.0,1606.404,0.0,1,0.0659147869674185,1.0,0,20.36,1197.0,0,1,0,0,0,78.9,1.0,1,0,2307.692307692308,1.0,13,30000,0,270000
160000,0.0,0,0,0.0,2002.56,0.0,1,0.0700583819849874,1.0,0,23.84,1199.0,0,1,0,0,0,84.0,1.0,0,0,2500.0,1.0,8,20000,1,475000
336000,0.0,0,0,1.0,1651.9918,0.0,2,0.0569062286105407,1.0,1,19.87,1461.0,0,1,0,0,0,83.14,0.0,0,0,6857.142857142857,1.0,7,48000,0,850000
1870000,0.0,0,0,0.0,1606.404,0.0,2,0.0659147869674185,1.0,0,20.36,1197.0,0,2,0,0,0,78.9,1.0,1,0,6470.588235294118,1.0,17,110000,0,195000
175000,0.0,0,0,0.0,1380.4,0.0,1,0.0626151012891344,1.0,0,20.3,1086.0,0,1,0,0,0,68.0,1.0,1,0,3571.428571428572,1.0,7,25000,0,500000
234000,0.0,0,0,0.0,1374.9904,0.0,1,0.0671743486973947,1.0,0,20.51,998.0,1,2,0,0,0,67.04,1.0,0,0,2888.8888888888887,1.0,9,26000,0,385000
2280000,0.0,0,0,1.0,1848.0,0.0,2,0.073677160080375,1.0,0,16.8,1493.0,0,2,0,0,0,110.0,0.0,1,0,6315.789473684211,1.0,19,120000,0,135000
1190000,0.0,0,0,0.0,912.11,0.0,1,0.0581658291457286,1.0,0,19.7,796.0,1,3,0,0,0,46.3,1.0,0,0,4117.64705882353,1.0,17,70000,0,120000
180000,0.0,0,0,0.0,1888.503,0.0,1,0.0663510560815732,1.0,0,20.73,1373.0,1,1,0,0,0,91.1,1.0,0,0,2222.222222222222,1.0,9,20000,0,700000
300000,0.0,0,0,1.0,1649.9,0.0,1,0.0501432664756446,1.0,0,23.57,1396.0,0,1,0,0,0,70.0,0.0,0,0,2083.333333333333,1.0,12,25000,1,290000
480000,0.0,0,0,1.0,2102.168,0.0,2,0.0593108974358974,1.0,0,28.4,1248.0,1,1,0,0,0,74.02,0.0,0,0,7500.0,1.0,8,60000,0,725000
21000,0.0,0,0,0.0,2148.0525,0.0,1,0.1185871743486974,0.0,0,18.15,998.0,0,1,0,0,0,118.35,1.0,1,0,583.3333333333334,0.0,6,3500,0,1125000
280000,0.0,0,0,0.0,1595.88,0.0,1,0.0716791979949874,1.0,0,18.6,1197.0,1,2,0,0,0,85.8,1.0,0,0,1428.571428571429,1.0,14,20000,0,280000
150000,0.0,0,0,0.0,1705.2,0.0,1,0.0700583819849874,1.0,0,20.3,1199.0,0,1,0,0,0,84.0,1.0,0,0,4166.666666666667,1.0,6,25000,1,450000
1330000,0.0,0,0,0.0,1351.5,0.0,1,0.0654853620955315,1.0,0,15.9,1298.0,1,2,0,0,0,85.0,1.0,0,0,3684.2105263157896,1.0,19,70000,0,135000
36500,0.0,0,0,0.0,1718.6180000000002,0.0,1,0.0683375104427736,1.0,0,21.01,1197.0,1,1,0,0,0,81.8,1.0,0,0,1460.0,1.0,5,7300,0,650000
175000,0.0,0,0,1.0,2485.965,0.0,1,0.0709134615384615,1.0,0,28.09,1248.0,1,1,0,0,0,88.5,0.0,0,0,3571.428571428572,1.0,7,25000,0,750000
1500000,0.0,0,0,0.0,912.11,0.0,2,0.0581658291457286,1.0,0,19.7,796.0,1,1,0,0,0,46.3,1.0,0,0,6666.666666666667,1.0,15,100000,0,150000
1300000,0.0,1,0,1.0,1595.685,0.0,2,0.0655689102564102,1.0,0,19.5,1248.0,0,1,0,0,0,81.83,0.0,0,0,7692.307692307692,1.0,13,100000,0,311000
900000,0.0,0,0,0.0,1606.404,0.0,1,0.0659147869674185,1.0,0,20.36,1197.0,0,1,0,0,0,78.9,1.0,1,0,4000.0,1.0,15,60000,0,260000
1210000,0.0,0,0,1.0,1788.432,0.0,2,0.059279038718291,1.0,0,20.14,1498.0,0,2,0,0,0,88.8,0.0,0,1,10000.0,1.0,11,110000,0,400000
560000,0.0,0,0,1.0,1999.9742,0.0,2,0.0635601719197707,1.0,0,22.54,1396.0,0,2,0,0,0,88.73,0.0,1,0,8750.0,1.0,8,70000,0,575000
1350000,0.0,0,0,0.0,2984.337,0.0,2,0.0651324085750315,1.0,0,28.89,1586.0,1,2,0,0,0,103.3,0.0,0,0,6000.0,1.0,15,90000,0,250000
1235000,0.0,0,0,1.0,2040.92,0.0,2,0.0648310387984981,1.0,0,19.7,1598.0,0,1,0,0,0,103.6,0.0,0,1,7307.692307692308,1.0,13,95000,0,400000
300000,0.0,0,0,1.0,1864.8,0.0,1,0.0592948717948717,1.0,0,25.2,1248.0,1,1,0,0,0,74.0,0.0,0,0,3000.0,1.0,10,30000,0,484999
840000,0.0,0,0,1.0,1782.39,0.0,2,0.0590787716955941,1.0,0,20.14,1498.0,0,2,0,0,0,88.5,0.0,0,1,5833.333333333333,1.0,12,70000,0,350000
1300000,0.0,0,0,1.0,1426.2700000000002,0.0,2,0.0592147435897435,1.0,0,19.3,1248.0,1,3,0,0,0,73.9,0.0,0,0,7692.307692307692,1.0,13,100000,0,250000
560000,0.0,0,0,1.0,2102.168,0.0,2,0.0593108974358974,1.0,0,28.4,1248.0,1,1,0,0,0,74.02,0.0,0,0,8750.0,1.0,8,70000,0,655000
135000,0.0,0,0,0.0,1428.48,0.0,1,0.0640533778148457,1.0,0,18.6,1199.0,0,1,0,0,0,76.8,1.0,0,0,1666.6666666666667,1.0,9,15000,0,300000
147000,0.0,0,1,1.0,2557.17,0.0,1,0.0660881174899866,1.0,0,25.83,1498.0,0,1,0,0,0,99.0,0.0,0,0,3000.0,1.0,7,21000,0,650000
385000,0.0,0,0,0.0,1678.5359999999998,0.0,1,0.0683375104427736,1.0,0,20.52,1197.0,1,1,0,0,0,81.8,1.0,0,0,3181.818181818182,1.0,11,35000,0,300000
225000,0.0,0,0,0.0,1658.69,0.0,1,0.0739783152627189,1.0,0,18.7,1199.0,0,1,0,1,0,88.7,1.0,0,0,2777.777777777778,1.0,9,25000,0,475000
240000,0.0,0,0,0.0,2002.56,0.0,1,0.0700583819849874,1.0,0,23.84,1199.0,0,1,0,0,0,84.0,1.0,0,0,3750.0,1.0,8,30000,1,450000
60000,0.0,0,0,1.0,2102.168,0.0,1,0.0593108974358974,1.0,0,28.4,1248.0,1,1,0,0,0,74.02,0.0,0,0,1666.6666666666667,1.0,6,10000,0,754000
480000,0.0,0,0,0.0,1606.404,0.0,1,0.0659147869674185,1.0,0,20.36,1197.0,0,1,0,0,0,78.9,1.0,1,0,3333.333333333333,1.0,12,40000,0,300000
275000,0.0,0,0,0.0,1164.72,0.0,1,0.0678132678132678,1.0,0,21.1,814.0,0,1,0,0,0,55.2,1.0,1,0,2272.7272727272725,1.0,11,25000,0,250000
105000,0.0,0,0,1.0,2102.168,0.0,1,0.0593108974358974,1.0,0,28.4,1248.0,1,1,0,0,0,74.02,0.0,0,0,2142.8571428571427,1.0,7,15000,0,725000
1190000,0.0,0,0,0.0,912.11,0.0,1,0.0581658291457286,1.0,0,19.7,796.0,1,1,0,0,0,46.3,1.0,0,0,4117.64705882353,1.0,17,70000,0,95000
54600,0.0,0,0,0.0,1380.4,0.0,1,0.0626151012891344,1.0,0,20.3,1086.0,0,1,0,0,0,68.0,1.0,1,0,1114.2857142857142,1.0,7,7800,0,475000
270000,0.0,0,0,0.0,2002.56,0.0,1,0.0700583819849874,1.0,0,23.84,1199.0,0,1,0,0,0,84.0,1.0,0,0,3333.333333333333,1.0,9,30000,1,350000
450000,0.0,0,0,0.0,1668.7199999999998,0.0,2,0.0683375104427736,1.0,0,20.4,1197.0,1,1,0,0,0,81.8,1.0,0,0,5555.555555555556,1.0,9,50000,0,482000
320000,0.0,0,1,1.0,2244.8943,0.0,1,0.0658144192256341,1.0,0,22.77,1498.0,0,4,0,0,0,98.59,0.0,0,0,5000.0,1.0,8,40000,0,625000
240000,0.0,0,0,0.0,2002.56,0.0,1,0.0700583819849874,1.0,0,23.84,1199.0,0,1,0,0,0,84.0,1.0,0,0,3750.0,1.0,8,30000,1,380000
270000,0.0,0,0,0.0,1428.48,0.0,1,0.0640533778148457,1.0,0,18.6,1199.0,0,1,0,0,0,76.8,1.0,0,0,3333.333333333333,1.0,9,30000,0,310000
560000,0.0,0,0,0.0,1501.5,0.0,1,0.0661016949152542,1.0,0,17.5,1298.0,1,1,0,0,0,85.8,1.0,0,0,2187.5,1.0,16,35000,0,280000
210000,0.0,0,0,0.0,1566.455,0.0,1,0.0697596795727636,0.0,0,14.99,1498.0,0,1,1,0,0,104.5,1.0,0,0,4285.714285714285,1.0,7,30000,0,900000
900000,0.0,0,0,0.0,1266.3,0.0,1,0.063147973609802,1.0,0,18.9,1061.0,1,1,0,0,0,67.0,1.0,0,0,4000.0,1.0,15,60000,0,250000
90000,0.0,0,0,0.0,1541.67,0.0,1,0.067067067067067,1.0,0,23.01,999.0,0,1,1,0,0,67.0,1.0,0,0,2500.0,1.0,6,15000,0,420000
30000,0.0,0,0,0.0,1730.8200000000002,0.0,1,0.0740283569641367,1.0,0,19.5,1199.0,0,1,0,1,0,88.76,1.0,0,0,833.3333333333334,1.0,6,5000,0,670000
87750,0.0,0,0,0.0,1348.0704999999998,0.0,1,0.0626611418047882,1.0,0,19.81,1086.0,0,2,0,0,0,68.05,1.0,1,0,1083.3333333333333,1.0,9,9750,0,420000
245000,0.0,0,0,0.0,1552.25,0.0,1,0.0739783152627189,1.0,0,17.5,1199.0,0,1,0,1,0,88.7,1.0,0,0,5000.0,1.0,7,35000,0,900000
2160000,0.0,0,0,1.0,1848.0,0.0,2,0.073677160080375,1.0,0,16.8,1493.0,0,4,0,0,0,110.0,0.0,1,0,6666.666666666667,1.0,18,120000,0,185000
1870000,0.0,0,0,0.0,1348.0704999999998,0.0,2,0.0626611418047882,1.0,0,19.81,1086.0,0,4,0,0,0,68.05,1.0,1,0,6470.588235294118,1.0,17,110000,0,185000
1938000,0.0,0,0,0.0,1420.0200000000002,0.0,2,0.0679506933744222,1.0,0,16.1,1298.0,1,3,0,0,0,88.2,1.0,0,0,5368.421052631579,1.0,19,102000,0,215000
500000,0.0,0,0,0.0,1075.602,0.0,1,0.0594221105527638,1.0,0,22.74,796.0,1,2,0,0,0,47.3,1.0,0,0,5000.0,1.0,10,50000,0,210000
500000,0.0,0,0,0.0,2041.02,0.0,1,0.0783567134268537,1.0,0,17.4,1497.0,0,1,0,1,0,117.3,1.0,0,0,5000.0,1.0,10,50000,0,800000
770000,0.0,0,0,1.0,1864.8,0.0,2,0.0592948717948717,1.0,0,25.2,1248.0,1,2,0,0,0,74.0,0.0,0,0,6363.636363636364,1.0,11,70000,0,570000
1560000,0.0,0,0,1.0,1909.2,0.0,2,0.0711538461538461,1.0,0,21.5,1248.0,1,2,0,0,0,88.8,0.0,0,0,9230.76923076923,1.0,13,120000,0,350000
1302000,0.0,0,0,1.0,1971.0,0.0,2,0.0644699140401146,1.0,0,21.9,1396.0,0,2,0,0,0,90.0,0.0,1,0,6642.857142857143,1.0,14,93000,0,350000
1050000,0.0,0,0,1.0,1099.0,0.0,1,0.0498220640569395,1.0,0,15.7,1405.0,0,3,0,0,0,70.0,0.0,0,0,4666.666666666667,1.0,15,70000,1,150000
1530000,0.0,0,0,1.0,1595.685,0.0,2,0.0655689102564102,1.0,0,19.5,1248.0,1,3,0,0,0,81.83,0.0,0,0,5294.117647058823,1.0,17,90000,0,250000
30000,0.0,0,0,0.0,1547.1539999999998,0.0,1,0.0683876357560568,1.0,0,18.9,1197.0,0,1,0,0,0,81.86,1.0,1,0,833.3333333333334,1.0,6,5000,0,562000
351000,0.0,0,0,0.0,1606.404,0.0,1,0.0659147869674185,1.0,0,20.36,1197.0,0,1,0,0,0,78.9,1.0,1,0,2076.923076923077,1.0,13,27000,0,290000
740000,0.0,0,0,1.0,1732.4,0.0,2,0.0633928571428571,1.0,0,24.4,1120.0,0,2,0,0,0,71.0,0.0,1,0,7400.0,1.0,10,74000,0,401000
420000,0.0,0,0,0.0,1403.732,0.0,1,0.0672344689378757,1.0,0,20.92,998.0,1,1,0,0,0,67.1,1.0,0,0,2142.8571428571427,1.0,14,30000,0,225000
50000,0.0,0,0,0.0,1937.1576,0.0,1,0.0706292749658002,0.0,0,18.76,1462.0,1,1,0,0,0,103.26,1.0,0,0,2000.0,1.0,5,10000,0,737000
880000,0.0,0,0,0.0,1548.6240000000005,0.0,2,0.0671743486973947,1.0,0,23.1,998.0,1,1,0,0,0,67.04,1.0,0,0,7272.727272727273,1.0,11,80000,0,300000
2040000,0.0,0,0,1.0,1190.0,0.0,2,0.0498220640569395,1.0,0,17.0,1405.0,0,1,0,0,0,70.0,0.0,0,0,7058.823529411765,1.0,17,120000,1,85000
1800000,0.0,0,0,1.0,1782.0,0.0,2,0.073677160080375,1.0,0,16.2,1493.0,0,2,0,0,0,110.0,0.0,1,0,8000.0,1.0,15,120000,0,195000
1023928,0.0,0,0,1.0,2514.3,0.0,3,0.0658210947930574,1.0,0,25.5,1498.0,0,1,0,1,0,98.6,0.0,0,0,15998.875,0.0,8,127991,0,675000
975000,0.0,0,0,0.0,1002.524,0.0,1,0.0537300922045263,1.0,0,15.64,1193.0,0,1,0,0,0,64.1,1.0,0,0,4333.333333333333,1.0,15,65000,1,290000
2070000,0.0,0,0,0.0,1595.685,0.0,1,0.0655689102564102,1.0,0,19.5,1248.0,1,3,0,0,0,81.83,1.0,0,0,3913.0434782608695,1.0,23,90000,0,95000
140000,0.0,0,0,1.0,2485.965,0.0,1,0.0709134615384615,1.0,0,28.09,1248.0,1,1,0,0,0,88.5,0.0,0,0,2857.1428571428573,1.0,7,20000,0,889000
540000,0.0,0,0,0.0,1253.75,0.0,2,0.0615609348914858,1.0,0,17.0,1198.0,0,1,0,0,0,73.75,1.0,0,1,6666.666666666667,1.0,9,60000,0,400000
91840,0.0,0,0,0.0,1341.561,0.0,1,0.0667083854818523,1.0,0,25.17,799.0,0,1,1,0,0,53.3,1.0,0,0,1874.2857142857144,1.0,7,13120,0,390000
175000,0.0,0,0,0.0,1424.3639999999998,0.0,1,0.0683876357560568,0.0,0,17.4,1197.0,0,1,0,0,0,81.86,1.0,1,0,3571.428571428572,1.0,7,25000,0,800000
225000,0.0,0,0,1.0,1999.9742,0.0,1,0.0635601719197707,1.0,0,22.54,1396.0,0,1,0,0,0,88.73,0.0,1,0,2777.777777777778,1.0,9,25000,0,735000
2400000,0.0,0,0,1.0,1475.9999999999998,0.0,2,0.0474683544303797,1.0,0,16.4,1896.0,0,3,0,0,1,90.0,0.0,0,0,6000.0,1.0,20,120000,0,250000
175000,0.0,0,0,0.0,1610.6799999999998,0.0,1,0.067067067067067,0.0,0,24.04,999.0,0,1,1,0,0,67.0,1.0,0,0,3571.428571428572,1.0,7,25000,0,400000
1580000,0.0,0,0,1.0,1074.2,0.0,1,0.0549229738780977,1.0,0,13.1,1493.0,0,2,0,0,0,82.0,0.0,1,0,3950.0,1.0,20,79000,0,130000
720000,0.0,0,0,1.0,1880.1887,0.0,2,0.0635601719197707,1.0,0,21.19,1396.0,0,1,0,0,0,88.73,0.0,1,0,8888.888888888889,1.0,9,80000,0,720000
1540000,0.0,0,0,0.0,1955.52,0.0,2,0.077755511022044,1.0,0,16.8,1497.0,0,3,0,1,0,116.4,1.0,0,0,7857.142857142857,1.0,14,110000,0,450000
1200000,0.0,0,0,1.0,1782.0,0.0,2,0.073677160080375,1.0,0,16.2,1493.0,0,2,0,0,0,110.0,0.0,1,0,5333.333333333333,1.0,15,80000,0,220000
1400000,0.0,0,0,1.0,2127.944,0.0,2,0.0648310387984981,1.0,0,20.54,1598.0,0,2,0,0,0,103.6,0.0,0,1,7142.857142857143,1.0,14,100000,0,370000
105000,0.0,0,0,0.0,1424.3639999999998,0.0,1,0.0683876357560568,0.0,0,17.4,1197.0,0,1,0,0,0,81.86,1.0,1,0,2142.8571428571427,1.0,7,15000,0,750000
30000,0.0,0,0,0.0,1778.3399999999997,0.0,1,0.0694235588972431,1.0,0,21.4,1197.0,1,1,0,0,0,83.1,1.0,0,0,833.3333333333334,1.0,6,5000,0,711000
675000,0.0,0,0,0.0,1605.8475,0.0,2,0.0671843687374749,1.0,0,23.95,998.0,1,1,0,0,0,67.05,1.0,0,0,8333.333333333334,1.0,9,75000,0,285000
27500,0.0,0,0,0.0,1718.6180000000002,0.0,1,0.0683375104427736,1.0,0,21.01,1197.0,1,1,0,0,0,81.8,1.0,0,0,1100.0,1.0,5,5500,0,749000
720000,0.0,0,0,1.0,2129.958,0.0,2,0.0742299794661191,1.0,0,19.64,1461.0,0,2,1,0,0,108.45,0.0,0,0,8888.888888888889,1.0,9,80000,0,550000
1800000,0.0,0,0,1.0,1426.2700000000002,0.0,2,0.0592147435897435,1.0,0,19.3,1248.0,1,2,0,0,0,73.9,0.0,0,0,8000.0,1.0,15,120000,0,300000
560000,0.0,0,0,1.0,2026.86,0.0,2,0.0592948717948717,1.0,0,27.39,1248.0,1,1,0,0,0,74.0,0.0,0,0,8750.0,1.0,8,70000,0,625000
640000,0.0,0,0,0.0,1407.1734,0.0,2,0.0683876357560568,1.0,0,17.19,1197.0,0,2,0,0,0,81.86,1.0,1,0,10000.0,1.0,8,80000,0,650000
675000,0.0,0,0,1.0,1967.66,0.0,2,0.0592948717948717,1.0,0,26.59,1248.0,1,2,0,0,0,74.0,0.0,0,0,8333.333333333334,1.0,9,75000,0,631000
1200000,0.0,0,0,1.0,1782.0,0.0,2,0.073677160080375,1.0,0,16.2,1493.0,0,2,0,0,0,110.0,0.0,1,0,5333.333333333333,1.0,15,80000,0,220000
320000,0.0,0,0,0.0,1705.2,0.0,1,0.0700583819849874,1.0,0,20.3,1199.0,0,2,0,0,0,84.0,1.0,0,0,5000.0,1.0,8,40000,1,600000
1560000,0.0,0,1,1.0,2084.4500000000003,0.0,2,0.0592122830440587,1.0,0,23.5,1498.0,0,1,0,0,0,88.7,0.0,0,0,9230.76923076923,1.0,13,120000,0,390000
1650000,0.0,0,0,1.0,2070.0,0.0,2,0.0644699140401146,1.0,0,23.0,1396.0,0,1,0,0,0,90.0,0.0,1,0,7333.333333333333,1.0,15,110000,0,340000
12000,0.0,0,0,1.0,1882.32,0.0,1,0.0659025787965616,1.0,0,27.28,1047.0,0,1,0,0,0,69.0,0.0,0,0,333.3333333333333,1.0,6,2000,1,670000
880000,0.0,0,0,1.0,1731.6,0.0,2,0.0592948717948717,1.0,0,23.4,1248.0,1,2,0,0,0,74.0,0.0,0,0,7272.727272727273,1.0,11,80000,0,530000
380000,0.0,0,0,0.0,1605.8475,0.0,1,0.0671843687374749,0.0,0,23.95,998.0,1,2,0,0,0,67.05,1.0,0,0,3800.0,1.0,10,38000,0,350000
506000,0.0,0,0,0.0,1450.0752,0.0,1,0.0671743486973947,1.0,0,21.63,998.0,1,1,0,0,0,67.04,1.0,0,0,4181.818181818182,0.0,11,46000,0,415000
160000,0.0,0,0,0.0,1474.0,0.0,1,0.067067067067067,0.0,0,22.0,999.0,0,1,1,0,0,67.0,1.0,0,0,2500.0,0.0,8,20000,0,375000
160000,0.0,0,0,0.0,1638.78,0.0,1,0.0716791979949874,1.0,0,19.1,1197.0,1,1,0,0,0,85.8,1.0,0,0,1600.0,0.0,10,16000,0,575000
276000,0.0,0,0,0.0,1360.0,0.0,1,0.0668337510442773,1.0,0,17.0,1197.0,0,1,0,0,0,80.0,1.0,1,0,1916.6666666666667,0.0,12,23000,0,425000
350000,0.0,0,1,0.0,1576.288,0.0,1,0.0725752508361204,1.0,0,18.16,1196.0,0,1,0,0,0,86.8,1.0,0,0,1785.7142857142858,0.0,14,25000,0,245000
350000,0.0,0,0,0.0,2007.534,0.0,1,0.0757648630594522,1.0,0,17.7,1497.0,0,2,0,0,0,113.42,1.0,1,0,3500.0,0.0,10,35000,0,540000
444000,0.0,0,0,0.0,1606.404,0.0,1,0.0659147869674185,1.0,0,20.36,1197.0,0,1,0,0,0,78.9,1.0,1,0,3083.333333333333,0.0,12,37000,0,291000
272000,0.0,0,0,0.0,1778.3399999999997,0.0,1,0.0694235588972431,1.0,0,21.4,1197.0,1,2,0,0,0,83.1,1.0,0,0,4250.0,0.0,8,34000,0,600000
780000,0.0,0,0,0.0,2007.534,0.0,1,0.0757648630594522,1.0,0,17.7,1497.0,0,1,0,0,0,113.42,1.0,1,0,4615.384615384615,0.0,13,60000,0,355000
750000,0.0,0,0,0.0,1606.404,0.0,1,0.0659147869674185,1.0,0,20.36,1197.0,0,1,0,0,0,78.9,1.0,1,0,3333.333333333333,0.0,15,50000,0,225000
494000,0.0,0,0,0.0,1168.31,0.0,1,0.0594221105527638,1.0,0,24.7,796.0,1,2,0,0,0,47.3,1.0,0,0,2923.076923076923,0.0,13,38000,0,200000
320000,0.0,0,1,1.0,1595.685,0.0,1,0.0655689102564102,1.0,0,19.5,1248.0,0,1,0,0,0,81.83,0.0,0,0,5000.0,1.0,8,40000,0,600000
741000,0.0,0,0,0.0,2007.534,0.0,1,0.0757648630594522,1.0,0,17.7,1497.0,0,1,0,0,0,113.42,1.0,1,0,4384.615384615385,0.0,13,57000,0,434999
684200,0.0,0,0,0.0,1360.0,0.0,2,0.0668337510442773,1.0,0,17.0,1197.0,0,1,0,0,0,80.0,1.0,1,0,5654.545454545455,0.0,11,62200,0,440000
924000,0.0,0,0,1.0,1559.2900000000002,0.0,2,0.0592147435897435,1.0,0,21.1,1248.0,1,1,0,0,0,73.9,0.0,0,0,6416.666666666667,0.0,12,77000,0,390000
2250000,0.0,0,0,0.0,912.11,0.0,2,0.0581658291457286,1.0,0,19.7,796.0,1,3,0,0,0,46.3,1.0,0,0,10000.0,1.0,15,150000,0,85000
520000,0.0,0,0,0.0,1164.72,0.0,1,0.0678132678132678,1.0,0,21.1,814.0,0,1,0,0,0,55.2,1.0,1,0,3076.923076923077,1.0,13,40000,0,150000
1320000,0.0,0,0,1.0,2061.6345,0.0,2,0.0742299794661191,1.0,0,19.01,1461.0,0,1,1,0,0,108.45,0.0,0,0,10909.09090909091,1.0,11,120000,0,500000
980000,0.0,0,0,0.0,1606.404,0.0,1,0.0659147869674185,1.0,0,20.36,1197.0,0,3,0,0,0,78.9,1.0,1,0,5000.0,1.0,14,70000,0,220000
480000,0.0,0,0,1.0,1896.406,0.0,2,0.063538681948424,1.0,0,21.38,1396.0,0,1,0,0,0,88.7,0.0,1,0,7500.0,1.0,8,60000,0,957000
245000,0.0,0,0,0.0,1507.5,0.0,1,0.067067067067067,1.0,0,22.5,999.0,0,1,0,0,1,67.0,1.0,0,0,5000.0,1.0,7,35000,0,320000
135000,0.0,0,0,0.0,1605.8475,0.0,1,0.0671843687374749,1.0,0,23.95,998.0,1,1,0,0,0,67.05,1.0,0,0,1666.6666666666667,1.0,9,15000,0,300000
1470000,0.0,0,0,1.0,1335.0,0.0,2,0.0600961538461538,1.0,0,17.8,1248.0,1,1,0,0,0,75.0,0.0,0,0,6533.333333333333,1.0,15,98000,0,270000
868000,0.0,0,0,0.0,1532.932,0.0,1,0.0626755852842809,1.0,0,16.36,1495.0,0,3,0,0,0,93.7,1.0,1,0,4428.571428571428,1.0,14,62000,0,170000
1320000,0.0,0,0,0.0,1476.84,0.0,2,0.0662218515429524,1.0,0,18.6,1199.0,0,2,0,0,0,79.4,1.0,0,0,9166.666666666666,1.0,12,110000,0,140000
1350000,0.0,0,0,0.0,1606.404,0.0,2,0.0659147869674185,1.0,0,20.36,1197.0,0,3,0,0,0,78.9,1.0,1,0,6000.0,1.0,15,90000,0,170000
150000,0.0,0,0,1.0,2300.0,0.0,1,0.0768203072812291,1.0,0,20.0,1497.0,0,1,0,0,1,115.0,0.0,0,0,4166.666666666667,1.0,6,25000,0,1200000
78000,0.0,0,0,1.0,2000.6504,0.0,1,0.0635816618911174,1.0,0,22.54,1396.0,0,1,0,0,0,88.76,0.0,1,0,2166.6666666666665,1.0,6,13000,0,834000
640000,0.0,0,0,1.0,1882.32,0.0,2,0.0659025787965616,1.0,0,27.28,1047.0,0,1,0,0,0,69.0,0.0,0,0,10000.0,1.0,8,80000,1,450000
440000,0.0,0,0,1.0,1788.432,0.0,1,0.059279038718291,1.0,0,20.14,1498.0,0,3,0,0,0,88.8,0.0,0,1,3636.363636363637,1.0,11,40000,0,575000
120000,0.0,0,0,1.0,2102.168,0.0,1,0.0593108974358974,1.0,0,28.4,1248.0,1,1,0,0,0,74.02,0.0,0,0,3333.333333333333,1.0,6,20000,0,900000
1488180,0.0,0,0,0.0,795.5550000000002,1.0,2,0.0445979899497487,1.0,0,22.410000000000004,796.0,1,3,0,0,0,35.5,0.0,0,0,5149.411764705882,1.0,17,87540,0,149000
1512000,0.0,0,0,0.0,1296.0,1.0,1,0.0603015075376884,1.0,0,21.6,995.0,0,3,0,0,0,60.0,0.0,0,0,4666.666666666667,1.0,18,84000,0,100000
2240000,0.0,0,0,1.0,1564.5,0.0,2,0.0625521267723102,1.0,0,20.86,1199.0,0,3,0,0,1,75.0,0.0,0,0,11428.57142857143,1.0,14,160000,0,325000
1300000,0.0,0,0,1.0,2127.944,0.0,2,0.0648310387984981,1.0,0,20.54,1598.0,0,2,0,0,0,103.6,0.0,0,1,7692.307692307692,1.0,13,100000,0,400000
280000,0.0,0,0,0.0,1381.415,0.0,1,0.0681863727454909,1.0,0,20.3,998.0,0,2,0,0,0,68.05,1.0,1,0,4375.0,1.0,8,35000,0,250000
900000,0.0,0,0,0.0,1322.25,0.0,1,0.0641426783479349,1.0,0,12.9,1598.0,0,2,0,0,0,102.5,1.0,0,0,4000.0,1.0,15,60000,0,225000
910000,0.0,0,1,1.0,1246.2,0.0,2,0.0482708933717579,1.0,0,18.6,1388.0,0,1,0,0,0,67.0,0.0,0,0,5384.615384615385,1.0,13,70000,0,300000
600000,0.0,0,0,1.0,1880.26,0.0,2,0.0734935897435897,1.0,0,20.5,1248.0,0,2,0,0,1,91.72,0.0,0,0,6000.0,1.0,10,60000,0,459999
315000,0.0,0,1,1.0,2244.8943,0.0,1,0.0658144192256341,1.0,0,22.77,1498.0,0,2,0,0,0,98.59,0.0,0,0,3888.8888888888887,1.0,9,35000,0,825000
639000,0.0,0,0,1.0,2026.86,0.0,2,0.0592948717948717,1.0,0,27.39,1248.0,1,1,0,0,0,74.0,0.0,0,0,7888.888888888889,1.0,9,71000,0,710000
1530000,0.0,0,0,0.0,1595.685,0.0,2,0.0655689102564102,1.0,0,19.5,1248.0,1,1,0,0,0,81.83,1.0,0,0,5294.117647058823,1.0,17,90000,0,200000
630000,0.0,0,0,1.0,1715.408,0.0,2,0.0592467948717948,1.0,0,23.2,1248.0,1,1,0,0,0,73.94,0.0,0,0,7777.777777777777,1.0,9,70000,0,425000
1440000,0.0,0,0,1.0,1559.2900000000002,0.0,2,0.0592147435897435,1.0,0,21.1,1248.0,1,1,0,0,0,73.9,0.0,0,0,5625.0,1.0,16,90000,0,240000
1308000,0.0,0,0,1.0,2129.958,0.0,2,0.0742299794661191,1.0,0,19.64,1461.0,0,2,1,0,0,108.45,0.0,0,0,9083.333333333334,1.0,12,109000,0,520000
1080000,0.0,0,0,1.0,1967.66,0.0,2,0.0592948717948717,1.0,0,26.59,1248.0,1,2,0,0,0,74.0,0.0,0,0,13333.333333333334,1.0,9,120000,0,675000
1463000,0.0,0,0,1.0,1595.685,0.0,1,0.0655689102564102,1.0,0,19.5,1248.0,0,1,0,0,0,81.83,0.0,0,0,4052.631578947368,1.0,19,77000,1,170000
2040000,0.0,0,0,1.0,1595.685,0.0,2,0.0655689102564102,1.0,0,19.5,1248.0,1,4,0,0,0,81.83,0.0,0,0,7058.823529411765,1.0,17,120000,0,225000
351000,0.0,0,0,0.0,1374.9904,0.0,1,0.0671743486973947,1.0,0,20.51,998.0,1,3,0,0,0,67.04,1.0,0,0,4333.333333333333,1.0,9,39000,0,380000
990000,0.0,0,0,1.0,2127.944,0.0,2,0.0648310387984981,1.0,0,20.54,1598.0,0,1,0,0,0,103.6,0.0,0,1,8181.818181818182,1.0,11,90000,0,575000
2025000,0.0,0,0,1.0,1335.0,0.0,2,0.0600961538461538,1.0,0,17.8,1248.0,1,2,0,0,0,75.0,0.0,0,0,9000.0,1.0,15,135000,0,300000
630000,0.0,0,0,1.0,1882.32,0.0,2,0.0659025787965616,1.0,0,27.28,1047.0,0,1,0,0,0,69.0,0.0,0,0,12857.142857142857,1.0,7,90000,1,450000
280000,0.0,0,0,1.0,2102.168,0.0,1,0.0593108974358974,1.0,0,28.4,1248.0,1,1,0,0,0,74.02,0.0,0,0,4375.0,1.0,8,35000,0,745000
1080000,0.0,0,0,1.0,1732.4,0.0,2,0.0633928571428571,1.0,0,24.4,1120.0,0,1,0,0,0,71.0,0.0,1,0,13333.333333333334,1.0,9,120000,0,509999
1760000,0.0,0,0,0.0,1606.404,0.0,2,0.0659147869674185,1.0,0,20.36,1197.0,0,1,0,0,0,78.9,1.0,1,0,6875.0,1.0,16,110000,0,142000
800000,0.0,0,0,0.0,1255.9,0.0,1,0.0662324649298597,1.0,0,19.0,998.0,1,1,0,0,0,66.1,1.0,0,0,3125.0,1.0,16,50000,0,185000
1001000,0.0,0,0,1.0,1870.68,0.0,2,0.0734775641025641,1.0,0,20.4,1248.0,0,1,0,0,1,91.7,0.0,0,0,5923.076923076923,1.0,13,77000,0,300000
2160000,0.0,0,0,0.0,1380.6,0.0,2,0.0521042084168336,1.0,0,17.7,1497.0,0,2,0,1,0,78.0,1.0,0,0,6666.666666666667,1.0,18,120000,0,210000
2040000,0.0,0,0,0.0,1434.48,0.0,2,0.0645403377110694,1.0,0,13.9,1599.0,0,2,0,0,0,103.2,1.0,1,0,7058.823529411765,1.0,17,120000,0,260000
2280000,0.0,0,0,1.0,1731.6,0.0,3,0.0592948717948717,1.0,0,23.4,1248.0,1,2,0,0,0,74.0,0.0,0,0,15833.333333333334,1.0,12,190000,0,430000
450000,0.0,0,1,0.0,1092.0,0.0,1,0.0585284280936454,1.0,0,15.6,1196.0,0,1,0,0,0,70.0,1.0,0,0,2000.0,1.0,15,30000,0,400000
2366000,0.0,0,0,1.0,2199.76,0.0,2,0.063538681948424,1.0,0,24.8,1396.0,0,2,0,0,0,88.7,0.0,1,0,14000.0,1.0,13,182000,0,400000
480000,0.0,0,0,1.0,2102.168,0.0,2,0.0593108974358974,1.0,0,28.4,1248.0,1,1,0,0,0,74.02,0.0,0,0,7500.0,1.0,8,60000,0,669000
240000,0.0,0,0,0.0,1648.6604,0.0,2,0.0683876357560568,1.0,0,20.14,1197.0,0,1,0,0,0,81.86,1.0,1,0,6666.666666666667,1.0,6,40000,0,509999
1008000,0.0,0,0,1.0,1999.9742,0.0,2,0.0635601719197707,1.0,0,22.54,1396.0,0,1,0,0,0,88.73,0.0,1,0,12444.444444444443,1.0,9,112000,0,616000
1350000,0.0,0,0,1.0,1848.0,0.0,2,0.073677160080375,1.0,0,16.8,1493.0,0,2,0,0,0,110.0,0.0,1,0,6000.0,1.0,15,90000,0,190000
1400000,0.0,0,0,1.0,2474.86,0.0,2,0.0658210947930574,1.0,0,25.1,1498.0,0,2,0,1,0,98.6,0.0,0,0,14000.0,1.0,10,140000,0,700000
660000,0.0,0,0,0.0,1606.404,0.0,2,0.0659147869674185,1.0,0,20.36,1197.0,0,2,0,0,0,78.9,1.0,1,0,5454.545454545455,1.0,11,60000,0,225000
240000,0.0,0,0,0.0,1547.1539999999998,0.0,1,0.0683876357560568,1.0,0,18.9,1197.0,0,1,0,0,0,81.86,1.0,1,0,3750.0,1.0,8,30000,0,470000
240000,0.0,0,0,1.0,2150.55,0.0,2,0.0709134615384615,1.0,0,24.3,1248.0,1,1,0,0,0,88.5,0.0,0,0,6666.666666666667,1.0,6,40000,0,900000
840000,0.0,0,0,1.0,1465.344,0.0,2,0.0615384615384615,1.0,0,25.44,936.0,0,1,0,0,0,57.6,0.0,0,0,5833.333333333333,1.0,12,70000,0,170000
1200000,0.0,0,0,1.0,1317.21,0.0,2,0.0494269340974212,1.0,0,19.09,1396.0,0,1,0,0,0,69.0,0.0,0,0,8333.333333333334,1.0,12,100000,1,140000
616000,0.0,0,0,0.0,1008.0,0.0,1,0.0633165829145728,1.0,0,16.0,995.0,0,2,0,0,0,63.0,1.0,0,0,3142.8571428571427,1.0,14,44000,0,95000
990000,0.0,0,0,0.0,1587.3,0.0,2,0.0716791979949874,1.0,0,18.5,1197.0,1,2,0,0,0,85.8,1.0,0,0,12222.222222222224,1.0,9,110000,0,280000
1120000,0.0,0,0,0.0,1164.72,0.0,2,0.0678132678132678,1.0,0,21.1,814.0,0,2,0,0,0,55.2,1.0,1,0,5714.285714285715,1.0,14,80000,0,129000
910000,0.0,0,0,1.0,1465.344,0.0,2,0.0615384615384615,1.0,0,25.44,936.0,0,2,0,0,0,57.6,0.0,0,0,5384.615384615385,1.0,13,70000,0,165000
225000,0.0,0,0,0.0,1407.1734,0.0,1,0.0683876357560568,1.0,0,17.19,1197.0,0,1,0,0,0,81.86,1.0,1,0,2777.777777777778,1.0,9,25000,0,600000
403000,0.0,0,0,0.0,1268.1899999999998,0.0,1,0.0672344689378757,1.0,0,18.9,998.0,1,1,0,0,0,67.1,1.0,0,0,2384.6153846153848,1.0,13,31000,0,260000
1000000,0.0,0,0,0.0,1268.1899999999998,0.0,1,0.0672344689378757,1.0,0,18.9,998.0,1,3,0,0,0,67.1,1.0,0,0,2500.0,1.0,20,50000,0,70000
1200000,0.0,0,0,0.0,1522.038,0.0,2,0.0683625730994152,1.0,0,18.6,1197.0,0,2,0,0,0,81.83,1.0,1,0,12000.0,1.0,10,120000,0,515000
780000,0.0,0,1,1.0,1360.0,0.0,1,0.0486061472480343,1.0,0,20.0,1399.0,0,1,0,0,0,68.0,0.0,0,0,4615.384615384615,1.0,13,60000,0,225000
840000,0.0,0,0,1.0,1426.2700000000002,0.0,1,0.0592147435897435,1.0,0,19.3,1248.0,1,2,0,0,0,73.9,0.0,0,0,4285.714285714285,1.0,14,60000,0,270000
1760000,0.0,0,0,0.0,912.11,0.0,2,0.0581658291457286,1.0,0,19.7,796.0,1,2,0,0,0,46.3,1.0,0,0,6875.0,1.0,16,110000,0,115999
927600,0.0,0,0,1.0,2188.4128,0.0,2,0.069105473965287,1.0,0,21.14,1498.0,0,1,0,0,1,103.52,0.0,0,0,6441.666666666667,0.0,12,77300,0,475000
1050000,0.0,0,0,1.0,1725.0,0.0,2,0.0494269340974212,1.0,0,25.0,1396.0,0,2,0,0,0,69.0,0.0,0,0,5357.142857142857,0.0,14,75000,1,165000
450000,0.0,0,0,1.0,2101.6,0.0,1,0.0592948717948717,1.0,0,28.4,1248.0,1,1,0,0,0,74.0,0.0,0,0,4500.0,0.0,10,45000,0,550000
490080,0.0,0,0,1.0,2150.55,0.0,2,0.0709134615384615,1.0,0,24.3,1248.0,1,1,0,0,0,88.5,0.0,0,0,7657.5,0.0,8,61260,0,861000
156000,0.0,0,1,1.0,2276.08,0.0,1,0.0660614152202937,1.0,0,23.0,1498.0,0,1,0,0,0,98.96,0.0,0,0,4333.333333333333,0.0,6,26000,0,1050000
344000,0.0,0,0,1.0,1999.9742,0.0,2,0.0635601719197707,1.0,0,22.54,1396.0,0,1,0,0,0,88.73,0.0,1,0,5375.0,0.0,8,43000,0,750000
33411,0.0,0,0,0.0,1799.6,0.0,1,0.0683375104427736,1.0,0,22.0,1197.0,1,1,0,0,0,81.8,1.0,0,0,681.8571428571429,0.0,7,4773,0,730000
248000,0.0,0,0,1.0,2242.2432,0.0,1,0.069105473965287,0.0,0,21.66,1498.0,0,1,0,0,1,103.52,0.0,0,0,3875.0,0.0,8,31000,0,860000
468000,0.0,0,0,1.0,2093.025,0.0,2,0.0709134615384615,1.0,0,23.65,1248.0,1,1,0,0,0,88.5,0.0,0,0,5777.777777777777,0.0,9,52000,0,775000
744000,0.0,0,0,0.0,1799.6,0.0,2,0.0683375104427736,1.0,0,22.0,1197.0,1,1,0,0,0,81.8,1.0,0,0,5166.666666666667,0.0,12,62000,0,411000
594000,0.0,0,0,1.0,1788.432,0.0,2,0.059279038718291,1.0,0,20.14,1498.0,0,1,0,0,0,88.8,0.0,0,1,7333.333333333333,0.0,9,66000,0,540000
702090,0.0,0,0,1.0,2242.2432,0.0,2,0.069105473965287,0.0,0,21.66,1498.0,0,1,0,0,1,103.52,0.0,0,0,8667.777777777777,0.0,9,78010,0,660000
239990,0.0,0,0,0.0,1548.6240000000005,0.0,1,0.0671743486973947,0.0,0,23.1,998.0,1,1,0,0,0,67.04,1.0,0,0,2399.9,0.0,10,23999,0,411000
468000,0.0,0,0,1.0,2026.86,0.0,2,0.0592948717948717,1.0,0,27.39,1248.0,1,1,0,0,0,74.0,0.0,0,0,5777.777777777777,0.0,9,52000,0,635000
1885000,0.0,0,0,1.0,1694.6,0.0,2,0.0592948717948717,1.0,0,22.9,1248.0,1,3,0,0,0,74.0,0.0,0,0,11153.846153846154,1.0,13,145000,0,350000
825000,0.0,0,0,0.0,1274.9,0.0,1,0.0672344689378757,1.0,0,19.0,998.0,1,1,0,0,0,67.1,1.0,0,0,3666.6666666666665,1.0,15,55000,0,180000
1096800,0.0,0,0,0.0,1469.84,0.0,2,0.0634390651085141,0.0,1,19.34,1198.0,0,2,0,0,0,76.0,1.0,0,0,7616.666666666667,1.0,12,91400,0,310000
624000,0.0,0,0,0.0,1669.7340000000002,0.0,1,0.0626755852842809,1.0,0,17.82,1495.0,0,1,0,0,0,93.7,0.0,1,0,3692.307692307693,1.0,13,48000,0,275000
2775000,0.0,0,0,1.0,1782.0,0.0,2,0.073677160080375,0.0,0,16.2,1493.0,0,4,0,0,0,110.0,0.0,1,0,12333.333333333334,1.0,15,185000,0,245000
1750000,0.0,0,0,1.0,2127.944,0.0,2,0.0648310387984981,1.0,0,20.54,1598.0,0,4,0,0,0,103.6,0.0,0,1,8928.57142857143,1.0,14,125000,0,275000
3391500,0.0,0,0,0.0,1380.6,0.0,2,0.0521042084168336,1.0,0,17.7,1497.0,0,3,0,1,0,78.0,1.0,0,0,9394.736842105263,1.0,19,178500,0,200000
2158000,0.0,0,0,1.0,1456.348,0.0,2,0.0431895961670089,1.0,1,23.08,1461.0,0,2,0,0,0,63.1,0.0,0,0,12769.23076923077,1.0,13,166000,0,229999
1834000,0.0,0,0,1.0,2127.944,0.0,2,0.0648310387984981,1.0,0,20.54,1598.0,0,4,0,0,0,103.6,0.0,0,1,9357.142857142857,1.0,14,131000,0,280000
800000,0.0,0,0,0.0,1266.3,0.0,1,0.063147973609802,1.0,0,18.9,1061.0,1,2,0,0,0,67.0,1.0,0,0,3125.0,1.0,16,50000,0,125000
250000,0.0,0,0,1.0,1864.8,0.0,1,0.0592948717948717,1.0,0,25.2,1248.0,1,1,0,0,0,74.0,0.0,0,0,2500.0,1.0,10,25000,0,600000
140000,0.0,0,0,0.0,1614.34,0.0,1,0.0739783152627189,1.0,0,18.2,1199.0,0,1,0,1,0,88.7,1.0,0,0,2857.1428571428573,1.0,7,20000,0,600000
540000,0.0,0,0,0.0,1605.8,0.0,2,0.0724540901502504,1.0,0,18.5,1198.0,0,2,0,1,0,86.8,1.0,0,0,6666.666666666667,1.0,9,60000,0,411000
2550000,0.0,0,0,0.0,1122.01,0.0,2,0.0610367892976588,1.0,0,15.37,1196.0,1,3,0,0,0,73.0,1.0,0,0,11333.333333333334,1.0,15,170000,0,150000
700000,0.0,0,0,1.0,2319.585,0.0,2,0.0709134615384615,1.0,0,26.21,1248.0,1,1,0,0,0,88.5,0.0,0,0,7000.0,1.0,10,70000,0,630000
270000,0.0,0,0,0.0,1799.6,0.0,2,0.0683375104427736,0.0,0,22.0,1197.0,1,1,0,0,0,81.8,1.0,0,0,7500.0,1.0,6,45000,0,700000
2640000,0.0,0,0,1.0,1074.2,0.0,2,0.0549229738780977,1.0,0,13.1,1493.0,0,4,0,0,0,82.0,0.0,1,0,5454.545454545455,1.0,22,120000,0,145000
1430000,0.0,0,1,1.0,2557.17,0.0,2,0.0660881174899866,1.0,0,25.83,1498.0,0,1,0,0,0,99.0,0.0,0,0,14300.0,1.0,10,143000,0,400000
1000000,0.0,0,0,1.0,1967.66,0.0,2,0.0592948717948717,1.0,0,26.59,1248.0,1,1,0,0,0,74.0,0.0,0,0,10000.0,1.0,10,100000,0,600000
350000,0.0,0,0,0.0,1449.21,0.0,2,0.0671342685370741,1.0,0,21.63,998.0,1,1,0,0,0,67.0,1.0,0,0,7142.857142857143,1.0,7,50000,0,459999
210000,0.0,0,0,1.0,1999.9742,0.0,1,0.0635601719197707,1.0,0,22.54,1396.0,0,1,0,0,0,88.73,0.0,1,0,4285.714285714285,1.0,7,30000,0,800000
200000,0.0,0,0,0.0,1827.4923000000003,0.0,1,0.0515886287625418,1.0,0,29.619000000000003,1196.0,1,1,0,0,0,61.7,0.0,0,0,3125.0,1.0,8,25000,0,370000
1080000,0.0,0,0,1.0,1456.8095999999998,0.0,2,0.0432032854209445,1.0,0,23.08,1461.0,0,1,1,0,0,63.12,0.0,0,0,7500.0,1.0,12,90000,0,290000
434000,0.0,0,0,1.0,2101.6,0.0,2,0.0592948717948717,1.0,0,28.4,1248.0,1,1,0,0,0,74.0,0.0,0,0,8857.142857142857,1.0,7,62000,0,671000
1040000,0.0,0,0,1.0,1317.21,0.0,2,0.0494269340974212,1.0,0,19.09,1396.0,0,4,0,0,0,69.0,0.0,0,0,6153.846153846154,1.0,13,80000,1,140000
210000,0.0,0,0,0.0,912.11,0.0,1,0.0581658291457286,1.0,0,19.7,796.0,1,3,0,0,0,46.3,1.0,0,0,1071.428571428571,1.0,14,15000,0,141000
1120000,0.0,0,0,0.0,912.11,0.0,1,0.0581658291457286,1.0,0,19.7,796.0,1,2,0,0,0,46.3,1.0,0,0,4375.0,1.0,16,70000,0,125000
1080000,0.0,0,0,1.0,1358.0,0.0,2,0.0498220640569395,1.0,0,19.4,1405.0,0,2,0,0,0,70.0,0.0,0,0,7500.0,1.0,12,90000,1,150000
1800000,0.0,0,0,0.0,1266.3,0.0,2,0.063147973609802,1.0,0,18.9,1061.0,1,3,0,0,0,67.0,1.0,0,0,5555.555555555556,1.0,18,100000,0,125000
175000,0.0,0,0,0.0,1547.1539999999998,0.0,1,0.0683876357560568,1.0,0,18.9,1197.0,0,2,0,0,0,81.86,1.0,1,0,3571.428571428572,1.0,7,25000,0,600000
320000,0.0,0,0,1.0,1999.9742,0.0,1,0.0635601719197707,1.0,0,22.54,1396.0,0,1,0,0,0,88.73,0.0,1,0,5000.0,1.0,8,40000,0,700000
560000,0.0,0,0,1.0,1999.9742,0.0,2,0.0635601719197707,1.0,0,22.54,1396.0,0,1,0,0,0,88.73,0.0,1,0,8750.0,1.0,8,70000,0,700000
320000,0.0,0,0,1.0,2102.168,0.0,1,0.0593108974358974,1.0,0,28.4,1248.0,1,1,0,0,0,74.02,0.0,0,0,5000.0,1.0,8,40000,0,740000
2790000,0.0,0,0,1.0,1234.2,0.0,2,0.0348101265822784,1.0,0,18.7,1896.0,0,1,0,0,1,66.0,0.0,0,0,8611.111111111111,1.0,18,155000,0,300000
1540000,0.0,1,0,0.0,1561.648,0.0,2,0.0593114973262032,1.0,0,17.6,1496.0,0,1,0,0,0,88.73,1.0,0,0,7857.142857142857,1.0,14,110000,0,300000
1100000,0.0,0,0,1.0,1835.072,0.0,2,0.0580424366872005,1.0,0,21.64,1461.0,0,1,1,0,0,84.8,0.0,0,0,11000.0,1.0,10,110000,0,530000
640000,0.0,0,0,1.0,1775.28,0.0,2,0.0623693086003372,1.0,0,24.0,1186.0,0,2,0,0,0,73.97,0.0,1,0,10000.0,1.0,8,80000,0,530000
700000,0.0,0,0,0.0,1112.832,0.0,1,0.0571823204419889,1.0,0,17.92,1086.0,0,2,0,0,0,62.1,1.0,1,0,3571.428571428572,1.0,14,50000,0,210000
1620000,0.0,0,0,0.0,912.11,0.0,1,0.0581658291457286,1.0,0,19.7,796.0,1,2,0,0,0,46.3,1.0,0,0,5000.0,1.0,18,90000,0,130000
1360000,0.0,0,0,0.0,1342.9125,1.0,1,0.0541941564561734,1.0,0,23.355000000000004,1061.0,1,2,0,0,0,57.5,0.0,0,0,4705.882352941177,1.0,17,80000,0,148000
1470000,0.0,0,0,1.0,1971.0,0.0,2,0.0644699140401146,1.0,0,21.9,1396.0,0,2,0,0,0,90.0,0.0,1,0,7500.0,1.0,14,105000,0,270000
480000,0.0,0,0,0.0,1606.404,0.0,1,0.0659147869674185,1.0,0,20.36,1197.0,0,1,0,0,0,78.9,1.0,1,0,3333.333333333333,1.0,12,40000,0,375000
300000,0.0,0,0,1.0,1595.685,0.0,1,0.0655689102564102,1.0,0,19.5,1248.0,0,2,0,0,1,81.83,0.0,0,0,750.0,1.0,20,15000,0,350000
2700000,0.0,0,0,1.0,1991.0,0.0,2,0.073677160080375,1.0,0,18.1,1493.0,0,2,0,0,0,110.0,0.0,1,0,8333.333333333334,1.0,18,150000,0,180000
880000,0.0,0,0,1.0,1715.408,0.0,2,0.0592467948717948,1.0,0,23.2,1248.0,1,2,0,0,0,73.94,0.0,0,0,7272.727272727273,1.0,11,80000,0,425000
175000,0.0,0,1,1.0,2276.08,0.0,1,0.0660614152202937,1.0,0,23.0,1498.0,0,1,0,0,0,98.96,0.0,0,0,3571.428571428572,1.0,7,25000,0,900000
320000,0.0,0,0,1.0,1725.0,0.0,1,0.0494269340974212,1.0,0,25.0,1396.0,0,1,0,0,0,69.0,0.0,0,0,5000.0,1.0,8,40000,1,290000
560000,0.0,0,1,1.0,1360.0,0.0,1,0.0486061472480343,1.0,0,20.0,1399.0,0,2,0,0,0,68.0,0.0,0,0,2857.1428571428573,1.0,14,40000,0,229999
910000,0.0,0,1,1.0,1360.0,0.0,2,0.0486061472480343,1.0,0,20.0,1399.0,0,1,0,0,0,68.0,0.0,0,0,5384.615384615385,1.0,13,70000,0,300000
1650000,0.0,0,0,1.0,1559.2900000000002,0.0,2,0.0592147435897435,1.0,0,21.1,1248.0,1,3,0,0,0,73.9,0.0,0,0,7333.333333333333,1.0,15,110000,0,220000
1440000,0.0,0,0,1.0,2061.6345,0.0,2,0.0742299794661191,1.0,0,19.01,1461.0,0,1,1,0,0,108.45,0.0,0,0,10000.0,1.0,12,120000,0,695000
1800000,0.0,0,0,1.0,1426.2700000000002,0.0,2,0.0592147435897435,1.0,0,19.3,1248.0,1,2,0,0,0,73.9,0.0,0,0,8000.0,1.0,15,120000,0,320000
2520000,0.0,0,0,1.0,1041.6,0.0,2,0.0441281138790035,1.0,0,16.8,1405.0,0,2,0,0,0,62.0,0.0,0,0,5714.285714285715,1.0,21,120000,1,85000
900000,0.0,0,0,1.0,1788.432,0.0,2,0.059279038718291,1.0,0,20.14,1498.0,0,1,0,0,0,88.8,0.0,0,1,9000.0,1.0,10,90000,0,550000
1813500,0.0,0,0,0.0,1420.0200000000002,0.0,2,0.0679506933744222,1.0,0,16.1,1298.0,1,2,0,0,0,88.2,1.0,0,0,5597.222222222223,1.0,18,100750,0,215000
2660000,0.0,0,0,0.0,1353.6,0.0,2,0.0587867417135709,1.0,0,14.4,1599.0,0,2,0,0,0,94.0,1.0,1,0,7368.421052631579,1.0,19,140000,0,110000
1980000,0.0,0,0,0.0,1380.6,0.0,2,0.0521042084168336,1.0,0,17.7,1497.0,0,3,0,1,0,78.0,1.0,0,0,6111.111111111111,1.0,18,110000,0,170000
280000,0.0,0,0,0.0,1844.5,0.0,2,0.090567612687813,1.0,0,17.0,1198.0,0,2,0,0,0,108.5,1.0,0,0,5714.285714285715,1.0,7,40000,1,850000
2220000,0.0,0,0,1.0,2070.0,0.0,2,0.0644699140401146,1.0,0,23.0,1396.0,0,2,0,0,0,90.0,0.0,1,0,9866.666666666666,1.0,15,148000,0,350000
3800000,0.0,0,0,0.0,1595.685,0.0,2,0.0655689102564102,0.0,0,19.5,1248.0,0,2,0,0,0,81.83,1.0,1,0,9500.0,1.0,20,190000,0,120000
1550000,0.0,0,0,1.0,1650.2,0.0,3,0.0592948717948717,1.0,0,22.3,1248.0,0,2,0,0,0,74.0,0.0,0,0,15500.0,1.0,10,155000,1,250000
700000,0.0,0,1,1.0,2557.17,0.0,2,0.0660881174899866,1.0,0,25.83,1498.0,0,1,0,0,0,99.0,0.0,0,0,7000.0,1.0,10,70000,0,433000
450000,0.0,0,0,0.0,1164.72,0.0,1,0.0678132678132678,1.0,0,21.1,814.0,0,1,0,0,0,55.2,1.0,1,0,4500.0,1.0,10,45000,0,300000
220000,0.0,0,0,0.0,1164.72,0.0,1,0.0678132678132678,1.0,0,21.1,814.0,0,1,0,0,0,55.2,1.0,1,0,1818.1818181818185,1.0,11,20000,0,250000
1440000,0.0,0,0,0.0,1112.832,0.0,2,0.0571823204419889,1.0,0,17.92,1086.0,0,2,0,0,0,62.1,1.0,1,0,10000.0,1.0,12,120000,0,187000
1080000,0.0,0,0,1.0,1694.6,0.0,2,0.0592948717948717,1.0,0,22.9,1248.0,1,2,0,0,0,74.0,0.0,0,0,7500.0,1.0,12,90000,0,335000
720000,0.0,0,0,0.0,1733.469,0.0,2,0.0694569757727652,1.0,0,20.85,1197.0,1,2,0,0,0,83.14,1.0,0,0,8888.888888888889,1.0,9,80000,0,488000
1870000,0.0,0,0,0.0,1633.008,0.0,2,0.0660025220680958,1.0,0,15.6,1586.0,1,3,0,0,0,104.68,1.0,0,0,6470.588235294118,1.0,17,110000,0,111000
700000,0.0,0,0,1.0,2319.585,0.0,2,0.0709134615384615,1.0,0,26.21,1248.0,1,1,0,0,0,88.5,0.0,0,0,7000.0,1.0,10,70000,0,600000
25000,0.0,0,0,0.0,1734.978,0.0,1,0.0683375104427736,1.0,0,21.21,1197.0,1,1,0,0,0,81.8,1.0,0,0,1000.0,1.0,5,5000,0,570000
1350000,0.0,0,0,0.0,1121.4,0.0,1,0.0580110497237569,1.0,0,17.8,1086.0,0,2,0,0,0,63.0,1.0,1,0,4166.666666666667,1.0,18,75000,0,110000
550000,0.0,0,0,0.0,1595.88,0.0,1,0.0716791979949874,1.0,0,18.6,1197.0,1,1,0,0,0,85.8,1.0,0,0,4545.454545454545,1.0,11,50000,0,434999
770000,0.0,0,0,0.0,1164.72,0.0,2,0.0678132678132678,1.0,0,21.1,814.0,0,1,0,0,0,55.2,1.0,1,0,6363.636363636364,1.0,11,70000,0,229999
990000,0.0,0,0,1.0,1713.7099999999998,0.0,2,0.0573579739904175,1.0,1,20.45,1461.0,0,2,0,0,0,83.8,0.0,0,0,8181.818181818182,1.0,11,90000,0,490000
1400000,0.0,0,0,0.0,1501.5,0.0,2,0.0661016949152542,1.0,0,17.5,1298.0,1,2,0,0,0,85.8,1.0,0,0,7142.857142857143,1.0,14,100000,0,300000
720000,0.0,0,0,0.0,1367.04,0.0,2,0.0640533778148457,1.0,0,17.8,1199.0,0,1,0,0,0,76.8,1.0,0,0,11250.0,1.0,8,90000,0,350000
280000,0.0,0,0,0.0,1168.31,0.0,1,0.0594221105527638,1.0,0,24.7,796.0,1,1,0,0,0,47.3,1.0,0,0,4375.0,1.0,8,35000,0,310000
2256000,0.0,0,0,1.0,1694.6,0.0,3,0.0592948717948717,1.0,0,22.9,1248.0,1,2,0,0,0,74.0,0.0,0,0,15666.666666666666,1.0,12,188000,0,400000
1360000,0.0,0,0,1.0,920.2,0.0,1,0.038323782234957,1.0,0,17.2,1396.0,0,2,0,0,0,53.5,0.0,0,0,4705.882352941177,1.0,17,80000,1,67000
800000,0.0,0,1,1.0,2557.17,0.0,2,0.0660881174899866,1.0,0,25.83,1498.0,0,1,0,0,0,99.0,0.0,0,0,8000.0,1.0,10,80000,0,480000
1140000,0.0,0,0,0.0,1595.685,0.0,1,0.0655689102564102,1.0,0,19.5,1248.0,0,3,0,0,0,81.83,1.0,1,0,3157.894736842105,1.0,19,60000,0,105000
1560000,0.0,1,0,1.0,1595.685,0.0,2,0.0655689102564102,1.0,0,19.5,1248.0,0,2,0,0,0,81.83,0.0,0,0,9230.76923076923,1.0,13,120000,0,275000
1540000,0.0,0,0,1.0,1595.685,0.0,1,0.0655689102564102,1.0,0,19.5,1248.0,0,1,0,0,0,81.83,0.0,0,0,3181.818181818182,1.0,22,70000,1,40000
105000,0.0,0,0,0.0,1168.31,0.0,1,0.0594221105527638,1.0,0,24.7,796.0,1,2,0,0,0,47.3,1.0,0,0,2142.8571428571427,1.0,7,15000,0,300000
1260000,0.0,0,0,0.0,912.11,0.0,1,0.0581658291457286,1.0,0,19.7,796.0,1,1,0,0,0,46.3,1.0,0,0,3888.8888888888887,1.0,18,70000,0,100000
1120000,0.0,0,0,1.0,1207.0,0.0,2,0.0505338078291814,1.0,0,17.0,1405.0,0,2,0,0,0,71.0,0.0,0,0,5714.285714285715,1.0,14,80000,1,70000
480000,0.0,0,1,1.0,2244.8943,0.0,2,0.0658144192256341,1.0,0,22.77,1498.0,0,1,0,0,0,98.59,0.0,0,0,7500.0,1.0,8,60000,0,900000
960000,0.0,1,0,1.0,1581.4736,0.0,2,0.049149560117302,1.0,0,23.59,1364.0,0,2,0,0,0,67.04,0.0,0,0,15000.0,1.0,8,120000,0,650000
2640000,0.0,0,0,0.0,1595.685,0.0,2,0.0655689102564102,1.0,0,19.5,1248.0,0,3,0,0,0,81.83,1.0,1,0,5454.545454545455,1.0,22,120000,0,55000
630000,0.0,0,0,0.0,1549.8,0.0,2,0.0685045948203842,1.0,0,18.9,1197.0,0,1,0,0,0,82.0,1.0,1,0,7777.777777777777,1.0,9,70000,0,550000
90000,0.0,0,0,0.0,1380.4,0.0,1,0.0626151012891344,1.0,0,20.3,1086.0,0,1,0,0,0,68.0,1.0,1,0,2500.0,1.0,6,15000,0,425000
520000,0.0,0,0,1.0,2485.965,0.0,2,0.0709134615384615,1.0,0,28.09,1248.0,1,1,0,0,0,88.5,0.0,0,0,8125.0,1.0,8,65000,0,900000
900000,0.0,0,0,0.0,1522.038,0.0,2,0.0683625730994152,1.0,0,18.6,1197.0,0,1,0,0,0,81.83,1.0,1,0,9000.0,1.0,10,90000,0,516000
980000,0.0,0,0,0.0,1072.5,0.0,1,0.0554607508532423,1.0,0,16.5,1172.0,0,2,0,0,0,65.0,1.0,0,0,5000.0,1.0,14,70000,1,150000
270000,0.0,0,0,0.0,1374.9904,0.0,1,0.0671743486973947,1.0,0,20.51,998.0,1,1,0,0,0,67.04,1.0,0,0,3333.333333333333,1.0,9,30000,0,400000
1620000,0.0,0,0,0.0,1121.4,0.0,1,0.0580110497237569,1.0,0,17.8,1086.0,0,3,0,0,0,63.0,1.0,1,0,5000.0,1.0,18,90000,0,165000
1100000,0.0,0,0,1.0,1713.7099999999998,0.0,2,0.0573579739904175,1.0,1,20.45,1461.0,0,1,0,0,0,83.8,0.0,0,0,11000.0,1.0,10,110000,0,1000000
1100000,0.0,0,0,1.0,1967.66,0.0,2,0.0592948717948717,1.0,0,26.59,1248.0,1,1,0,0,0,74.0,0.0,0,0,11000.0,1.0,10,110000,0,440000
1788000,0.0,0,0,1.0,1731.6,0.0,2,0.0592948717948717,1.0,0,23.4,1248.0,1,1,0,0,0,74.0,0.0,0,0,12416.666666666666,1.0,12,149000,0,475000
900000,0.0,0,1,1.0,2557.17,0.0,2,0.0660881174899866,1.0,0,25.83,1498.0,0,1,0,0,0,99.0,0.0,0,0,11111.111111111111,1.0,9,100000,0,515000
1040000,0.0,0,0,1.0,1909.2,0.0,2,0.0711538461538461,1.0,0,21.5,1248.0,1,4,0,0,0,88.8,0.0,0,0,6153.846153846154,1.0,13,80000,0,380000
1950000,0.0,1,0,1.0,1595.685,0.0,2,0.0655689102564102,1.0,0,19.5,1248.0,0,1,0,0,0,81.83,0.0,0,0,11538.46153846154,1.0,13,150000,0,405000
84000,0.0,0,0,0.0,1708.802,0.0,1,0.0683375104427736,1.0,0,20.89,1197.0,1,1,0,0,0,81.8,1.0,0,0,1714.2857142857142,1.0,7,12000,0,535000
560000,0.0,0,0,0.0,1606.404,0.0,1,0.0659147869674185,1.0,0,20.36,1197.0,0,2,0,0,0,78.9,1.0,1,0,2857.1428571428573,1.0,14,40000,0,215000
216000,0.0,0,0,0.0,1547.1539999999998,0.0,1,0.0683876357560568,1.0,0,18.9,1197.0,0,1,0,0,0,81.86,1.0,1,0,3375.0,1.0,8,27000,0,445000
1200000,0.0,0,0,0.0,1374.9904,0.0,2,0.0671743486973947,1.0,0,20.51,998.0,1,1,0,0,0,67.04,1.0,0,0,12000.0,1.0,10,120000,0,335000
539275,0.0,0,0,0.0,1122.01,0.0,1,0.0610367892976588,1.0,0,15.37,1196.0,1,1,0,0,0,73.0,1.0,0,0,4456.818181818182,1.0,11,49025,0,300000
990000,0.0,0,0,0.0,1605.8475,0.0,2,0.0671843687374749,1.0,0,23.95,998.0,1,2,0,0,0,67.05,1.0,0,0,8181.818181818182,1.0,11,90000,0,240000
810000,0.0,0,0,0.0,2002.56,0.0,2,0.0700583819849874,1.0,0,23.84,1199.0,0,1,0,0,0,84.0,1.0,0,0,10000.0,1.0,9,90000,1,300000
1440000,0.0,0,0,1.0,920.2,0.0,1,0.038323782234957,1.0,0,17.2,1396.0,0,3,0,0,0,53.5,0.0,0,0,4444.444444444444,1.0,18,80000,1,50000
630000,0.0,0,0,1.0,2150.55,0.0,2,0.0709134615384615,1.0,0,24.3,1248.0,1,1,0,0,0,88.5,0.0,0,0,7777.777777777777,1.0,9,70000,0,640000
455000,0.0,0,0,0.0,1501.5,0.0,1,0.0716791979949874,1.0,0,17.5,1197.0,1,1,0,0,0,85.8,1.0,0,0,2692.3076923076924,1.0,13,35000,0,350000
1440000,0.0,0,0,0.0,1638.78,0.0,2,0.0716791979949874,1.0,0,19.1,1197.0,1,1,0,0,0,85.8,1.0,0,0,10000.0,1.0,12,120000,0,385000
1200000,0.0,0,0,1.0,1731.6,0.0,2,0.0592948717948717,1.0,0,23.4,1248.0,1,2,0,0,0,74.0,0.0,0,0,8333.333333333334,1.0,12,100000,0,409999
960000,0.0,0,1,0.0,1545.3000000000002,0.0,1,0.0632832080200501,1.0,0,15.3,1596.0,0,3,0,0,0,101.0,1.0,0,0,3750.0,1.0,16,60000,0,210000
980000,0.0,0,1,1.0,1360.0,0.0,1,0.0486061472480343,1.0,0,20.0,1399.0,0,2,0,0,0,68.0,0.0,0,0,5000.0,1.0,14,70000,0,170000
1540000,0.0,0,0,1.0,2474.86,0.0,2,0.0658210947930574,1.0,0,25.1,1498.0,0,1,0,1,0,98.6,0.0,0,0,12727.272727272728,1.0,11,140000,0,650000
910000,0.0,0,0,0.0,912.11,0.0,2,0.0581658291457286,1.0,0,19.7,796.0,1,1,0,0,0,46.3,1.0,0,0,5384.615384615385,1.0,13,70000,0,145000
189000,0.0,0,0,1.0,1772.3200000000002,0.0,1,0.0587449933244325,1.0,0,20.14,1498.0,0,1,0,0,0,88.0,0.0,0,1,3857.142857142857,1.0,7,27000,0,681000
1730000,0.0,0,0,1.0,2474.86,0.0,3,0.0658210947930574,1.0,0,25.1,1498.0,0,1,0,1,0,98.6,0.0,0,0,17300.0,1.0,10,173000,0,635000
1200000,0.0,0,0,0.0,912.11,0.0,2,0.0581658291457286,1.0,0,19.7,796.0,1,2,0,0,0,46.3,1.0,0,0,5333.333333333333,1.0,15,80000,0,140000
774000,0.0,0,0,1.0,2563.6,0.0,2,0.0658210947930574,1.0,0,26.0,1498.0,0,3,0,1,0,98.6,0.0,0,0,9555.555555555557,1.0,9,86000,0,750000
800000,0.0,0,0,1.0,2563.6,0.0,2,0.0658210947930574,1.0,0,26.0,1498.0,0,2,0,1,0,98.6,0.0,0,0,8000.0,1.0,10,80000,0,611000
2160000,0.0,0,0,0.0,912.11,0.0,2,0.0581658291457286,1.0,0,19.7,796.0,1,3,0,0,0,46.3,1.0,0,0,6666.666666666667,1.0,18,120000,0,110000
1900000,0.0,0,0,0.0,1024.0,0.0,2,0.060320452403393,0.0,0,16.0,1061.0,1,2,0,0,0,64.0,1.0,0,0,5263.1578947368425,1.0,19,100000,0,100000
1320000,0.0,0,0,1.0,1650.2,0.0,2,0.0592948717948717,1.0,0,22.3,1248.0,0,1,0,0,0,74.0,0.0,0,0,10909.09090909091,1.0,11,120000,1,225000
2850000,0.0,0,0,1.0,1782.0,0.0,2,0.073677160080375,1.0,0,16.2,1493.0,0,3,0,0,0,110.0,0.0,1,0,12666.666666666666,1.0,15,190000,0,250000
910000,0.0,0,0,0.0,912.11,0.0,2,0.0581658291457286,1.0,0,19.7,796.0,1,1,0,0,0,46.3,1.0,0,0,5384.615384615385,1.0,13,70000,0,135000
1900000,0.0,0,0,0.0,912.11,0.0,2,0.0581658291457286,1.0,0,19.7,796.0,1,2,0,0,0,46.3,1.0,0,0,5263.1578947368425,1.0,19,100000,0,65000
1080000,0.0,0,0,0.0,1605.8475,0.0,2,0.0671843687374749,1.0,0,23.95,998.0,1,1,0,0,0,67.05,1.0,0,0,13333.333333333334,1.0,9,120000,0,260000
1320000,0.0,0,0,1.0,1731.6,0.0,2,0.0592948717948717,1.0,0,23.4,1248.0,1,2,0,0,0,74.0,0.0,0,0,10909.09090909091,1.0,11,120000,0,465000
1440000,0.0,0,0,0.0,1595.685,0.0,1,0.0655689102564102,1.0,0,19.5,1248.0,1,4,0,0,0,81.83,1.0,0,0,4444.444444444444,1.0,18,80000,0,150000
1296000,0.0,0,0,0.0,1360.0,0.0,2,0.0668337510442773,1.0,0,17.0,1197.0,0,4,0,0,0,80.0,1.0,1,0,5062.5,1.0,16,81000,0,200000
1260000,0.0,0,0,0.0,1476.84,0.0,2,0.0662218515429524,1.0,0,18.6,1199.0,0,2,0,0,0,79.4,1.0,0,0,6428.571428571428,1.0,14,90000,0,125000
520000,0.0,0,0,0.0,1476.84,0.0,1,0.0662218515429524,1.0,0,18.6,1199.0,0,2,0,0,0,79.4,1.0,0,0,3076.923076923077,1.0,13,40000,0,124000
1440000,0.0,0,0,0.0,999.09,0.0,1,0.0547359597652975,1.0,0,15.3,1193.0,0,3,0,0,0,65.3,1.0,0,0,4444.444444444444,1.0,18,80000,1,80000
500000,0.0,0,0,0.0,1499.68,0.0,1,0.0687239366138448,1.0,0,18.2,1199.0,0,1,0,0,0,82.4,1.0,0,0,5000.0,1.0,10,50000,0,200000
121500,0.0,0,0,0.0,2002.56,0.0,1,0.0700583819849874,1.0,0,23.84,1199.0,0,1,0,0,0,84.0,1.0,0,0,1500.0,1.0,9,13500,1,425000
342000,0.0,0,0,0.0,1168.31,0.0,1,0.0594221105527638,1.0,0,24.7,796.0,1,1,0,0,0,47.3,1.0,0,0,4222.222222222223,1.0,9,38000,0,300000
2850000,0.0,0,0,0.0,1268.1899999999998,0.0,2,0.0672344689378757,1.0,0,18.9,998.0,1,4,0,0,0,67.1,1.0,0,0,7894.736842105263,1.0,19,150000,0,80000
600000,0.0,0,0,1.0,1699.4900000000002,0.0,1,0.0616185897435897,1.0,0,22.1,1248.0,0,1,0,0,0,76.9,0.0,0,0,4166.666666666667,1.0,12,50000,0,295000
2040000,0.0,0,0,1.0,1317.21,0.0,2,0.0494269340974212,1.0,0,19.09,1396.0,0,3,0,0,0,69.0,0.0,0,0,7058.823529411765,1.0,17,120000,1,100000
1750000,0.0,0,1,1.0,1360.0,0.0,2,0.0486061472480343,1.0,0,20.0,1399.0,0,2,0,0,0,68.0,0.0,0,0,8928.57142857143,1.0,14,125000,0,180000
1430000,0.0,0,0,1.0,1352.0,0.0,2,0.0444900752908966,1.0,0,20.8,1461.0,0,2,0,0,1,65.0,0.0,0,0,8461.538461538461,1.0,13,110000,0,225000
200000,0.0,0,0,0.0,1164.72,0.0,1,0.0678132678132678,1.0,0,21.1,814.0,0,1,0,0,0,55.2,1.0,1,0,3125.0,1.0,8,25000,0,310000
300000,0.0,0,0,1.0,2563.6,0.0,1,0.0658210947930574,1.0,0,26.0,1498.0,0,1,0,1,0,98.6,0.0,0,0,3000.0,1.0,10,30000,0,625000
840000,0.0,0,0,0.0,1763.856,1.0,2,0.0626611418047882,1.0,0,25.92,1086.0,0,2,0,0,0,68.05,0.0,1,0,5833.333333333333,1.0,12,70000,0,275000
1320000,0.0,0,0,0.0,1348.0704999999998,0.0,2,0.0626611418047882,1.0,0,19.81,1086.0,0,2,0,0,0,68.05,1.0,1,0,9166.666666666666,1.0,12,110000,0,245000
880000,0.0,0,0,0.0,1164.72,0.0,2,0.0678132678132678,1.0,0,21.1,814.0,0,1,0,0,0,55.2,1.0,1,0,7272.727272727273,1.0,11,80000,0,250000
836000,0.0,0,0,1.0,2543.88,0.0,2,0.0658210947930574,1.0,0,25.8,1498.0,0,1,0,1,0,98.6,0.0,0,0,6909.090909090909,1.0,11,76000,0,450000
2700000,0.0,0,0,1.0,920.2,0.0,2,0.038323782234957,1.0,0,17.2,1396.0,0,2,0,0,0,53.5,0.0,0,0,8333.333333333334,1.0,18,150000,1,85000
360000,0.0,0,0,0.0,1522.038,0.0,1,0.0683625730994152,1.0,0,18.6,1197.0,0,1,0,0,0,81.83,1.0,1,0,4444.444444444444,1.0,9,40000,0,550000
1100000,0.0,0,1,1.0,2244.8943,0.0,2,0.0658144192256341,1.0,0,22.77,1498.0,0,1,0,0,0,98.59,0.0,0,0,11000.0,1.0,10,110000,0,551000
360000,0.0,0,0,0.0,1648.6604,0.0,2,0.0683876357560568,1.0,0,20.14,1197.0,0,1,0,0,0,81.86,1.0,1,0,10000.0,1.0,6,60000,0,500000
105000,0.0,0,0,0.0,1543.2600000000002,0.0,1,0.0723706176961602,1.0,0,17.8,1198.0,0,1,0,1,0,86.7,1.0,0,0,2142.8571428571427,1.0,7,15000,0,585000
1440000,0.0,0,0,0.0,1532.932,0.0,2,0.0626755852842809,1.0,0,16.36,1495.0,0,1,0,0,0,93.7,1.0,1,0,10000.0,1.0,12,120000,0,172000
192000,0.0,0,0,1.0,1882.32,0.0,1,0.0659025787965616,1.0,0,27.28,1047.0,0,2,0,0,0,69.0,0.0,0,0,3000.0,1.0,8,24000,1,350000
371000,0.0,0,1,1.0,2276.08,0.0,2,0.0660614152202937,1.0,0,23.0,1498.0,0,1,0,0,0,98.96,0.0,0,0,7571.428571428572,1.0,7,53000,0,700000
560000,0.0,0,0,0.0,912.11,0.0,1,0.0581658291457286,1.0,0,19.7,796.0,1,3,0,0,0,46.3,1.0,0,0,2857.1428571428573,1.0,14,40000,0,148000
426330,0.0,0,0,0.0,1865.9970000000003,0.0,2,0.0526755852842809,1.0,0,29.619000000000003,1196.0,1,1,0,0,0,63.0,0.0,0,0,5263.333333333333,1.0,9,47370,0,330000
2160000,0.0,0,0,1.0,1234.2,0.0,2,0.0348101265822784,1.0,0,18.7,1896.0,0,2,0,0,1,66.0,0.0,0,0,6666.666666666667,1.0,18,120000,0,110000
1000000,0.0,0,0,1.0,1863.288,0.0,2,0.0592467948717948,1.0,0,25.2,1248.0,1,1,0,0,0,73.94,0.0,0,0,10000.0,1.0,10,100000,0,450000
1274000,0.0,0,0,0.0,1606.404,0.0,2,0.0659147869674185,1.0,0,20.36,1197.0,0,2,0,0,0,78.9,1.0,1,0,6500.0,1.0,14,91000,0,200000
960000,0.0,0,0,1.0,1715.408,0.0,2,0.0592467948717948,1.0,0,23.2,1248.0,1,1,0,0,0,73.94,0.0,0,0,6666.666666666667,1.0,12,80000,0,245000
720000,0.0,0,0,0.0,1827.4923000000003,0.0,2,0.0515886287625418,1.0,0,29.619000000000003,1196.0,1,1,0,0,0,61.7,0.0,0,0,8888.888888888889,1.0,9,80000,0,320000
1870000,0.0,0,0,0.0,1675.08,0.0,2,0.062876254180602,1.0,0,17.82,1495.0,0,3,0,0,0,94.0,0.0,1,0,6470.588235294118,1.0,17,110000,0,120000
406953,0.0,0,1,1.0,2557.17,0.0,2,0.0660881174899866,1.0,0,25.83,1498.0,0,1,0,0,0,99.0,0.0,0,0,5024.111111111111,0.0,9,45217,0,400000
1596000,0.0,0,0,1.0,1522.5,0.0,2,0.0600961538461538,1.0,0,20.3,1248.0,0,1,0,0,1,75.0,0.0,0,0,11083.333333333334,1.0,12,133000,0,300000
1638000,0.0,0,0,1.0,1522.5,0.0,2,0.0600961538461538,1.0,0,20.3,1248.0,0,2,0,0,1,75.0,0.0,0,0,8357.142857142857,1.0,14,117000,0,220000
490000,0.0,0,0,0.0,2006.0,0.0,1,0.0788243152972612,1.0,0,17.0,1497.0,0,1,0,1,0,118.0,1.0,0,0,2500.0,1.0,14,35000,0,500000
1540000,0.0,0,0,0.0,1240.8,0.0,1,0.062876254180602,1.0,0,13.2,1495.0,0,2,0,0,0,94.0,1.0,1,0,3181.818181818182,1.0,22,70000,0,59000
840000,0.0,0,0,0.0,912.11,0.0,1,0.0581658291457286,1.0,0,19.7,796.0,1,3,0,0,0,46.3,1.0,0,0,4285.714285714285,1.0,14,60000,0,130000
1080000,0.0,0,0,0.0,1198.8,0.0,2,0.0617180984153461,1.0,0,16.2,1199.0,0,2,0,0,0,74.0,1.0,0,1,13333.333333333334,1.0,9,120000,0,375000
2608000,0.0,0,1,1.0,1595.685,0.0,2,0.0655689102564102,1.0,0,19.5,1248.0,0,1,0,0,0,81.83,0.0,0,0,10187.5,0.0,16,163000,0,180000
1440000,0.0,0,0,1.0,1715.408,0.0,2,0.0592467948717948,1.0,0,23.2,1248.0,1,1,0,0,0,73.94,0.0,0,0,10000.0,1.0,12,120000,0,295000
2240000,0.0,0,0,1.0,1595.685,0.0,2,0.0655689102564102,1.0,0,19.5,1248.0,1,1,0,0,0,81.83,0.0,0,0,11428.57142857143,1.0,14,160000,0,350000
160000,0.0,0,0,0.0,1799.6,0.0,1,0.0683375104427736,1.0,0,22.0,1197.0,1,1,0,0,0,81.8,1.0,0,0,2500.0,1.0,8,20000,0,509999
270000,0.0,0,0,0.0,1549.8,0.0,1,0.0685045948203842,1.0,0,18.9,1197.0,0,2,0,0,0,82.0,1.0,1,0,3333.333333333333,1.0,9,30000,0,370000
800000,0.0,0,0,0.0,1595.685,0.0,1,0.0655689102564102,1.0,0,19.5,1248.0,1,1,0,0,0,81.83,1.0,0,0,3125.0,1.0,16,50000,0,180000
200000,0.0,0,0,0.0,1348.0704999999998,0.0,1,0.0626611418047882,1.0,0,19.81,1086.0,0,1,0,0,0,68.05,1.0,1,0,2000.0,1.0,10,20000,0,350000
140000,0.0,0,0,0.0,1541.67,0.0,1,0.067067067067067,1.0,0,23.01,999.0,0,1,1,0,0,67.0,1.0,0,0,2857.1428571428573,1.0,7,20000,0,395000
1560000,0.0,0,0,1.0,2127.944,0.0,2,0.0648310387984981,1.0,0,20.54,1598.0,0,2,0,0,0,103.6,0.0,0,1,9230.76923076923,1.0,13,120000,0,280000
1365000,0.0,0,0,0.0,2006.0,0.0,2,0.0788243152972612,1.0,0,17.0,1497.0,0,2,0,1,0,118.0,1.0,0,0,6066.666666666667,1.0,15,91000,0,310000
670000,0.0,0,0,1.0,1870.68,0.0,2,0.0734775641025641,1.0,0,20.4,1248.0,0,1,0,0,1,91.7,0.0,0,0,6700.0,1.0,10,67000,0,375000
400000,0.0,0,0,0.0,1549.8,0.0,1,0.0685045948203842,1.0,0,18.9,1197.0,0,1,0,0,0,82.0,1.0,1,0,4000.0,1.0,10,40000,0,500000
1200000,0.0,0,0,1.0,1715.408,0.0,2,0.0592467948717948,1.0,0,23.2,1248.0,1,2,0,0,0,73.94,0.0,0,0,8333.333333333334,1.0,12,100000,0,300000
2040000,0.0,0,0,0.0,1380.6,0.0,2,0.0521042084168336,1.0,0,17.7,1497.0,0,2,0,1,0,78.0,1.0,0,0,7058.823529411765,1.0,17,120000,0,155000
2220000,0.0,0,0,1.0,1731.6,0.0,3,0.0592948717948717,1.0,0,23.4,1248.0,1,1,0,0,0,74.0,0.0,0,0,15416.666666666666,1.0,12,185000,0,350000
800000,0.0,0,0,1.0,1680.0,0.0,2,0.0625,1.0,0,24.0,1120.0,0,3,0,0,0,70.0,0.0,1,0,8000.0,1.0,10,80000,0,350000
25000,0.0,0,0,0.0,1844.5,0.0,1,0.090567612687813,1.0,0,17.0,1198.0,0,1,0,0,0,108.5,1.0,0,0,1000.0,1.0,5,5000,1,537000
60000,0.0,0,0,0.0,1408.5,0.0,1,0.075075075075075,1.0,0,18.78,999.0,0,1,0,0,0,75.0,1.0,0,1,1666.6666666666667,1.0,6,10000,0,585000
1380000,0.0,0,0,0.0,1595.685,0.0,1,0.0655689102564102,1.0,0,19.5,1248.0,0,1,0,0,0,81.83,1.0,1,0,2608.695652173913,1.0,23,60000,0,56000
114000,0.0,0,0,0.0,1522.596,0.0,1,0.0683876357560568,1.0,0,18.6,1197.0,0,1,0,0,0,81.86,1.0,1,0,3166.6666666666665,1.0,6,19000,0,700000
316800,0.0,0,0,0.0,1522.038,0.0,1,0.0683625730994152,1.0,0,18.6,1197.0,0,1,0,0,0,81.83,1.0,1,0,2618.181818181818,0.0,11,28800,0,484999
153300,0.0,0,0,0.0,1103.0146,0.0,1,0.0666583229036295,1.0,0,20.71,799.0,0,1,1,0,0,53.26,1.0,0,0,3128.5714285714284,0.0,7,21900,0,360000
1210000,0.0,0,0,1.0,2563.6,0.0,2,0.0658210947930574,1.0,0,26.0,1498.0,0,2,0,1,0,98.6,0.0,0,0,10000.0,1.0,11,110000,0,550000
900000,0.0,0,0,1.0,1999.9742,0.0,2,0.0635601719197707,1.0,0,22.54,1396.0,0,1,0,0,0,88.73,0.0,1,0,11111.111111111111,1.0,9,100000,0,700000
46038,0.0,0,0,1.0,2102.168,0.0,1,0.0593108974358974,0.0,0,28.4,1248.0,1,1,0,0,0,74.02,0.0,0,0,1278.8333333333333,1.0,6,7673,0,825000
1700000,0.0,0,0,0.0,1266.3,0.0,2,0.063147973609802,1.0,0,18.9,1061.0,1,2,0,0,0,67.0,1.0,0,0,5882.35294117647,1.0,17,100000,0,114999
1200000,0.0,0,0,0.0,1350.0,0.0,1,0.0657894736842105,1.0,0,15.0,1368.0,0,2,0,0,0,90.0,1.0,0,0,4687.5,1.0,16,75000,1,150000
350000,0.0,0,0,1.0,2102.168,0.0,2,0.0593108974358974,0.0,0,28.4,1248.0,1,1,0,0,0,74.02,0.0,0,0,7142.857142857143,1.0,7,50000,0,851000
440000,0.0,0,0,0.0,1838.865,0.0,1,0.0755730659025788,1.0,0,17.43,1396.0,0,1,0,0,0,105.5,1.0,1,0,3636.363636363637,1.0,11,40000,0,550000
1300000,0.0,0,0,0.0,1480.0,0.0,2,0.0668337510442773,1.0,0,18.5,1197.0,0,2,0,0,0,80.0,1.0,1,0,7692.307692307692,1.0,13,100000,0,265000
1155264,0.0,0,0,1.0,1465.344,0.0,2,0.0615384615384615,1.0,0,25.44,936.0,0,1,0,0,0,57.6,0.0,0,0,8022.666666666667,1.0,12,96272,0,210000
225000,0.0,0,0,0.0,1374.9904,0.0,1,0.0671743486973947,1.0,0,20.51,998.0,1,1,0,0,0,67.04,1.0,0,0,2250.0,1.0,10,22500,0,400000
37000,0.0,0,0,1.0,2150.55,0.0,1,0.0709134615384615,0.0,0,24.3,1248.0,1,1,0,0,0,88.5,0.0,0,0,1480.0,1.0,5,7400,0,925000
980000,0.0,0,0,0.0,1501.5,0.0,1,0.0661016949152542,1.0,0,17.5,1298.0,1,3,0,0,0,85.8,1.0,0,0,5000.0,1.0,14,70000,0,275000
1072000,0.0,0,0,0.0,1266.3,0.0,1,0.063147973609802,1.0,0,18.9,1061.0,1,1,0,0,0,67.0,1.0,0,0,4187.5,1.0,16,67000,0,175000
1760000,0.0,0,1,1.0,1203.6,0.0,2,0.0486061472480343,1.0,0,17.7,1399.0,0,3,0,0,0,68.0,0.0,0,0,6875.0,1.0,16,110000,0,155000
2275000,0.0,0,0,1.0,1909.2,0.0,2,0.0711538461538461,1.0,0,21.5,1248.0,1,2,0,0,0,88.8,0.0,0,0,13461.53846153846,1.0,13,175000,0,325000
2040000,0.0,0,0,1.0,1225.0,0.0,2,0.0501432664756446,1.0,0,17.5,1396.0,0,3,0,0,0,70.0,0.0,0,0,7058.823529411765,1.0,17,120000,1,50000
120000,0.0,0,0,1.0,1704.3,0.0,1,0.0659025787965616,1.0,0,24.7,1047.0,0,1,0,0,0,69.0,0.0,0,0,1875.0,1.0,8,15000,1,597000
210000,0.0,0,0,0.0,1610.6799999999998,0.0,1,0.067067067067067,0.0,0,24.04,999.0,0,2,1,0,0,67.0,1.0,0,0,4285.714285714285,1.0,7,30000,0,400000
2400000,0.0,0,0,1.0,1335.0,0.0,2,0.0600961538461538,1.0,0,17.8,1248.0,1,1,0,0,0,75.0,0.0,0,0,9375.0,1.0,16,150000,0,300000
1000000,0.0,0,0,1.0,1864.8,0.0,2,0.0592948717948717,1.0,0,25.2,1248.0,1,2,0,0,0,74.0,0.0,0,0,10000.0,1.0,10,100000,0,573000
980000,0.0,0,0,0.0,1403.732,0.0,1,0.0672344689378757,1.0,0,20.92,998.0,1,1,0,0,0,67.1,1.0,0,0,5000.0,1.0,14,70000,0,180000
2310000,0.0,0,0,0.0,1353.6,0.0,2,0.0587867417135709,1.0,0,14.4,1599.0,0,2,0,0,0,94.0,1.0,1,0,5238.095238095239,1.0,21,110000,0,110000
990000,0.0,0,0,1.0,1694.6,0.0,2,0.0592948717948717,1.0,0,22.9,1248.0,1,2,0,0,0,74.0,0.0,0,0,8181.818181818182,1.0,11,90000,0,390000
1540000,0.0,0,0,0.0,912.11,0.0,2,0.0581658291457286,1.0,0,19.7,796.0,1,4,0,0,0,46.3,1.0,0,0,7857.142857142857,1.0,14,110000,0,122000
520000,0.0,0,0,1.0,2070.0,0.0,1,0.0644699140401146,1.0,0,23.0,1396.0,0,2,0,0,0,90.0,0.0,1,0,3076.923076923077,1.0,13,40000,0,330000
1400000,0.0,0,0,0.0,1606.404,0.0,2,0.0659147869674185,1.0,0,20.36,1197.0,0,3,0,0,0,78.9,1.0,1,0,7142.857142857143,1.0,14,100000,0,215000
1200000,0.0,0,0,0.0,1266.3,0.0,1,0.063147973609802,1.0,0,18.9,1061.0,1,3,0,0,0,67.0,1.0,0,0,4687.5,1.0,16,75000,0,150000
505560,0.0,0,0,0.0,1164.72,0.0,1,0.0678132678132678,1.0,0,21.1,814.0,0,1,0,0,0,55.2,1.0,1,0,3510.833333333333,1.0,12,42130,0,250000
795000,0.0,0,0,0.0,1810.38,0.0,1,0.0716791979949874,1.0,0,21.1,1197.0,1,2,0,0,0,85.8,1.0,0,0,3533.333333333333,1.0,15,53000,0,180000
2014000,0.0,0,0,0.0,1038.0,0.0,2,0.0604229607250755,1.0,0,17.3,993.0,1,2,0,0,0,60.0,1.0,0,0,5578.9473684210525,1.0,19,106000,0,150000
60000,0.0,0,0,0.0,1718.6180000000002,0.0,1,0.0683375104427736,1.0,0,21.01,1197.0,1,1,0,0,0,81.8,1.0,0,0,1666.6666666666667,1.0,6,10000,0,556000
333000,0.0,0,0,0.0,1733.469,0.0,1,0.0694569757727652,1.0,0,20.85,1197.0,1,1,0,0,0,83.14,1.0,0,0,4111.111111111111,1.0,9,37000,0,550000
280000,0.0,1,0,0.0,1397.3190000000002,0.0,1,0.0659147869674185,1.0,0,17.71,1197.0,0,1,0,0,0,78.9,1.0,0,0,4375.0,1.0,8,35000,0,549000
450000,0.0,0,0,0.0,1522.038,0.0,2,0.0683625730994152,1.0,0,18.6,1197.0,0,1,0,0,0,81.83,1.0,1,0,5555.555555555556,1.0,9,50000,0,630000
1190000,0.0,0,0,0.0,1595.685,0.0,2,0.0655689102564102,1.0,0,19.5,1248.0,1,1,0,0,0,81.83,1.0,0,0,6071.428571428572,1.0,14,85000,0,320000
568000,0.0,0,0,1.0,2026.86,0.0,2,0.0592948717948717,1.0,0,27.39,1248.0,1,1,0,0,0,74.0,0.0,0,0,8875.0,1.0,8,71000,0,680000
400000,0.0,0,0,1.0,2506.24,0.0,2,0.0653538050734312,1.0,0,25.6,1498.0,0,1,0,1,0,97.9,0.0,0,0,6250.0,1.0,8,50000,0,1050000
570000,0.0,0,0,1.0,2040.1,0.0,2,0.0710737179487179,1.0,0,23.0,1248.0,0,1,0,0,0,88.7,0.0,0,0,5700.0,1.0,10,57000,1,450000
645000,0.0,0,0,0.0,1268.1899999999998,0.0,1,0.0672344689378757,1.0,0,18.9,998.0,1,1,0,0,0,67.1,1.0,0,0,2866.6666666666665,1.0,15,43000,0,210000
660000,0.0,0,0,1.0,1731.6,0.0,2,0.0592948717948717,1.0,0,23.4,1248.0,1,1,0,0,0,74.0,0.0,0,0,5454.545454545455,1.0,11,60000,0,470000
660000,0.0,0,0,0.0,1638.78,0.0,2,0.0716791979949874,1.0,0,19.1,1197.0,1,1,0,0,0,85.8,1.0,0,0,5454.545454545455,1.0,11,60000,0,470000
400000,0.0,0,0,1.0,1999.9742,0.0,1,0.0635601719197707,1.0,0,22.54,1396.0,0,1,0,0,0,88.73,0.0,1,0,4000.0,1.0,10,40000,0,550000
840000,0.0,0,0,0.0,1255.9,0.0,1,0.0662324649298597,1.0,0,19.0,998.0,1,1,0,0,0,66.1,1.0,0,0,4285.714285714285,1.0,14,60000,0,204999
300000,0.0,0,0,0.0,2111.4,0.0,1,0.0783567134268537,0.0,0,18.0,1497.0,0,1,0,1,0,117.3,1.0,0,0,3000.0,1.0,10,30000,0,950000
1600000,0.0,0,0,1.0,1999.9742,0.0,3,0.0635601719197707,1.0,0,22.54,1396.0,0,2,0,0,0,88.73,0.0,1,0,16000.0,1.0,10,160000,0,550000
1080000,0.0,0,0,1.0,1630.9730000000002,0.0,2,0.0616346955796497,1.0,0,22.07,1199.0,0,3,0,0,0,73.9,0.0,0,1,7500.0,1.0,12,90000,0,280000
700000,0.0,0,0,1.0,2485.965,0.0,2,0.0709134615384615,1.0,0,28.09,1248.0,1,2,0,0,0,88.5,0.0,0,0,7000.0,1.0,10,70000,0,630000
1260000,0.0,0,0,0.0,1380.6,0.0,1,0.0521042084168336,1.0,0,17.7,1497.0,0,1,0,1,0,78.0,1.0,0,0,3888.8888888888887,1.0,18,70000,0,220000
900000,0.0,0,0,0.0,1164.72,0.0,2,0.0678132678132678,1.0,0,21.1,814.0,0,2,0,0,0,55.2,1.0,1,0,6250.0,1.0,12,75000,0,225000
1275000,0.0,0,0,0.0,2006.0,0.0,2,0.0788243152972612,1.0,0,17.0,1497.0,0,2,0,1,0,118.0,1.0,0,0,5666.666666666667,1.0,15,85000,0,380000
910000,0.0,0,0,1.0,1426.2700000000002,0.0,2,0.0592147435897435,1.0,0,19.3,1248.0,1,3,0,0,0,73.9,0.0,0,0,5384.615384615385,1.0,13,70000,0,380000
232000,0.0,0,0,1.0,2386.8900000000003,0.0,1,0.0724265687583444,1.0,0,22.0,1498.0,0,1,0,0,0,108.495,0.0,0,1,3625.0,1.0,8,29000,0,600000
1380000,0.0,0,1,1.0,2244.8943,0.0,2,0.0658144192256341,1.0,0,22.77,1498.0,0,1,0,0,0,98.59,0.0,0,0,13800.0,1.0,10,138000,0,550000
630000,0.0,0,0,1.0,1864.8,0.0,2,0.0592948717948717,1.0,0,25.2,1248.0,1,1,0,0,0,74.0,0.0,0,0,7777.777777777777,1.0,9,70000,0,600000
180000,0.0,0,0,0.0,1458.0,0.0,1,0.075075075075075,1.0,0,19.44,999.0,0,2,0,0,0,75.0,1.0,0,1,5000.0,1.0,6,30000,0,550000
1200000,0.0,0,0,1.0,2563.6,0.0,2,0.0658210947930574,1.0,0,26.0,1498.0,0,2,0,1,0,98.6,0.0,0,0,12000.0,1.0,10,120000,0,615000
2160000,0.0,0,0,1.0,1731.6,0.0,2,0.0592948717948717,1.0,0,23.4,1248.0,1,2,0,0,0,74.0,0.0,0,0,15000.0,1.0,12,180000,0,385000
200000,0.0,0,0,0.0,1558.459,0.0,1,0.0743503772003352,1.0,0,17.57,1193.0,0,1,0,0,0,88.7,1.0,0,0,2000.0,1.0,10,20000,1,500000
1040000,0.0,0,0,1.0,1665.106,0.0,2,0.0573579739904175,1.0,0,19.87,1461.0,0,1,1,0,0,83.8,0.0,0,0,6153.846153846154,1.0,13,80000,0,450000
320000,0.0,1,0,1.0,1581.7095,0.0,1,0.0491568914956011,1.0,0,23.59,1364.0,0,1,0,0,0,67.05,0.0,0,0,5000.0,1.0,8,40000,0,550000
210000,0.0,0,0,0.0,1552.25,0.0,1,0.0739783152627189,1.0,0,17.5,1199.0,0,1,0,1,0,88.7,1.0,0,0,4285.714285714285,1.0,7,30000,0,780000
880000,0.0,0,1,1.0,2244.6475,0.0,2,0.0599132176234979,1.0,0,25.01,1498.0,0,1,0,0,0,89.75,0.0,0,0,7272.727272727273,1.0,11,80000,0,500000
200000,0.0,0,0,0.0,1605.8475,0.0,1,0.0671843687374749,1.0,0,23.95,998.0,1,1,0,0,0,67.05,1.0,0,0,3125.0,1.0,8,25000,0,335000
160000,0.0,0,0,1.0,2102.168,0.0,1,0.0593108974358974,1.0,0,28.4,1248.0,1,1,0,0,0,74.02,0.0,0,0,2500.0,1.0,8,20000,0,755000
240000,0.0,0,0,0.0,1164.72,0.0,1,0.0678132678132678,1.0,0,21.1,814.0,0,1,0,0,0,55.2,1.0,1,0,3750.0,1.0,8,30000,0,340000
840000,0.0,0,0,1.0,1630.9730000000002,0.0,2,0.0616346955796497,1.0,0,22.07,1199.0,0,2,0,0,0,73.9,0.0,0,1,5833.333333333333,1.0,12,70000,0,350000
280000,0.0,0,0,0.0,1799.6,0.0,2,0.0683375104427736,1.0,0,22.0,1197.0,1,1,0,0,0,81.8,1.0,0,0,5714.285714285715,1.0,7,40000,0,695000
400000,0.0,0,0,0.0,1075.602,0.0,1,0.0594221105527638,1.0,0,22.74,796.0,1,1,0,0,0,47.3,1.0,0,0,4000.0,1.0,10,40000,0,270000
1080000,0.0,0,0,1.0,1864.8,0.0,2,0.0592948717948717,1.0,0,25.2,1248.0,1,1,0,0,0,74.0,0.0,0,0,13333.333333333334,1.0,9,120000,0,590000
960000,0.0,0,0,0.0,1734.978,0.0,2,0.0683375104427736,0.0,0,21.21,1197.0,1,1,0,0,0,81.8,1.0,0,0,15000.0,1.0,8,120000,0,635000
871000,0.0,0,0,1.0,1456.8095999999998,0.0,2,0.0432032854209445,1.0,0,23.08,1461.0,0,2,1,0,0,63.12,0.0,0,0,5153.846153846154,1.0,13,67000,0,265000
550000,0.0,0,0,1.0,1731.6,0.0,1,0.0592948717948717,1.0,0,23.4,1248.0,1,1,0,0,0,74.0,0.0,0,0,4545.454545454545,1.0,11,50000,0,600000
800000,0.0,1,0,1.0,1581.7095,0.0,2,0.0491568914956011,1.0,0,23.59,1364.0,0,2,0,0,0,67.05,0.0,0,0,8000.0,1.0,10,80000,0,525000
700000,0.0,0,1,1.0,1258.0,0.0,1,0.0486061472480343,1.0,0,18.5,1399.0,0,1,0,0,0,68.0,0.0,0,0,3571.428571428572,1.0,14,50000,0,150000
1260000,0.0,0,0,0.0,1351.5,0.0,1,0.0654853620955315,1.0,0,15.9,1298.0,1,3,0,0,0,85.0,1.0,0,0,3888.8888888888887,1.0,18,70000,0,55000
980000,0.0,0,0,0.0,490.0,0.0,1,0.0439698492462311,1.0,0,14.0,796.0,1,2,0,0,0,35.0,1.0,0,0,5000.0,1.0,14,70000,0,130000
400000,0.0,0,0,1.0,2150.55,0.0,2,0.0709134615384615,1.0,0,24.3,1248.0,1,1,0,0,0,88.5,0.0,0,0,6250.0,1.0,8,50000,0,925000
52500,0.0,0,0,1.0,2485.965,0.0,1,0.0709134615384615,1.0,0,28.09,1248.0,1,1,0,0,0,88.5,0.0,0,0,1071.428571428571,1.0,7,7500,0,950000
420000,0.0,0,0,0.0,1595.88,0.0,1,0.0716791979949874,1.0,0,18.6,1197.0,1,2,0,0,0,85.8,1.0,0,0,2916.6666666666665,1.0,12,35000,0,450000
1136000,0.0,0,0,0.0,1368.5000000000002,0.0,1,0.0710108604845446,1.0,0,16.1,1197.0,1,1,0,0,0,85.0,1.0,0,0,4437.5,1.0,16,71000,0,229999
240000,0.0,0,0,0.0,1605.8475,0.0,1,0.0671843687374749,1.0,0,23.95,998.0,1,1,0,0,0,67.05,1.0,0,0,3750.0,1.0,8,30000,0,300000
650000,0.0,0,0,0.0,912.11,0.0,1,0.0581658291457286,1.0,0,19.7,796.0,1,2,0,0,0,46.3,1.0,0,0,3846.153846153846,1.0,13,50000,0,200000
1260000,0.0,0,0,0.0,1354.5,0.0,2,0.0626043405676126,1.0,1,18.06,1198.0,0,2,0,0,0,75.0,1.0,0,0,6428.571428571428,1.0,14,90000,0,235000
104000,0.0,0,0,0.0,1522.038,0.0,1,0.0683625730994152,1.0,0,18.6,1197.0,0,1,0,0,0,81.83,1.0,1,0,1625.0,1.0,8,13000,0,666000
1680000,0.0,0,0,0.0,1595.685,0.0,1,0.0655689102564102,1.0,0,19.5,1248.0,0,3,0,0,0,81.83,1.0,1,0,3809.5238095238096,1.0,21,80000,0,85000
210000,0.0,0,0,1.0,2514.3,0.0,1,0.0658210947930574,1.0,0,25.5,1498.0,0,1,0,1,0,98.6,0.0,0,0,4285.714285714285,1.0,7,30000,0,834000
1800000,0.0,0,0,1.0,1335.0,0.0,2,0.0600961538461538,1.0,0,17.8,1248.0,1,2,0,0,0,75.0,0.0,0,0,8000.0,1.0,15,120000,0,360000
770000,0.0,0,0,0.0,1164.72,0.0,2,0.0678132678132678,1.0,0,21.1,814.0,0,1,0,0,0,55.2,1.0,1,0,6363.636363636364,1.0,11,70000,0,240000
2220000,0.0,0,0,1.0,1317.21,0.0,2,0.0494269340974212,1.0,0,19.09,1396.0,0,2,0,0,0,69.0,0.0,0,0,9866.666666666666,1.0,15,148000,1,135000
1170000,0.0,0,0,1.0,2121.75,0.0,2,0.0647684605757196,1.0,0,20.5,1598.0,0,1,0,0,1,103.5,0.0,0,0,6923.076923076923,1.0,13,90000,0,425000
1400000,0.0,0,0,0.0,1476.84,0.0,2,0.0662218515429524,1.0,0,18.6,1199.0,0,3,0,0,0,79.4,1.0,0,0,7142.857142857143,1.0,14,100000,0,150000
440000,0.0,0,0,0.0,1164.72,0.0,1,0.0678132678132678,1.0,0,21.1,814.0,0,1,0,0,0,55.2,1.0,1,0,3636.363636363637,1.0,11,40000,0,215000
385000,0.0,0,0,0.0,1382.21,0.0,1,0.0559265442404006,1.0,0,20.63,1198.0,0,1,0,0,1,67.0,1.0,0,0,3181.818181818182,1.0,11,35000,0,225000
160000,0.0,0,0,0.0,1541.67,0.0,1,0.067067067067067,1.0,0,23.01,999.0,0,1,1,0,0,67.0,1.0,0,0,2500.0,1.0,8,20000,0,330000
594473,0.0,0,0,0.0,1547.1539999999998,0.0,1,0.0683876357560568,0.0,0,18.9,1197.0,0,1,0,0,0,81.86,1.0,1,0,4913.0,0.0,11,54043,0,374000
378000,0.0,0,0,1.0,1317.4009,0.0,1,0.0491174377224199,1.0,0,19.09,1405.0,0,2,0,0,0,69.01,0.0,0,0,4666.666666666667,1.0,9,42000,1,390000
426984,0.0,0,0,0.0,1532.725,0.0,1,0.0692147034252297,1.0,0,18.5,1197.0,0,1,0,0,0,82.85,1.0,1,0,2965.1666666666665,0.0,12,35582,0,455999
651924,0.0,0,0,0.0,1781.9199999999998,0.0,1,0.0865497076023391,0.0,0,17.2,1197.0,0,2,0,0,0,103.6,1.0,0,1,4527.25,0.0,12,54327,0,453000
71541,0.0,0,0,0.0,1253.75,0.0,1,0.0615609348914858,1.0,0,17.0,1198.0,0,1,0,0,0,73.75,1.0,0,1,883.2222222222222,0.0,9,7949,0,579000
896010,0.0,0,0,0.0,1337.355,0.0,1,0.0659147869674185,0.0,0,16.95,1197.0,0,1,0,0,0,78.9,1.0,1,0,3982.266666666667,0.0,15,59734,0,258000
639405,0.0,0,0,0.0,1955.52,0.0,1,0.077755511022044,1.0,0,16.8,1497.0,0,1,0,1,0,116.4,1.0,0,0,3783.4615384615386,0.0,13,49185,0,428000
789446,0.0,0,0,0.0,1606.404,0.0,1,0.0659147869674185,1.0,0,20.36,1197.0,0,1,0,0,0,78.9,1.0,1,0,4027.785714285714,0.0,14,56389,0,262000
698940,0.0,0,0,0.0,1217.133,0.0,1,0.061686143572621,1.0,0,16.47,1198.0,0,1,0,0,0,73.9,1.0,0,1,4853.75,0.0,12,58245,0,389000
364220,0.0,0,0,0.0,1383.0,0.0,1,0.0626043405676126,1.0,1,18.44,1198.0,0,1,0,0,0,75.0,1.0,0,0,3642.2,0.0,10,36422,0,346000
595490,0.0,0,0,0.0,1482.9599999999998,0.0,1,0.0741235392320534,1.0,0,16.7,1198.0,0,1,0,1,0,88.8,1.0,0,0,3038.214285714286,0.0,14,42535,0,339000
570304,0.0,0,0,0.0,1337.355,0.0,1,0.0659147869674185,0.0,0,16.95,1197.0,0,1,0,0,0,78.9,1.0,1,0,2909.714285714286,0.0,14,40736,0,272000
731198,0.0,0,0,0.0,1595.88,0.0,1,0.0716791979949874,1.0,0,18.6,1197.0,1,1,0,0,0,85.8,1.0,0,0,4326.615384615385,0.0,13,56246,0,369000
775642,0.0,0,0,0.0,1595.88,0.0,1,0.0716791979949874,1.0,0,18.6,1197.0,1,1,0,0,0,85.8,1.0,0,0,3957.357142857143,0.0,14,55403,0,277000
210000,0.0,0,0,0.0,1705.2,0.0,1,0.0700583819849874,1.0,0,20.3,1199.0,0,1,0,0,0,84.0,1.0,0,0,4285.714285714285,1.0,7,30000,1,535000
670000,0.0,0,0,0.0,1605.8475,0.0,2,0.0671843687374749,1.0,0,23.95,998.0,1,1,0,0,0,67.05,1.0,0,0,6700.0,1.0,10,67000,0,265000
990000,0.0,0,0,1.0,1680.0,0.0,2,0.0625,1.0,0,24.0,1120.0,0,2,0,0,0,70.0,0.0,1,0,8181.818181818182,1.0,11,90000,0,459999
45000,0.0,0,0,0.0,1522.596,0.0,1,0.0683876357560568,1.0,0,18.6,1197.0,0,1,0,0,0,81.86,1.0,1,0,1250.0,1.0,6,7500,0,667000
2418000,0.0,0,0,1.0,1649.9,0.0,2,0.0501432664756446,1.0,0,23.57,1396.0,0,1,0,0,0,70.0,0.0,0,0,14307.692307692309,1.0,13,186000,1,229999
990000,0.0,0,0,1.0,1725.0,0.0,2,0.0494269340974212,1.0,0,25.0,1396.0,0,2,0,0,0,69.0,0.0,0,0,12222.222222222224,1.0,9,110000,1,200000
2400000,0.0,0,1,1.0,1210.4,0.0,2,0.0486061472480343,1.0,0,17.8,1399.0,0,3,0,0,0,68.0,0.0,0,0,6000.0,1.0,20,120000,0,150000
1369654,0.0,0,1,1.0,1192.6,0.0,2,0.0478913509649749,1.0,0,17.8,1399.0,0,3,0,0,0,67.0,0.0,0,0,8104.461538461538,1.0,13,105358,0,280000
770000,0.0,0,0,0.0,1522.038,0.0,2,0.0683625730994152,1.0,0,18.6,1197.0,0,2,0,0,0,81.83,1.0,1,0,6363.636363636364,1.0,11,70000,0,590000
738000,0.0,0,0,0.0,1348.0704999999998,0.0,1,0.0626611418047882,1.0,0,19.81,1086.0,0,2,0,0,0,68.05,1.0,1,0,3280.0,1.0,15,49200,0,142000
320000,0.0,0,0,0.0,2046.24,0.0,1,0.0785571142284569,1.0,0,17.4,1497.0,0,1,0,1,0,117.6,1.0,0,0,5000.0,1.0,8,40000,0,850000
840000,0.0,0,0,0.0,1476.84,0.0,2,0.0662218515429524,1.0,0,18.6,1199.0,0,1,0,0,0,79.4,1.0,0,0,5833.333333333333,1.0,12,70000,0,200000
1100000,0.0,0,0,0.0,1605.8475,0.0,2,0.0671843687374749,1.0,0,23.95,998.0,1,1,0,0,0,67.05,1.0,0,0,9090.90909090909,1.0,11,100000,0,220000
70000,0.0,0,0,0.0,1547.1539999999998,0.0,1,0.0683876357560568,0.0,0,18.9,1197.0,0,2,0,0,0,81.86,1.0,1,0,1428.571428571429,1.0,7,10000,0,650000
1650000,0.0,0,1,1.0,1210.4,0.0,2,0.0486061472480343,1.0,0,17.8,1399.0,0,3,0,0,0,68.0,0.0,0,0,7333.333333333333,1.0,15,110000,0,250000
1118000,0.0,0,0,1.0,2061.6345,0.0,2,0.0742299794661191,1.0,0,19.01,1461.0,0,1,1,0,0,108.45,0.0,0,0,6615.384615384615,1.0,13,86000,0,550000
2256000,0.0,0,0,0.0,912.11,0.0,2,0.0581658291457286,1.0,0,19.7,796.0,1,2,0,0,0,46.3,1.0,0,0,8812.5,1.0,16,141000,0,125000
1120000,0.0,0,0,0.0,2006.0,0.0,2,0.0788243152972612,1.0,0,17.0,1497.0,0,3,0,1,0,118.0,1.0,0,0,5714.285714285715,1.0,14,80000,0,450000
715000,0.0,0,0,1.0,1731.6,0.0,2,0.0592948717948717,1.0,0,23.4,1248.0,1,2,0,0,0,74.0,0.0,0,0,5909.090909090909,1.0,11,65000,0,459999
1210000,0.0,0,0,1.0,1731.6,0.0,2,0.0592948717948717,1.0,0,23.4,1248.0,1,2,0,0,0,74.0,0.0,0,0,10000.0,1.0,11,110000,0,434999
1700000,0.0,0,0,1.0,1190.0,0.0,2,0.0498220640569395,1.0,0,17.0,1405.0,0,2,0,0,0,70.0,0.0,0,0,5882.35294117647,1.0,17,100000,1,120000
800000,0.0,0,0,1.0,1864.8,0.0,2,0.0592948717948717,1.0,0,25.2,1248.0,1,1,0,0,0,74.0,0.0,0,0,8000.0,1.0,10,80000,0,600000
1530000,0.0,0,0,0.0,1268.1899999999998,0.0,2,0.0672344689378757,1.0,0,18.9,998.0,1,2,0,0,0,67.1,1.0,0,0,5294.117647058823,1.0,17,90000,0,135000
315000,0.0,0,0,1.0,1999.9742,0.0,1,0.0635601719197707,1.0,0,22.54,1396.0,0,1,0,0,0,88.73,0.0,1,0,3888.8888888888887,1.0,9,35000,0,780000
480000,0.0,0,0,1.0,1999.9742,0.0,2,0.0635601719197707,1.0,0,22.54,1396.0,0,1,0,0,0,88.73,0.0,1,0,7500.0,1.0,8,60000,0,650000
700000,0.0,0,0,1.0,1870.68,0.0,2,0.0734775641025641,1.0,0,20.4,1248.0,0,1,0,0,1,91.7,0.0,0,0,7000.0,1.0,10,70000,0,500000
240000,0.0,0,0,1.0,1864.8,0.0,1,0.0592948717948717,1.0,0,25.2,1248.0,1,1,0,0,0,74.0,0.0,0,0,3750.0,1.0,8,30000,0,590000
243000,0.0,0,0,0.0,1548.6240000000005,0.0,1,0.0671743486973947,1.0,0,23.1,998.0,1,1,0,0,0,67.04,1.0,0,0,3000.0,1.0,9,27000,0,459999
25000,0.0,0,0,0.0,1734.978,0.0,1,0.0683375104427736,1.0,0,21.21,1197.0,1,1,0,0,0,81.8,1.0,0,0,1000.0,1.0,5,5000,0,578000
960000,0.0,0,0,0.0,1953.84,0.0,2,0.077688710754843,1.0,0,16.8,1497.0,0,2,0,1,0,116.3,1.0,0,0,6666.666666666667,1.0,12,80000,0,465000
1210000,0.0,0,0,1.0,1352.0,0.0,2,0.0444900752908966,1.0,0,20.8,1461.0,0,1,0,0,1,65.0,0.0,0,0,10000.0,1.0,11,110000,0,250000
600000,0.0,0,0,1.0,1967.66,0.0,2,0.0592948717948717,1.0,0,26.59,1248.0,1,1,0,0,0,74.0,0.0,0,0,6000.0,1.0,10,60000,0,615000
1320000,0.0,0,0,1.0,1713.7099999999998,0.0,2,0.0573579739904175,1.0,0,20.45,1461.0,0,1,1,0,0,83.8,0.0,0,0,10909.09090909091,1.0,11,120000,0,500000
1320000,0.0,0,0,1.0,1713.7099999999998,0.0,2,0.0573579739904175,1.0,0,20.45,1461.0,0,1,1,0,0,83.8,0.0,0,0,10909.09090909091,1.0,11,120000,0,520000
1820000,0.0,1,0,1.0,1595.685,0.0,2,0.0655689102564102,1.0,0,19.5,1248.0,0,2,0,0,0,81.83,0.0,0,0,10769.23076923077,1.0,13,140000,0,390000
1755000,0.0,1,0,1.0,1595.685,0.0,2,0.0655689102564102,1.0,0,19.5,1248.0,0,3,0,0,0,81.83,0.0,0,0,10384.615384615385,1.0,13,135000,0,434999
2490000,0.0,0,0,1.0,1595.685,0.0,2,0.0655689102564102,1.0,0,19.5,1248.0,1,2,0,0,0,81.83,0.0,0,0,11066.666666666666,1.0,15,166000,0,350000
420000,0.0,0,1,1.0,2406.572,0.0,2,0.0658411214953271,1.0,0,24.4,1498.0,0,1,0,0,0,98.63,0.0,0,0,8571.42857142857,1.0,7,60000,0,675000
90000,0.0,0,0,1.0,2300.0,0.0,1,0.0768203072812291,1.0,0,20.0,1497.0,0,1,0,0,1,115.0,0.0,0,0,2500.0,1.0,6,15000,0,1200000
840000,0.0,0,0,1.0,1426.2700000000002,0.0,1,0.0592147435897435,1.0,0,19.3,1248.0,1,1,0,0,0,73.9,0.0,0,0,4285.714285714285,1.0,14,60000,0,265000
360000,0.0,0,0,0.0,1198.8,0.0,1,0.0617180984153461,1.0,0,16.2,1199.0,0,2,0,0,0,74.0,1.0,0,1,4444.444444444444,1.0,9,40000,0,395000
360000,0.0,0,0,0.0,1198.8,0.0,1,0.0617180984153461,1.0,0,16.2,1199.0,0,2,0,0,0,74.0,1.0,0,1,4444.444444444444,1.0,9,40000,0,385000
1120000,0.0,0,0,0.0,1266.3,0.0,1,0.063147973609802,1.0,0,18.9,1061.0,1,2,0,0,0,67.0,1.0,0,0,4375.0,1.0,16,70000,0,142000
560000,0.0,0,0,0.0,1348.0704999999998,0.0,1,0.0626611418047882,1.0,0,19.81,1086.0,0,1,0,0,0,68.05,1.0,1,0,2187.5,1.0,16,35000,0,160000
650000,0.0,0,0,1.0,1317.21,0.0,1,0.0494269340974212,1.0,0,19.09,1396.0,0,3,0,0,0,69.0,0.0,0,0,3846.153846153846,1.0,13,50000,1,180000
19062,0.0,0,1,0.0,1756.2050000000002,0.0,1,0.0795058626465661,1.0,0,18.5,1194.0,0,1,0,0,0,94.93,1.0,0,0,529.5,0.0,6,3177,0,700000
394140,0.0,0,0,0.0,1547.1539999999998,0.0,1,0.0683876357560568,1.0,0,18.9,1197.0,0,1,0,0,0,81.86,1.0,1,0,3941.4,0.0,10,39414,0,400000
391014,0.0,0,0,0.0,1071.0,0.0,1,0.0501432664756446,1.0,0,15.3,1396.0,0,1,0,0,0,70.0,1.0,0,0,2313.692307692308,0.0,13,30078,1,200000
579644,0.0,0,0,0.0,1164.72,0.0,1,0.0678132678132678,1.0,0,21.1,814.0,0,1,0,0,0,55.2,1.0,1,0,3429.846153846154,0.0,13,44588,0,250000
499070,0.0,0,0,0.0,1450.0752,0.0,1,0.0671743486973947,1.0,0,21.63,998.0,1,1,0,0,0,67.04,1.0,0,0,4990.7,0.0,10,49907,0,400000
804984,0.0,0,0,0.0,1734.978,0.0,2,0.0683375104427736,1.0,0,21.21,1197.0,1,2,0,0,0,81.8,1.0,0,0,5590.166666666667,0.0,12,67082,0,371000
1015911,0.0,0,1,1.0,2276.08,0.0,2,0.0660614152202937,1.0,0,23.0,1498.0,0,2,0,0,0,98.96,0.0,0,0,12542.111111111111,0.0,9,112879,0,570000
960000,0.0,0,0,0.0,1683.9199999999998,0.0,2,0.0724540901502504,1.0,0,19.4,1198.0,0,2,0,1,0,86.8,1.0,0,0,6666.666666666667,1.0,12,80000,0,300000
200000,0.0,0,0,0.0,1522.038,0.0,1,0.0683625730994152,1.0,0,18.6,1197.0,0,1,0,0,0,81.83,1.0,1,0,3125.0,1.0,8,25000,0,620000
71400,0.0,0,0,0.0,2046.24,0.0,1,0.0785571142284569,1.0,0,17.4,1497.0,0,1,0,1,0,117.6,1.0,0,0,1457.142857142857,1.0,7,10200,0,949000
160000,0.0,0,0,0.0,1548.6240000000005,0.0,1,0.0671743486973947,1.0,0,23.1,998.0,1,2,0,0,0,67.04,1.0,0,0,2500.0,1.0,8,20000,0,350000
270000,0.0,0,0,0.0,1541.67,0.0,1,0.067067067067067,1.0,0,23.01,999.0,0,3,1,0,0,67.0,1.0,0,0,3333.333333333333,1.0,9,30000,0,270000
480000,0.0,0,0,0.0,1164.72,0.0,1,0.0678132678132678,1.0,0,21.1,814.0,0,2,0,0,0,55.2,1.0,1,0,3333.333333333333,1.0,12,40000,0,235000
540000,0.0,0,0,0.0,1668.7199999999998,0.0,2,0.0683375104427736,1.0,0,20.4,1197.0,1,1,0,0,0,81.8,1.0,0,0,6666.666666666667,1.0,9,60000,0,500000
1443000,0.0,0,0,0.0,912.11,0.0,2,0.0581658291457286,1.0,0,19.7,796.0,1,1,0,0,0,46.3,1.0,0,0,8538.461538461539,1.0,13,111000,0,220000
770000,0.0,0,0,1.0,1731.6,0.0,2,0.0592948717948717,1.0,0,23.4,1248.0,1,2,0,0,0,74.0,0.0,0,0,6363.636363636364,1.0,11,70000,0,380000
1500000,0.0,0,0,0.0,1403.732,0.0,2,0.0672344689378757,1.0,0,20.92,998.0,1,3,0,0,0,67.1,1.0,0,0,6666.666666666667,1.0,15,100000,0,160000
200000,0.0,0,0,0.0,1381.415,0.0,1,0.0681863727454909,1.0,0,20.3,998.0,0,1,0,0,0,68.05,1.0,1,0,3125.0,1.0,8,25000,0,339000
1400000,0.0,0,1,0.0,1523.88,0.0,2,0.0624060150375939,1.0,0,15.3,1596.0,0,1,0,0,0,99.6,1.0,0,0,7142.857142857143,1.0,14,100000,0,229999
175000,0.0,0,0,1.0,1878.838,0.0,1,0.0623693086003372,1.0,0,25.4,1186.0,0,1,0,0,0,73.97,0.0,1,0,3571.428571428572,1.0,7,25000,0,470000
120000,0.0,0,1,0.0,1841.642,0.0,1,0.0795058626465661,1.0,0,19.4,1194.0,0,1,0,0,0,94.93,1.0,0,0,3333.333333333333,1.0,6,20000,0,575000
7800,0.0,0,0,0.0,1507.5,0.0,1,0.067067067067067,1.0,0,22.5,999.0,0,1,0,0,1,67.0,1.0,0,0,216.66666666666663,1.0,6,1300,0,325000
165000,0.0,0,0,0.0,1374.9904,0.0,1,0.0671743486973947,1.0,0,20.51,998.0,1,1,0,0,0,67.04,1.0,0,0,1363.6363636363635,1.0,11,15000,0,350000
225000,0.0,0,0,0.0,1341.561,0.0,1,0.0667083854818523,1.0,0,25.17,799.0,0,1,1,0,0,53.3,1.0,0,0,2777.777777777778,1.0,9,25000,0,300000
1650000,0.0,0,0,1.0,2062.585,0.0,2,0.0742642026009582,1.0,1,19.01,1461.0,0,1,0,0,0,108.5,0.0,0,0,13636.363636363636,1.0,11,150000,0,540000
70000,0.0,0,0,0.0,1548.6240000000005,0.0,1,0.0671743486973947,1.0,0,23.1,998.0,1,1,0,0,0,67.04,1.0,0,0,1428.571428571429,1.0,7,10000,0,580000
640000,0.0,0,0,1.0,1698.3,0.0,2,0.0592948717948717,1.0,0,22.95,1248.0,0,1,0,0,0,74.0,0.0,0,0,10000.0,1.0,8,80000,1,459999
500000,0.0,0,0,1.0,1864.8,0.0,1,0.0592948717948717,1.0,0,25.2,1248.0,1,1,0,0,0,74.0,0.0,0,0,5000.0,1.0,10,50000,0,635000
1392000,0.0,0,0,1.0,1731.6,0.0,2,0.0592948717948717,1.0,0,23.4,1248.0,1,2,0,0,0,74.0,0.0,0,0,9666.666666666666,1.0,12,116000,0,525000
600000,0.0,0,0,0.0,1060.18,0.0,2,0.0572525597269624,1.0,0,15.8,1172.0,0,3,0,0,1,67.1,1.0,0,0,6000.0,1.0,10,60000,0,350000
2988634,0.0,0,0,1.0,1426.2700000000002,0.0,2,0.0592147435897435,1.0,0,19.3,1248.0,1,3,0,0,0,73.9,0.0,0,0,10341.29411764706,1.0,17,175802,0,320000
1033760,0.0,0,0,0.0,1558.1439999999998,0.0,2,0.0648310387984981,1.0,0,15.04,1598.0,0,1,0,0,0,103.6,1.0,0,1,5274.285714285715,1.0,14,73840,0,227000
140000,0.0,0,0,0.0,1541.0,0.0,1,0.067067067067067,0.0,0,23.0,999.0,0,1,0,0,1,67.0,1.0,0,0,2857.1428571428573,1.0,7,20000,0,275000
900000,0.0,0,0,0.0,1549.8,0.0,2,0.0685045948203842,1.0,0,18.9,1197.0,0,3,0,0,0,82.0,1.0,1,0,6250.0,1.0,12,75000,0,300000
1200000,0.0,0,0,1.0,2099.088,0.0,2,0.0688918558077436,1.0,0,20.34,1498.0,0,2,0,0,0,103.2,0.0,0,1,12000.0,1.0,10,120000,0,550000
320000,0.0,0,0,1.0,2352.276,0.0,1,0.0724966622162883,0.0,0,21.66,1498.0,0,1,0,0,1,108.6,0.0,0,0,5000.0,1.0,8,40000,0,900000
300000,0.0,0,0,0.0,912.11,0.0,1,0.0581658291457286,1.0,0,19.7,796.0,1,1,0,0,0,46.3,1.0,0,0,1333.3333333333333,1.0,15,20000,0,165000
770000,0.0,0,0,0.0,1164.72,0.0,2,0.0678132678132678,1.0,0,21.1,814.0,0,1,0,0,0,55.2,1.0,1,0,6363.636363636364,1.0,11,70000,0,210000
270000,0.0,0,0,1.0,2129.958,0.0,1,0.0742299794661191,1.0,0,19.64,1461.0,0,1,1,0,0,108.45,0.0,0,0,3333.333333333333,1.0,9,30000,0,650000
150000,0.0,0,0,0.0,1541.67,0.0,1,0.067067067067067,1.0,0,23.01,999.0,0,1,1,0,0,67.0,1.0,0,0,4166.666666666667,1.0,6,25000,0,390000
720000,0.0,0,0,0.0,1341.561,0.0,2,0.0667083854818523,1.0,0,25.17,799.0,0,1,1,0,0,53.3,1.0,0,0,8888.888888888889,1.0,9,80000,0,260000
804000,0.0,0,0,0.0,1638.78,0.0,2,0.0716791979949874,1.0,0,19.1,1197.0,1,1,0,0,0,85.8,1.0,0,0,5583.333333333333,1.0,12,67000,0,450000
2040000,0.0,0,0,0.0,1348.0704999999998,0.0,2,0.0626611418047882,1.0,0,19.81,1086.0,0,2,0,0,0,68.05,1.0,1,0,7058.823529411765,1.0,17,120000,0,130000
54000,0.0,0,0,1.0,2150.55,0.0,1,0.0709134615384615,1.0,0,24.3,1248.0,1,1,0,0,0,88.5,0.0,0,0,1500.0,1.0,6,9000,0,890000
880000,0.0,0,0,1.0,2474.86,0.0,2,0.0658210947930574,1.0,0,25.1,1498.0,0,2,0,1,0,98.6,0.0,0,0,7272.727272727273,1.0,11,80000,0,750000
211536,0.0,0,0,0.0,1381.415,0.0,1,0.0681863727454909,1.0,0,20.3,998.0,0,1,0,0,0,68.05,1.0,1,0,3305.25,1.0,8,26442,0,270000
420000,0.0,0,0,0.0,912.11,0.0,1,0.0581658291457286,1.0,0,19.7,796.0,1,2,0,0,0,46.3,1.0,0,0,1866.6666666666667,1.0,15,28000,0,130000
780000,0.0,0,0,0.0,912.11,0.0,1,0.0581658291457286,1.0,0,19.7,796.0,1,1,0,0,0,46.3,1.0,0,0,1950.0,1.0,20,39000,0,55000
160000,0.0,0,0,0.0,1374.17,0.0,1,0.0671342685370741,0.0,0,20.51,998.0,1,1,0,0,0,67.0,1.0,0,0,2500.0,1.0,8,20000,0,475000
600000,0.0,0,0,1.0,1835.072,0.0,1,0.0580424366872005,1.0,1,21.64,1461.0,0,1,0,0,0,84.8,0.0,0,0,4166.666666666667,1.0,12,50000,0,325000
320000,0.0,0,0,0.0,1685.3,0.0,1,0.0739783152627189,0.0,0,19.0,1199.0,0,1,0,1,0,88.7,1.0,0,0,5000.0,1.0,8,40000,0,615000
150000,0.0,0,0,0.0,1549.8,0.0,1,0.0685045948203842,1.0,0,18.9,1197.0,0,1,0,0,0,82.0,1.0,1,0,1500.0,1.0,10,15000,0,390000
90000,0.0,0,0,0.0,1799.6,0.0,1,0.0683375104427736,0.0,0,22.0,1197.0,1,1,0,0,0,81.8,1.0,0,0,2500.0,1.0,6,15000,0,650000
300000,0.0,0,0,0.0,1668.7199999999998,0.0,1,0.0683375104427736,1.0,0,20.4,1197.0,1,1,0,0,0,81.8,1.0,0,0,3000.0,1.0,10,30000,0,440000
770000,0.0,0,0,1.0,2563.6,0.0,2,0.0658210947930574,1.0,0,26.0,1498.0,0,1,0,1,0,98.6,0.0,0,0,6363.636363636364,1.0,11,70000,0,600000
1040000,0.0,0,0,0.0,1006.02,0.0,2,0.0624120603015075,1.0,0,16.2,995.0,0,1,0,0,0,62.1,1.0,0,0,6153.846153846154,1.0,13,80000,0,170000
25000,0.0,0,0,0.0,1734.978,0.0,1,0.0683375104427736,1.0,0,21.21,1197.0,1,1,0,0,0,81.8,1.0,0,0,1000.0,1.0,5,5000,0,600000
400000,0.0,0,0,0.0,1605.8,0.0,2,0.0724540901502504,1.0,0,18.5,1198.0,0,1,0,1,0,86.8,1.0,0,0,6250.0,1.0,8,50000,0,400000
520000,0.0,0,0,1.0,1967.66,0.0,2,0.0592948717948717,1.0,0,26.59,1248.0,1,1,0,0,0,74.0,0.0,0,0,8125.0,1.0,8,65000,0,700000
280000,0.0,0,0,1.0,2026.86,0.0,1,0.0592948717948717,1.0,0,27.39,1248.0,1,1,0,0,0,74.0,0.0,0,0,4375.0,1.0,8,35000,0,800000
900000,0.0,0,0,1.0,2691.78,0.0,2,0.0658210947930574,1.0,0,27.3,1498.0,0,1,0,1,0,98.6,0.0,0,0,9000.0,1.0,10,90000,0,600000
900000,0.0,0,0,1.0,1864.8,0.0,2,0.0592948717948717,1.0,0,25.2,1248.0,1,1,0,0,0,74.0,0.0,0,0,11111.111111111111,1.0,9,100000,0,580000
135000,0.0,0,0,0.0,1341.561,0.0,1,0.0667083854818523,1.0,0,25.17,799.0,0,1,1,0,0,53.3,1.0,0,0,1666.6666666666667,1.0,9,15000,0,350000
2058000,0.0,0,1,1.0,1360.0,0.0,2,0.0486061472480343,1.0,0,20.0,1399.0,0,1,0,0,0,68.0,0.0,0,0,10500.0,1.0,14,147000,0,204999
1920000,0.0,0,0,1.0,2070.0,0.0,2,0.0644699140401146,1.0,0,23.0,1396.0,0,2,0,0,0,90.0,0.0,1,0,7500.0,1.0,16,120000,0,310000
621000,0.0,0,1,1.0,2557.17,0.0,2,0.0660881174899866,1.0,0,25.83,1498.0,0,2,0,0,0,99.0,0.0,0,0,7666.666666666667,1.0,9,69000,0,459999
640000,0.0,0,0,1.0,2485.965,0.0,2,0.0709134615384615,1.0,0,28.09,1248.0,1,1,0,0,0,88.5,0.0,0,0,10000.0,1.0,8,80000,0,860000
1261000,0.0,0,0,0.0,1746.7649999999996,1.0,2,0.0627071823204419,1.0,0,25.65,1086.0,0,3,0,0,0,68.1,0.0,1,0,7461.538461538462,1.0,13,97000,0,275000
135000,0.0,0,0,0.0,1341.561,0.0,1,0.0667083854818523,1.0,0,25.17,799.0,0,1,1,0,0,53.3,1.0,0,0,1666.6666666666667,1.0,9,15000,0,390000
1016000,0.0,0,0,0.0,912.11,0.0,1,0.0581658291457286,1.0,0,19.7,796.0,1,2,0,0,0,46.3,1.0,0,0,2540.0,0.0,20,50800,0,110000
280994,0.0,0,0,1.0,1732.4,0.0,2,0.0633928571428571,1.0,0,24.4,1120.0,0,1,0,0,0,71.0,0.0,1,0,5734.571428571428,0.0,7,40142,0,665000
56400,0.0,0,0,0.0,1522.038,0.0,1,0.0683625730994152,1.0,0,18.6,1197.0,0,1,0,0,0,81.83,1.0,1,0,1566.6666666666667,0.0,6,9400,0,721000
558000,0.0,0,0,1.0,1949.64,0.0,2,0.0642737896494157,1.0,0,25.32,1198.0,0,1,0,0,1,77.0,0.0,0,0,6888.888888888889,0.0,9,62000,0,390000
25800,0.0,0,0,0.0,1522.596,0.0,1,0.0683876357560568,1.0,0,18.6,1197.0,0,1,0,0,0,81.86,1.0,1,0,716.6666666666666,0.0,6,4300,0,685000
87288,0.0,0,0,0.0,1734.978,0.0,1,0.0683375104427736,1.0,0,21.21,1197.0,1,1,0,0,0,81.8,1.0,0,0,2424.6666666666665,0.0,6,14548,0,595000
313404,0.0,0,1,1.0,2276.08,0.0,2,0.0660614152202937,1.0,0,23.0,1498.0,0,2,0,0,0,98.96,0.0,0,0,6396.0,0.0,7,44772,0,900000
230256,0.0,0,0,0.0,1522.038,0.0,1,0.0683625730994152,1.0,0,18.6,1197.0,0,1,0,0,0,81.83,1.0,1,0,3597.75,0.0,8,28782,0,570000
199157,0.0,0,0,0.0,1522.038,0.0,1,0.0683625730994152,1.0,0,18.6,1197.0,0,1,0,0,0,81.83,1.0,1,0,4064.428571428572,0.0,7,28451,0,700000
255500,0.0,0,0,1.0,2150.55,0.0,2,0.0709134615384615,1.0,0,24.3,1248.0,1,1,0,0,0,88.5,0.0,0,0,5214.285714285715,0.0,7,36500,0,910000
314195,0.0,0,0,1.0,1967.66,0.0,2,0.0592948717948717,1.0,0,26.59,1248.0,1,1,0,0,0,74.0,0.0,0,0,6412.142857142857,0.0,7,44885,0,751000
1760000,0.0,0,0,1.0,1207.0,0.0,2,0.0505338078291814,1.0,0,17.0,1405.0,0,2,0,0,0,71.0,0.0,0,0,6875.0,1.0,16,110000,1,135000
836000,0.0,0,0,1.0,1999.9742,0.0,2,0.0635601719197707,1.0,0,22.54,1396.0,0,1,0,0,0,88.73,0.0,1,0,6909.090909090909,0.0,11,76000,0,550000
660000,0.0,0,0,0.0,2006.0,0.0,1,0.0788243152972612,1.0,0,17.0,1497.0,0,2,0,1,0,118.0,1.0,0,0,4583.333333333333,0.0,12,55000,0,475000
560000,0.0,0,0,1.0,1731.6,0.0,2,0.0592948717948717,1.0,0,23.4,1248.0,1,1,0,0,0,74.0,0.0,0,0,8750.0,0.0,8,70000,0,625000
896000,0.0,0,0,0.0,1595.685,0.0,1,0.0655689102564102,1.0,0,19.5,1248.0,0,2,0,0,0,81.83,1.0,1,0,3500.0,0.0,16,56000,0,195000
979000,0.0,0,0,1.0,1694.6,0.0,2,0.0592948717948717,1.0,0,22.9,1248.0,1,1,0,0,0,74.0,0.0,0,0,8090.909090909091,0.0,11,89000,0,470000
684000,0.0,0,0,1.0,1694.6,0.0,1,0.0592948717948717,1.0,0,22.9,1248.0,1,1,0,0,0,74.0,0.0,0,0,4750.0,1.0,12,57000,0,380000
560000,0.0,0,0,1.0,1967.66,0.0,2,0.0592948717948717,1.0,0,26.59,1248.0,1,1,0,0,0,74.0,0.0,0,0,8750.0,1.0,8,70000,0,650000
442800,0.0,0,0,0.0,1164.72,0.0,2,0.0678132678132678,1.0,0,21.1,814.0,0,1,0,0,0,55.2,1.0,1,0,5466.666666666667,1.0,9,49200,0,275000
1020000,0.0,0,0,0.0,1348.0704999999998,0.0,1,0.0626611418047882,1.0,0,19.81,1086.0,0,2,0,0,0,68.05,1.0,1,0,3529.4117647058824,1.0,17,60000,0,200000
1200000,0.0,0,0,0.0,1122.01,0.0,2,0.0610367892976588,1.0,0,15.37,1196.0,1,2,0,0,0,73.0,1.0,0,0,12000.0,1.0,10,120000,0,315000
2310000,0.0,0,0,0.0,912.11,0.0,2,0.0581658291457286,1.0,0,19.7,796.0,1,3,0,0,0,46.3,1.0,0,0,5238.095238095239,1.0,21,110000,0,90000
1260000,0.0,0,0,0.0,1266.3,0.0,1,0.063147973609802,1.0,0,18.9,1061.0,1,2,0,0,0,67.0,1.0,0,0,3888.8888888888887,1.0,18,70000,0,120000
3192000,0.0,0,0,0.0,1268.1899999999998,0.0,2,0.0672344689378757,1.0,0,18.9,998.0,1,2,0,0,0,67.1,1.0,0,0,8842.105263157895,1.0,19,168000,0,90000
600000,0.0,0,0,1.0,1680.0,0.0,2,0.0625,1.0,0,24.0,1120.0,0,1,0,0,0,70.0,0.0,1,0,6000.0,1.0,10,60000,0,370000
1179999,0.0,0,0,1.0,1864.8,0.0,2,0.0592948717948717,1.0,0,25.2,1248.0,1,1,0,0,0,74.0,0.0,0,0,14567.888888888889,1.0,9,131111,0,595000
2160000,0.0,0,0,1.0,1248.0,0.0,2,0.0444900752908966,1.0,0,19.2,1461.0,0,2,0,0,1,65.0,0.0,0,0,6666.666666666667,1.0,18,120000,0,150000
759200,0.0,0,0,1.0,1426.2700000000002,0.0,1,0.0592147435897435,1.0,0,19.3,1248.0,1,2,0,0,0,73.9,0.0,0,0,4492.307692307692,1.0,13,58400,0,400000
210600,0.0,0,0,0.0,1607.0449999999998,0.0,1,0.0672344689378757,1.0,0,23.95,998.0,1,2,0,0,0,67.1,1.0,0,0,2600.0,1.0,9,23400,0,310000
350000,0.0,0,0,0.0,1548.6240000000005,0.0,2,0.0671743486973947,1.0,0,23.1,998.0,1,1,0,0,0,67.04,1.0,0,0,7142.857142857143,1.0,7,50000,0,385000
3162140,0.0,0,0,0.0,1595.685,0.0,2,0.0655689102564102,1.0,0,19.5,1248.0,1,2,0,0,0,81.83,1.0,0,0,7905.35,1.0,20,158107,0,105000
18060,0.0,0,0,0.0,1380.4,0.0,1,0.0626151012891344,0.0,0,20.3,1086.0,0,1,0,0,0,68.0,1.0,1,0,501.6666666666667,1.0,6,3010,0,521000
1200000,0.0,0,0,1.0,1875.456,0.0,2,0.0711538461538461,1.0,0,21.12,1248.0,0,1,0,0,0,88.8,0.0,0,0,5333.333333333333,1.0,15,80000,1,180000
2170000,0.0,0,1,1.0,1210.4,0.0,2,0.0486061472480343,1.0,0,17.8,1399.0,0,2,0,0,0,68.0,0.0,0,0,11071.42857142857,1.0,14,155000,0,220000
28000,0.0,0,0,0.0,1547.1539999999998,0.0,1,0.0683876357560568,1.0,0,18.9,1197.0,0,1,0,0,0,81.86,1.0,1,0,571.4285714285714,1.0,7,4000,0,540000
630000,0.0,0,0,0.0,912.11,0.0,1,0.0581658291457286,1.0,0,19.7,796.0,1,2,0,0,0,46.3,1.0,0,0,1944.4444444444443,1.0,18,35000,0,140000
2662000,0.0,0,0,0.0,1038.0,0.0,2,0.0604229607250755,1.0,0,17.3,993.0,1,1,0,0,0,60.0,1.0,0,0,5500.0,1.0,22,121000,0,200000
1100000,0.0,0,1,1.0,2244.8943,0.0,2,0.0658144192256341,1.0,0,22.77,1498.0,0,2,0,0,0,98.59,0.0,0,0,11000.0,1.0,10,110000,0,650000
2550000,0.0,0,1,1.0,1210.4,0.0,2,0.0486061472480343,1.0,0,17.8,1399.0,0,2,0,0,0,68.0,0.0,0,0,11333.333333333334,1.0,15,170000,0,229999
2625000,0.0,0,0,1.0,1335.0,0.0,2,0.0600961538461538,1.0,0,17.8,1248.0,1,3,0,0,0,75.0,0.0,0,0,11666.666666666666,1.0,15,175000,0,305000
2771000,0.0,0,1,1.0,1210.4,0.0,2,0.0486061472480343,1.0,0,17.8,1399.0,0,1,0,0,0,68.0,0.0,0,0,9588.235294117649,1.0,17,163000,0,200000
2771000,0.0,0,1,1.0,1210.4,0.0,2,0.0486061472480343,1.0,0,17.8,1399.0,0,1,0,0,0,68.0,0.0,0,0,9588.235294117649,1.0,17,163000,0,200000
1540000,0.0,0,0,1.0,1456.348,0.0,2,0.0431895961670089,1.0,1,23.08,1461.0,0,3,0,0,0,63.1,0.0,0,0,7857.142857142857,1.0,14,110000,0,210000
324000,0.0,0,0,0.0,1733.469,0.0,1,0.0694569757727652,1.0,0,20.85,1197.0,1,1,0,0,0,83.14,1.0,0,0,4000.0,1.0,9,36000,0,620000
845000,0.0,0,0,0.0,1268.1899999999998,0.0,1,0.0672344689378757,1.0,0,18.9,998.0,1,2,0,0,0,67.1,1.0,0,0,5000.0,1.0,13,65000,0,250000
990000,0.0,0,0,1.0,1522.5,0.0,2,0.0600961538461538,1.0,0,20.3,1248.0,0,1,0,0,1,75.0,0.0,0,0,6875.0,1.0,12,82500,0,300000
210000,0.0,0,1,1.0,2276.08,0.0,1,0.0660614152202937,1.0,0,23.0,1498.0,0,2,0,0,0,98.96,0.0,0,0,4285.714285714285,1.0,7,30000,0,810000
700000,0.0,0,0,1.0,1967.66,0.0,2,0.0592948717948717,1.0,0,26.59,1248.0,1,2,0,0,0,74.0,0.0,0,0,7000.0,1.0,10,70000,0,470000
680000,0.0,0,0,1.0,1831.655,0.0,2,0.0710737179487179,1.0,0,20.65,1248.0,0,1,0,0,0,88.7,0.0,0,0,10625.0,1.0,8,85000,1,400000
660000,0.0,0,0,0.0,1374.9904,0.0,2,0.0671743486973947,1.0,0,20.51,998.0,1,2,0,0,0,67.04,1.0,0,0,5454.545454545455,1.0,11,60000,0,300000
200000,0.0,0,0,0.0,1075.602,0.0,1,0.0594221105527638,1.0,0,22.74,796.0,1,3,0,0,0,47.3,1.0,0,0,2000.0,1.0,10,20000,0,170000
880000,0.0,0,0,1.0,2061.6345,0.0,2,0.0742299794661191,1.0,0,19.01,1461.0,0,1,1,0,0,108.45,0.0,0,0,7272.727272727273,1.0,11,80000,0,455999
1725000,0.0,0,0,0.0,1595.685,0.0,1,0.0655689102564102,1.0,0,19.5,1248.0,0,2,0,0,0,81.83,1.0,1,0,3260.8695652173915,1.0,23,75000,0,35000
2000000,0.0,0,0,0.0,1595.685,0.0,1,0.0655689102564102,1.0,0,19.5,1248.0,1,1,0,0,0,81.83,1.0,0,0,5000.0,1.0,20,100000,0,85000
720000,0.0,0,0,1.0,2150.55,0.0,2,0.0709134615384615,1.0,0,24.3,1248.0,1,2,0,0,0,88.5,0.0,0,0,8888.888888888889,1.0,9,80000,0,650000
280000,0.0,0,0,0.0,1558.459,0.0,1,0.0743503772003352,1.0,0,17.57,1193.0,0,1,0,0,0,88.7,1.0,0,0,4375.0,1.0,8,35000,1,350000
1668000,0.0,0,0,1.0,1465.344,0.0,2,0.0615384615384615,1.0,0,25.44,936.0,0,1,0,0,0,57.6,0.0,0,0,11583.333333333334,1.0,12,139000,0,125000
1800000,0.0,0,0,0.0,912.11,0.0,1,0.0581658291457286,0.0,0,19.7,796.0,1,2,0,0,0,46.3,1.0,0,0,4500.0,1.0,20,90000,0,80000
1920000,0.0,0,0,0.0,1595.685,0.0,2,0.0655689102564102,1.0,0,19.5,1248.0,1,1,0,0,0,81.83,1.0,0,0,7500.0,1.0,16,120000,0,120000
1700000,0.0,0,0,0.0,1380.6,0.0,2,0.0521042084168336,1.0,0,17.7,1497.0,0,1,0,1,0,78.0,1.0,0,0,5882.35294117647,1.0,17,100000,0,250000
1260000,0.0,0,0,1.0,2127.944,0.0,2,0.0648310387984981,1.0,0,20.54,1598.0,0,1,0,0,0,103.6,0.0,0,1,6428.571428571428,1.0,14,90000,0,225000
320000,0.0,0,0,1.0,1878.838,0.0,1,0.0623693086003372,1.0,0,25.4,1186.0,0,2,0,0,0,73.97,0.0,1,0,5000.0,1.0,8,40000,0,450000
720000,0.0,0,0,0.0,1648.6604,0.0,2,0.0683876357560568,1.0,0,20.14,1197.0,0,1,0,0,0,81.86,1.0,1,0,11250.0,1.0,8,90000,0,509999
367100,0.0,0,0,0.0,1075.602,0.0,1,0.0594221105527638,1.0,0,22.74,796.0,1,2,0,0,0,47.3,1.0,0,0,3671.0,1.0,10,36710,0,245000
253620,0.0,0,0,1.0,2093.025,0.0,1,0.0709134615384615,1.0,0,23.65,1248.0,1,1,0,0,0,88.5,0.0,0,0,3131.1111111111118,0.0,9,28180,0,620000
330000,0.0,0,0,1.0,1715.408,0.0,1,0.0592467948717948,1.0,0,23.2,1248.0,1,1,0,0,0,73.94,0.0,0,0,2727.2727272727275,1.0,11,30000,0,370000
180000,0.0,0,0,0.0,1595.88,0.0,1,0.0716791979949874,1.0,0,18.6,1197.0,1,1,0,0,0,85.8,1.0,0,0,1250.0,1.0,12,15000,0,350000
160000,0.0,0,0,0.0,1778.3399999999997,0.0,1,0.0694235588972431,1.0,0,21.4,1197.0,1,1,0,0,0,83.1,1.0,0,0,2500.0,1.0,8,20000,0,580000
392000,0.0,0,0,0.0,1547.1539999999998,0.0,2,0.0683876357560568,1.0,0,18.9,1197.0,0,1,0,0,0,81.86,1.0,1,0,8000.0,1.0,7,56000,0,450000
152000,0.0,0,0,0.0,1407.1734,0.0,1,0.0683876357560568,1.0,0,17.19,1197.0,0,1,0,0,0,81.86,1.0,1,0,2375.0,1.0,8,19000,0,600000
560000,0.0,0,0,0.0,1522.038,0.0,2,0.0683625730994152,1.0,0,18.6,1197.0,0,1,0,0,0,81.83,1.0,1,0,8750.0,1.0,8,70000,0,450000
480000,0.0,0,0,1.0,1317.21,0.0,1,0.0494269340974212,1.0,0,19.09,1396.0,0,1,0,0,0,69.0,0.0,0,0,1875.0,1.0,16,30000,1,150000
90000,0.0,0,0,0.0,1122.01,0.0,1,0.0610367892976588,1.0,0,15.37,1196.0,1,1,0,0,0,73.0,1.0,0,0,2500.0,1.0,6,15000,0,400000
1020000,0.0,0,0,0.0,1075.602,0.0,2,0.0594221105527638,1.0,0,22.74,796.0,1,1,0,0,0,47.3,1.0,0,0,7083.333333333333,1.0,12,85000,0,185000
350000,0.0,0,0,0.0,1799.6,0.0,2,0.0683375104427736,0.0,0,22.0,1197.0,1,1,0,0,0,81.8,1.0,0,0,7142.857142857143,1.0,7,50000,0,625000
120000,0.0,0,0,0.0,1407.1734,0.0,1,0.0683876357560568,1.0,0,17.19,1197.0,0,1,0,0,0,81.86,1.0,1,0,3333.333333333333,1.0,6,20000,0,700000
200000,0.0,0,0,0.0,1374.9904,0.0,1,0.0671743486973947,1.0,0,20.51,998.0,1,1,0,0,0,67.04,1.0,0,0,3125.0,1.0,8,25000,0,390000
175000,0.0,0,0,0.0,1844.5,0.0,1,0.090567612687813,1.0,0,17.0,1198.0,0,1,0,0,0,108.5,1.0,0,0,3571.428571428572,1.0,7,25000,1,625000
550000,0.0,0,0,0.0,1638.78,0.0,1,0.0716791979949874,1.0,0,19.1,1197.0,1,1,0,0,0,85.8,1.0,0,0,4545.454545454545,1.0,11,50000,0,400000
2100000,0.0,0,0,1.0,2070.0,0.0,2,0.0644699140401146,1.0,0,23.0,1396.0,0,4,0,0,0,90.0,0.0,1,0,10714.285714285714,1.0,14,150000,0,380000
600000,0.0,0,0,0.0,1558.459,0.0,3,0.0743503772003352,1.0,0,17.57,1193.0,0,1,0,0,0,88.7,1.0,0,0,16666.666666666668,1.0,6,100000,1,620000
3060000,0.0,0,1,1.0,1192.6,0.0,2,0.0478913509649749,1.0,0,17.8,1399.0,0,2,0,0,0,67.0,0.0,0,0,10588.235294117649,1.0,17,180000,0,190000
600000,0.0,0,0,0.0,1075.602,0.0,1,0.0594221105527638,1.0,0,22.74,796.0,1,2,0,0,0,47.3,1.0,0,0,4166.666666666667,1.0,12,50000,0,210000
1040000,0.0,0,0,1.0,1715.408,0.0,2,0.0592467948717948,1.0,0,23.2,1248.0,1,3,0,0,0,73.94,0.0,0,0,6153.846153846154,1.0,13,80000,0,270000
1023000,0.0,0,0,0.0,1164.72,0.0,2,0.0678132678132678,1.0,0,21.1,814.0,0,2,0,0,0,55.2,1.0,1,0,8454.545454545454,1.0,11,93000,0,220000
1440000,0.0,0,0,0.0,1532.725,0.0,2,0.0692147034252297,1.0,0,18.5,1197.0,0,1,0,0,0,82.85,1.0,1,0,10000.0,1.0,12,120000,0,370000
1900000,0.0,0,0,0.0,1595.685,0.0,2,0.0655689102564102,0.0,0,19.5,1248.0,0,2,0,0,0,81.83,1.0,1,0,5263.1578947368425,1.0,19,100000,0,95000
1560000,0.0,0,0,0.0,1953.84,0.0,2,0.077688710754843,1.0,0,16.8,1497.0,0,1,0,1,0,116.3,1.0,0,0,9230.76923076923,1.0,13,120000,0,550000
1500000,0.0,0,1,1.0,1210.4,0.0,2,0.0486061472480343,1.0,0,17.8,1399.0,0,2,0,0,0,68.0,0.0,0,0,6666.666666666667,1.0,15,100000,0,225000
540000,0.0,0,0,0.0,1164.72,0.0,2,0.0678132678132678,1.0,0,21.1,814.0,0,1,0,0,0,55.2,1.0,1,0,6666.666666666667,1.0,9,60000,0,280000
352616,0.0,0,1,0.0,1879.605,0.0,2,0.0737158105403602,0.0,0,17.01,1499.0,0,1,0,0,0,110.5,1.0,0,0,5509.625,0.0,8,44077,0,570000
720000,0.0,0,0,0.0,1168.31,0.0,2,0.0594221105527638,1.0,0,24.7,796.0,1,2,0,0,0,47.3,1.0,0,0,11250.0,1.0,8,90000,0,290000
350000,0.0,0,0,1.0,1880.1887,0.0,2,0.0635601719197707,1.0,0,21.19,1396.0,0,2,0,0,0,88.73,0.0,1,0,7142.857142857143,1.0,7,50000,0,720000
480000,0.0,0,1,1.0,2244.8943,0.0,2,0.0658144192256341,1.0,0,22.77,1498.0,0,1,0,0,0,98.59,0.0,0,0,7500.0,1.0,8,60000,0,800000
260000,0.0,0,0,0.0,1348.0704999999998,0.0,1,0.0626611418047882,1.0,0,19.81,1086.0,0,3,0,0,0,68.05,1.0,1,0,1538.4615384615386,1.0,13,20000,0,265000
1350000,0.0,0,0,0.0,912.11,0.0,2,0.0581658291457286,1.0,0,19.7,796.0,1,3,0,0,0,46.3,1.0,0,0,6000.0,1.0,15,90000,0,135000
630000,0.0,0,1,1.0,2557.17,0.0,2,0.0660881174899866,1.0,0,25.83,1498.0,0,2,0,0,0,99.0,0.0,0,0,7777.777777777777,1.0,9,70000,0,350000
1360000,0.0,0,0,0.0,1595.685,0.0,1,0.0655689102564102,1.0,0,19.5,1248.0,1,2,0,0,0,81.83,1.0,0,0,4705.882352941177,1.0,17,80000,0,200000
1170000,0.0,0,0,0.0,1501.5,0.0,2,0.0661016949152542,1.0,0,17.5,1298.0,1,2,0,0,0,85.8,1.0,0,0,6923.076923076923,1.0,13,90000,0,355000
102000,0.0,0,0,0.0,1522.596,0.0,1,0.0683876357560568,1.0,0,18.6,1197.0,0,1,0,0,0,81.86,1.0,1,0,2833.333333333333,1.0,6,17000,0,700000
962000,0.0,0,0,1.0,1630.9730000000002,0.0,2,0.0616346955796497,1.0,0,22.07,1199.0,0,2,0,0,0,73.9,0.0,0,1,5692.307692307692,1.0,13,74000,0,350000
1140000,0.0,0,0,0.0,912.11,0.0,1,0.0581658291457286,1.0,0,19.7,796.0,1,2,0,0,0,46.3,1.0,0,0,3157.894736842105,1.0,19,60000,0,85000
135000,0.0,0,0,0.0,1075.602,0.0,1,0.0594221105527638,1.0,0,22.74,796.0,1,1,0,0,0,47.3,1.0,0,0,1666.6666666666667,1.0,9,15000,0,290000
432000,0.0,0,0,1.0,2514.3,0.0,2,0.0658210947930574,1.0,0,25.5,1498.0,0,1,0,1,0,98.6,0.0,0,0,12000.0,1.0,6,72000,0,1000000
425000,0.0,0,0,0.0,1084.496,0.0,1,0.0539815590947192,1.0,0,16.84,1193.0,0,2,0,0,0,64.4,1.0,0,0,1470.5882352941176,1.0,17,25000,1,85000
2508000,0.0,0,0,0.0,912.11,0.0,2,0.0581658291457286,1.0,0,19.7,796.0,1,1,0,0,0,46.3,1.0,0,0,5181.818181818182,1.0,22,114000,0,65000
2400000,0.0,0,0,0.0,1300.0,0.0,2,0.0669792364367046,1.0,0,13.0,1493.0,0,1,0,1,0,100.0,1.0,0,0,6000.0,1.0,20,120000,0,75000
892288,0.0,0,0,1.0,1207.0,0.0,1,0.0505338078291814,1.0,0,17.0,1405.0,0,1,0,0,0,71.0,0.0,0,0,3485.5,1.0,16,55768,1,170000
320000,0.0,0,0,0.0,1547.1539999999998,0.0,1,0.0683876357560568,0.0,0,18.9,1197.0,0,1,0,0,0,81.86,1.0,1,0,5000.0,1.0,8,40000,0,525000
350000,0.0,0,0,0.0,1461.0195,0.0,2,0.0671843687374749,1.0,0,21.79,998.0,1,2,0,0,0,67.05,1.0,0,0,14000.0,1.0,5,70000,0,265000
350000,0.0,0,0,0.0,1705.2,0.0,2,0.0700583819849874,1.0,0,20.3,1199.0,0,1,0,0,0,84.0,1.0,0,0,7142.857142857143,1.0,7,50000,1,459999
160000,0.0,0,0,0.0,1605.8475,0.0,1,0.0671843687374749,1.0,0,23.95,998.0,1,1,0,0,0,67.05,1.0,0,0,2500.0,1.0,8,20000,0,250000
840000,0.0,0,0,1.0,1731.6,0.0,2,0.0592948717948717,1.0,0,23.4,1248.0,1,2,0,0,0,74.0,0.0,0,0,5833.333333333333,1.0,12,70000,0,395000
660000,0.0,0,0,0.0,1549.8,0.0,2,0.0685045948203842,1.0,0,18.9,1197.0,0,1,0,0,0,82.0,1.0,1,0,5454.545454545455,1.0,11,60000,0,375000
1920000,0.0,0,0,1.0,1207.0,0.0,2,0.0505338078291814,1.0,0,17.0,1405.0,0,1,0,0,0,71.0,0.0,0,0,7500.0,1.0,16,120000,1,120000
1540000,0.0,0,0,1.0,1559.2900000000002,0.0,2,0.0592147435897435,1.0,0,21.1,1248.0,1,2,0,0,0,73.9,0.0,0,0,7857.142857142857,1.0,14,110000,0,290000
480000,0.0,0,0,0.0,2002.56,0.0,2,0.0700583819849874,1.0,0,23.84,1199.0,0,1,0,0,0,84.0,1.0,0,0,7500.0,1.0,8,60000,1,409999
480000,0.0,0,0,0.0,1039.5,0.0,1,0.0633165829145728,1.0,0,16.5,995.0,0,1,0,0,0,63.0,1.0,0,0,1875.0,1.0,16,30000,0,200000
245000,0.0,0,0,1.0,2294.718,0.0,1,0.0724966622162883,1.0,0,21.13,1498.0,0,1,0,0,1,108.6,0.0,0,0,5000.0,1.0,7,35000,0,900000
1300000,0.0,0,0,1.0,2061.6345,0.0,2,0.0742299794661191,1.0,0,19.01,1461.0,0,1,1,0,0,108.45,0.0,0,0,7692.307692307692,1.0,13,100000,0,450000
924000,0.0,0,0,1.0,1782.39,0.0,2,0.0590787716955941,1.0,0,20.14,1498.0,0,2,0,0,0,88.5,0.0,0,1,7636.363636363636,1.0,11,84000,0,300000
660000,0.0,0,1,1.0,2244.6475,0.0,2,0.0599132176234979,1.0,0,25.01,1498.0,0,1,0,0,0,89.75,0.0,0,0,5454.545454545455,1.0,11,60000,0,425000
840000,0.0,0,0,0.0,1606.404,0.0,1,0.0659147869674185,1.0,0,20.36,1197.0,0,2,0,0,0,78.9,1.0,1,0,4285.714285714285,1.0,14,60000,0,200000
1218000,0.0,0,0,1.0,1350.0,0.0,2,0.0600961538461538,1.0,0,18.0,1248.0,0,1,0,0,0,75.0,0.0,0,0,6214.285714285715,1.0,14,87000,1,180000
630000,0.0,0,0,0.0,1558.459,0.0,2,0.0743503772003352,1.0,0,17.57,1193.0,0,2,0,0,0,88.7,1.0,0,0,7777.777777777777,1.0,9,70000,1,350000
990000,0.0,0,0,1.0,1731.6,0.0,2,0.0592948717948717,1.0,0,23.4,1248.0,1,1,0,0,0,74.0,0.0,0,0,8181.818181818182,1.0,11,90000,0,465000
2820000,0.0,0,0,1.0,1875.456,0.0,2,0.0711538461538461,1.0,0,21.12,1248.0,0,2,0,0,0,88.8,0.0,0,0,12533.333333333334,1.0,15,188000,1,200000
800000,0.0,0,0,0.0,2041.02,0.0,2,0.0783567134268537,1.0,0,17.4,1497.0,0,1,0,1,0,117.3,1.0,0,0,8000.0,1.0,10,80000,0,650000
1849170,0.0,0,0,0.0,1606.404,0.0,2,0.0659147869674185,1.0,0,20.36,1197.0,0,2,0,0,0,78.9,1.0,1,0,8218.533333333333,1.0,15,123278,0,150000
1100000,0.0,0,0,1.0,2563.6,0.0,2,0.0658210947930574,1.0,0,26.0,1498.0,0,2,0,1,0,98.6,0.0,0,0,9090.90909090909,1.0,11,100000,0,560000
900000,0.0,0,0,1.0,1880.1887,0.0,2,0.0635601719197707,1.0,0,21.19,1396.0,0,1,0,0,0,88.73,0.0,1,0,9000.0,1.0,10,90000,0,625000
1430000,0.0,0,1,1.0,1360.0,0.0,2,0.0486061472480343,1.0,0,20.0,1399.0,0,1,0,0,0,68.0,0.0,0,0,8461.538461538461,1.0,13,110000,0,220000
1320000,0.0,0,1,1.0,1362.0,0.0,2,0.0486776268763402,1.0,0,20.0,1399.0,0,1,0,0,0,68.1,0.0,0,0,9166.666666666666,1.0,12,110000,0,250000
490000,0.0,0,0,1.0,1831.655,0.0,2,0.0710737179487179,1.0,0,20.65,1248.0,0,1,0,0,0,88.7,0.0,0,0,10000.0,1.0,7,70000,1,575000
450000,0.0,0,0,0.0,1075.602,0.0,2,0.0594221105527638,1.0,0,22.74,796.0,1,1,0,0,0,47.3,1.0,0,0,5555.555555555556,1.0,9,50000,0,262000
231000,0.0,0,0,0.0,1164.72,0.0,1,0.0678132678132678,1.0,0,21.1,814.0,0,1,0,0,0,55.2,1.0,1,0,4714.285714285715,1.0,7,33000,0,299000
265000,0.0,0,0,0.0,1075.602,0.0,1,0.0594221105527638,1.0,0,22.74,796.0,1,1,0,0,0,47.3,1.0,0,0,2650.0,1.0,10,26500,0,250000
840000,0.0,0,0,0.0,1112.832,0.0,1,0.0571823204419889,1.0,0,17.92,1086.0,0,4,0,0,0,62.1,1.0,1,0,4285.714285714285,1.0,14,60000,0,140000
840000,0.0,0,0,1.0,1731.6,0.0,2,0.0592948717948717,1.0,0,23.4,1248.0,1,3,0,0,0,74.0,0.0,0,0,5833.333333333333,1.0,12,70000,0,360000
800000,0.0,0,0,0.0,1383.4478,0.0,2,0.0559766277128547,1.0,0,20.63,1198.0,0,1,0,0,1,67.06,1.0,0,0,8000.0,1.0,10,80000,0,210000
480000,0.0,0,0,1.0,1999.9742,0.0,2,0.0635601719197707,1.0,0,22.54,1396.0,0,1,0,0,0,88.73,0.0,1,0,7500.0,1.0,8,60000,0,600000
1400000,0.0,0,0,1.0,1462.5,0.0,2,0.0625521267723102,1.0,0,19.5,1199.0,0,1,0,0,1,75.0,0.0,0,0,7142.857142857143,1.0,14,100000,0,210000
1120000,0.0,0,0,1.0,2127.944,0.0,2,0.0648310387984981,1.0,0,20.54,1598.0,0,2,0,0,0,103.6,0.0,0,1,5714.285714285715,1.0,14,80000,0,300000
315000,0.0,0,0,0.0,1549.8,0.0,1,0.0685045948203842,1.0,0,18.9,1197.0,0,1,0,0,0,82.0,1.0,1,0,3888.8888888888887,1.0,9,35000,0,450000
60000,0.0,0,0,0.0,1547.1539999999998,0.0,1,0.0683876357560568,1.0,0,18.9,1197.0,0,1,0,0,0,81.86,1.0,1,0,1666.6666666666667,1.0,6,10000,0,550000
1120000,0.0,0,0,1.0,1350.0,0.0,2,0.0600961538461538,1.0,0,18.0,1248.0,0,1,0,0,0,75.0,0.0,0,0,5714.285714285715,1.0,14,80000,1,100000
650000,0.0,0,0,0.0,1164.72,0.0,1,0.0678132678132678,1.0,0,21.1,814.0,0,2,0,0,0,55.2,1.0,1,0,3846.153846153846,1.0,13,50000,0,185000
1710000,0.0,0,0,0.0,1107.2,0.0,1,0.060320452403393,1.0,0,17.3,1061.0,1,2,0,0,0,64.0,1.0,0,0,4736.8421052631575,1.0,19,90000,0,80000
640000,0.0,0,0,0.0,1168.31,0.0,2,0.0594221105527638,1.0,0,24.7,796.0,1,1,0,0,0,47.3,1.0,0,0,10000.0,1.0,8,80000,0,295000
200000,0.0,0,0,0.0,1541.67,0.0,1,0.067067067067067,1.0,0,23.01,999.0,0,1,1,0,0,67.0,1.0,0,0,3125.0,1.0,8,25000,0,360000
770000,0.0,0,0,0.0,1403.732,0.0,2,0.0672344689378757,1.0,0,20.92,998.0,1,1,0,0,0,67.1,1.0,0,0,6363.636363636364,1.0,11,70000,0,210000
480000,0.0,0,0,0.0,1424.3639999999998,0.0,2,0.0683876357560568,0.0,0,17.4,1197.0,0,1,0,0,0,81.86,1.0,1,0,13333.333333333334,1.0,6,80000,0,585000
450000,0.0,0,0,1.0,1786.418,0.0,2,0.0592122830440587,1.0,0,20.14,1498.0,0,1,0,0,0,88.7,0.0,0,1,5555.555555555556,1.0,9,50000,0,560000
700000,0.0,0,0,1.0,2563.6,0.0,2,0.0658210947930574,1.0,0,26.0,1498.0,0,1,0,1,0,98.6,0.0,0,0,7000.0,1.0,10,70000,0,600000
480000,0.0,0,0,0.0,1382.21,0.0,2,0.0559265442404006,1.0,0,20.63,1198.0,0,1,0,0,1,67.0,1.0,0,0,7500.0,1.0,8,60000,0,330000
1170000,0.0,1,0,1.0,1582.889,0.0,2,0.0491935483870967,1.0,0,23.59,1364.0,0,1,0,0,0,67.1,0.0,0,0,6923.076923076923,1.0,13,90000,0,300000
196000,0.0,0,0,0.0,1844.5,0.0,1,0.090567612687813,1.0,0,17.0,1198.0,0,1,0,0,0,108.5,1.0,0,0,4000.0,1.0,7,28000,1,650000
120000,0.0,0,0,0.0,1424.3639999999998,0.0,1,0.0683876357560568,0.0,0,17.4,1197.0,0,1,0,0,0,81.86,1.0,1,0,3333.333333333333,1.0,6,20000,0,695000
660000,0.0,0,0,1.0,1680.0,0.0,2,0.0625,1.0,0,24.0,1120.0,0,1,0,0,0,70.0,0.0,1,0,5454.545454545455,1.0,11,60000,0,300000
220000,0.0,0,0,0.0,1075.602,0.0,1,0.0594221105527638,1.0,0,22.74,796.0,1,1,0,0,0,47.3,1.0,0,0,2200.0,1.0,10,22000,0,270000
960000,0.0,0,0,1.0,1699.4900000000002,0.0,2,0.0616185897435897,1.0,0,22.1,1248.0,0,1,0,0,0,76.9,0.0,0,0,6666.666666666667,1.0,12,80000,0,200000
420000,0.0,0,0,1.0,2332.75,0.0,2,0.0724782899131596,1.0,0,21.5,1497.0,0,1,0,0,0,108.5,0.0,0,0,8571.42857142857,1.0,7,60000,1,860000
140000,0.0,0,0,0.0,2002.56,0.0,1,0.0700583819849874,1.0,0,23.84,1199.0,0,1,0,0,0,84.0,1.0,0,0,2857.1428571428573,1.0,7,20000,1,400000
1704000,0.0,0,0,1.0,1715.408,0.0,2,0.0592467948717948,1.0,0,23.2,1248.0,1,2,0,0,0,73.94,0.0,0,0,11833.333333333334,1.0,12,142000,0,240000
720000,0.0,0,0,1.0,1967.66,0.0,2,0.0592948717948717,1.0,0,26.59,1248.0,1,1,0,0,0,74.0,0.0,0,0,7200.0,1.0,10,72000,0,570000
630000,0.0,0,1,1.0,2276.08,0.0,2,0.0660614152202937,1.0,0,23.0,1498.0,0,1,0,0,0,98.96,0.0,0,0,12857.142857142857,1.0,7,90000,0,850000
1120000,0.0,0,1,1.0,1360.0,0.0,2,0.0486061472480343,1.0,0,20.0,1399.0,0,3,0,0,0,68.0,0.0,0,0,5714.285714285715,1.0,14,80000,0,155000
1750000,0.0,0,0,1.0,2070.0,0.0,2,0.0644699140401146,1.0,0,23.0,1396.0,0,1,0,0,0,90.0,0.0,1,0,8928.57142857143,1.0,14,125000,0,270000
330000,0.0,0,0,0.0,1888.503,0.0,1,0.0663510560815732,1.0,0,20.73,1373.0,1,1,0,0,0,91.1,1.0,0,0,3300.0,1.0,10,33000,0,610000
245000,0.0,0,0,1.0,1878.838,0.0,1,0.0623693086003372,1.0,0,25.4,1186.0,0,1,0,0,0,73.97,0.0,1,0,5000.0,1.0,7,35000,0,500000
301000,0.0,0,0,1.0,2702.4619999999995,0.0,2,0.0658411214953271,1.0,0,27.4,1498.0,0,1,0,1,0,98.63,0.0,0,0,6142.857142857143,1.0,7,43000,0,700000
1080000,0.0,0,0,0.0,912.11,0.0,1,0.0581658291457286,1.0,0,19.7,796.0,1,1,0,0,0,46.3,1.0,0,0,3333.333333333333,1.0,18,60000,0,135000
1344000,0.0,0,0,0.0,1656.015,0.0,2,0.0652202937249666,1.0,1,16.95,1498.0,0,1,0,0,0,97.7,1.0,0,0,6857.142857142857,1.0,14,96000,0,280000
910000,0.0,0,0,1.0,1715.408,0.0,2,0.0592467948717948,1.0,0,23.2,1248.0,1,2,0,0,0,73.94,0.0,0,0,5384.615384615385,1.0,13,70000,0,220000
147872,0.0,0,0,0.0,1708.802,0.0,1,0.0683375104427736,1.0,0,20.89,1197.0,1,1,0,0,0,81.8,1.0,0,0,2310.5,1.0,8,18484,0,620000
375000,0.0,0,0,0.0,912.11,0.0,1,0.0581658291457286,1.0,0,19.7,796.0,1,2,0,0,0,46.3,1.0,0,0,1666.6666666666667,1.0,15,25000,0,180000
1440000,0.0,0,0,1.0,1630.9730000000002,0.0,2,0.0616346955796497,1.0,0,22.07,1199.0,0,3,0,0,0,73.9,0.0,0,1,10000.0,1.0,12,120000,0,250000
440000,0.0,0,0,0.0,1733.469,0.0,2,0.0694569757727652,1.0,0,20.85,1197.0,1,1,0,0,0,83.14,1.0,0,0,6875.0,1.0,8,55000,0,480000
210000,0.0,0,0,1.0,2102.168,0.0,1,0.0593108974358974,1.0,0,28.4,1248.0,1,1,0,0,0,74.02,0.0,0,0,4285.714285714285,1.0,7,30000,0,800000
780000,0.0,0,0,0.0,1112.832,0.0,2,0.0571823204419889,1.0,0,17.92,1086.0,0,1,0,0,0,62.1,1.0,1,0,5416.666666666667,1.0,12,65000,0,180000
405000,0.0,0,0,0.0,1595.685,0.0,1,0.0655689102564102,1.0,0,19.5,1248.0,1,1,0,0,0,81.83,1.0,0,0,1800.0,1.0,15,27000,0,200000
650000,0.0,0,0,1.0,1943.844,0.0,1,0.0635816618911174,1.0,0,21.9,1396.0,0,2,0,0,0,88.76,0.0,1,0,3846.153846153846,1.0,13,50000,0,380000
15360,0.0,0,0,0.0,2011.44,0.0,1,0.0698999165971643,0.0,0,24.0,1199.0,0,1,0,0,0,83.81,1.0,0,0,426.6666666666667,1.0,6,2560,1,520000
1260000,0.0,0,0,0.0,912.11,0.0,1,0.0581658291457286,1.0,0,19.7,796.0,1,1,0,0,0,46.3,1.0,0,0,2857.1428571428573,1.0,21,60000,0,90000
720000,0.0,0,0,0.0,1374.9904,0.0,2,0.0671743486973947,1.0,0,20.51,998.0,1,2,0,0,0,67.04,1.0,0,0,8888.888888888889,1.0,9,80000,0,330000
1920000,0.0,0,0,0.0,1953.84,0.0,2,0.077688710754843,1.0,0,16.8,1497.0,0,2,0,1,0,116.3,1.0,0,0,7500.0,1.0,16,120000,0,290000
564000,0.0,0,0,0.0,1164.72,0.0,1,0.0678132678132678,1.0,0,21.1,814.0,0,2,0,0,0,55.2,1.0,1,0,3916.6666666666665,1.0,12,47000,0,215000
1320000,0.0,0,0,1.0,1887.9252,0.0,2,0.0635816618911174,1.0,0,21.27,1396.0,0,2,0,0,0,88.76,0.0,1,0,9166.666666666666,1.0,12,110000,0,380000
175000,0.0,0,0,0.0,1424.3639999999998,0.0,1,0.0683876357560568,0.0,0,17.4,1197.0,0,2,0,0,0,81.86,1.0,1,0,3571.428571428572,1.0,7,25000,0,700000
880000,0.0,0,0,1.0,2061.6345,0.0,2,0.0742299794661191,1.0,0,19.01,1461.0,0,1,1,0,0,108.45,0.0,0,0,7272.727272727273,1.0,11,80000,0,650000
1360000,0.0,0,0,0.0,912.11,0.0,1,0.0581658291457286,1.0,0,19.7,796.0,1,3,0,0,0,46.3,1.0,0,0,4705.882352941177,1.0,17,80000,0,120000
1644940,0.0,0,0,0.0,1595.685,0.0,1,0.0655689102564102,1.0,0,19.5,1248.0,0,3,0,0,0,81.83,0.0,1,0,3398.6363636363635,1.0,22,74770,0,130000
2805000,0.0,0,1,1.0,1210.4,0.0,2,0.0486061472480343,1.0,0,17.8,1399.0,0,2,0,0,0,68.0,0.0,0,0,12466.666666666666,0.0,15,187000,0,180000
828000,0.0,0,1,1.0,1246.2,0.0,2,0.0482708933717579,1.0,0,18.6,1388.0,0,1,0,0,0,67.0,0.0,0,0,5750.0,0.0,12,69000,0,325000
189000,0.0,0,1,1.0,2244.8943,0.0,1,0.0658144192256341,1.0,0,22.77,1498.0,0,1,0,0,0,98.59,0.0,0,0,3857.142857142857,0.0,7,27000,0,950000
1452000,0.0,0,1,1.0,2039.368,0.0,2,0.059973297730307,1.0,0,22.7,1498.0,0,2,0,0,0,89.84,0.0,0,0,12000.0,0.0,11,132000,0,500000
600000,0.0,0,1,1.0,2589.903,0.0,2,0.0662416555407209,1.0,0,26.1,1498.0,0,1,0,0,0,99.23,0.0,0,0,9375.0,0.0,8,75000,0,725000
180000,0.0,0,1,0.0,1756.2050000000002,0.0,1,0.0795058626465661,1.0,0,18.5,1194.0,0,2,0,0,0,94.93,1.0,0,0,1800.0,0.0,10,18000,0,500000
90000,0.0,0,0,1.0,1999.9742,0.0,1,0.0635601719197707,1.0,0,22.54,1396.0,0,1,0,0,0,88.73,0.0,1,0,1111.111111111111,1.0,9,10000,0,650000
1200000,0.0,0,0,1.0,1335.0,0.0,2,0.0600961538461538,1.0,0,17.8,1248.0,1,1,0,0,0,75.0,0.0,0,0,5333.333333333333,1.0,15,80000,0,285000
1781000,0.0,0,1,1.0,1192.6,0.0,2,0.0478913509649749,1.0,0,17.8,1399.0,0,1,0,0,0,67.0,0.0,0,0,10538.46153846154,1.0,13,137000,0,200000
910000,0.0,0,0,1.0,2127.944,0.0,1,0.0648310387984981,1.0,0,20.54,1598.0,0,2,0,0,0,103.6,0.0,0,1,4642.857142857143,1.0,14,65000,0,295000
2160000,0.0,0,0,0.0,1380.6,0.0,2,0.0521042084168336,1.0,0,17.7,1497.0,0,3,0,1,0,78.0,1.0,0,0,6666.666666666667,1.0,18,120000,0,160000
80000,0.0,0,0,0.0,1548.6240000000005,0.0,1,0.0671743486973947,0.0,0,23.1,998.0,1,1,0,0,0,67.04,1.0,0,0,1250.0,1.0,8,10000,0,450000
1309000,0.0,0,1,1.0,1246.2,0.0,2,0.0482708933717579,1.0,0,18.6,1388.0,0,2,0,0,0,67.0,0.0,0,0,6678.571428571428,1.0,14,93500,0,350000
420000,0.0,0,0,1.0,2102.168,0.0,2,0.0593108974358974,1.0,0,28.4,1248.0,1,1,0,0,0,74.02,0.0,0,0,11666.666666666666,1.0,6,70000,0,558000
840000,0.0,0,0,0.0,1112.832,0.0,1,0.0571823204419889,1.0,0,17.92,1086.0,0,3,0,0,0,62.1,1.0,1,0,3733.3333333333335,1.0,15,56000,0,165000
1040000,0.0,0,0,1.0,1943.844,0.0,2,0.0635816618911174,1.0,0,21.9,1396.0,0,2,0,0,0,88.76,0.0,1,0,6153.846153846154,1.0,13,80000,0,300000
1190000,0.0,0,0,1.0,1595.685,0.0,1,0.0655689102564102,0.0,0,19.5,1248.0,0,3,0,0,1,81.83,0.0,0,0,4117.64705882353,1.0,17,70000,0,890000
715000,0.0,0,0,1.0,2188.4128,0.0,2,0.069105473965287,1.0,0,21.14,1498.0,0,2,0,0,1,103.52,0.0,0,0,5909.090909090909,1.0,11,65000,0,640000
574000,0.0,0,0,1.0,2485.965,0.0,2,0.0709134615384615,1.0,0,28.09,1248.0,1,1,0,0,0,88.5,0.0,0,0,11714.285714285714,1.0,7,82000,0,825000
1463000,0.0,0,0,1.0,2061.6345,0.0,2,0.0742299794661191,1.0,0,19.01,1461.0,0,1,1,0,0,108.45,0.0,0,0,12090.90909090909,1.0,11,133000,0,450000
200000,0.0,0,0,0.0,1552.25,0.0,1,0.0739783152627189,1.0,0,17.5,1199.0,0,2,0,1,0,88.7,1.0,0,0,3125.0,1.0,8,25000,0,675000
120000,0.0,0,0,0.0,1558.459,0.0,1,0.0743503772003352,1.0,0,17.57,1193.0,0,1,0,0,0,88.7,1.0,0,0,1875.0,1.0,8,15000,1,415000
320000,0.0,0,0,1.0,1896.406,0.0,1,0.063538681948424,1.0,0,21.38,1396.0,0,1,0,0,0,88.7,0.0,1,0,5000.0,1.0,8,40000,0,1100000
315000,0.0,0,0,0.0,1253.75,0.0,1,0.0615609348914858,1.0,0,17.0,1198.0,0,1,0,0,0,73.75,1.0,0,1,3888.8888888888887,1.0,9,35000,0,500000
1600000,0.0,0,0,1.0,920.2,0.0,2,0.038323782234957,1.0,0,17.2,1396.0,0,2,0,0,0,53.5,0.0,0,0,6250.0,1.0,16,100000,1,45000
400000,0.0,0,0,0.0,1341.561,0.0,2,0.0667083854818523,1.0,0,25.17,799.0,0,1,1,0,0,53.3,1.0,0,0,6250.0,1.0,8,50000,0,270000
320000,0.0,0,0,0.0,1407.1734,0.0,1,0.0683876357560568,1.0,0,17.19,1197.0,0,1,0,0,0,81.86,1.0,1,0,5000.0,1.0,8,40000,0,550000
540000,0.0,0,0,0.0,1541.67,0.0,2,0.067067067067067,1.0,0,23.01,999.0,0,1,1,0,0,67.0,1.0,0,0,6666.666666666667,1.0,9,60000,0,235000
280000,0.0,0,0,0.0,1522.038,0.0,2,0.0683625730994152,1.0,0,18.6,1197.0,0,1,0,0,0,81.83,1.0,1,0,5714.285714285715,1.0,7,40000,0,600000
600000,0.0,0,0,1.0,2691.78,0.0,2,0.0658210947930574,1.0,0,27.3,1498.0,0,1,0,1,0,98.6,0.0,0,0,6000.0,1.0,10,60000,0,525000
1170000,0.0,0,0,1.0,1694.6,0.0,2,0.0592948717948717,1.0,0,22.9,1248.0,1,1,0,0,0,74.0,0.0,0,0,6923.076923076923,1.0,13,90000,0,325000
990000,0.0,0,0,1.0,1731.6,0.0,2,0.0592948717948717,1.0,0,23.4,1248.0,1,1,0,0,0,74.0,0.0,0,0,8181.818181818182,1.0,11,90000,0,420000
660000,0.0,0,0,0.0,1403.732,0.0,2,0.0672344689378757,1.0,0,20.92,998.0,1,2,0,0,0,67.1,1.0,0,0,5454.545454545455,1.0,11,60000,0,229999
960000,0.0,0,0,1.0,1731.6,0.0,2,0.0592948717948717,1.0,0,23.4,1248.0,1,4,0,0,0,74.0,0.0,0,0,6666.666666666667,1.0,12,80000,0,375000
280000,0.0,0,0,0.0,2002.56,0.0,2,0.0700583819849874,1.0,0,23.84,1199.0,0,1,0,0,0,84.0,1.0,0,0,5714.285714285715,1.0,7,40000,1,400000
1360000,0.0,0,0,0.0,1121.4,0.0,1,0.0580110497237569,1.0,0,17.8,1086.0,0,3,0,0,0,63.0,1.0,1,0,4705.882352941177,1.0,17,80000,0,110000
75000,0.0,0,0,0.0,1998.5072,0.0,1,0.0699165971643035,1.0,0,23.84,1199.0,0,1,0,0,0,83.83,1.0,0,0,3000.0,1.0,5,15000,1,500000
1980000,0.0,0,0,1.0,1991.0,0.0,2,0.073677160080375,1.0,0,18.1,1493.0,0,2,0,0,0,110.0,0.0,1,0,6111.111111111111,1.0,18,110000,0,250000
280000,0.0,0,0,1.0,2294.718,0.0,2,0.0724966622162883,1.0,0,21.13,1498.0,0,1,0,0,1,108.6,0.0,0,0,5714.285714285715,1.0,7,40000,0,950000
210000,0.0,0,0,1.0,2102.168,0.0,1,0.0593108974358974,1.0,0,28.4,1248.0,1,1,0,0,0,74.02,0.0,0,0,4285.714285714285,1.0,7,30000,0,780000
210000,0.0,0,0,0.0,1380.4,0.0,1,0.0626151012891344,1.0,0,20.3,1086.0,0,1,0,0,0,68.0,1.0,1,0,4285.714285714285,1.0,7,30000,0,575000
240000,0.0,0,0,0.0,1522.038,0.0,1,0.0683625730994152,1.0,0,18.6,1197.0,0,2,0,0,0,81.83,1.0,1,0,3750.0,1.0,8,30000,0,563000
120000,0.0,0,0,0.0,2002.56,0.0,1,0.0700583819849874,1.0,0,23.84,1199.0,0,1,0,0,0,84.0,1.0,0,0,1875.0,1.0,8,15000,1,450000
2025000,0.0,0,0,1.0,2070.0,0.0,2,0.0644699140401146,1.0,0,23.0,1396.0,0,2,0,0,0,90.0,0.0,1,0,9000.0,1.0,15,135000,0,320000
960000,0.0,0,0,0.0,1122.01,0.0,2,0.0610367892976588,1.0,0,15.37,1196.0,1,1,0,0,0,73.0,1.0,0,0,15000.0,1.0,8,120000,0,400000
540000,0.0,0,0,0.0,1541.67,0.0,2,0.067067067067067,1.0,0,23.01,999.0,0,2,1,0,0,67.0,1.0,0,0,6666.666666666667,1.0,9,60000,0,315000
2850000,0.0,0,0,1.0,1426.2700000000002,0.0,2,0.0592147435897435,1.0,0,19.3,1248.0,1,2,0,0,0,73.9,0.0,0,0,12666.666666666666,1.0,15,190000,0,350000
1080000,0.0,0,0,0.0,1122.01,0.0,2,0.0610367892976588,1.0,0,15.37,1196.0,1,1,0,0,0,73.0,1.0,0,0,13333.333333333334,1.0,9,120000,0,375000
1800000,0.0,0,1,1.0,1595.685,0.0,1,0.0655689102564102,1.0,0,19.5,1248.0,0,3,0,0,0,81.83,0.0,0,0,4500.0,1.0,20,90000,0,130000
290000,0.0,0,0,0.0,1548.6240000000005,0.0,1,0.0671743486973947,1.0,0,23.1,998.0,1,1,0,0,0,67.04,1.0,0,0,2900.0,1.0,10,29000,0,350000
1680000,0.0,0,0,0.0,1595.685,0.0,2,0.0655689102564102,1.0,0,19.5,1248.0,0,4,0,0,0,81.83,0.0,1,0,8571.42857142857,1.0,14,120000,0,170000
1800000,0.0,0,0,0.0,1266.3,0.0,2,0.063147973609802,1.0,0,18.9,1061.0,1,3,0,0,0,67.0,1.0,0,0,8000.0,1.0,15,120000,0,120000
210000,0.0,0,0,0.0,1548.6240000000005,0.0,1,0.0671743486973947,0.0,0,23.1,998.0,1,2,0,0,0,67.04,1.0,0,0,4285.714285714285,1.0,7,30000,0,451999
504000,0.0,0,0,0.0,1549.8,0.0,2,0.0685045948203842,1.0,0,18.9,1197.0,0,3,0,0,0,82.0,1.0,1,0,6222.222222222223,1.0,9,56000,0,500000
600000,0.0,0,0,1.0,1864.8,0.0,2,0.0592948717948717,1.0,0,25.2,1248.0,1,1,0,0,0,74.0,0.0,0,0,6000.0,1.0,10,60000,0,490000
2499000,0.0,0,0,1.0,1426.2700000000002,0.0,2,0.0592147435897435,1.0,0,19.3,1248.0,1,2,0,0,0,73.9,0.0,0,0,8647.058823529413,1.0,17,147000,0,200000
455000,0.0,0,0,0.0,1268.1899999999998,0.0,1,0.0672344689378757,1.0,0,18.9,998.0,1,1,0,0,0,67.1,1.0,0,0,2692.3076923076924,1.0,13,35000,0,240000
136500,0.0,0,0,0.0,1522.038,0.0,1,0.0683625730994152,1.0,0,18.6,1197.0,0,1,0,0,0,81.83,1.0,1,0,2785.714285714286,1.0,7,19500,0,655000
268982,0.0,0,0,0.0,1407.1734,0.0,2,0.0683876357560568,1.0,0,17.19,1197.0,0,1,0,0,0,81.86,1.0,1,0,5489.428571428572,1.0,7,38426,0,620000
350000,0.0,0,0,0.0,1695.444,0.0,1,0.0694319131161236,1.0,0,20.4,1197.0,1,2,0,0,0,83.11,1.0,0,0,3500.0,1.0,10,35000,0,450000
385000,0.0,0,0,0.0,1374.9904,0.0,1,0.0671743486973947,1.0,0,20.51,998.0,1,2,0,0,0,67.04,1.0,0,0,3181.818181818182,1.0,11,35000,0,310000
900000,0.0,0,0,0.0,912.11,0.0,1,0.0581658291457286,1.0,0,19.7,796.0,1,3,0,0,0,46.3,1.0,0,0,2777.777777777778,1.0,18,50000,0,150000
1560000,0.0,0,0,1.0,1465.344,0.0,2,0.0615384615384615,1.0,0,25.44,936.0,0,1,0,0,0,57.6,0.0,0,0,9230.76923076923,1.0,13,120000,0,180000
1680000,0.0,0,0,1.0,1358.0,0.0,2,0.0498220640569395,1.0,0,19.4,1405.0,0,1,0,0,0,70.0,0.0,0,0,8571.42857142857,1.0,14,120000,1,150000
1568000,0.0,0,1,1.0,1360.0,0.0,2,0.0486061472480343,1.0,0,20.0,1399.0,0,2,0,0,0,68.0,0.0,0,0,8000.0,1.0,14,112000,0,160000
1885000,0.0,0,0,1.0,2121.75,0.0,2,0.0647684605757196,1.0,0,20.5,1598.0,0,1,0,0,1,103.5,0.0,0,0,11153.846153846154,1.0,13,145000,0,380000
2430000,0.0,0,0,1.0,1190.0,0.0,2,0.0498220640569395,1.0,0,17.0,1405.0,0,1,0,0,0,70.0,0.0,0,0,7500.0,1.0,18,135000,1,120000
1898000,0.0,0,0,1.0,1372.7,0.0,2,0.0498220640569395,1.0,0,19.61,1405.0,0,1,0,0,0,70.0,0.0,0,0,11230.76923076923,1.0,13,146000,1,135000
70000,0.0,0,0,0.0,1547.1539999999998,0.0,1,0.0683876357560568,1.0,0,18.9,1197.0,0,1,0,0,0,81.86,1.0,1,0,1428.571428571429,1.0,7,10000,0,610000
250000,0.0,0,0,1.0,1782.39,0.0,2,0.0590787716955941,1.0,0,20.14,1498.0,0,1,0,0,0,88.5,0.0,0,1,10000.0,1.0,5,50000,0,260000
200000,0.0,0,0,0.0,1648.6604,0.0,1,0.0683876357560568,1.0,0,20.14,1197.0,0,1,0,0,0,81.86,1.0,1,0,3125.0,1.0,8,25000,0,500000
180000,0.0,0,0,0.0,1541.67,0.0,1,0.067067067067067,1.0,0,23.01,999.0,0,1,1,0,0,67.0,1.0,0,0,2222.222222222222,1.0,9,20000,0,220000
400000,0.0,0,0,1.0,1725.2500000000002,0.0,2,0.0494340974212034,1.0,0,25.0,1396.0,0,1,0,0,0,69.01,0.0,0,0,6250.0,1.0,8,50000,1,350000
1400000,0.0,0,0,1.0,2070.0,0.0,2,0.0644699140401146,1.0,0,23.0,1396.0,0,2,0,0,0,90.0,0.0,1,0,7142.857142857143,1.0,14,100000,0,280000
100000,0.0,0,0,0.0,1844.5,0.0,1,0.090567612687813,1.0,0,17.0,1198.0,0,1,0,0,0,108.5,1.0,0,0,4000.0,1.0,5,20000,1,919999
2170000,0.0,0,0,1.0,2070.0,0.0,2,0.0644699140401146,1.0,0,23.0,1396.0,0,1,0,0,0,90.0,0.0,1,0,11071.42857142857,1.0,14,155000,0,320000
910000,0.0,0,1,1.0,1360.0,0.0,2,0.0486061472480343,1.0,0,20.0,1399.0,0,4,0,0,0,68.0,0.0,0,0,5384.615384615385,1.0,13,70000,0,140000
325000,0.0,0,0,1.0,1909.2,0.0,1,0.0711538461538461,1.0,0,21.5,1248.0,1,2,0,0,0,88.8,0.0,0,0,1923.076923076923,1.0,13,25000,0,310000
1300000,0.0,0,0,1.0,1694.6,0.0,2,0.0592948717948717,1.0,0,22.9,1248.0,1,2,0,0,0,74.0,0.0,0,0,7692.307692307692,1.0,13,100000,0,380000
1750500,0.0,0,0,0.0,1350.0,0.0,2,0.0657894736842105,1.0,0,15.0,1368.0,0,4,0,0,0,90.0,1.0,0,0,7780.0,1.0,15,116700,1,140000
250000,0.0,0,0,1.0,1698.3,0.0,1,0.0592948717948717,1.0,0,22.95,1248.0,0,1,0,0,0,74.0,0.0,0,0,2500.0,1.0,10,25000,1,475000
2640930,0.0,0,0,1.0,1335.0,0.0,2,0.0600961538461538,1.0,0,17.8,1248.0,1,1,0,0,0,75.0,0.0,0,0,11737.466666666667,1.0,15,176062,0,400000
1540000,0.0,0,0,0.0,1595.685,0.0,1,0.0655689102564102,1.0,0,19.5,1248.0,0,2,0,0,0,81.83,1.0,1,0,3181.818181818182,1.0,22,70000,0,68000
820000,0.0,0,0,1.0,2543.88,0.0,2,0.0658210947930574,1.0,0,25.8,1498.0,0,1,0,1,0,98.6,0.0,0,0,8200.0,1.0,10,82000,0,509999
1200000,0.0,0,0,0.0,1348.0704999999998,0.0,2,0.0626611418047882,1.0,0,19.81,1086.0,0,1,0,0,0,68.05,1.0,1,0,5333.333333333333,1.0,15,80000,0,275000
1419000,0.0,0,0,1.0,2138.634,0.0,2,0.0742299794661191,1.0,0,19.72,1461.0,0,1,1,0,0,108.45,0.0,0,0,11727.272727272728,1.0,11,129000,0,650000
540000,0.0,0,0,1.0,1879.85,0.0,2,0.0734775641025641,1.0,0,20.5,1248.0,0,2,0,0,1,91.7,0.0,0,0,6666.666666666667,1.0,9,60000,0,360000
574000,0.0,0,0,1.0,2360.3126,0.0,2,0.0725100133511348,0.0,0,21.73,1498.0,0,1,0,0,0,108.62,0.0,0,1,11714.285714285714,1.0,7,82000,0,650000
316000,0.0,0,0,0.0,1678.5359999999998,0.0,1,0.0683375104427736,1.0,0,20.52,1197.0,1,1,0,0,0,81.8,1.0,0,0,4937.5,1.0,8,39500,0,445000
280000,0.0,0,0,1.0,2000.6504,0.0,2,0.0635816618911174,1.0,0,22.54,1396.0,0,1,0,0,0,88.76,0.0,1,0,5714.285714285715,1.0,7,40000,0,750000
728000,0.0,0,0,1.0,1694.6,0.0,1,0.0592948717948717,1.0,0,22.9,1248.0,1,2,0,0,0,74.0,0.0,0,0,4307.692307692308,1.0,13,56000,0,425000
432000,0.0,0,0,1.0,1999.9742,0.0,2,0.0635601719197707,1.0,0,22.54,1396.0,0,1,0,0,0,88.73,0.0,1,0,6750.0,1.0,8,54000,0,850000
180000,0.0,0,0,0.0,1374.9904,0.0,1,0.0671743486973947,1.0,0,20.51,998.0,1,2,0,0,0,67.04,1.0,0,0,2222.222222222222,1.0,9,20000,0,400000
614856,0.0,0,0,1.0,1725.0,0.0,2,0.0494269340974212,1.0,0,25.0,1396.0,0,2,0,0,0,69.0,0.0,0,0,5081.454545454545,1.0,11,55896,1,200000
315000,0.0,0,0,1.0,2543.88,0.0,1,0.0658210947930574,1.0,0,25.8,1498.0,0,1,0,1,0,98.6,0.0,0,0,3888.8888888888887,1.0,9,35000,0,550000
1261000,0.0,0,0,0.0,1683.9199999999998,0.0,2,0.0724540901502504,1.0,0,19.4,1198.0,0,2,0,1,0,86.8,1.0,0,0,7461.538461538462,1.0,13,97000,0,250000
1320000,0.0,0,0,0.0,1075.602,0.0,2,0.0594221105527638,1.0,0,22.74,796.0,1,2,0,0,0,47.3,1.0,0,0,10909.09090909091,1.0,11,120000,0,206000
550000,0.0,0,0,0.0,1164.72,0.0,1,0.0678132678132678,1.0,0,21.1,814.0,0,1,0,0,0,55.2,1.0,1,0,4545.454545454545,1.0,11,50000,0,290000
1430000,0.0,0,0,1.0,1835.072,0.0,2,0.0580424366872005,1.0,1,21.64,1461.0,0,3,0,0,0,84.8,0.0,0,0,8461.538461538461,1.0,13,110000,0,220000
1500000,0.0,0,0,0.0,912.11,0.0,2,0.0581658291457286,1.0,0,19.7,796.0,1,1,0,0,0,46.3,1.0,0,0,6666.666666666667,1.0,15,100000,0,170000
1800000,0.0,0,0,1.0,1335.0,0.0,2,0.0600961538461538,1.0,0,17.8,1248.0,1,2,0,0,0,75.0,0.0,0,0,8000.0,1.0,15,120000,0,260000
1690000,0.0,0,0,1.0,2127.944,0.0,2,0.0648310387984981,1.0,0,20.54,1598.0,0,2,0,0,0,103.6,0.0,0,1,10000.0,1.0,13,130000,0,315000
1064000,0.0,0,0,0.0,1403.732,0.0,2,0.0672344689378757,1.0,0,20.92,998.0,1,2,0,0,0,67.1,1.0,0,0,5428.571428571428,1.0,14,76000,0,225000
630000,0.0,0,0,1.0,2101.6,0.0,2,0.0592948717948717,0.0,0,28.4,1248.0,1,1,0,0,0,74.0,0.0,0,0,12857.142857142857,1.0,7,90000,0,670000
300000,0.0,0,1,1.0,1362.0,0.0,1,0.0486776268763402,1.0,0,20.0,1399.0,0,1,0,0,0,68.1,0.0,0,0,2083.333333333333,1.0,12,25000,0,250000
1440000,0.0,0,0,1.0,1426.2700000000002,0.0,2,0.0592147435897435,1.0,0,19.3,1248.0,1,2,0,0,0,73.9,0.0,0,0,5625.0,1.0,16,90000,0,229999
2624000,0.0,0,0,1.0,1426.2700000000002,0.0,2,0.0592147435897435,1.0,0,19.3,1248.0,1,2,0,0,0,73.9,0.0,0,0,10250.0,1.0,16,164000,0,229999
1440000,0.0,0,0,0.0,1560.6,0.0,2,0.0723706176961602,1.0,0,18.0,1198.0,0,2,0,1,0,86.7,1.0,0,0,10000.0,1.0,12,120000,0,300000
990000,0.0,0,0,0.0,1255.9,0.0,1,0.0662324649298597,1.0,0,19.0,998.0,1,2,0,0,0,66.1,1.0,0,0,4400.0,1.0,15,66000,0,165000
280000,0.0,0,0,0.0,1541.67,0.0,1,0.067067067067067,1.0,0,23.01,999.0,0,1,1,0,0,67.0,1.0,0,0,4375.0,1.0,8,35000,0,300000
450000,0.0,0,0,1.0,1875.456,0.0,1,0.0711538461538461,1.0,0,21.12,1248.0,0,2,0,0,0,88.8,0.0,0,0,2000.0,1.0,15,30000,1,160000
330000,0.0,0,0,0.0,1075.602,0.0,1,0.0594221105527638,1.0,0,22.74,796.0,1,2,0,0,0,47.3,1.0,0,0,2727.2727272727275,1.0,11,30000,0,229999
770000,0.0,0,0,1.0,1694.6,0.0,2,0.0592948717948717,1.0,0,22.9,1248.0,1,2,0,0,0,74.0,0.0,0,0,6363.636363636364,1.0,11,70000,0,440000
1080000,0.0,0,0,0.0,1116.0,0.0,1,0.0623115577889447,1.0,0,18.0,995.0,0,2,0,0,0,62.0,1.0,0,0,3333.333333333333,1.0,18,60000,0,90000
480000,0.0,0,0,1.0,2485.965,0.0,2,0.0709134615384615,1.0,0,28.09,1248.0,1,1,0,0,0,88.5,0.0,0,0,7500.0,1.0,8,60000,0,750000
1040000,0.0,0,0,0.0,1953.84,0.0,2,0.077688710754843,1.0,0,16.8,1497.0,0,2,0,1,0,116.3,1.0,0,0,6153.846153846154,1.0,13,80000,0,330000
630000,0.0,0,0,1.0,2485.965,0.0,2,0.0709134615384615,1.0,0,28.09,1248.0,1,2,0,0,0,88.5,0.0,0,0,7777.777777777777,1.0,9,70000,0,715000
1800000,0.0,0,0,1.0,1564.5,0.0,2,0.0625521267723102,1.0,0,20.86,1199.0,0,2,0,0,1,75.0,0.0,0,0,12500.0,1.0,12,150000,0,250000
2700000,0.0,0,0,0.0,1164.8,0.0,2,0.060320452403393,1.0,0,18.2,1061.0,1,2,0,0,0,64.0,1.0,0,0,8333.333333333334,1.0,18,150000,0,120000
525000,0.0,0,1,0.0,1306.4,0.0,1,0.0576080150281778,1.0,0,14.2,1597.0,0,3,0,0,0,92.0,1.0,0,0,1190.4761904761904,1.0,21,25000,0,100000
280000,0.0,0,0,1.0,2358.792,0.0,1,0.0724966622162883,0.0,0,21.72,1498.0,0,2,0,0,1,108.6,0.0,0,0,4375.0,1.0,8,35000,0,850000
336000,0.0,0,0,1.0,1878.838,0.0,2,0.0623693086003372,1.0,0,25.4,1186.0,0,1,0,0,0,73.97,0.0,1,0,6857.142857142857,1.0,7,48000,0,450000
1350000,0.0,0,0,1.0,1967.66,0.0,2,0.0592948717948717,1.0,0,26.59,1248.0,1,1,0,0,0,74.0,0.0,0,0,13500.0,1.0,10,135000,0,600000
308000,0.0,0,0,0.0,1168.31,0.0,2,0.0594221105527638,1.0,0,24.7,796.0,1,1,0,0,0,47.3,1.0,0,0,6285.714285714285,1.0,7,44000,0,350000
840000,0.0,0,0,0.0,1606.404,0.0,2,0.0659147869674185,1.0,0,20.36,1197.0,0,1,0,0,0,78.9,1.0,1,0,5833.333333333333,1.0,12,70000,0,325000
2280000,0.0,0,0,0.0,912.11,0.0,2,0.0581658291457286,1.0,0,19.7,796.0,1,3,0,0,0,46.3,1.0,0,0,6315.789473684211,1.0,19,120000,0,110000
280000,0.0,0,0,0.0,1888.503,0.0,2,0.0663510560815732,1.0,0,20.73,1373.0,1,1,0,0,0,91.1,1.0,0,0,5714.285714285715,1.0,7,40000,0,750000
175000,0.0,0,0,0.0,1164.72,0.0,1,0.0678132678132678,1.0,0,21.1,814.0,0,1,0,0,0,55.2,1.0,1,0,3571.428571428572,1.0,7,25000,0,350000
90000,0.0,0,0,0.0,1547.1539999999998,0.0,1,0.0683876357560568,1.0,0,18.9,1197.0,0,1,0,0,0,81.86,1.0,1,0,2500.0,1.0,6,15000,0,488999
216000,0.0,0,0,0.0,1168.31,0.0,1,0.0594221105527638,1.0,0,24.7,796.0,1,1,0,0,0,47.3,1.0,0,0,3375.0,1.0,8,27000,0,300000
280000,0.0,0,0,1.0,2026.86,0.0,1,0.0592948717948717,1.0,0,27.39,1248.0,1,2,0,0,0,74.0,0.0,0,0,4375.0,1.0,8,35000,0,650000
440000,0.0,0,0,0.0,1255.9,0.0,1,0.0662324649298597,1.0,0,19.0,998.0,1,1,0,0,0,66.1,1.0,0,0,3636.363636363637,1.0,11,40000,0,250000
440000,0.0,0,0,0.0,1075.602,0.0,1,0.0594221105527638,1.0,0,22.74,796.0,1,3,0,0,0,47.3,1.0,0,0,3636.363636363637,1.0,11,40000,0,200000
1560000,0.0,0,0,1.0,1589.0700000000002,0.0,2,0.0494269340974212,1.0,0,23.03,1396.0,0,1,0,0,0,69.0,0.0,0,0,9230.76923076923,1.0,13,120000,1,200000
540000,0.0,0,0,0.0,1381.415,0.0,2,0.0681863727454909,1.0,0,20.3,998.0,0,1,0,0,0,68.05,1.0,1,0,6666.666666666667,1.0,9,60000,0,276000
440000,0.0,0,0,0.0,1164.72,0.0,1,0.0678132678132678,1.0,0,21.1,814.0,0,1,0,0,0,55.2,1.0,1,0,3636.363636363637,1.0,11,40000,0,250000
1360000,0.0,0,0,0.0,912.11,0.0,1,0.0581658291457286,1.0,0,19.7,796.0,1,2,0,0,0,46.3,1.0,0,0,4705.882352941177,1.0,17,80000,0,95000
980000,0.0,0,0,1.0,1649.9,0.0,1,0.0501432664756446,1.0,0,23.57,1396.0,0,2,0,0,0,70.0,0.0,0,0,5000.0,1.0,14,70000,1,200000
2625000,0.0,0,0,1.0,1317.21,0.0,2,0.0494269340974212,1.0,0,19.09,1396.0,0,1,0,0,0,69.0,0.0,0,0,11666.666666666666,1.0,15,175000,1,200000
1050000,0.0,0,0,0.0,1606.404,0.0,1,0.0659147869674185,1.0,0,20.36,1197.0,0,2,0,0,0,78.9,1.0,1,0,4666.666666666667,1.0,15,70000,0,200000
1700000,0.0,0,0,0.0,988.0,0.0,2,0.0544844928751047,1.0,0,15.2,1193.0,0,1,0,0,0,65.0,1.0,0,0,5882.35294117647,1.0,17,100000,1,250000
90000,0.0,0,0,0.0,1341.561,0.0,1,0.0667083854818523,1.0,0,25.17,799.0,0,1,1,0,0,53.3,1.0,0,0,1111.111111111111,1.0,9,10000,0,290000
1440000,0.0,0,1,1.0,1362.0,0.0,2,0.0486776268763402,1.0,0,20.0,1399.0,0,2,0,0,0,68.1,0.0,0,0,10000.0,1.0,12,120000,0,325000
270000,0.0,0,0,0.0,1549.8,0.0,1,0.0685045948203842,1.0,0,18.9,1197.0,0,1,0,0,0,82.0,1.0,1,0,3333.333333333333,1.0,9,30000,0,425000
540000,0.0,0,0,0.0,1341.561,0.0,2,0.0667083854818523,1.0,0,25.17,799.0,0,1,1,0,0,53.3,1.0,0,0,6666.666666666667,1.0,9,60000,0,315000
770000,0.0,0,0,0.0,1605.8475,0.0,2,0.0671843687374749,1.0,0,23.95,998.0,1,1,0,0,0,67.05,1.0,0,0,6363.636363636364,1.0,11,70000,0,300000
840000,0.0,0,0,0.0,1606.404,0.0,2,0.0659147869674185,1.0,0,20.36,1197.0,0,2,0,0,0,78.9,1.0,1,0,5833.333333333333,1.0,12,70000,0,325000
1170000,0.0,0,0,1.0,1896.406,0.0,2,0.063538681948424,1.0,0,21.38,1396.0,0,1,0,0,0,88.7,0.0,1,0,14444.444444444443,1.0,9,130000,0,900000
1197000,0.0,0,0,1.0,1896.406,0.0,2,0.063538681948424,1.0,0,21.38,1396.0,0,1,0,0,0,88.7,0.0,1,0,14777.777777777776,1.0,9,133000,0,950000
1800000,0.0,0,0,1.0,2127.944,0.0,2,0.0648310387984981,1.0,0,20.54,1598.0,0,3,0,0,0,103.6,0.0,0,1,8000.0,1.0,15,120000,0,320000
120000,0.0,0,0,0.0,1458.0,0.0,1,0.075075075075075,1.0,0,19.44,999.0,0,1,0,0,0,75.0,1.0,0,1,3333.333333333333,1.0,6,20000,0,500000
325000,0.0,0,1,0.0,1092.0,0.0,1,0.0585284280936454,1.0,0,15.6,1196.0,0,1,0,0,0,70.0,1.0,0,0,1923.076923076923,1.0,13,25000,0,290000
2240000,0.0,0,0,0.0,1255.9,0.0,2,0.0662324649298597,1.0,0,19.0,998.0,1,3,0,0,0,66.1,1.0,0,0,8750.0,1.0,16,140000,0,120000
824000,0.0,0,0,1.0,2506.24,0.0,2,0.0653538050734312,1.0,0,25.6,1498.0,0,1,0,1,0,97.9,0.0,0,0,12875.0,0.0,8,103000,0,850000
1280000,0.0,0,0,1.0,2563.6,0.0,2,0.0658210947930574,1.0,0,26.0,1498.0,0,1,0,1,0,98.6,0.0,0,0,12800.0,0.0,10,128000,0,600000
330000,0.0,0,0,1.0,1788.432,0.0,1,0.059279038718291,1.0,0,20.14,1498.0,0,1,0,0,0,88.8,0.0,0,1,3300.0,1.0,10,33000,0,620000
1120000,0.0,0,0,0.0,912.11,0.0,1,0.0581658291457286,1.0,0,19.7,796.0,1,2,0,0,0,46.3,1.0,0,0,4375.0,1.0,16,70000,0,150000
680000,0.0,0,0,0.0,1279.86,0.0,1,0.0713467048710601,1.0,0,12.85,1396.0,0,4,0,0,0,99.6,1.0,0,0,2352.9411764705883,1.0,17,40000,1,135000
1120000,0.0,0,0,1.0,1207.0,0.0,2,0.0505338078291814,1.0,0,17.0,1405.0,0,1,0,0,0,71.0,0.0,0,0,5714.285714285715,1.0,14,80000,1,200000
700000,0.0,0,0,1.0,2319.585,0.0,2,0.0709134615384615,1.0,0,26.21,1248.0,1,1,0,0,0,88.5,0.0,0,0,7000.0,1.0,10,70000,0,730000
1456000,0.0,0,1,1.0,1360.0,0.0,2,0.0486061472480343,1.0,0,20.0,1399.0,0,2,0,0,0,68.0,0.0,0,0,8615.384615384615,1.0,13,112000,0,190000
620000,0.0,0,0,1.0,1732.4,0.0,2,0.0633928571428571,1.0,0,24.4,1120.0,0,2,0,0,0,71.0,0.0,1,0,6200.0,1.0,10,62000,0,509999
360000,0.0,0,0,1.0,2150.55,0.0,1,0.0709134615384615,1.0,0,24.3,1248.0,1,2,0,0,0,88.5,0.0,0,0,4444.444444444444,1.0,9,40000,0,720000
210000,0.0,0,1,0.0,1092.0,0.0,1,0.0585284280936454,1.0,0,15.6,1196.0,0,1,0,0,0,70.0,1.0,0,0,1071.428571428571,1.0,14,15000,0,225000
120000,0.0,0,1,1.0,2276.08,0.0,1,0.0660614152202937,1.0,0,23.0,1498.0,0,1,0,0,0,98.96,0.0,0,0,3333.333333333333,1.0,6,20000,0,950000
364000,0.0,0,0,0.0,1407.1734,0.0,2,0.0683876357560568,1.0,0,17.19,1197.0,0,1,0,0,0,81.86,1.0,1,0,7428.571428571428,1.0,7,52000,0,530000
630000,0.0,0,0,0.0,1522.038,0.0,2,0.0683625730994152,1.0,0,18.6,1197.0,0,1,0,0,0,81.83,1.0,1,0,7777.777777777777,1.0,9,70000,0,470000
1000000,0.0,0,0,1.0,1864.8,0.0,2,0.0592948717948717,1.0,0,25.2,1248.0,1,2,0,0,0,74.0,0.0,0,0,10000.0,1.0,10,100000,0,459999
88200,0.0,0,0,0.0,1341.561,0.0,1,0.0667083854818523,1.0,0,25.17,799.0,0,1,1,0,0,53.3,1.0,0,0,2450.0,1.0,6,14700,0,325000
1470000,0.0,0,0,0.0,912.11,0.0,1,0.0581658291457286,1.0,0,19.7,796.0,1,2,0,0,0,46.3,1.0,0,0,3333.333333333333,1.0,21,70000,0,70000
1280000,0.0,0,0,0.0,1501.5,0.0,1,0.0661016949152542,1.0,0,17.5,1298.0,1,1,0,0,0,85.8,1.0,0,0,5000.0,1.0,16,80000,0,250000
175000,0.0,0,0,1.0,2102.168,0.0,1,0.0593108974358974,1.0,0,28.4,1248.0,1,1,0,0,0,74.02,0.0,0,0,3571.428571428572,1.0,7,25000,0,720000
500000,0.0,0,0,1.0,1967.66,0.0,1,0.0592948717948717,1.0,0,26.59,1248.0,1,1,0,0,0,74.0,0.0,0,0,5000.0,1.0,10,50000,0,590000
137900,0.0,0,0,0.0,1488.3,0.0,1,0.0684474123539232,1.0,0,18.15,1198.0,0,1,0,0,1,82.0,1.0,0,0,2814.285714285714,1.0,7,19700,0,445000
980000,0.0,0,0,0.0,1127.58075,1.0,1,0.0571823204419889,1.0,0,18.1575,1086.0,0,1,0,0,0,62.1,0.0,1,0,5000.0,1.0,14,70000,0,191000
350000,0.0,0,1,1.0,2557.17,0.0,2,0.0660881174899866,1.0,0,25.83,1498.0,0,4,0,0,0,99.0,0.0,0,0,7142.857142857143,1.0,7,50000,0,372000
1800000,0.0,0,0,0.0,1268.1899999999998,0.0,1,0.0672344689378757,1.0,0,18.9,998.0,1,2,0,0,0,67.1,1.0,0,0,4500.0,1.0,20,90000,0,65000
1080000,0.0,0,0,0.0,1595.685,0.0,1,0.0655689102564102,1.0,0,19.5,1248.0,0,3,0,0,0,81.83,1.0,1,0,3333.333333333333,1.0,18,60000,0,150000
1400000,0.0,0,1,1.0,1361.0,0.0,2,0.0486418870621872,1.0,0,20.0,1399.0,0,1,0,0,0,68.05,0.0,0,0,14000.0,1.0,10,140000,0,300000
320000,0.0,0,0,0.0,1705.2,0.0,1,0.0700583819849874,1.0,0,20.3,1199.0,0,1,0,0,0,84.0,1.0,0,0,5000.0,1.0,8,40000,1,520000
770000,0.0,0,0,0.0,1075.602,0.0,2,0.0594221105527638,1.0,0,22.74,796.0,1,3,0,0,0,47.3,1.0,0,0,6363.636363636364,1.0,11,70000,0,190000
49000,0.0,0,0,0.0,1507.5,0.0,1,0.067067067067067,1.0,0,22.5,999.0,0,1,0,0,1,67.0,1.0,0,0,1000.0,1.0,7,7000,0,310000
90000,0.0,0,0,0.0,1605.8475,0.0,1,0.0671843687374749,1.0,0,23.95,998.0,1,1,0,0,0,67.05,1.0,0,0,2500.0,1.0,6,15000,0,350000
25000,0.0,0,0,0.0,1042.965,0.0,1,0.0594221105527638,1.0,0,22.05,796.0,1,1,0,0,0,47.3,1.0,0,0,1000.0,1.0,5,5000,0,360000
40000,0.0,0,0,0.0,1341.561,0.0,1,0.0667083854818523,1.0,0,25.17,799.0,0,1,1,0,0,53.3,1.0,0,0,625.0,1.0,8,5000,0,285000
840000,0.0,0,0,0.0,1075.602,0.0,2,0.0594221105527638,1.0,0,22.74,796.0,1,2,0,0,0,47.3,1.0,0,0,5833.333333333333,1.0,12,70000,0,160000
2160000,0.0,0,0,0.0,912.11,0.0,2,0.0581658291457286,1.0,0,19.7,796.0,1,3,0,0,0,46.3,1.0,0,0,6666.666666666667,1.0,18,120000,0,85000
49000,0.0,0,0,0.0,1507.5,0.0,1,0.067067067067067,1.0,0,22.5,999.0,0,1,0,0,1,67.0,1.0,0,0,1000.0,1.0,7,7000,0,300000
270000,0.0,0,0,0.0,1341.561,0.0,1,0.0667083854818523,1.0,0,25.17,799.0,0,3,1,0,0,53.3,1.0,0,0,3333.333333333333,1.0,9,30000,0,254999
1200000,0.0,0,0,1.0,1731.6,0.0,2,0.0592948717948717,1.0,0,23.4,1248.0,1,1,0,0,0,74.0,0.0,0,0,8333.333333333334,1.0,12,100000,0,390000
800000,0.0,1,0,1.0,1581.4736,0.0,2,0.049149560117302,1.0,0,23.59,1364.0,0,1,0,0,0,67.04,0.0,0,0,8000.0,1.0,10,80000,0,450000
400000,0.0,0,0,1.0,2150.55,0.0,2,0.0709134615384615,1.0,0,24.3,1248.0,1,1,0,0,0,88.5,0.0,0,0,6250.0,1.0,8,50000,0,725000
588203,0.0,0,0,0.0,1605.8475,0.0,1,0.0671843687374749,1.0,0,23.95,998.0,1,1,0,0,0,67.05,1.0,0,0,4861.181818181818,1.0,11,53473,0,229999
960000,0.0,0,0,0.0,1112.832,0.0,2,0.0571823204419889,1.0,0,17.92,1086.0,0,1,0,0,0,62.1,1.0,1,0,6666.666666666667,1.0,12,80000,0,220000
1200000,0.0,0,0,1.0,1732.4,0.0,2,0.0633928571428571,1.0,0,24.4,1120.0,0,1,0,0,0,71.0,0.0,1,0,12000.0,1.0,10,120000,0,360000
280000,0.0,0,0,0.0,1605.8475,0.0,2,0.0671843687374749,1.0,0,23.95,998.0,1,1,0,0,0,67.05,1.0,0,0,5714.285714285715,1.0,7,40000,0,350000
1080000,0.0,0,0,1.0,1465.344,0.0,2,0.0615384615384615,1.0,0,25.44,936.0,0,3,0,0,0,57.6,0.0,0,0,7500.0,1.0,12,90000,0,145000
561000,0.0,0,0,0.0,1501.5,0.0,1,0.0688073394495412,1.0,0,18.2,1199.0,0,1,0,0,0,82.5,1.0,0,0,4636.363636363636,1.0,11,51000,0,300000
1305000,0.0,0,0,1.0,1595.685,0.0,2,0.0655689102564102,1.0,0,19.5,1248.0,0,1,0,0,0,81.83,0.0,0,0,5800.0,1.0,15,87000,1,180000
1392000,0.0,0,0,0.0,1240.8,0.0,2,0.062876254180602,1.0,0,13.2,1495.0,0,2,0,0,0,94.0,1.0,1,0,5437.5,1.0,16,87000,0,180000
2280000,0.0,0,0,1.0,1595.685,0.0,2,0.0655689102564102,1.0,0,19.5,1248.0,0,2,0,0,1,81.83,0.0,0,0,6315.789473684211,1.0,19,120000,0,200000
990000,0.0,0,0,1.0,2061.6345,0.0,2,0.0742299794661191,1.0,0,19.01,1461.0,0,2,1,0,0,108.45,0.0,0,0,8181.818181818182,1.0,11,90000,0,620000
1100000,0.0,1,0,0.0,1488.8894000000005,0.0,2,0.0593114973262032,1.0,0,16.78,1496.0,0,3,0,0,0,88.73,1.0,0,0,11000.0,1.0,10,110000,0,360000
1290000,0.0,0,0,0.0,1112.832,0.0,2,0.0571823204419889,1.0,0,17.92,1086.0,0,2,0,0,0,62.1,1.0,1,0,5733.333333333333,1.0,15,86000,0,245000
1920000,0.0,0,0,1.0,1595.685,0.0,2,0.0655689102564102,1.0,0,19.5,1248.0,1,1,0,0,0,81.83,0.0,0,0,7500.0,1.0,16,120000,0,370000
1760000,0.0,0,1,0.0,1306.4,0.0,1,0.0576080150281778,1.0,0,14.2,1597.0,0,3,0,0,0,92.0,1.0,0,0,3636.363636363637,1.0,22,80000,0,130000
1540000,0.0,0,1,1.0,2244.6475,0.0,2,0.0599132176234979,1.0,0,25.01,1498.0,0,2,0,0,0,89.75,0.0,0,0,12727.272727272728,1.0,11,140000,0,650000
108000,0.0,0,0,0.0,1734.978,0.0,1,0.0683375104427736,1.0,0,21.21,1197.0,1,1,0,0,0,81.8,1.0,0,0,3000.0,1.0,6,18000,0,610000
240000,0.0,0,0,0.0,1605.8475,0.0,1,0.0671843687374749,1.0,0,23.95,998.0,1,1,0,0,0,67.05,1.0,0,0,2400.0,1.0,10,24000,0,300000
660000,0.0,0,0,1.0,1680.0,0.0,2,0.0625,1.0,0,24.0,1120.0,0,1,0,0,0,70.0,0.0,1,0,5454.545454545455,1.0,11,60000,0,425000
840000,0.0,0,0,0.0,1337.355,0.0,1,0.0659147869674185,0.0,0,16.95,1197.0,0,3,0,0,0,78.9,1.0,1,0,4285.714285714285,1.0,14,60000,0,340000
1120000,0.0,0,0,1.0,1317.21,0.0,1,0.0494269340974212,1.0,0,19.09,1396.0,0,1,0,0,0,69.0,0.0,0,0,4375.0,1.0,16,70000,1,160000
1320000,0.0,0,0,1.0,1337.0,0.0,2,0.0498220640569395,1.0,0,19.1,1405.0,0,1,0,0,0,70.0,0.0,0,0,10909.09090909091,1.0,11,120000,1,250000
1300000,0.0,0,0,1.0,1465.344,0.0,2,0.0615384615384615,1.0,0,25.44,936.0,0,3,0,0,0,57.6,0.0,0,0,7692.307692307692,1.0,13,100000,0,225000
1367244,0.0,0,0,1.0,944.064,0.0,1,0.0378223495702005,1.0,0,17.88,1396.0,0,2,0,0,0,52.8,0.0,0,0,4219.888888888889,1.0,18,75958,1,55000
1300000,0.0,0,0,1.0,1595.685,0.0,2,0.0655689102564102,1.0,0,19.5,1248.0,0,2,0,0,0,81.83,0.0,0,0,7692.307692307692,1.0,13,100000,1,250000
1980000,0.0,0,0,1.0,1041.6,0.0,2,0.0441281138790035,1.0,0,16.8,1405.0,0,3,0,0,0,62.0,0.0,0,0,6111.111111111111,1.0,18,110000,1,80000
360000,0.0,0,0,0.0,1733.469,0.0,1,0.0694569757727652,1.0,0,20.85,1197.0,1,1,0,0,0,83.14,1.0,0,0,4444.444444444444,1.0,9,40000,0,500000
630000,0.0,0,1,1.0,2557.17,0.0,2,0.0660881174899866,1.0,0,25.83,1498.0,0,1,0,0,0,99.0,0.0,0,0,7777.777777777777,1.0,9,70000,0,500000
840000,0.0,0,0,1.0,1694.6,0.0,1,0.0592948717948717,1.0,0,22.9,1248.0,1,1,0,0,0,74.0,0.0,0,0,4285.714285714285,1.0,14,60000,0,400000
845000,0.0,0,0,0.0,1606.404,0.0,1,0.0659147869674185,1.0,0,20.36,1197.0,0,1,0,0,0,78.9,1.0,1,0,5000.0,1.0,13,65000,0,280000
968000,0.0,0,0,1.0,1731.6,0.0,2,0.0592948717948717,1.0,0,23.4,1248.0,1,1,0,0,0,74.0,0.0,0,0,8000.0,1.0,11,88000,0,580000
1280000,0.0,0,0,1.0,1692.0,0.0,1,0.0721153846153846,1.0,0,18.8,1248.0,0,3,0,0,0,90.0,0.0,0,0,5000.0,1.0,16,80000,1,100000
1200000,0.0,0,0,0.0,1350.0,0.0,2,0.0657894736842105,1.0,0,15.0,1368.0,0,3,0,0,0,90.0,1.0,0,0,5333.333333333333,1.0,15,80000,1,150000
660000,0.0,0,0,0.0,1164.72,0.0,2,0.0678132678132678,1.0,0,21.1,814.0,0,2,0,0,0,55.2,1.0,1,0,5454.545454545455,1.0,11,60000,0,190000
880000,0.0,0,0,1.0,1864.8,0.0,2,0.0592948717948717,1.0,0,25.2,1248.0,1,1,0,0,0,74.0,0.0,0,0,13750.0,1.0,8,110000,0,640000
2030000,0.0,0,0,1.0,1564.5,0.0,2,0.0625521267723102,1.0,0,20.86,1199.0,0,1,0,0,1,75.0,0.0,0,0,10357.142857142857,1.0,14,145000,0,340000
258000,0.0,0,0,1.0,2000.6504,0.0,2,0.0635816618911174,1.0,0,22.54,1396.0,0,1,0,0,0,88.76,0.0,1,0,7166.666666666667,1.0,6,43000,0,811000
1080000,0.0,0,0,1.0,1715.408,0.0,2,0.0592467948717948,1.0,0,23.2,1248.0,1,1,0,0,0,73.94,0.0,0,0,13333.333333333334,1.0,9,120000,0,409999
2448000,0.0,0,0,0.0,1420.0200000000002,0.0,2,0.0679506933744222,1.0,0,16.1,1298.0,1,2,0,0,0,88.2,1.0,0,0,7555.555555555556,1.0,18,136000,0,220000
1440000,0.0,0,0,1.0,861.9947999999999,0.0,2,0.0343131672597864,1.0,0,17.88,1405.0,0,2,0,0,0,48.21,0.0,0,0,10000.0,1.0,12,120000,1,170000
175000,0.0,0,0,0.0,1522.596,0.0,1,0.0683876357560568,1.0,0,18.6,1197.0,0,1,0,0,0,81.86,1.0,1,0,3571.428571428572,1.0,7,25000,0,700000
880000,0.0,0,0,0.0,1353.6,0.0,1,0.0587867417135709,1.0,0,14.4,1599.0,0,2,0,0,0,94.0,1.0,1,0,1818.1818181818185,1.0,22,40000,0,80000
1320000,0.0,0,0,1.0,1731.6,0.0,2,0.0592948717948717,1.0,0,23.4,1248.0,1,2,0,0,0,74.0,0.0,0,0,10909.09090909091,1.0,11,120000,0,420000
245000,0.0,0,0,1.0,2221.35,0.0,1,0.0709134615384615,1.0,0,25.1,1248.0,1,1,0,0,0,88.5,0.0,0,0,5000.0,1.0,7,35000,0,899000
210000,0.0,0,0,0.0,1328.61,0.0,2,0.0559265442404006,1.0,0,19.83,1198.0,0,1,0,0,1,67.0,1.0,0,0,5833.333333333333,1.0,6,35000,0,459999
2040000,0.0,0,0,1.0,1991.0,0.0,2,0.073677160080375,1.0,0,18.1,1493.0,0,2,0,0,0,110.0,0.0,1,0,7058.823529411765,1.0,17,120000,0,150000
200000,0.0,0,0,0.0,1541.67,0.0,1,0.067067067067067,1.0,0,23.01,999.0,0,1,1,0,0,67.0,1.0,0,0,3125.0,1.0,8,25000,0,350000
1000000,0.0,1,0,1.0,1581.7095,0.0,2,0.0491568914956011,1.0,0,23.59,1364.0,0,2,0,0,0,67.05,0.0,0,0,10000.0,1.0,10,100000,0,509999
280000,0.0,0,0,0.0,1558.459,0.0,1,0.0743503772003352,1.0,0,17.57,1193.0,0,1,0,0,0,88.7,1.0,0,0,4375.0,1.0,8,35000,1,370000
528000,0.0,0,0,0.0,1403.732,0.0,1,0.0672344689378757,1.0,0,20.92,998.0,1,2,0,0,0,67.1,1.0,0,0,3666.6666666666665,1.0,12,44000,0,240000
1000000,0.0,0,0,1.0,1999.9742,0.0,2,0.0635601719197707,1.0,0,22.54,1396.0,0,2,0,0,0,88.73,0.0,1,0,10000.0,1.0,10,100000,0,530000
704000,0.0,0,0,0.0,1606.404,0.0,2,0.0659147869674185,1.0,0,20.36,1197.0,0,1,0,0,0,78.9,1.0,1,0,5818.181818181818,1.0,11,64000,0,350000
980000,0.0,0,0,0.0,1480.0,0.0,1,0.0668337510442773,1.0,0,18.5,1197.0,0,1,0,0,0,80.0,1.0,1,0,5000.0,1.0,14,70000,0,220000
1000000,0.0,0,0,0.0,1549.8,0.0,2,0.0685045948203842,1.0,0,18.9,1197.0,0,1,0,0,0,82.0,1.0,1,0,10000.0,1.0,10,100000,0,350000
1080000,0.0,0,0,1.0,1694.6,0.0,2,0.0592948717948717,1.0,0,22.9,1248.0,1,2,0,0,0,74.0,0.0,0,0,7500.0,1.0,12,90000,0,370000
550000,0.0,0,0,0.0,1501.5,0.0,1,0.0661016949152542,1.0,0,17.5,1298.0,1,1,0,0,0,85.8,1.0,0,0,4545.454545454545,1.0,11,50000,0,220000
70000,0.0,0,0,0.0,1217.628,0.0,1,0.0671339173967459,1.0,0,22.7,799.0,0,1,0,0,1,53.64,1.0,0,0,1428.571428571429,1.0,7,10000,0,250000
165000,0.0,0,0,0.0,1606.404,0.0,1,0.0659147869674185,1.0,0,20.36,1197.0,0,1,0,0,0,78.9,1.0,1,0,1363.6363636363635,1.0,11,15000,0,320000
280000,0.0,0,0,0.0,1374.17,0.0,1,0.0671342685370741,0.0,0,20.51,998.0,1,1,0,0,0,67.0,1.0,0,0,4375.0,1.0,8,35000,0,440000
588000,0.0,0,0,0.0,1532.725,0.0,1,0.0692147034252297,1.0,0,18.5,1197.0,0,2,0,0,0,82.85,1.0,1,0,4083.3333333333335,1.0,12,49000,0,315000
1260000,0.0,0,0,0.0,1595.685,0.0,1,0.0655689102564102,1.0,0,19.5,1248.0,0,3,0,0,0,81.83,1.0,1,0,3888.8888888888887,1.0,18,70000,0,100000
2370000,0.0,0,0,1.0,1692.0,0.0,2,0.0721153846153846,1.0,0,18.8,1248.0,0,1,0,0,0,90.0,0.0,0,0,10533.333333333334,1.0,15,158000,1,202999
390000,0.0,0,0,0.0,1164.72,0.0,1,0.0678132678132678,1.0,0,21.1,814.0,0,2,0,0,0,55.2,1.0,1,0,2307.692307692308,1.0,13,30000,0,179000
1020000,0.0,0,0,0.0,1606.404,0.0,1,0.0659147869674185,1.0,0,20.36,1197.0,0,2,0,0,0,78.9,1.0,1,0,3529.4117647058824,1.0,17,60000,0,140000
680000,0.0,0,0,0.0,1164.8,0.0,1,0.060320452403393,1.0,0,18.2,1061.0,1,2,0,0,0,64.0,1.0,0,0,2352.9411764705883,1.0,17,40000,0,150000
771820,0.0,0,1,1.0,1360.0,0.0,1,0.0486061472480343,1.0,0,20.0,1399.0,0,2,0,0,0,68.0,0.0,0,0,3937.857142857143,0.0,14,55130,0,250000
242000,0.0,0,0,0.0,1374.9904,0.0,1,0.0671743486973947,1.0,0,20.51,998.0,1,1,0,0,0,67.04,1.0,0,0,2000.0,1.0,11,22000,0,330000
720000,0.0,0,1,0.0,1092.0,0.0,1,0.0585284280936454,1.0,0,15.6,1196.0,0,1,0,0,0,70.0,1.0,0,0,3200.0,1.0,15,48000,0,250000
585000,0.0,0,0,0.0,1532.725,0.0,1,0.0692147034252297,1.0,0,18.5,1197.0,0,1,0,0,0,82.85,1.0,1,0,3461.538461538461,1.0,13,45000,0,335000
674128,0.0,0,0,0.0,1480.0,0.0,1,0.0668337510442773,1.0,0,18.5,1197.0,0,3,0,0,0,80.0,1.0,1,0,3988.923076923077,0.0,13,51856,0,320000
294340,0.0,0,0,0.0,1888.503,0.0,1,0.0663510560815732,1.0,0,20.73,1373.0,1,1,0,0,0,91.1,1.0,0,0,2943.4,1.0,10,29434,0,550000
175000,0.0,0,0,1.0,2514.3,0.0,1,0.0658210947930574,1.0,0,25.5,1498.0,0,1,0,1,0,98.6,0.0,0,0,3571.428571428572,1.0,7,25000,0,800000
224000,0.0,0,0,0.0,2002.56,0.0,1,0.0700583819849874,1.0,0,23.84,1199.0,0,2,0,0,0,84.0,1.0,0,0,3500.0,1.0,8,28000,1,380000
534000,0.0,0,0,1.0,1714.548,0.0,1,0.0573579739904175,1.0,0,20.46,1461.0,0,2,1,0,0,83.8,0.0,0,0,3708.3333333333335,1.0,12,44500,0,400000
310500,0.0,0,0,0.0,1374.9904,0.0,1,0.0671743486973947,1.0,0,20.51,998.0,1,1,0,0,0,67.04,1.0,0,0,3833.3333333333335,1.0,9,34500,0,375000
160000,0.0,0,0,0.0,2116.8,0.0,1,0.0785571142284569,0.0,0,18.0,1497.0,0,1,0,1,0,117.6,1.0,0,0,2500.0,1.0,8,20000,0,1100000
105000,0.0,0,0,0.0,1522.038,0.0,1,0.0683625730994152,1.0,0,18.6,1197.0,0,1,0,0,0,81.83,1.0,1,0,2142.8571428571427,1.0,7,15000,0,650000
286000,0.0,0,0,0.0,1469.84,0.0,1,0.0634390651085141,0.0,1,19.34,1198.0,0,1,0,0,0,76.0,1.0,0,0,2363.6363636363635,1.0,11,26000,0,361000
260000,0.0,0,0,0.0,1164.72,0.0,1,0.0678132678132678,1.0,0,21.1,814.0,0,1,0,0,0,55.2,1.0,1,0,1538.4615384615386,1.0,13,20000,0,140000
18000,0.0,0,0,0.0,1648.6604,0.0,1,0.0683876357560568,1.0,0,20.14,1197.0,0,1,0,0,0,81.86,1.0,1,0,500.0,1.0,6,3000,0,550000
120000,0.0,0,0,0.0,1730.8200000000002,0.0,1,0.0740283569641367,1.0,0,19.5,1199.0,0,1,0,1,0,88.76,1.0,0,0,3333.333333333333,1.0,6,20000,0,670000
200000,0.0,0,0,1.0,2150.55,0.0,1,0.0709134615384615,1.0,0,24.3,1248.0,1,1,0,0,0,88.5,0.0,0,0,3125.0,1.0,8,25000,0,880000
245000,0.0,0,1,1.0,2276.08,0.0,1,0.0660614152202937,1.0,0,23.0,1498.0,0,1,0,0,0,98.96,0.0,0,0,5000.0,1.0,7,35000,0,950000
54600,0.0,0,0,0.0,2116.8,0.0,1,0.0785571142284569,0.0,0,18.0,1497.0,0,1,0,1,0,117.6,1.0,0,0,853.125,1.0,8,6825,0,1150000
350000,0.0,0,0,0.0,1827.4923000000003,0.0,2,0.0515886287625418,1.0,0,29.619000000000003,1196.0,1,1,0,0,0,61.7,0.0,0,0,7142.857142857143,1.0,7,50000,0,375000
455000,0.0,0,0,1.0,1878.838,0.0,2,0.0623693086003372,1.0,0,25.4,1186.0,0,1,0,0,0,73.97,0.0,1,0,9285.714285714286,1.0,7,65000,0,600000
360000,0.0,0,0,0.0,1888.503,0.0,1,0.0663510560815732,1.0,0,20.73,1373.0,1,2,0,0,0,91.1,1.0,0,0,4444.444444444444,1.0,9,40000,0,590000
180000,0.0,0,0,0.0,1380.4,0.0,1,0.0626151012891344,1.0,0,20.3,1086.0,0,1,0,0,0,68.0,1.0,1,0,5000.0,1.0,6,30000,0,420000
688000,0.0,0,0,1.0,1692.0,0.0,1,0.0721153846153846,1.0,0,18.8,1248.0,0,1,0,0,0,90.0,0.0,0,0,2687.5,1.0,16,43000,1,250000
120000,0.0,0,0,0.0,1701.343,0.0,1,0.0698999165971643,1.0,0,20.3,1199.0,0,1,0,0,0,83.81,1.0,0,0,3333.333333333333,1.0,6,20000,1,530000
910000,0.0,0,0,1.0,1465.344,0.0,2,0.0615384615384615,1.0,0,25.44,936.0,0,2,0,0,0,57.6,0.0,0,0,5384.615384615385,1.0,13,70000,0,150000
1300000,0.0,0,0,1.0,1358.0,0.0,2,0.0498220640569395,1.0,0,19.4,1405.0,0,2,0,0,0,70.0,0.0,0,0,7692.307692307692,1.0,13,100000,1,180000
1440000,0.0,0,0,0.0,1532.725,0.0,2,0.0692147034252297,1.0,0,18.5,1197.0,0,2,0,0,0,82.85,1.0,1,0,10000.0,1.0,12,120000,0,345000
1320000,0.0,0,0,1.0,1694.6,0.0,2,0.0592948717948717,1.0,0,22.9,1248.0,1,3,0,0,0,74.0,0.0,0,0,9166.666666666666,1.0,12,110000,0,350000
132000,0.0,0,0,0.0,1541.67,0.0,1,0.067067067067067,1.0,0,23.01,999.0,0,2,1,0,0,67.0,1.0,0,0,2062.5,1.0,8,16500,0,325000
89100,0.0,0,0,0.0,1605.8475,0.0,1,0.0671843687374749,1.0,0,23.95,998.0,1,1,0,0,0,67.05,1.0,0,0,1100.0,1.0,9,9900,0,350000
1040000,0.0,0,0,0.0,912.11,0.0,2,0.0581658291457286,1.0,0,19.7,796.0,1,3,0,0,0,46.3,1.0,0,0,6153.846153846154,1.0,13,80000,0,180000
1500000,0.0,0,0,0.0,1440.0,0.0,2,0.0657894736842105,1.0,0,16.0,1368.0,0,2,0,0,1,90.0,1.0,0,0,6666.666666666667,1.0,15,100000,0,150000
100000,0.0,0,0,0.0,2058.51,0.0,1,0.0739348370927318,1.0,0,23.26,1197.0,1,1,0,0,0,88.5,1.0,0,0,4000.0,1.0,5,20000,0,700000
810000,0.0,0,0,1.0,2485.965,0.0,2,0.0709134615384615,1.0,0,28.09,1248.0,1,1,0,0,0,88.5,0.0,0,0,10000.0,1.0,9,90000,0,795000
525000,0.0,0,0,1.0,2332.75,0.0,2,0.072429906542056,0.0,0,21.5,1498.0,0,1,0,0,0,108.5,0.0,0,1,10714.285714285714,1.0,7,75000,0,885000
1960000,0.0,0,0,1.0,1559.2900000000002,0.0,2,0.0592147435897435,1.0,0,21.1,1248.0,1,1,0,0,0,73.9,0.0,0,0,10000.0,1.0,14,140000,0,160000
1560000,0.0,0,0,1.0,2070.0,0.0,2,0.0644699140401146,1.0,0,23.0,1396.0,0,2,0,0,0,90.0,0.0,1,0,9230.76923076923,1.0,13,120000,0,300000
525000,0.0,0,0,1.0,2332.75,0.0,2,0.072429906542056,0.0,0,21.5,1498.0,0,1,0,0,0,108.5,0.0,0,1,10714.285714285714,1.0,7,75000,0,950000
1300000,0.0,0,0,1.0,1700.4,0.0,2,0.0533880903490759,1.0,0,21.8,1461.0,0,2,1,0,0,78.0,0.0,0,0,7692.307692307692,1.0,13,100000,0,570000
1600000,0.0,0,0,1.0,1991.0,0.0,2,0.073677160080375,1.0,0,18.1,1493.0,0,1,0,0,0,110.0,0.0,1,0,6250.0,1.0,16,100000,0,375000
1200000,0.0,1,0,0.0,1488.8894000000005,0.0,2,0.0593114973262032,1.0,0,16.78,1496.0,0,2,0,0,0,88.73,1.0,0,0,8333.333333333334,1.0,12,100000,0,350000
500000,0.0,0,0,1.0,1788.432,0.0,1,0.059279038718291,1.0,0,20.14,1498.0,0,1,0,0,0,88.8,0.0,0,1,5000.0,1.0,10,50000,0,434999
1560000,0.0,1,0,0.0,1595.685,0.0,2,0.0655689102564102,1.0,0,19.5,1248.0,0,2,0,0,0,81.83,1.0,0,0,9230.76923076923,1.0,13,120000,0,200000
250000,0.0,0,0,0.0,1075.602,0.0,1,0.0594221105527638,1.0,0,22.74,796.0,1,1,0,0,0,47.3,1.0,0,0,2500.0,1.0,10,25000,0,260000
288228,0.0,0,0,1.0,1694.6,0.0,1,0.0592948717948717,1.0,0,22.9,1248.0,1,1,0,0,0,74.0,0.0,0,0,2001.5833333333333,1.0,12,24019,0,450000
1400000,0.0,0,0,1.0,1559.2900000000002,0.0,2,0.0592147435897435,1.0,0,21.1,1248.0,1,2,0,0,0,73.9,0.0,0,0,7142.857142857143,1.0,14,100000,0,210000
930000,0.0,0,0,0.0,1733.469,0.0,2,0.0694569757727652,1.0,0,20.85,1197.0,1,2,0,0,0,83.14,1.0,0,0,9300.0,1.0,10,93000,0,540000
154000,0.0,0,0,0.0,1168.31,0.0,1,0.0594221105527638,1.0,0,24.7,796.0,1,1,0,0,0,47.3,1.0,0,0,3142.8571428571427,1.0,7,22000,0,285000
117600,0.0,0,0,1.0,1960.27,0.0,1,0.063538681948424,1.0,0,22.1,1396.0,0,1,0,0,0,88.7,0.0,1,0,3266.6666666666665,1.0,6,19600,0,990000
832000,0.0,0,0,0.0,1002.524,0.0,2,0.0537300922045263,1.0,0,15.64,1193.0,0,1,0,0,0,64.1,1.0,0,0,13000.0,1.0,8,104000,1,362000
264000,0.0,0,1,1.0,2276.08,0.0,1,0.0660614152202937,1.0,0,23.0,1498.0,0,1,0,0,0,98.96,0.0,0,0,4125.0,1.0,8,33000,0,880000
400000,0.0,0,0,0.0,1357.1,0.0,1,0.0641426783479349,1.0,1,13.24,1598.0,0,1,0,0,0,102.5,1.0,0,0,4000.0,1.0,10,40000,0,700000
540000,0.0,0,0,1.0,1882.32,0.0,2,0.0659025787965616,1.0,0,27.28,1047.0,0,1,0,0,0,69.0,0.0,0,0,6666.666666666667,1.0,9,60000,1,400000
1200000,0.0,0,0,0.0,1669.7340000000002,1.0,2,0.0626755852842809,1.0,0,17.82,1495.0,0,1,0,0,0,93.7,0.0,1,0,5333.333333333333,1.0,15,80000,0,165000
910000,0.0,0,0,0.0,1112.832,0.0,2,0.0571823204419889,1.0,0,17.92,1086.0,0,1,0,0,0,62.1,1.0,1,0,5384.615384615385,1.0,13,70000,0,180000
1170000,0.0,0,0,0.0,1403.732,0.0,2,0.0672344689378757,1.0,0,20.92,998.0,1,3,0,0,0,67.1,1.0,0,0,6923.076923076923,1.0,13,90000,0,170000
189000,0.0,0,0,1.0,2150.55,0.0,1,0.0709134615384615,1.0,0,24.3,1248.0,1,1,0,0,0,88.5,0.0,0,0,3857.142857142857,1.0,7,27000,0,800000
280000,0.0,0,1,1.0,2276.08,0.0,1,0.0660614152202937,1.0,0,23.0,1498.0,0,1,0,0,0,98.96,0.0,0,0,4375.0,1.0,8,35000,0,900000
1440000,0.0,0,0,1.0,1694.6,0.0,2,0.0592948717948717,1.0,0,22.9,1248.0,1,1,0,0,0,74.0,0.0,0,0,10000.0,1.0,12,120000,0,390000
880000,0.0,0,0,1.0,1731.6,0.0,2,0.0592948717948717,1.0,0,23.4,1248.0,1,2,0,0,0,74.0,0.0,0,0,7272.727272727273,1.0,11,80000,0,445000
770000,0.0,0,0,1.0,1731.6,0.0,2,0.0592948717948717,1.0,0,23.4,1248.0,1,4,0,0,0,74.0,0.0,0,0,6363.636363636364,1.0,11,70000,0,459999
660000,0.0,0,0,0.0,1199.448,1.0,1,0.0618236472945891,1.0,0,19.44,998.0,1,1,0,0,0,61.7,0.0,0,0,4583.333333333333,1.0,12,55000,0,275000
1920000,0.0,0,0,1.0,1559.2900000000002,0.0,2,0.0592147435897435,1.0,0,21.1,1248.0,1,2,0,0,0,73.9,0.0,0,0,7500.0,1.0,16,120000,0,200000
936000,0.0,0,0,0.0,1501.5,0.0,2,0.0716791979949874,1.0,0,17.5,1197.0,1,2,0,0,0,85.8,1.0,0,0,5538.461538461538,1.0,13,72000,0,350000
352000,0.0,0,0,0.0,1549.8,0.0,1,0.0685045948203842,1.0,0,18.9,1197.0,0,1,0,0,0,82.0,1.0,1,0,2909.090909090909,1.0,11,32000,0,455999
1020000,0.0,0,0,0.0,912.11,0.0,1,0.0581658291457286,1.0,0,19.7,796.0,1,1,0,0,0,46.3,1.0,0,0,3529.4117647058824,1.0,17,60000,0,129000
320000,0.0,0,0,0.0,1168.31,0.0,1,0.0594221105527638,1.0,0,24.7,796.0,1,1,0,0,0,47.3,1.0,0,0,5000.0,1.0,8,40000,0,254000
528000,0.0,0,1,1.0,2147.432,0.0,1,0.0660614152202937,1.0,0,21.7,1498.0,0,1,0,0,0,98.96,0.0,0,0,4363.636363636364,1.0,11,48000,0,570000
210000,0.0,0,0,1.0,1651.9918,0.0,1,0.0569062286105407,1.0,1,19.87,1461.0,0,1,0,0,0,83.14,0.0,0,0,4285.714285714285,1.0,7,30000,0,840000
600000,0.0,0,0,0.0,1595.685,0.0,1,0.0655689102564102,1.0,0,19.5,1248.0,0,2,0,0,0,81.83,1.0,1,0,2666.6666666666665,1.0,15,40000,0,140000
35000,0.0,0,0,0.0,1547.1539999999998,0.0,1,0.0683876357560568,1.0,0,18.9,1197.0,0,1,0,0,0,81.86,1.0,1,0,714.2857142857143,1.0,7,5000,0,528000
900000,0.0,0,0,0.0,1142.9740000000002,0.0,1,0.0651304347826087,1.0,0,15.26,1150.0,0,2,0,0,0,74.9,1.0,0,0,2777.777777777778,1.0,18,50000,0,102000
1050000,0.0,0,0,0.0,1117.2,0.0,1,0.0660869565217391,1.0,0,14.7,1150.0,0,3,0,0,0,76.0,1.0,0,0,4666.666666666667,1.0,15,70000,0,148000
500000,0.0,0,0,0.0,1778.3399999999997,0.0,1,0.0694235588972431,1.0,0,21.4,1197.0,1,1,0,0,0,83.1,1.0,0,0,5000.0,1.0,10,50000,0,650000
520000,0.0,0,0,0.0,1217.133,0.0,1,0.061686143572621,1.0,0,16.47,1198.0,0,1,0,0,0,73.9,1.0,0,1,3076.923076923077,1.0,13,40000,0,310000
330000,0.0,0,0,0.0,1566.2,0.0,1,0.0685045948203842,1.0,0,19.1,1197.0,0,1,0,0,0,82.0,1.0,1,0,2727.2727272727275,1.0,11,30000,0,480000
105000,0.0,0,0,0.0,1168.31,0.0,1,0.0594221105527638,1.0,0,24.7,796.0,1,1,0,0,0,47.3,1.0,0,0,2142.8571428571427,1.0,7,15000,0,320000
400000,0.0,0,0,0.0,2041.02,0.0,1,0.0783567134268537,1.0,0,17.4,1497.0,0,1,0,1,0,117.3,1.0,0,0,4000.0,1.0,10,40000,0,750000
320000,0.0,0,0,0.0,1306.6096,0.0,1,0.0559599332220367,1.0,1,19.49,1198.0,0,1,0,0,0,67.04,1.0,0,0,5000.0,1.0,8,40000,0,370000
720000,0.0,0,0,0.0,1595.88,0.0,1,0.0716791979949874,1.0,0,18.6,1197.0,1,4,0,0,0,85.8,1.0,0,0,5000.0,1.0,12,60000,0,320000
804000,0.0,0,0,0.0,1595.88,0.0,2,0.0716791979949874,1.0,0,18.6,1197.0,1,1,0,0,0,85.8,1.0,0,0,5583.333333333333,1.0,12,67000,0,420000
900000,0.0,0,0,0.0,1501.5,0.0,1,0.0661016949152542,1.0,0,17.5,1298.0,1,2,0,0,0,85.8,1.0,0,0,4000.0,1.0,15,60000,0,240000
480000,0.0,0,0,0.0,1507.5,0.0,2,0.067067067067067,1.0,0,22.5,999.0,0,1,0,0,1,67.0,1.0,0,0,7500.0,1.0,8,60000,0,220000
270000,0.0,0,0,0.0,2002.56,0.0,1,0.0700583819849874,1.0,0,23.84,1199.0,0,1,0,0,0,84.0,1.0,0,0,3333.333333333333,1.0,9,30000,1,350000
280000,0.0,0,0,1.0,2543.88,0.0,2,0.0658210947930574,1.0,0,25.8,1498.0,0,1,0,1,0,98.6,0.0,0,0,5714.285714285715,1.0,7,40000,0,675000
450000,0.0,1,0,0.0,1431.008,0.0,2,0.0658312447786132,1.0,0,18.16,1197.0,0,2,0,0,0,78.8,1.0,0,0,5555.555555555556,1.0,9,50000,0,434999
1410000,0.0,0,0,1.0,1582.5,0.0,2,0.0600961538461538,1.0,0,21.1,1248.0,1,2,0,0,0,75.0,0.0,0,0,6266.666666666667,1.0,15,94000,0,311000
790000,0.0,0,1,1.0,2557.17,0.0,2,0.0660881174899866,1.0,0,25.83,1498.0,0,2,0,0,0,99.0,0.0,0,0,7900.0,1.0,10,79000,0,530000
2040000,0.0,0,0,1.0,1234.2,0.0,2,0.0348101265822784,1.0,0,18.7,1896.0,0,2,0,0,1,66.0,0.0,0,0,7058.823529411765,1.0,17,120000,0,210000
140000,0.0,0,0,0.0,1374.9904,0.0,1,0.0671743486973947,1.0,0,20.51,998.0,1,1,0,0,0,67.04,1.0,0,0,2857.1428571428573,1.0,7,20000,0,440000
119000,0.0,0,0,0.0,1374.9904,0.0,1,0.0671743486973947,1.0,0,20.51,998.0,1,1,0,0,0,67.04,1.0,0,0,2428.5714285714284,1.0,7,17000,0,440000
140000,0.0,0,0,0.0,1522.038,0.0,1,0.0683625730994152,1.0,0,18.6,1197.0,0,1,0,0,0,81.83,1.0,1,0,2857.1428571428573,1.0,7,20000,0,655000
540000,0.0,0,0,0.0,1341.561,0.0,2,0.0667083854818523,1.0,0,25.17,799.0,0,1,1,0,0,53.3,1.0,0,0,6666.666666666667,1.0,9,60000,0,295000
1260000,0.0,0,0,0.0,999.0,0.0,1,0.0613259668508287,1.0,0,15.0,1086.0,0,3,0,0,0,66.6,1.0,1,0,3888.8888888888887,1.0,18,70000,0,65000
900000,0.0,0,0,1.0,1589.0700000000002,0.0,1,0.0494269340974212,1.0,0,23.03,1396.0,0,1,0,0,0,69.0,0.0,0,0,4000.0,1.0,15,60000,1,200000
360000,0.0,0,0,1.0,1880.1887,0.0,1,0.0635601719197707,1.0,0,21.19,1396.0,0,1,0,0,0,88.73,0.0,1,0,4444.444444444444,1.0,9,40000,0,750000
456000,0.0,0,0,0.0,1543.2600000000002,0.0,2,0.0723706176961602,1.0,0,17.8,1198.0,0,1,0,1,0,86.7,1.0,0,0,7125.0,1.0,8,57000,0,475000
1560000,0.0,0,0,1.0,1246.0,0.0,2,0.0498220640569395,1.0,0,17.8,1405.0,0,2,0,0,0,70.0,0.0,0,0,9230.76923076923,1.0,13,120000,1,110000
240000,0.0,0,0,0.0,1541.67,0.0,1,0.067067067067067,1.0,0,23.01,999.0,0,1,1,0,0,67.0,1.0,0,0,3750.0,1.0,8,30000,0,350000
1575000,0.0,0,0,1.0,1731.6,0.0,3,0.0592948717948717,1.0,0,23.4,1248.0,1,1,0,0,0,74.0,0.0,0,0,19444.444444444445,1.0,9,175000,0,450000
1350000,0.0,0,0,1.0,1190.0,0.0,2,0.0498220640569395,1.0,0,17.0,1405.0,0,1,0,0,0,70.0,0.0,0,0,6000.0,1.0,15,90000,1,150000
1760000,0.0,0,0,1.0,920.2,0.0,2,0.038323782234957,1.0,0,17.2,1396.0,0,2,0,0,0,53.5,0.0,0,0,6875.0,1.0,16,110000,1,80000
350000,0.0,0,0,0.0,1522.038,0.0,1,0.0683625730994152,1.0,0,18.6,1197.0,0,2,0,0,0,81.83,1.0,1,0,3500.0,1.0,10,35000,0,430000
540000,0.0,0,0,1.0,2563.6,0.0,2,0.0658210947930574,1.0,0,26.0,1498.0,0,1,0,1,0,98.6,0.0,0,0,6666.666666666667,1.0,9,60000,0,670000
1245000,0.0,0,0,0.0,1595.685,0.0,2,0.0655689102564102,1.0,0,19.5,1248.0,1,2,0,0,0,81.83,1.0,0,0,5533.333333333333,1.0,15,83000,0,175000
500000,0.0,0,0,1.0,2543.88,0.0,1,0.0658210947930574,1.0,0,25.8,1498.0,0,1,0,1,0,98.6,0.0,0,0,5000.0,1.0,10,50000,0,440000
1170000,0.0,0,0,1.0,2070.0,0.0,2,0.0644699140401146,1.0,0,23.0,1396.0,0,1,0,0,0,90.0,0.0,1,0,6923.076923076923,1.0,13,90000,0,254999
960000,0.0,0,0,1.0,1630.9730000000002,0.0,2,0.0616346955796497,1.0,0,22.07,1199.0,0,2,0,0,0,73.9,0.0,0,1,6666.666666666667,1.0,12,80000,0,280000
280000,0.0,0,0,0.0,1734.978,0.0,1,0.0683375104427736,0.0,0,21.21,1197.0,1,1,0,0,0,81.8,1.0,0,0,4375.0,1.0,8,35000,0,725000
1260000,0.0,0,0,0.0,1221.2199999999998,0.0,1,0.0672344689378757,1.0,0,18.2,998.0,1,1,0,0,0,67.1,1.0,0,0,3888.8888888888887,1.0,18,70000,0,90000
1000000,0.0,0,0,0.0,1348.0704999999998,0.0,2,0.0626611418047882,1.0,0,19.81,1086.0,0,2,0,0,0,68.05,1.0,1,0,10000.0,1.0,10,100000,0,287000
360000,0.0,0,0,0.0,1838.865,0.0,1,0.0755730659025788,1.0,0,17.43,1396.0,0,1,0,0,0,105.5,1.0,1,0,4444.444444444444,1.0,9,40000,0,650000
1306992,0.0,0,0,0.0,1374.9904,0.0,2,0.0671743486973947,1.0,0,20.51,998.0,1,2,0,0,0,67.04,1.0,0,0,9076.333333333334,1.0,12,108916,0,240000
480000,0.0,0,0,0.0,1164.72,0.0,1,0.0678132678132678,1.0,0,21.1,814.0,0,2,0,0,0,55.2,1.0,1,0,3333.333333333333,1.0,12,40000,0,290000
880000,0.0,0,0,0.0,1164.72,0.0,2,0.0678132678132678,1.0,0,21.1,814.0,0,1,0,0,0,55.2,1.0,1,0,7272.727272727273,1.0,11,80000,0,229999
450000,0.0,0,0,1.0,2563.6,0.0,2,0.0658210947930574,1.0,0,26.0,1498.0,0,2,0,1,0,98.6,0.0,0,0,5555.555555555556,1.0,9,50000,0,1000000
1170000,0.0,0,0,0.0,1112.832,0.0,2,0.0571823204419889,1.0,0,17.92,1086.0,0,2,0,0,0,62.1,1.0,1,0,6923.076923076923,1.0,13,90000,0,200000
1470000,0.0,0,0,0.0,912.11,0.0,1,0.0581658291457286,1.0,0,19.7,796.0,1,4,0,0,0,46.3,1.0,0,0,3333.333333333333,1.0,21,70000,0,90000
1170000,0.0,0,0,1.0,2070.0,0.0,2,0.0644699140401146,1.0,0,23.0,1396.0,0,1,0,0,0,90.0,0.0,1,0,6923.076923076923,1.0,13,90000,0,330000
1120000,0.0,0,0,1.0,1559.2900000000002,0.0,1,0.0592147435897435,1.0,0,21.1,1248.0,1,1,0,0,0,73.9,0.0,0,0,4375.0,1.0,16,70000,0,200000
1920000,0.0,0,0,1.0,1426.2700000000002,0.0,2,0.0592147435897435,1.0,0,19.3,1248.0,1,2,0,0,0,73.9,0.0,0,0,7500.0,1.0,16,120000,0,260000
360000,0.0,0,0,0.0,1522.038,0.0,1,0.0683625730994152,1.0,0,18.6,1197.0,0,1,0,0,0,81.83,1.0,1,0,4444.444444444444,1.0,9,40000,0,590000
1800000,0.0,0,0,1.0,1864.8,0.0,3,0.0592948717948717,1.0,0,25.2,1248.0,1,1,0,0,0,74.0,0.0,0,0,18000.0,1.0,10,180000,0,545000
1260000,0.0,0,0,0.0,1268.1899999999998,0.0,2,0.0672344689378757,1.0,0,18.9,998.0,1,2,0,0,0,67.1,1.0,0,0,6428.571428571428,1.0,14,90000,0,210000
1870000,0.0,0,0,0.0,1380.6,0.0,2,0.0521042084168336,1.0,0,17.7,1497.0,0,2,0,1,0,78.0,1.0,0,0,6470.588235294118,1.0,17,110000,0,185000
1121000,0.0,0,0,0.0,1268.1899999999998,0.0,1,0.0672344689378757,1.0,0,18.9,998.0,1,2,0,0,0,67.1,1.0,0,0,3105.2631578947367,1.0,19,59000,0,125000
660000,0.0,0,0,0.0,1164.72,0.0,2,0.0678132678132678,1.0,0,21.1,814.0,0,2,0,0,0,55.2,1.0,1,0,5454.545454545455,1.0,11,60000,0,280000
1790000,0.0,0,0,0.0,1595.685,0.0,1,0.0655689102564102,1.0,0,19.5,1248.0,0,1,0,0,0,81.83,1.0,1,0,4475.0,1.0,20,89500,0,99000
1400000,0.0,0,0,0.0,1268.1899999999998,0.0,1,0.0672344689378757,1.0,0,18.9,998.0,1,2,0,0,0,67.1,1.0,0,0,3500.0,1.0,20,70000,0,98000
3040000,0.0,0,0,1.0,1207.0,0.0,2,0.0505338078291814,1.0,0,17.0,1405.0,0,1,0,0,0,71.0,0.0,0,0,11875.0,1.0,16,190000,1,100000
2160000,0.0,0,0,1.0,1333.28,0.0,2,0.0438740588637919,1.0,0,20.8,1461.0,0,1,0,0,1,64.1,0.0,0,0,15000.0,1.0,12,180000,0,250000
1280000,0.0,0,0,1.0,944.064,0.0,1,0.0378223495702005,1.0,0,17.88,1396.0,0,2,0,0,0,52.8,0.0,0,0,5000.0,1.0,16,80000,1,95000
160000,0.0,0,0,0.0,1507.5,0.0,1,0.067067067067067,1.0,0,22.5,999.0,0,1,0,0,1,67.0,1.0,0,0,2500.0,1.0,8,20000,0,278000
1680000,0.0,0,0,1.0,1630.9730000000002,0.0,2,0.0616346955796497,1.0,0,22.07,1199.0,0,3,0,0,0,73.9,0.0,0,1,8571.42857142857,1.0,14,120000,0,254999
357000,0.0,0,0,1.0,2221.35,0.0,2,0.0709134615384615,1.0,0,25.1,1248.0,1,1,0,0,0,88.5,0.0,0,0,7285.714285714285,1.0,7,51000,0,950000
1080000,0.0,0,0,0.0,1380.6,0.0,1,0.0521042084168336,1.0,0,17.7,1497.0,0,3,0,1,0,78.0,1.0,0,0,3333.333333333333,1.0,18,60000,0,229999
160000,0.0,0,0,0.0,1168.31,0.0,1,0.0594221105527638,1.0,0,24.7,796.0,1,1,0,0,0,47.3,1.0,0,0,2500.0,1.0,8,20000,0,330000
320000,0.0,0,0,0.0,1605.8475,0.0,1,0.0671843687374749,1.0,0,23.95,998.0,1,1,0,0,0,67.05,1.0,0,0,5000.0,1.0,8,40000,0,350000
315000,0.0,0,0,0.0,1198.8,0.0,1,0.0617180984153461,1.0,0,16.2,1199.0,0,1,0,0,0,74.0,1.0,0,1,3888.8888888888887,1.0,9,35000,0,560000
240000,0.0,0,0,0.0,1374.9904,0.0,1,0.0671743486973947,1.0,0,20.51,998.0,1,1,0,0,0,67.04,1.0,0,0,3750.0,1.0,8,30000,0,440000
1260000,0.0,0,0,0.0,1255.9,0.0,2,0.0662324649298597,1.0,0,19.0,998.0,1,2,0,0,0,66.1,1.0,0,0,6428.571428571428,1.0,14,90000,0,220000
880000,0.0,0,0,1.0,2102.168,0.0,2,0.0593108974358974,1.0,0,28.4,1248.0,1,2,0,0,0,74.02,0.0,0,0,13750.0,1.0,8,110000,0,750000
1872000,0.0,0,0,1.0,920.2,0.0,2,0.038323782234957,1.0,0,17.2,1396.0,0,2,0,0,0,53.5,0.0,0,0,5777.777777777777,1.0,18,104000,1,59259
43200,0.0,0,0,0.0,2120.55,0.0,1,0.1007014028056112,1.0,0,21.1,998.0,1,1,0,0,0,100.5,1.0,0,0,1200.0,1.0,6,7200,0,780000
1078000,0.0,0,0,1.0,1630.9730000000002,0.0,2,0.0616346955796497,1.0,0,22.07,1199.0,0,2,0,0,0,73.9,0.0,0,1,5500.0,1.0,14,77000,0,320000
910000,0.0,0,0,1.0,1426.2700000000002,0.0,2,0.0592147435897435,1.0,0,19.3,1248.0,1,2,0,0,0,73.9,0.0,0,0,5384.615384615385,1.0,13,70000,0,375000
400000,0.0,0,1,0.0,1572.816,0.0,2,0.0725752508361204,1.0,0,18.12,1196.0,0,1,0,0,0,86.8,1.0,0,0,6250.0,1.0,8,50000,0,620000
850000,0.0,0,0,0.0,1127.58075,1.0,2,0.0571823204419889,1.0,0,18.1575,1086.0,0,1,0,0,0,62.1,0.0,1,0,8500.0,1.0,10,85000,0,300000
715000,0.0,0,0,0.0,1563.526,0.0,2,0.0683876357560568,1.0,0,19.1,1197.0,0,1,0,0,0,81.86,1.0,1,0,5909.090909090909,1.0,11,65000,0,500000
600000,0.0,0,0,0.0,1112.832,0.0,1,0.0571823204419889,1.0,0,17.92,1086.0,0,2,0,0,0,62.1,1.0,1,0,4166.666666666667,1.0,12,50000,0,195000
210000,0.0,0,0,0.0,1374.17,0.0,1,0.0671342685370741,0.0,0,20.51,998.0,1,1,0,0,0,67.0,1.0,0,0,4285.714285714285,1.0,7,30000,0,472000
638000,0.0,0,0,0.0,1605.8475,0.0,2,0.0671843687374749,1.0,0,23.95,998.0,1,2,0,0,0,67.05,1.0,0,0,5272.727272727273,1.0,11,58000,0,250000
980000,0.0,0,0,1.0,1465.344,0.0,1,0.0615384615384615,1.0,0,25.44,936.0,0,2,0,0,0,57.6,0.0,0,0,5000.0,1.0,14,70000,0,165000
770000,0.0,0,0,1.0,1831.655,0.0,3,0.0710737179487179,1.0,0,20.65,1248.0,0,2,0,0,0,88.7,0.0,0,0,15714.285714285714,1.0,7,110000,1,525000
1430000,0.0,0,0,0.0,1268.1899999999998,0.0,1,0.0672344689378757,1.0,0,18.9,998.0,1,3,0,0,0,67.1,1.0,0,0,2954.5454545454545,1.0,22,65000,0,145000
1200000,0.0,0,0,1.0,1980.24,0.0,2,0.0711538461538461,1.0,0,22.3,1248.0,0,1,0,0,0,88.8,0.0,0,0,8333.333333333334,1.0,12,100000,1,325000
990000,0.0,0,1,1.0,1318.56,0.0,2,0.0478913509649749,1.0,0,19.68,1399.0,0,2,0,0,0,67.0,0.0,0,0,8181.818181818182,1.0,11,90000,0,310000
1100000,0.0,0,1,1.0,1318.56,0.0,2,0.0478913509649749,1.0,0,19.68,1399.0,0,2,0,0,0,67.0,0.0,0,0,9090.90909090909,1.0,11,100000,0,330000
1040000,0.0,0,1,1.0,1360.0,0.0,2,0.0486061472480343,1.0,0,20.0,1399.0,0,2,0,0,0,68.0,0.0,0,0,6153.846153846154,1.0,13,80000,0,250000
360000,0.0,0,0,0.0,1605.8475,0.0,1,0.0671843687374749,1.0,0,23.95,998.0,1,1,0,0,0,67.05,1.0,0,0,4444.444444444444,1.0,9,40000,0,305000
500000,0.0,0,0,1.0,2319.585,0.0,1,0.0709134615384615,1.0,0,26.21,1248.0,1,1,0,0,0,88.5,0.0,0,0,5000.0,1.0,10,50000,0,600000
1100000,0.0,0,0,0.0,1374.9904,0.0,2,0.0671743486973947,1.0,0,20.51,998.0,1,1,0,0,0,67.04,1.0,0,0,11000.0,1.0,10,110000,0,280000
700000,0.0,0,0,1.0,1649.9,0.0,1,0.0501432664756446,1.0,0,23.57,1396.0,0,2,0,0,0,70.0,0.0,0,0,3571.428571428572,1.0,14,50000,1,153000
320000,0.0,0,0,0.0,1341.561,0.0,1,0.0667083854818523,1.0,0,25.17,799.0,0,1,1,0,0,53.3,1.0,0,0,5000.0,1.0,8,40000,0,325000
1040000,0.0,0,0,0.0,1403.732,0.0,2,0.0672344689378757,1.0,0,20.92,998.0,1,3,0,0,0,67.1,1.0,0,0,6153.846153846154,1.0,13,80000,0,235000
2000000,0.0,0,0,1.0,1595.685,0.0,1,0.0655689102564102,1.0,0,19.5,1248.0,0,4,0,0,0,81.83,0.0,0,0,5000.0,1.0,20,100000,1,60000
135000,0.0,0,0,0.0,1668.7199999999998,0.0,1,0.0683375104427736,1.0,0,20.4,1197.0,1,1,0,0,0,81.8,1.0,0,0,1666.6666666666667,1.0,9,15000,0,500000
1008000,0.0,0,0,0.0,1595.685,0.0,1,0.0655689102564102,1.0,0,19.5,1248.0,1,3,0,0,0,81.83,1.0,0,0,3937.5,1.0,16,63000,0,155000
792000,0.0,0,0,1.0,2242.2432,0.0,2,0.069105473965287,0.0,0,21.66,1498.0,0,1,0,0,1,103.52,0.0,0,0,9777.777777777776,0.0,9,88000,0,675000
540000,0.0,0,0,1.0,2331.665,0.0,2,0.072429906542056,1.0,0,21.49,1498.0,0,1,0,0,0,108.5,0.0,0,1,6666.666666666667,0.0,9,60000,0,591000
720000,0.0,0,0,1.0,1999.9742,0.0,2,0.0635601719197707,1.0,0,22.54,1396.0,0,1,0,0,0,88.73,0.0,1,0,7200.0,0.0,10,72000,0,585000
545120,0.0,0,0,0.0,2116.8,0.0,2,0.0785571142284569,0.0,0,18.0,1497.0,0,1,0,1,0,117.6,1.0,0,0,8517.5,0.0,8,68140,0,1025000
585090,0.0,0,0,1.0,2101.6,0.0,1,0.0592948717948717,1.0,0,28.4,1248.0,1,1,0,0,0,74.0,0.0,0,0,4835.454545454545,0.0,11,53190,0,450000
771100,0.0,0,0,1.0,1999.9742,0.0,2,0.0635601719197707,1.0,0,22.54,1396.0,0,1,0,0,0,88.73,0.0,1,0,6372.727272727273,0.0,11,70100,0,484999
334075,0.0,0,0,1.0,2691.78,0.0,2,0.0658210947930574,1.0,0,27.3,1498.0,0,1,0,1,0,98.6,0.0,0,0,6817.857142857143,0.0,7,47725,0,650000
772145,0.0,0,0,1.0,2102.168,0.0,2,0.0593108974358974,1.0,0,28.4,1248.0,1,2,0,0,0,74.02,0.0,0,0,6381.363636363636,0.0,11,70195,0,434999
1083530,0.0,0,1,1.0,1360.0,0.0,2,0.0486061472480343,1.0,0,20.0,1399.0,0,2,0,0,0,68.0,0.0,0,0,5528.214285714285,0.0,14,77395,0,195000
768000,0.0,0,0,1.0,1658.2004,0.0,2,0.0757142857142857,0.0,0,14.62,1498.0,0,1,0,0,0,113.42,0.0,1,0,5333.333333333333,0.0,12,64000,0,650000
817531,0.0,0,0,1.0,1432.272,0.0,2,0.0601495726495726,1.0,0,25.44,936.0,0,1,0,0,0,56.3,0.0,0,0,6756.454545454545,0.0,11,74321,0,190000
962820,0.0,0,0,1.0,2102.168,0.0,2,0.0593108974358974,1.0,0,28.4,1248.0,1,2,0,0,0,74.02,0.0,0,0,6686.25,0.0,12,80235,0,409999
690000,0.0,0,0,1.0,2405.49,0.0,2,0.0724966622162883,0.0,0,22.15,1498.0,0,1,0,0,0,108.6,0.0,0,1,6900.0,0.0,10,69000,0,651000
570000,0.0,0,0,1.0,2093.025,0.0,2,0.0709134615384615,1.0,0,23.65,1248.0,1,1,0,0,0,88.5,0.0,0,0,5700.0,0.0,10,57000,0,650000
712000,0.0,0,0,1.0,2190.104,0.0,2,0.0691588785046729,1.0,0,21.14,1498.0,0,1,0,0,1,103.6,0.0,0,0,11125.0,0.0,8,89000,0,750000
1740000,0.0,0,0,1.0,1234.2,0.0,2,0.0348101265822784,1.0,0,18.7,1896.0,0,1,0,0,1,66.0,0.0,0,0,7733.333333333333,1.0,15,116000,0,355000
182000,0.0,0,0,1.0,2101.6,0.0,1,0.0592948717948717,1.0,0,28.4,1248.0,1,1,0,0,0,74.0,0.0,0,0,3714.285714285714,1.0,7,26000,0,685000
700000,0.0,0,0,1.0,2101.6,0.0,2,0.0592948717948717,1.0,0,28.4,1248.0,1,1,0,0,0,74.0,0.0,0,0,14285.714285714286,1.0,7,100000,0,509999
656400,0.0,0,0,1.0,1426.2700000000002,0.0,2,0.0592147435897435,1.0,0,19.3,1248.0,1,1,0,0,0,73.9,0.0,0,0,10256.25,1.0,8,82050,0,650000
968500,0.0,1,0,1.0,1595.685,0.0,2,0.0655689102564102,1.0,0,19.5,1248.0,0,1,0,0,0,81.83,0.0,0,0,5730.769230769231,1.0,13,74500,0,400000
210000,0.0,0,0,0.0,1610.6799999999998,0.0,1,0.067067067067067,0.0,0,24.04,999.0,0,1,1,0,0,67.0,1.0,0,0,4285.714285714285,1.0,7,30000,0,319000
36000,0.0,0,0,0.0,1730.8200000000002,0.0,1,0.0740283569641367,1.0,0,19.5,1199.0,0,1,0,1,0,88.76,1.0,0,0,1000.0,1.0,6,6000,0,640000
240000,0.0,0,0,0.0,1522.038,0.0,1,0.0683625730994152,1.0,0,18.6,1197.0,0,1,0,0,0,81.83,1.0,1,0,3750.0,1.0,8,30000,0,650000
2040000,0.0,0,0,1.0,1335.0,0.0,2,0.0600961538461538,1.0,0,17.8,1248.0,1,1,0,0,0,75.0,0.0,0,0,7058.823529411765,1.0,17,120000,0,175000
836000,0.0,0,0,1.0,1680.0,0.0,2,0.0625,1.0,0,24.0,1120.0,0,3,0,0,0,70.0,0.0,1,0,6909.090909090909,1.0,11,76000,0,375000
880000,0.0,0,0,1.0,1680.0,0.0,2,0.0625,1.0,0,24.0,1120.0,0,2,0,0,0,70.0,0.0,1,0,7272.727272727273,1.0,11,80000,0,430000
1870000,0.0,0,0,1.0,920.2,0.0,2,0.038323782234957,1.0,0,17.2,1396.0,0,2,0,0,0,53.5,0.0,0,0,6470.588235294118,1.0,17,110000,1,65000
1120000,0.0,0,0,0.0,1240.8,0.0,1,0.062876254180602,1.0,0,13.2,1495.0,0,3,0,0,0,94.0,1.0,1,0,4375.0,1.0,16,70000,0,150000
78000,0.0,0,0,0.0,1407.1734,0.0,1,0.0683876357560568,1.0,0,17.19,1197.0,0,1,0,0,0,81.86,1.0,1,0,2166.6666666666665,1.0,6,13000,0,620000
720000,0.0,0,1,0.0,1403.3639999999998,0.0,1,0.0624060150375939,1.0,0,14.09,1596.0,0,2,0,0,0,99.6,1.0,0,0,5000.0,1.0,12,60000,0,250000
2310000,0.0,0,0,1.0,1559.2900000000002,0.0,2,0.0592147435897435,1.0,0,21.1,1248.0,1,1,0,0,0,73.9,0.0,0,0,11785.714285714286,1.0,14,165000,0,275000
1400000,0.0,0,0,1.0,2127.944,0.0,2,0.0648310387984981,1.0,0,20.54,1598.0,0,2,0,0,0,103.6,0.0,0,1,7142.857142857143,1.0,14,100000,0,400000
3366000,0.0,0,0,1.0,1248.0,0.0,2,0.0444900752908966,1.0,0,19.2,1461.0,0,2,0,0,1,65.0,0.0,0,0,10388.888888888889,1.0,18,187000,0,180000
630000,0.0,0,0,1.0,2150.55,0.0,2,0.0709134615384615,1.0,0,24.3,1248.0,1,1,0,0,0,88.5,0.0,0,0,7777.777777777777,1.0,9,70000,0,750000
360000,0.0,0,0,0.0,1668.7199999999998,0.0,1,0.0683375104427736,1.0,0,20.4,1197.0,1,1,0,0,0,81.8,1.0,0,0,4444.444444444444,1.0,9,40000,0,500000
195200,0.0,0,0,1.0,2026.86,0.0,1,0.0592948717948717,1.0,0,27.39,1248.0,1,1,0,0,0,74.0,0.0,0,0,3050.0,1.0,8,24400,0,740000
10000,0.0,0,0,0.0,1694.502,0.0,1,0.0683876357560568,1.0,0,20.7,1197.0,0,1,0,0,0,81.86,1.0,1,0,400.0,0.0,5,2000,0,775000
217000,0.0,0,0,0.0,1424.3639999999998,0.0,1,0.0683876357560568,0.0,0,17.4,1197.0,0,1,0,0,0,81.86,1.0,1,0,4428.571428571428,0.0,7,31000,0,730000
90000,0.0,0,0,0.0,1548.6240000000005,0.0,1,0.0671743486973947,0.0,0,23.1,998.0,1,1,0,0,0,67.04,1.0,0,0,1111.111111111111,0.0,9,10000,0,434999
528000,0.0,0,0,1.0,2543.88,0.0,1,0.0658210947930574,1.0,0,25.8,1498.0,0,1,0,1,0,98.6,0.0,0,0,4363.636363636364,1.0,11,48000,0,520000
1680000,0.0,0,0,1.0,1426.2700000000002,0.0,2,0.0592147435897435,1.0,0,19.3,1248.0,1,2,0,0,0,73.9,0.0,0,0,8571.42857142857,1.0,14,120000,0,430000
1728000,0.0,0,0,1.0,1944.72,0.0,2,0.0636103151862464,1.0,0,21.9,1396.0,0,1,0,0,0,88.8,0.0,1,0,12000.0,1.0,12,144000,0,360000
1728000,0.0,0,0,1.0,1944.72,0.0,2,0.0636103151862464,1.0,0,21.9,1396.0,0,1,0,0,0,88.8,0.0,1,0,12000.0,1.0,12,144000,0,350000
1710000,0.0,0,0,1.0,2150.55,0.0,3,0.0709134615384615,1.0,0,24.3,1248.0,1,1,0,0,0,88.5,0.0,0,0,21111.11111111111,1.0,9,190000,0,791000
120000,0.0,0,0,1.0,2101.6,0.0,1,0.0592948717948717,1.0,0,28.4,1248.0,1,1,0,0,0,74.0,0.0,0,0,3333.333333333333,1.0,6,20000,0,690000
1300000,0.0,0,0,1.0,1426.2700000000002,0.0,2,0.0592147435897435,1.0,0,19.3,1248.0,1,1,0,0,0,73.9,0.0,0,0,7692.307692307692,1.0,13,100000,0,371000
1020000,0.0,0,0,1.0,1142.4,0.0,1,0.0483985765124555,1.0,0,16.8,1405.0,0,2,0,0,0,68.0,0.0,0,0,3529.4117647058824,1.0,17,60000,1,45000
1540000,0.0,0,0,1.0,2127.944,0.0,2,0.0648310387984981,1.0,0,20.54,1598.0,0,1,0,0,0,103.6,0.0,0,1,7857.142857142857,1.0,14,110000,0,240000
849365,0.0,0,0,1.0,1864.8,0.0,2,0.0592948717948717,1.0,0,25.2,1248.0,1,2,0,0,0,74.0,0.0,0,0,7019.545454545455,1.0,11,77215,0,495000
1000000,0.0,0,0,0.0,1595.685,0.0,1,0.0655689102564102,1.0,0,19.5,1248.0,1,1,0,0,0,81.83,1.0,0,0,2500.0,1.0,20,50000,0,170000
482280,0.0,0,0,0.0,1658.69,0.0,1,0.0739783152627189,1.0,0,18.7,1199.0,0,1,0,1,0,88.7,1.0,0,0,4822.8,0.0,10,48228,0,671000
468472,0.0,0,0,1.0,1864.8,0.0,2,0.0592948717948717,1.0,0,25.2,1248.0,1,1,0,0,0,74.0,0.0,0,0,7319.875,0.0,8,58559,0,693000
1082685,0.0,0,0,1.0,1595.685,0.0,1,0.0655689102564102,1.0,0,19.5,1248.0,1,1,0,0,0,81.83,0.0,0,0,4811.933333333333,0.0,15,72179,0,352000
457704,0.0,0,0,1.0,2563.6,0.0,2,0.0658210947930574,1.0,0,26.0,1498.0,0,1,0,1,0,98.6,0.0,0,0,5650.666666666667,0.0,9,50856,0,802999
146400,0.0,0,0,0.0,2087.94,0.0,1,0.0783567134268537,1.0,0,17.8,1497.0,0,1,0,1,0,117.3,1.0,0,0,2287.5,1.0,8,18300,0,890000
592920,0.0,0,0,1.0,2101.6,0.0,2,0.0592948717948717,1.0,0,28.4,1248.0,1,1,0,0,0,74.0,0.0,0,0,5929.2,0.0,10,59292,0,495000
70000,0.0,0,0,0.0,1548.6240000000005,0.0,1,0.0671743486973947,0.0,0,23.1,998.0,1,1,0,0,0,67.04,1.0,0,0,1428.571428571429,0.0,7,10000,0,545000
148029,0.0,0,0,0.0,1778.3399999999997,0.0,1,0.0694235588972431,0.0,0,21.4,1197.0,1,1,0,0,0,83.1,1.0,0,0,3021.0,0.0,7,21147,0,775000
552000,0.0,0,0,1.0,2506.24,0.0,2,0.0653538050734312,1.0,0,25.6,1498.0,0,1,0,1,0,97.9,0.0,0,0,8625.0,0.0,8,69000,0,925000
112000,0.0,0,0,1.0,2101.6,0.0,1,0.0592948717948717,0.0,0,28.4,1248.0,1,1,0,0,0,74.0,0.0,0,0,2285.714285714286,0.0,7,16000,0,790000
296000,0.0,0,0,0.0,1718.6180000000002,0.0,1,0.0683375104427736,1.0,0,21.01,1197.0,1,1,0,0,0,81.8,1.0,0,0,4625.0,0.0,8,37000,0,620000
550557,0.0,0,0,1.0,1298.14,0.0,2,0.0592686002522068,1.0,0,27.62,793.0,1,1,0,0,0,47.0,0.0,0,0,6797.0,0.0,9,61173,0,375000
695889,0.0,0,0,1.0,1595.685,0.0,2,0.0655689102564102,1.0,0,19.5,1248.0,1,1,0,0,0,81.83,0.0,0,0,8591.222222222223,0.0,9,77321,0,595000
408000,0.0,0,0,0.0,1600.0079999999998,0.0,2,0.0683375104427736,0.0,0,19.56,1197.0,1,1,0,0,0,81.8,1.0,0,0,6375.0,0.0,8,51000,0,750000
119000,0.0,0,0,0.0,1718.6180000000002,0.0,1,0.0683375104427736,1.0,0,21.01,1197.0,1,1,0,0,0,81.8,1.0,0,0,2428.5714285714284,0.0,7,17000,0,775000
1700000,0.0,0,0,1.0,1335.0,0.0,2,0.0600961538461538,1.0,0,17.8,1248.0,1,2,0,0,0,75.0,0.0,0,0,5882.35294117647,1.0,17,100000,0,260000
400000,0.0,0,0,0.0,1548.6240000000005,0.0,2,0.0671743486973947,1.0,0,23.1,998.0,1,1,0,0,0,67.04,1.0,0,0,6250.0,1.0,8,50000,0,380000
480000,0.0,0,0,0.0,1547.1539999999998,0.0,2,0.0683876357560568,1.0,0,18.9,1197.0,0,1,0,0,0,81.86,1.0,1,0,7500.0,1.0,8,60000,0,480000
315000,0.0,0,0,0.0,1075.602,0.0,1,0.0594221105527638,1.0,0,22.74,796.0,1,2,0,0,0,47.3,1.0,0,0,3888.8888888888887,1.0,9,35000,0,240000
367400,0.0,0,0,0.0,1838.865,0.0,1,0.0755730659025788,1.0,0,17.43,1396.0,0,1,0,0,0,105.5,1.0,1,0,3036.3636363636365,1.0,11,33400,0,500000
360000,0.0,0,0,0.0,1695.444,0.0,1,0.0694319131161236,1.0,0,20.4,1197.0,1,1,0,0,0,83.11,1.0,0,0,3600.0,1.0,10,36000,0,420000
2520000,0.0,0,1,1.0,1360.0,0.0,2,0.0486061472480343,1.0,0,20.0,1399.0,0,2,0,0,0,68.0,0.0,0,0,12857.142857142857,1.0,14,180000,0,130000
1040000,0.0,0,0,0.0,1403.732,0.0,2,0.0672344689378757,1.0,0,20.92,998.0,1,1,0,0,0,67.1,1.0,0,0,6153.846153846154,1.0,13,80000,0,110000
2160000,0.0,0,0,0.0,912.11,0.0,2,0.0581658291457286,1.0,0,19.7,796.0,1,2,0,0,0,46.3,1.0,0,0,6666.666666666667,1.0,18,120000,0,120000
640000,0.0,0,0,1.0,2102.168,0.0,2,0.0593108974358974,0.0,0,28.4,1248.0,1,1,0,0,0,74.02,0.0,0,0,10000.0,1.0,8,80000,0,700000
840000,0.0,0,0,1.0,2102.168,0.0,3,0.0593108974358974,1.0,0,28.4,1248.0,1,1,0,0,0,74.02,0.0,0,0,17142.85714285714,1.0,7,120000,0,550000
1210000,0.0,0,0,1.0,1317.4009,0.0,2,0.0491174377224199,1.0,0,19.09,1405.0,0,2,0,0,0,69.01,0.0,0,0,10000.0,1.0,11,110000,1,190000
490000,0.0,1,0,1.0,1581.4736,0.0,2,0.049149560117302,1.0,0,23.59,1364.0,0,1,0,0,0,67.04,0.0,0,0,10000.0,1.0,7,70000,0,665000
1204918,0.0,0,0,1.0,1943.844,0.0,2,0.0635816618911174,1.0,0,21.9,1396.0,0,2,0,0,0,88.76,0.0,1,0,7129.692307692308,0.0,13,92686,0,340000
1040000,0.0,0,0,1.0,1865.7352,0.0,2,0.0711217948717948,1.0,0,21.02,1248.0,0,1,0,0,0,88.76,0.0,0,0,6153.846153846154,1.0,13,80000,1,270000
1872000,0.0,0,0,1.0,1335.0,0.0,2,0.0600961538461538,1.0,0,17.8,1248.0,1,1,0,0,0,75.0,0.0,0,0,7312.5,1.0,16,117000,0,279000
880000,0.0,0,0,0.0,1164.72,0.0,2,0.0678132678132678,1.0,0,21.1,814.0,0,2,0,0,0,55.2,1.0,1,0,7272.727272727273,1.0,11,80000,0,250000
1200000,0.0,0,0,1.0,2543.88,0.0,2,0.0658210947930574,1.0,0,25.8,1498.0,0,1,0,1,0,98.6,0.0,0,0,8333.333333333334,1.0,12,100000,0,445000
1500000,0.0,0,0,1.0,1575.0,0.0,2,0.055379746835443,1.0,0,15.0,1896.0,0,1,0,0,0,105.0,0.0,0,1,6666.666666666667,1.0,15,100000,0,400000
1350000,0.0,0,0,1.0,2070.0,0.0,2,0.0644699140401146,1.0,0,23.0,1396.0,0,2,0,0,0,90.0,0.0,1,0,6000.0,1.0,15,90000,0,350000
1820000,0.0,0,0,1.0,2121.75,0.0,2,0.0647684605757196,1.0,0,20.5,1598.0,0,1,0,0,1,103.5,0.0,0,0,10769.23076923077,1.0,13,140000,0,295000
175000,0.0,0,0,0.0,1734.978,0.0,1,0.0683375104427736,1.0,0,21.21,1197.0,1,1,0,0,0,81.8,1.0,0,0,3571.428571428572,1.0,7,25000,0,600000
91000,0.0,0,1,0.0,1936.572,0.0,1,0.0795058626465661,1.0,0,20.4,1194.0,0,1,0,0,0,94.93,1.0,0,0,1857.142857142857,1.0,7,13000,0,690000
294000,0.0,0,0,0.0,1522.038,0.0,2,0.0683625730994152,1.0,0,18.6,1197.0,0,1,0,0,0,81.83,1.0,1,0,6000.0,1.0,7,42000,0,710000
70000,0.0,0,0,0.0,1381.415,0.0,1,0.0681863727454909,1.0,0,20.3,998.0,0,2,0,0,0,68.05,1.0,1,0,1428.571428571429,1.0,7,10000,0,350000
169000,0.0,0,0,0.0,1403.732,0.0,1,0.0672344689378757,1.0,0,20.92,998.0,1,1,0,0,0,67.1,1.0,0,0,1000.0,1.0,13,13000,0,220000
594000,0.0,0,0,0.0,1164.72,0.0,1,0.0678132678132678,1.0,0,21.1,814.0,0,2,0,0,0,55.2,1.0,1,0,4125.0,1.0,12,49500,0,198000
700000,0.0,0,0,1.0,2070.0,0.0,1,0.0644699140401146,1.0,0,23.0,1396.0,0,1,0,0,0,90.0,0.0,1,0,3571.428571428572,1.0,14,50000,0,350000
2450000,0.0,0,0,1.0,1649.9,0.0,2,0.0501432664756446,1.0,0,23.57,1396.0,0,2,0,0,0,70.0,0.0,0,0,12500.0,1.0,14,175000,1,210000
2450000,0.0,0,0,1.0,1589.0700000000002,0.0,2,0.0494269340974212,1.0,0,23.03,1396.0,0,2,0,0,0,69.0,0.0,0,0,12500.0,1.0,14,175000,1,210000
2640000,0.0,0,0,0.0,1595.685,0.0,2,0.0655689102564102,1.0,0,19.5,1248.0,0,3,0,0,0,81.83,1.0,1,0,5454.545454545455,1.0,22,120000,0,70000
1210000,0.0,0,0,1.0,1715.408,0.0,2,0.0592467948717948,1.0,0,23.2,1248.0,1,3,0,0,0,73.94,0.0,0,0,10000.0,1.0,11,110000,0,375000
1456624,0.0,0,0,0.0,1501.5,0.0,2,0.0661016949152542,1.0,0,17.5,1298.0,1,2,0,0,0,85.8,1.0,0,0,8619.076923076924,1.0,13,112048,0,380000
1470000,0.0,0,0,0.0,2006.0,0.0,2,0.0788243152972612,1.0,0,17.0,1497.0,0,3,0,1,0,118.0,1.0,0,0,6533.333333333333,1.0,15,98000,0,360000
812000,0.0,1,0,1.0,1581.7095,0.0,3,0.0491568914956011,1.0,0,23.59,1364.0,0,1,0,0,0,67.05,0.0,0,0,16571.428571428572,1.0,7,116000,0,780000
5000,0.0,0,0,0.0,1734.978,0.0,1,0.0683375104427736,1.0,0,21.21,1197.0,1,1,0,0,0,81.8,1.0,0,0,200.0,1.0,5,1000,0,445000
105000,0.0,0,0,0.0,1421.0896,0.0,1,0.0683876357560568,0.0,0,17.36,1197.0,0,1,0,0,0,81.86,1.0,1,0,2142.8571428571427,1.0,7,15000,0,575000
35000,0.0,0,0,1.0,2221.35,0.0,1,0.0709134615384615,1.0,0,25.1,1248.0,1,1,0,0,0,88.5,0.0,0,0,714.2857142857143,1.0,7,5000,0,975000
21000,0.0,0,0,0.0,1998.5072,0.0,1,0.0699165971643035,1.0,0,23.84,1199.0,0,1,0,0,0,83.83,1.0,0,0,583.3333333333334,1.0,6,3500,1,450000
1456000,0.0,0,0,0.0,1595.685,0.0,2,0.0655689102564102,1.0,0,19.5,1248.0,1,2,0,0,0,81.83,1.0,0,0,5687.5,1.0,16,91000,0,198000
448000,0.0,0,1,1.0,2557.17,0.0,2,0.0660881174899866,1.0,0,25.83,1498.0,0,1,0,0,0,99.0,0.0,0,0,7000.0,1.0,8,56000,0,495000
1050000,0.0,0,0,1.0,1595.685,0.0,1,0.0655689102564102,1.0,0,19.5,1248.0,1,3,0,0,0,81.83,0.0,0,0,4666.666666666667,1.0,15,70000,0,300000
1440000,0.0,0,0,1.0,1715.408,0.0,2,0.0592467948717948,1.0,0,23.2,1248.0,1,2,0,0,0,73.94,0.0,0,0,10000.0,1.0,12,120000,0,300000
243200,0.0,0,0,0.0,1605.8,0.0,1,0.0724540901502504,1.0,0,18.5,1198.0,0,1,0,1,0,86.8,1.0,0,0,3800.0,0.0,8,30400,0,480000
400000,0.0,0,0,1.0,2418.522,0.0,2,0.0724966622162883,1.0,0,22.27,1498.0,0,1,0,0,0,108.6,0.0,0,1,6250.0,1.0,8,50000,0,750000
272000,0.0,0,0,0.0,1164.72,0.0,1,0.0678132678132678,1.0,0,21.1,814.0,0,1,0,0,0,55.2,1.0,1,0,4250.0,1.0,8,34000,0,254999
1560000,0.0,0,0,0.0,1476.84,0.0,2,0.0662218515429524,1.0,0,18.6,1199.0,0,1,0,0,0,79.4,1.0,0,0,9230.76923076923,1.0,13,120000,0,145000
105000,0.0,0,0,0.0,1844.5,0.0,1,0.090567612687813,1.0,0,17.0,1198.0,0,1,0,0,0,108.5,1.0,0,0,2142.8571428571427,1.0,7,15000,1,750000
400000,0.0,0,0,1.0,2386.8900000000003,0.0,2,0.0724265687583444,0.0,0,22.0,1498.0,0,1,0,0,0,108.495,0.0,0,1,6250.0,1.0,8,50000,0,655000
1176000,0.0,0,1,1.0,1360.0,0.0,2,0.0486061472480343,1.0,0,20.0,1399.0,0,2,0,0,0,68.0,0.0,0,0,6000.0,1.0,14,84000,0,210000
700000,0.0,0,0,0.0,2006.0,0.0,1,0.0788243152972612,1.0,0,17.0,1497.0,0,1,0,1,0,118.0,1.0,0,0,3571.428571428572,1.0,14,50000,0,450000
102767,0.0,0,1,1.0,1595.685,0.0,1,0.0655689102564102,1.0,0,19.5,1248.0,0,1,0,0,0,81.83,0.0,0,0,2097.285714285714,0.0,7,14681,0,624000
520000,0.0,0,1,1.0,2557.17,0.0,2,0.0660881174899866,1.0,0,25.83,1498.0,0,1,0,0,0,99.0,0.0,0,0,5200.0,1.0,10,52000,0,580000
111000,0.0,0,0,0.0,1380.4,0.0,1,0.0626151012891344,1.0,0,20.3,1086.0,0,1,0,0,0,68.0,1.0,1,0,3083.333333333333,1.0,6,18500,0,430000
650000,0.0,0,0,1.0,1589.0700000000002,0.0,1,0.0494269340974212,1.0,0,23.03,1396.0,0,1,0,0,0,69.0,0.0,0,0,3846.153846153846,1.0,13,50000,1,155000
280000,0.0,0,0,0.0,1507.5,0.0,1,0.067067067067067,1.0,0,22.5,999.0,0,1,0,0,1,67.0,1.0,0,0,4375.0,1.0,8,35000,0,240000
139500,0.0,1,0,0.0,1488.8894000000005,0.0,1,0.0593114973262032,1.0,0,16.78,1496.0,0,1,0,0,0,88.73,1.0,0,0,1722.2222222222222,1.0,9,15500,0,540000
1440000,0.0,0,0,1.0,1317.21,0.0,2,0.0494269340974212,1.0,0,19.09,1396.0,0,1,0,0,0,69.0,0.0,0,0,10000.0,1.0,12,120000,1,250000
780000,0.0,0,0,1.0,1725.0,0.0,1,0.0494269340974212,1.0,0,25.0,1396.0,0,1,0,0,0,69.0,0.0,0,0,4615.384615384615,1.0,13,60000,1,260000
1360000,0.0,0,0,1.0,2061.6345,0.0,2,0.0742299794661191,1.0,0,19.01,1461.0,0,1,1,0,0,108.45,0.0,0,0,13600.0,1.0,10,136000,0,600000
120000,0.0,0,1,1.0,2557.17,0.0,1,0.0660881174899866,1.0,0,25.83,1498.0,0,1,0,0,0,99.0,0.0,0,0,1875.0,1.0,8,15000,0,550000
1700000,0.0,0,0,0.0,1348.0704999999998,0.0,2,0.0626611418047882,1.0,0,19.81,1086.0,0,2,0,0,0,68.05,1.0,1,0,5882.35294117647,1.0,17,100000,0,250000
1400000,0.0,0,0,0.0,912.11,0.0,1,0.0581658291457286,1.0,0,19.7,796.0,1,4,0,0,0,46.3,1.0,0,0,3500.0,1.0,20,70000,0,125000
1650000,0.0,0,0,1.0,1207.0,0.0,2,0.0505338078291814,1.0,0,17.0,1405.0,0,1,0,0,0,71.0,0.0,0,0,7333.333333333333,1.0,15,110000,1,200000
175000,0.0,0,1,0.0,1576.288,0.0,1,0.0725752508361204,1.0,0,18.16,1196.0,0,1,0,0,0,86.8,1.0,0,0,3571.428571428572,1.0,7,25000,0,700000
5000,0.0,0,0,0.0,1381.821,0.0,1,0.0626795580110497,1.0,0,20.3,1086.0,0,1,0,0,0,68.07,1.0,1,0,200.0,1.0,5,1000,0,500000
1320000,0.0,0,0,0.0,999.09,0.0,2,0.0547359597652975,1.0,0,15.3,1193.0,0,2,0,0,0,65.3,1.0,0,0,9166.666666666666,1.0,12,110000,1,170000
1650000,0.0,0,0,1.0,1870.68,0.0,2,0.0734775641025641,1.0,0,20.4,1248.0,0,3,0,0,1,91.7,0.0,0,0,7333.333333333333,1.0,15,110000,0,275000
144000,0.0,0,0,1.0,2102.168,0.0,1,0.0593108974358974,1.0,0,28.4,1248.0,1,1,0,0,0,74.02,0.0,0,0,4000.0,1.0,6,24000,0,802999
1800000,0.0,0,0,1.0,1731.6,0.0,2,0.0592948717948717,1.0,0,23.4,1248.0,1,1,0,0,0,74.0,0.0,0,0,12500.0,1.0,12,150000,0,470000
600000,0.0,0,0,0.0,1341.561,0.0,2,0.0667083854818523,1.0,0,25.17,799.0,0,1,1,0,0,53.3,1.0,0,0,6000.0,1.0,10,60000,0,300000
1276000,0.0,0,0,1.0,2061.6345,0.0,2,0.0742299794661191,1.0,0,19.01,1461.0,0,1,1,0,0,108.45,0.0,0,0,10545.454545454546,1.0,11,116000,0,600000
1251600,0.0,0,1,1.0,1362.0,0.0,2,0.0486776268763402,1.0,0,20.0,1399.0,0,1,0,0,0,68.1,0.0,0,0,8691.666666666666,1.0,12,104300,0,275000
125000,0.0,0,0,1.0,2352.7092,0.0,1,0.0725100133511348,1.0,0,21.66,1498.0,0,1,0,0,0,108.62,0.0,0,1,5000.0,1.0,5,25000,0,800000
2178000,0.0,0,0,1.0,1991.0,0.0,2,0.073677160080375,1.0,0,18.1,1493.0,0,2,0,0,0,110.0,0.0,1,0,6722.222222222223,1.0,18,121000,0,245000
1800000,0.0,0,0,1.0,1848.0,0.0,2,0.073677160080375,1.0,0,16.8,1493.0,0,2,0,0,0,110.0,0.0,1,0,8000.0,1.0,15,120000,0,310000
2160000,0.0,0,0,1.0,1991.0,0.0,2,0.073677160080375,1.0,0,18.1,1493.0,0,2,0,0,0,110.0,0.0,1,0,6666.666666666667,1.0,18,120000,0,245000
1540000,0.0,0,0,0.0,1217.133,0.0,2,0.061686143572621,1.0,0,16.47,1198.0,0,1,0,0,0,73.9,1.0,0,1,7857.142857142857,1.0,14,110000,0,450000
1200000,0.0,0,0,1.0,1694.6,0.0,2,0.0592948717948717,1.0,0,22.9,1248.0,1,3,0,0,0,74.0,0.0,0,0,8333.333333333334,1.0,12,100000,0,409999
306000,0.0,0,0,1.0,1732.4,0.0,1,0.0633928571428571,1.0,0,24.4,1120.0,0,2,0,0,0,71.0,0.0,1,0,3777.777777777778,1.0,9,34000,0,590000
138000,0.0,0,0,1.0,2218.825,0.0,1,0.0742642026009582,1.0,1,20.45,1461.0,0,1,0,0,0,108.5,0.0,0,0,3833.3333333333335,1.0,6,23000,0,1200000
2771000,0.0,0,1,1.0,1210.4,0.0,2,0.0486061472480343,1.0,0,17.8,1399.0,0,3,0,0,0,68.0,0.0,0,0,9588.235294117649,1.0,17,163000,0,175000
63000,0.0,0,0,1.0,2506.24,0.0,1,0.0653538050734312,1.0,0,25.6,1498.0,0,1,0,1,0,97.9,0.0,0,0,1750.0,1.0,6,10500,0,1110000
1860000,0.0,0,0,1.0,2127.944,0.0,2,0.0648310387984981,1.0,0,20.54,1598.0,0,2,0,0,0,103.6,0.0,0,1,12916.666666666666,1.0,12,155000,0,325000
2445000,0.0,0,1,1.0,1210.4,0.0,2,0.0486061472480343,1.0,0,17.8,1399.0,0,1,0,0,0,68.0,0.0,0,0,10866.666666666666,1.0,15,163000,0,325000
1275000,0.0,0,0,0.0,1380.6,0.0,1,0.0521042084168336,1.0,0,17.7,1497.0,0,1,0,1,0,78.0,1.0,0,0,4411.764705882353,1.0,17,75000,0,280000
952000,0.0,0,0,0.0,1595.685,0.0,1,0.0655689102564102,1.0,0,19.5,1248.0,1,3,0,0,0,81.83,1.0,0,0,3294.1176470588234,1.0,17,56000,0,160000
720000,0.0,0,0,1.0,2563.6,0.0,2,0.0658210947930574,1.0,0,26.0,1498.0,0,1,0,1,0,98.6,0.0,0,0,8888.888888888889,1.0,9,80000,0,765000
1320000,0.0,0,0,1.0,2563.6,0.0,2,0.0658210947930574,1.0,0,26.0,1498.0,0,2,0,1,0,98.6,0.0,0,0,10909.09090909091,1.0,11,120000,0,640000
2160000,0.0,0,0,1.0,944.064,0.0,2,0.0378223495702005,1.0,0,17.88,1396.0,0,3,0,0,0,52.8,0.0,0,0,6666.666666666667,1.0,18,120000,1,65000
3150000,0.0,0,0,1.0,1234.2,0.0,2,0.0348101265822784,1.0,0,18.7,1896.0,0,2,0,0,1,66.0,0.0,0,0,9722.222222222224,1.0,18,175000,0,195000
120000,0.0,0,0,0.0,1168.31,0.0,1,0.0594221105527638,1.0,0,24.7,796.0,1,1,0,0,0,47.3,1.0,0,0,1875.0,1.0,8,15000,0,295000
1300000,0.0,0,0,1.0,1731.6,0.0,2,0.0592948717948717,1.0,0,23.4,1248.0,1,2,0,0,0,74.0,0.0,0,0,7692.307692307692,1.0,13,100000,0,625000
1280000,0.0,0,0,0.0,1268.1899999999998,0.0,1,0.0672344689378757,1.0,0,18.9,998.0,1,2,0,0,0,67.1,1.0,0,0,5000.0,1.0,16,80000,0,160000
840000,0.0,0,0,0.0,1548.6240000000005,0.0,2,0.0671743486973947,1.0,0,23.1,998.0,1,2,0,0,0,67.04,1.0,0,0,8400.0,1.0,10,84000,0,330000
750000,0.0,0,1,0.0,1092.0,0.0,1,0.0585284280936454,1.0,0,15.6,1196.0,0,2,0,0,0,70.0,1.0,0,0,3333.333333333333,1.0,15,50000,0,180000
420000,0.0,0,0,0.0,1348.0704999999998,0.0,1,0.0626611418047882,1.0,0,19.81,1086.0,0,1,0,0,0,68.05,1.0,1,0,2142.8571428571427,1.0,14,30000,0,300000
315000,0.0,0,0,0.0,1778.3399999999997,0.0,1,0.0694235588972431,1.0,0,21.4,1197.0,1,2,0,0,0,83.1,1.0,0,0,3888.8888888888887,1.0,9,35000,0,650000
1200000,0.0,0,0,1.0,1366.95,0.0,2,0.0444900752908966,1.0,0,21.03,1461.0,0,2,0,0,1,65.0,0.0,0,0,12000.0,1.0,10,120000,0,380000
550000,0.0,0,0,0.0,1558.459,0.0,1,0.0743503772003352,1.0,0,17.57,1193.0,0,2,0,0,0,88.7,1.0,0,0,4545.454545454545,1.0,11,50000,1,360000
1508000,0.0,0,0,0.0,1552.5,0.0,2,0.0647684605757196,1.0,0,15.0,1598.0,0,1,0,0,1,103.5,1.0,0,0,8923.076923076924,1.0,13,116000,0,385000
1400000,0.0,0,0,1.0,1522.5,0.0,2,0.0600961538461538,1.0,0,20.3,1248.0,0,3,0,0,1,75.0,0.0,0,0,7142.857142857143,1.0,14,100000,0,254999
200000,0.0,0,0,0.0,1547.1539999999998,0.0,1,0.0683876357560568,1.0,0,18.9,1197.0,0,1,0,0,0,81.86,1.0,1,0,2000.0,1.0,10,20000,0,499000
420000,0.0,0,0,1.0,2102.168,0.0,2,0.0593108974358974,0.0,0,28.4,1248.0,1,1,0,0,0,74.02,0.0,0,0,8571.42857142857,1.0,7,60000,0,730000
270000,0.0,0,0,1.0,2691.78,0.0,1,0.0658210947930574,1.0,0,27.3,1498.0,0,2,0,1,0,98.6,0.0,0,0,3333.333333333333,1.0,9,30000,0,650000
975000,0.0,0,0,1.0,1456.8095999999998,0.0,2,0.0432032854209445,1.0,0,23.08,1461.0,0,1,1,0,0,63.12,0.0,0,0,5769.2307692307695,1.0,13,75000,0,220000
2090000,0.0,0,0,0.0,1595.685,0.0,2,0.0655689102564102,1.0,0,19.5,1248.0,1,3,0,0,0,81.83,1.0,0,0,5789.473684210527,1.0,19,110000,0,229999
1710000,0.0,0,0,0.0,1595.685,0.0,1,0.0655689102564102,1.0,0,19.5,1248.0,1,4,0,0,0,81.83,1.0,0,0,4736.8421052631575,1.0,19,90000,0,215000
2090000,0.0,0,0,1.0,1041.6,0.0,2,0.0441281138790035,1.0,0,16.8,1405.0,0,3,0,0,0,62.0,0.0,0,0,5789.473684210527,1.0,19,110000,1,100000
2520000,0.0,0,0,0.0,1353.6,0.0,2,0.0587867417135709,1.0,0,14.4,1599.0,0,4,0,0,0,94.0,1.0,1,0,5714.285714285715,1.0,21,120000,0,110000
768000,0.0,0,0,1.0,1207.0,0.0,1,0.0505338078291814,1.0,0,17.0,1405.0,0,2,0,0,0,71.0,0.0,0,0,3000.0,1.0,16,48000,1,152000
792000,0.0,0,0,0.0,1522.038,0.0,2,0.0683625730994152,1.0,0,18.6,1197.0,0,1,0,0,0,81.83,1.0,1,0,6545.454545454545,0.0,11,72000,0,415000
510000,0.0,0,0,0.0,1799.6,0.0,2,0.0683375104427736,1.0,0,22.0,1197.0,1,1,0,0,0,81.8,1.0,0,0,5100.0,0.0,10,51000,0,475000
232000,0.0,0,0,0.0,1708.802,0.0,1,0.0683375104427736,1.0,0,20.89,1197.0,1,1,0,0,0,81.8,1.0,0,0,3625.0,0.0,8,29000,0,525000
280000,0.0,0,0,0.0,1678.5359999999998,0.0,1,0.0683375104427736,1.0,0,20.52,1197.0,1,1,0,0,0,81.8,1.0,0,0,2800.0,0.0,10,28000,0,365000
1358000,0.0,0,0,1.0,1864.8,0.0,2,0.0592948717948717,1.0,0,25.2,1248.0,1,1,0,0,0,74.0,0.0,0,0,6928.571428571428,0.0,14,97000,0,375000
413000,0.0,0,0,1.0,2102.168,0.0,2,0.0593108974358974,1.0,0,28.4,1248.0,1,1,0,0,0,74.02,0.0,0,0,8428.57142857143,0.0,7,59000,0,765000
162000,0.0,0,0,1.0,2102.168,0.0,1,0.0593108974358974,1.0,0,28.4,1248.0,1,1,0,0,0,74.02,0.0,0,0,4500.0,1.0,6,27000,0,770000
210000,0.0,0,0,0.0,1341.561,0.0,1,0.0667083854818523,1.0,0,25.17,799.0,0,1,1,0,0,53.3,1.0,0,0,4285.714285714285,1.0,7,30000,0,350000
105000,0.0,0,0,1.0,2221.35,0.0,1,0.0709134615384615,1.0,0,25.1,1248.0,1,1,0,0,0,88.5,0.0,0,0,2142.8571428571427,1.0,7,15000,0,990000
214200,0.0,0,0,1.0,2102.168,0.0,2,0.0593108974358974,1.0,0,28.4,1248.0,1,1,0,0,0,74.02,0.0,0,0,5950.0,0.0,6,35700,0,800000
1440000,0.0,0,0,1.0,1630.9730000000002,0.0,2,0.0616346955796497,1.0,0,22.07,1199.0,0,1,0,0,0,73.9,0.0,0,1,10000.0,1.0,12,120000,0,325000
960000,0.0,0,0,1.0,1630.9730000000002,0.0,2,0.0616346955796497,1.0,0,22.07,1199.0,0,1,0,0,0,73.9,0.0,0,1,6666.666666666667,1.0,12,80000,0,360000
1800000,0.0,0,0,0.0,1403.732,0.0,2,0.0672344689378757,1.0,0,20.92,998.0,1,1,0,0,0,67.1,1.0,0,0,8000.0,1.0,15,120000,0,148000
288000,0.0,0,0,1.0,2026.86,0.0,1,0.0592948717948717,1.0,0,27.39,1248.0,1,1,0,0,0,74.0,0.0,0,0,4500.0,1.0,8,36000,0,670000
1320000,0.0,1,0,1.0,1581.4736,0.0,2,0.049149560117302,1.0,0,23.59,1364.0,0,1,0,0,0,67.04,0.0,0,0,10909.09090909091,1.0,11,120000,0,430999
210000,0.0,0,0,0.0,1541.67,0.0,2,0.067067067067067,1.0,0,23.01,999.0,0,1,1,0,0,67.0,1.0,0,0,5833.333333333333,1.0,6,35000,0,300000
1050000,0.0,0,1,1.0,1360.0,0.0,1,0.0486061472480343,1.0,0,20.0,1399.0,0,1,0,0,0,68.0,0.0,0,0,4666.666666666667,1.0,15,70000,0,260000
1170000,0.0,0,0,1.0,1426.2700000000002,0.0,2,0.0592147435897435,1.0,0,19.3,1248.0,1,3,0,0,0,73.9,0.0,0,0,6923.076923076923,1.0,13,90000,0,320000
245000,0.0,0,0,0.0,1844.5,0.0,1,0.090567612687813,1.0,0,17.0,1198.0,0,1,0,0,0,108.5,1.0,0,0,5000.0,1.0,7,35000,1,700000
1040000,0.0,0,0,0.0,1217.133,0.0,2,0.061686143572621,1.0,0,16.47,1198.0,0,1,0,0,0,73.9,1.0,0,1,6153.846153846154,1.0,13,80000,0,415000
2040000,0.0,0,0,1.0,1335.0,0.0,2,0.0600961538461538,1.0,0,17.8,1248.0,1,2,0,0,0,75.0,0.0,0,0,7058.823529411765,1.0,17,120000,0,260000
300000,0.0,1,0,0.0,1397.3190000000002,0.0,1,0.0659147869674185,1.0,0,17.71,1197.0,0,1,0,0,0,78.9,1.0,0,0,3000.0,1.0,10,30000,0,515000
808000,0.0,0,1,1.0,2244.8943,0.0,2,0.0658144192256341,1.0,0,22.77,1498.0,0,1,0,0,0,98.59,0.0,0,0,12625.0,1.0,8,101000,0,934000
1980000,0.0,0,1,1.0,1210.4,0.0,2,0.0486061472480343,1.0,0,17.8,1399.0,0,1,0,0,0,68.0,0.0,0,0,6111.111111111111,1.0,18,110000,0,210000
227000,0.0,0,0,0.0,1658.69,0.0,1,0.0739783152627189,1.0,0,18.7,1199.0,0,1,0,1,0,88.7,1.0,0,0,2270.0,1.0,10,22700,0,700000
405000,0.0,0,0,0.0,1549.8,0.0,1,0.0685045948203842,1.0,0,18.9,1197.0,0,1,0,0,0,82.0,1.0,1,0,5000.0,1.0,9,45000,0,525000
504000,0.0,0,0,0.0,1122.01,0.0,1,0.0610367892976588,1.0,0,15.37,1196.0,1,2,0,0,0,73.0,1.0,0,0,2571.428571428572,1.0,14,36000,0,250000
570000,0.0,0,0,1.0,1967.66,0.0,2,0.0592948717948717,1.0,0,26.59,1248.0,1,2,0,0,0,74.0,0.0,0,0,5700.0,1.0,10,57000,0,575000
231000,0.0,0,0,1.0,1882.32,0.0,1,0.0659025787965616,1.0,0,27.28,1047.0,0,1,0,0,0,69.0,0.0,0,0,4714.285714285715,1.0,7,33000,1,540000
1120000,0.0,0,1,0.0,1092.0,0.0,2,0.0585284280936454,1.0,0,15.6,1196.0,0,2,0,0,0,70.0,1.0,0,0,5714.285714285715,1.0,14,80000,0,240000
910000,0.0,0,0,0.0,1072.764,1.0,2,0.060502512562814,1.0,0,17.82,995.0,0,1,0,0,0,60.2,0.0,0,0,5384.615384615385,1.0,13,70000,0,300000
350000,0.0,0,0,0.0,1217.628,0.0,2,0.0671339173967459,1.0,0,22.7,799.0,0,1,0,0,1,53.64,1.0,0,0,7142.857142857143,1.0,7,50000,0,280000
1652000,0.0,0,0,1.0,1559.2900000000002,0.0,2,0.0592147435897435,1.0,0,21.1,1248.0,1,2,0,0,0,73.9,0.0,0,0,8428.57142857143,1.0,14,118000,0,350000
140000,0.0,0,0,1.0,2332.75,0.0,1,0.0724782899131596,1.0,0,21.5,1497.0,0,1,0,0,0,108.5,0.0,0,0,2857.1428571428573,1.0,7,20000,1,980000
153097,0.0,0,0,1.0,2332.75,0.0,1,0.0724782899131596,1.0,0,21.5,1497.0,0,1,0,0,0,108.5,0.0,0,0,3124.428571428572,1.0,7,21871,1,969999
1100000,0.0,0,0,1.0,1337.0,0.0,2,0.0498220640569395,1.0,0,19.1,1405.0,0,1,0,0,0,70.0,0.0,0,0,9090.90909090909,1.0,11,100000,1,280000
550000,0.0,0,0,1.0,1595.685,0.0,1,0.0655689102564102,1.0,0,19.5,1248.0,1,1,0,0,0,81.83,0.0,0,0,4545.454545454545,1.0,11,50000,0,217000
700000,0.0,0,0,0.0,1075.602,0.0,2,0.0594221105527638,1.0,0,22.74,796.0,1,1,0,0,0,47.3,1.0,0,0,7000.0,1.0,10,70000,0,250000
175000,0.0,0,0,0.0,2002.56,0.0,1,0.0700583819849874,1.0,0,23.84,1199.0,0,1,0,0,0,84.0,1.0,0,0,3571.428571428572,1.0,7,25000,1,500000
200000,0.0,0,0,0.0,1168.31,0.0,1,0.0594221105527638,1.0,0,24.7,796.0,1,1,0,0,0,47.3,1.0,0,0,3125.0,1.0,8,25000,0,316000
350000,0.0,0,0,0.0,1168.31,0.0,2,0.0594221105527638,1.0,0,24.7,796.0,1,1,0,0,0,47.3,1.0,0,0,7142.857142857143,1.0,7,50000,0,350000
98000,0.0,0,0,1.0,2332.75,0.0,1,0.0724782899131596,1.0,0,21.5,1497.0,0,1,0,0,0,108.5,0.0,0,0,2000.0,1.0,7,14000,1,950000
1100000,0.0,0,0,0.0,1552.128,0.0,2,0.0645807259073842,1.0,0,15.04,1598.0,0,1,0,0,0,103.2,1.0,0,1,9090.90909090909,1.0,11,100000,0,430000
1157000,0.0,0,0,1.0,1715.408,0.0,2,0.0592467948717948,1.0,0,23.2,1248.0,1,2,0,0,0,73.94,0.0,0,0,6846.153846153846,1.0,13,89000,0,250000
35000,0.0,0,0,0.0,2002.56,0.0,1,0.0700583819849874,0.0,0,23.84,1199.0,0,1,0,0,0,84.0,1.0,0,0,714.2857142857143,1.0,7,5000,1,500000
252000,0.0,0,0,0.0,1547.1539999999998,0.0,1,0.0683876357560568,1.0,0,18.9,1197.0,0,1,0,0,0,81.86,1.0,1,0,1750.0,1.0,12,21000,0,420000
80000,0.0,0,0,0.0,1605.8475,0.0,1,0.0671843687374749,1.0,0,23.95,998.0,1,2,0,0,0,67.05,1.0,0,0,1250.0,1.0,8,10000,0,290000
240000,0.0,0,0,1.0,2102.168,0.0,1,0.0593108974358974,1.0,0,28.4,1248.0,1,1,0,0,0,74.02,0.0,0,0,3750.0,1.0,8,30000,0,750000
1260000,0.0,0,0,1.0,1559.2900000000002,0.0,2,0.0592147435897435,1.0,0,21.1,1248.0,1,3,0,0,0,73.9,0.0,0,0,6428.571428571428,1.0,14,90000,0,250000
1260000,0.0,0,0,0.0,1266.3,0.0,1,0.063147973609802,1.0,0,18.9,1061.0,1,2,0,0,0,67.0,1.0,0,0,3888.8888888888887,1.0,18,70000,0,100000
1440000,0.0,0,0,0.0,1107.2,0.0,1,0.060320452403393,1.0,0,17.3,1061.0,1,2,0,0,0,64.0,1.0,0,0,4444.444444444444,1.0,18,80000,0,100000
1560000,0.0,0,0,1.0,1426.2700000000002,0.0,2,0.0592147435897435,1.0,0,19.3,1248.0,1,1,0,0,0,73.9,0.0,0,0,9230.76923076923,1.0,13,120000,0,341000
400000,0.0,0,0,1.0,1775.28,0.0,2,0.0623693086003372,1.0,0,24.0,1186.0,0,1,0,0,0,73.97,0.0,1,0,6250.0,1.0,8,50000,0,600000
1837000,0.0,0,0,1.0,2474.86,0.0,3,0.0658210947930574,1.0,0,25.1,1498.0,0,1,0,1,0,98.6,0.0,0,0,15181.818181818182,1.0,11,167000,0,650000
1360000,0.0,0,0,0.0,1008.0,0.0,1,0.0633165829145728,1.0,0,16.0,995.0,0,1,0,0,0,63.0,1.0,0,0,4705.882352941177,1.0,17,80000,0,75527
187000,0.0,0,0,0.0,1522.038,0.0,1,0.0683625730994152,1.0,0,18.6,1197.0,0,1,0,0,0,81.83,1.0,1,0,1545.4545454545455,1.0,11,17000,0,500000
368000,0.0,0,0,0.0,1778.3399999999997,0.0,2,0.0694235588972431,1.0,0,21.4,1197.0,1,1,0,0,0,83.1,1.0,0,0,5750.0,1.0,8,46000,0,550000
600000,0.0,0,0,1.0,1864.8,0.0,2,0.0592948717948717,1.0,0,25.2,1248.0,1,1,0,0,0,74.0,0.0,0,0,6000.0,1.0,10,60000,0,475000
600000,0.0,0,0,1.0,1732.4,0.0,2,0.0633928571428571,1.0,0,24.4,1120.0,0,1,0,0,0,71.0,0.0,1,0,6000.0,1.0,10,60000,0,425000
1170000,0.0,1,0,1.0,1868.696,0.0,2,0.0639296187683284,1.0,0,21.43,1364.0,0,4,0,0,0,87.2,0.0,0,0,6923.076923076923,1.0,13,90000,0,476999
560000,0.0,0,0,0.0,1116.0,0.0,1,0.0623115577889447,1.0,0,18.0,995.0,0,2,0,0,0,62.0,1.0,0,0,2857.1428571428573,1.0,14,40000,0,150000
1260000,0.0,0,0,0.0,912.11,0.0,2,0.0581658291457286,1.0,0,19.7,796.0,1,1,0,0,0,46.3,1.0,0,0,6428.571428571428,1.0,14,90000,0,225000
1200000,0.0,0,0,0.0,912.11,0.0,2,0.0581658291457286,1.0,0,19.7,796.0,1,1,0,0,0,46.3,1.0,0,0,5333.333333333333,1.0,15,80000,0,190000
3608000,0.0,0,0,0.0,912.11,0.0,2,0.0581658291457286,1.0,0,19.7,796.0,1,3,0,0,0,46.3,1.0,0,0,7454.545454545455,1.0,22,164000,0,100000
410661,1.0,0,0,0.0,1547.1539999999998,0.0,2,0.0683876357560568,0.0,0,18.9,1197.0,0,1,0,0,0,81.86,1.0,1,0,5069.888888888889,0.0,9,45629,0,475000
98000,0.0,0,0,0.0,1374.9904,0.0,1,0.0671743486973947,1.0,0,20.51,998.0,1,1,0,0,0,67.04,1.0,0,0,2000.0,1.0,7,14000,0,430000
120000,0.0,0,0,0.0,1870.0,0.0,1,0.0918964076858813,1.0,0,17.0,1197.0,0,1,0,0,1,110.0,1.0,0,0,3333.333333333333,1.0,6,20000,0,1132000
550800,0.0,0,0,0.0,1268.1899999999998,0.0,2,0.0672344689378757,1.0,0,18.9,998.0,1,1,0,0,0,67.1,1.0,0,0,8606.25,0.0,8,68850,0,352000
411975,0.0,0,0,0.0,2002.56,0.0,2,0.0700583819849874,1.0,0,23.84,1199.0,0,1,0,0,0,84.0,1.0,0,0,5086.111111111111,0.0,9,45775,1,252999
910000,0.0,0,0,0.0,1006.02,0.0,2,0.0624120603015075,1.0,0,16.2,995.0,0,2,0,0,0,62.1,1.0,0,0,5384.615384615385,1.0,13,70000,0,80000
682030,0.0,0,0,0.0,1461.0195,0.0,2,0.0671843687374749,1.0,0,21.79,998.0,1,1,0,0,0,67.05,1.0,0,0,6820.3,0.0,10,68203,0,313000
330000,0.0,0,0,0.0,1547.1539999999998,0.0,1,0.0683876357560568,1.0,0,18.9,1197.0,0,2,0,0,0,81.86,1.0,1,0,2727.2727272727275,1.0,11,30000,0,380000
175000,0.0,0,0,0.0,1341.561,0.0,1,0.0667083854818523,1.0,0,25.17,799.0,0,1,1,0,0,53.3,1.0,0,0,3571.428571428572,1.0,7,25000,0,350000
810000,0.0,0,0,1.0,1665.106,0.0,2,0.0573579739904175,1.0,0,19.87,1461.0,0,2,1,0,0,83.8,0.0,0,0,10000.0,1.0,9,90000,0,600000
1362802,0.0,0,0,1.0,1692.0,0.0,2,0.0721153846153846,1.0,0,18.8,1248.0,0,1,0,0,0,90.0,0.0,0,0,6953.071428571428,0.0,14,97343,1,88000
1190000,0.0,0,0,0.0,1595.685,0.0,1,0.0655689102564102,1.0,0,19.5,1248.0,1,4,0,0,0,81.83,1.0,0,0,4117.64705882353,1.0,17,70000,0,125000
341000,0.0,0,0,0.0,1606.404,0.0,1,0.0659147869674185,1.0,0,20.36,1197.0,0,1,0,0,0,78.9,1.0,1,0,2818.181818181818,1.0,11,31000,0,290000
200000,0.0,0,0,0.0,1827.4923000000003,0.0,1,0.0515886287625418,1.0,0,29.619000000000003,1196.0,1,1,0,0,0,61.7,0.0,0,0,2000.0,1.0,10,20000,0,380000
682000,0.0,0,0,0.0,1164.72,0.0,2,0.0678132678132678,1.0,0,21.1,814.0,0,1,0,0,0,55.2,1.0,1,0,5636.363636363636,1.0,11,62000,0,180000
900000,0.0,0,0,0.0,1476.84,0.0,1,0.0662218515429524,1.0,0,18.6,1199.0,0,2,0,0,0,79.4,1.0,0,0,4000.0,1.0,15,60000,0,110000
70000,0.0,0,0,0.0,1605.8475,0.0,1,0.0671843687374749,1.0,0,23.95,998.0,1,1,0,0,0,67.05,1.0,0,0,1428.571428571429,1.0,7,10000,0,390000
700000,0.0,0,0,0.0,1522.038,0.0,2,0.0683625730994152,1.0,0,18.6,1197.0,0,1,0,0,0,81.83,1.0,1,0,7000.0,1.0,10,70000,0,550000
1470000,0.0,0,0,0.0,1595.685,0.0,1,0.0655689102564102,1.0,0,19.5,1248.0,0,2,0,0,0,81.83,1.0,1,0,3333.333333333333,1.0,21,70000,0,70000
240000,0.0,0,0,0.0,1164.72,0.0,1,0.0678132678132678,1.0,0,21.1,814.0,0,1,0,0,0,55.2,1.0,1,0,1666.6666666666667,1.0,12,20000,0,275000
2014016,0.0,0,0,0.0,1570.2,0.0,2,0.0660025220680958,1.0,0,15.0,1586.0,1,2,0,0,0,104.68,1.0,0,0,7867.25,1.0,16,125876,0,250000
717244,1.0,0,0,0.0,1548.6240000000005,0.0,2,0.0671743486973947,0.0,0,23.1,998.0,1,1,0,0,0,67.04,1.0,0,0,5927.636363636364,0.0,11,65204,0,325000
13716,1.0,0,0,0.0,2148.0525,0.0,1,0.1185871743486974,0.0,0,18.15,998.0,0,1,0,0,0,118.35,1.0,1,0,381.0,0.0,6,2286,0,1150000
110124,0.0,0,0,0.0,1799.6,0.0,1,0.0683375104427736,0.0,0,22.0,1197.0,1,1,0,0,0,81.8,1.0,0,0,2247.428571428572,0.0,7,15732,0,655000
231000,0.0,0,0,0.0,1708.802,0.0,1,0.0683375104427736,1.0,0,20.89,1197.0,1,1,0,0,0,81.8,1.0,0,0,4714.285714285715,0.0,7,33000,0,525000
396184,0.0,0,0,0.0,2006.0,0.0,2,0.0788243152972612,1.0,0,17.0,1497.0,0,1,0,1,0,118.0,1.0,0,0,6190.375,0.0,8,49523,0,675000
336000,0.0,0,0,1.0,2150.55,0.0,2,0.0709134615384615,1.0,0,24.3,1248.0,1,1,0,0,0,88.5,0.0,0,0,6857.142857142857,0.0,7,48000,0,745000
119000,0.0,0,0,1.0,2150.55,0.0,1,0.0709134615384615,1.0,0,24.3,1248.0,1,1,0,0,0,88.5,0.0,0,0,2428.5714285714284,0.0,7,17000,0,835000
255647,0.0,0,0,1.0,2150.55,0.0,2,0.0709134615384615,1.0,0,24.3,1248.0,1,1,0,0,0,88.5,0.0,0,0,5217.285714285715,0.0,7,36521,0,725000
720000,0.0,0,0,0.0,1799.6,0.0,2,0.0683375104427736,1.0,0,22.0,1197.0,1,1,0,0,0,81.8,1.0,0,0,11250.0,1.0,8,90000,0,620000
280000,0.0,0,0,0.0,1341.561,0.0,1,0.0667083854818523,1.0,0,25.17,799.0,0,2,1,0,0,53.3,1.0,0,0,4375.0,1.0,8,35000,0,350000
154000,0.0,0,0,0.0,1705.2,0.0,1,0.0700583819849874,1.0,0,20.3,1199.0,0,1,0,0,0,84.0,1.0,0,0,3142.8571428571427,1.0,7,22000,1,400000
560000,0.0,0,0,0.0,1374.9904,0.0,2,0.0671743486973947,1.0,0,20.51,998.0,1,1,0,0,0,67.04,1.0,0,0,8750.0,1.0,8,70000,0,400000
392000,0.0,0,0,1.0,1878.838,0.0,2,0.0623693086003372,1.0,0,25.4,1186.0,0,1,0,0,0,73.97,0.0,1,0,6125.0,0.0,8,49000,0,550000
500000,0.0,0,0,1.0,2485.965,0.0,1,0.0709134615384615,1.0,0,28.09,1248.0,1,2,0,0,0,88.5,0.0,0,0,5000.0,0.0,10,50000,0,550000
780000,0.0,0,0,1.0,2101.6,0.0,2,0.0592948717948717,1.0,0,28.4,1248.0,1,1,0,0,0,74.0,0.0,0,0,5416.666666666667,0.0,12,65000,0,375000
550000,0.0,0,0,1.0,1732.4,0.0,2,0.0633928571428571,1.0,0,24.4,1120.0,0,1,0,0,0,71.0,0.0,1,0,5500.0,0.0,10,55000,0,391000
1044000,0.0,0,0,1.0,1848.0,0.0,1,0.073677160080375,1.0,0,16.8,1493.0,0,2,0,0,0,110.0,0.0,1,0,3222.222222222222,0.0,18,58000,0,212000
784000,0.0,0,0,1.0,1465.344,0.0,1,0.0615384615384615,1.0,0,25.44,936.0,0,2,0,0,0,57.6,0.0,0,0,4000.0,0.0,14,56000,0,221000
915000,0.0,0,0,1.0,1870.68,0.0,1,0.0734775641025641,1.0,0,20.4,1248.0,0,2,0,0,1,91.7,0.0,0,0,4066.6666666666665,0.0,15,61000,0,265000
732000,0.0,0,0,1.0,1835.072,0.0,2,0.0580424366872005,1.0,0,21.64,1461.0,0,2,1,0,0,84.8,0.0,0,0,5083.333333333333,0.0,12,61000,0,399000
1037000,0.0,0,0,1.0,1881.0,0.0,1,0.073677160080375,1.0,0,17.1,1493.0,0,2,0,0,0,110.0,0.0,1,0,3588.235294117647,0.0,17,61000,0,175000
902734,0.0,0,0,1.0,2121.75,0.0,1,0.0647684605757196,1.0,0,20.5,1598.0,0,2,0,0,1,103.5,0.0,0,0,4605.785714285715,0.0,14,64481,0,411000
910000,0.0,0,0,1.0,2127.944,0.0,1,0.0648310387984981,1.0,0,20.54,1598.0,0,2,0,0,0,103.6,0.0,0,1,4642.857142857143,0.0,14,65000,0,365000
610000,0.0,0,0,1.0,1925.808,0.0,2,0.0580424366872005,1.0,1,22.71,1461.0,0,2,0,0,0,84.8,0.0,0,0,6100.0,0.0,10,61000,0,499000
480000,0.0,0,0,0.0,1116.0,0.0,1,0.0623115577889447,1.0,0,18.0,995.0,0,1,0,0,0,62.0,1.0,0,0,1875.0,1.0,16,30000,0,145000
900000,0.0,0,0,0.0,1381.415,0.0,2,0.0681863727454909,1.0,0,20.3,998.0,0,1,0,0,0,68.05,1.0,1,0,11111.111111111111,1.0,9,100000,0,280000
2660000,0.0,0,0,0.0,1380.6,0.0,2,0.0521042084168336,1.0,0,17.7,1497.0,0,3,0,1,0,78.0,1.0,0,0,7368.421052631579,1.0,19,140000,0,150000
540000,0.0,0,0,0.0,1341.561,0.0,2,0.0667083854818523,1.0,0,25.17,799.0,0,1,1,0,0,53.3,1.0,0,0,6666.666666666667,1.0,9,60000,0,275000
1320000,0.0,0,0,1.0,1692.0,0.0,2,0.0721153846153846,1.0,0,18.8,1248.0,0,1,0,0,0,90.0,0.0,0,0,5866.666666666667,1.0,15,88000,1,110000
1600000,0.0,0,0,0.0,1268.1899999999998,0.0,1,0.0672344689378757,1.0,0,18.9,998.0,1,2,0,0,0,67.1,1.0,0,0,4000.0,1.0,20,80000,0,150000
960000,0.0,0,0,0.0,1656.015,0.0,2,0.0652202937249666,1.0,1,16.95,1498.0,0,3,0,0,0,97.7,1.0,0,0,6666.666666666667,1.0,12,80000,0,275000
440000,0.0,0,0,1.0,2101.6,0.0,1,0.0592948717948717,1.0,0,28.4,1248.0,1,1,0,0,0,74.0,0.0,0,0,3636.363636363637,1.0,11,40000,0,455000
440000,0.0,0,0,1.0,1864.8,0.0,1,0.0592948717948717,1.0,0,25.2,1248.0,1,1,0,0,0,74.0,0.0,0,0,3636.363636363637,1.0,11,40000,0,455000
376000,0.0,0,0,1.0,2563.6,0.0,2,0.0658210947930574,1.0,0,26.0,1498.0,0,2,0,1,0,98.6,0.0,0,0,5875.0,1.0,8,47000,0,650000
140000,0.0,0,0,0.0,1547.1539999999998,0.0,1,0.0683876357560568,1.0,0,18.9,1197.0,0,2,0,0,0,81.86,1.0,1,0,2857.1428571428573,1.0,7,20000,0,551000
392480,0.0,0,0,1.0,2386.8900000000003,0.0,2,0.0724265687583444,1.0,0,22.0,1498.0,0,1,0,0,0,108.495,0.0,0,1,6132.5,1.0,8,49060,0,650000
600000,0.0,0,0,0.0,1522.038,0.0,2,0.0683625730994152,1.0,0,18.6,1197.0,0,1,0,0,0,81.83,1.0,1,0,6000.0,1.0,10,60000,0,600000
216000,0.0,0,0,0.0,1075.602,0.0,1,0.0594221105527638,1.0,0,22.74,796.0,1,1,0,0,0,47.3,1.0,0,0,1500.0,1.0,12,18000,0,235000
260127,0.0,0,1,1.0,2039.368,0.0,2,0.059973297730307,1.0,0,22.7,1498.0,0,1,0,0,0,89.84,0.0,0,0,5308.714285714285,0.0,7,37161,0,800000
1320000,0.0,0,0,1.0,1788.432,0.0,2,0.059279038718291,1.0,0,20.14,1498.0,0,2,0,0,0,88.8,0.0,0,1,10909.09090909091,1.0,11,120000,0,391000
1350000,0.0,0,0,0.0,1266.3,0.0,2,0.063147973609802,1.0,0,18.9,1061.0,1,2,0,0,0,67.0,1.0,0,0,6000.0,1.0,15,90000,0,170000
884000,0.0,0,0,1.0,1731.6,0.0,2,0.0592948717948717,1.0,0,23.4,1248.0,1,1,0,0,0,74.0,0.0,0,0,5230.769230769231,1.0,13,68000,0,370000
661925,0.0,0,0,0.0,1501.5,0.0,2,0.0688073394495412,1.0,0,18.2,1199.0,0,1,0,0,0,82.5,1.0,0,0,5470.454545454545,1.0,11,60175,0,300000
325000,0.0,0,0,0.0,1164.72,0.0,1,0.0678132678132678,1.0,0,21.1,814.0,0,1,0,0,0,55.2,1.0,1,0,1923.076923076923,1.0,13,25000,0,250000
399656,0.0,0,1,1.0,2557.17,0.0,2,0.0660881174899866,1.0,0,25.83,1498.0,0,1,0,0,0,99.0,0.0,0,0,6244.625,0.0,8,49957,0,700000
345880,0.0,0,1,1.0,2404.71,0.0,2,0.0660881174899866,1.0,0,24.29,1498.0,0,1,0,0,0,99.0,0.0,0,0,5404.375,0.0,8,43235,0,600000
354893,0.0,0,1,1.0,2244.8943,0.0,2,0.0658144192256341,1.0,0,22.77,1498.0,0,1,0,0,0,98.59,0.0,0,0,7242.714285714285,0.0,7,50699,0,925000
999000,0.0,0,0,1.0,1880.1887,0.0,2,0.0635601719197707,1.0,0,21.19,1396.0,0,2,0,0,0,88.73,0.0,1,0,12333.333333333334,1.0,9,111000,0,700000
336000,0.0,0,0,0.0,2120.55,0.0,2,0.1007014028056112,1.0,0,21.1,998.0,1,2,0,0,0,100.5,1.0,0,0,6857.142857142857,1.0,7,48000,0,700000
1620000,0.0,0,0,1.0,1335.0,0.0,1,0.0600961538461538,1.0,0,17.8,1248.0,1,4,0,0,0,75.0,0.0,0,0,5000.0,1.0,18,90000,0,185000
800000,0.0,0,1,0.0,1576.288,0.0,2,0.0725752508361204,1.0,0,18.16,1196.0,0,1,0,0,0,86.8,1.0,0,0,12500.0,1.0,8,100000,0,400000
1260000,0.0,0,1,1.0,1360.0,0.0,2,0.0486061472480343,1.0,0,20.0,1399.0,0,3,0,0,0,68.0,0.0,0,0,6428.571428571428,1.0,14,90000,0,180000
500000,0.0,0,0,1.0,1967.66,0.0,1,0.0592948717948717,1.0,0,26.59,1248.0,1,1,0,0,0,74.0,0.0,0,0,5000.0,1.0,10,50000,0,600000
990000,0.0,1,0,1.0,1581.9454,0.0,2,0.0491642228739002,1.0,0,23.59,1364.0,0,3,0,0,0,67.06,0.0,0,0,8181.818181818182,1.0,11,90000,0,320000
1960000,0.0,0,0,0.0,1491.84,0.0,2,0.0648310387984981,0.0,0,14.4,1598.0,0,2,0,0,0,103.6,1.0,0,1,10000.0,1.0,14,140000,0,250000
120000,0.0,0,0,0.0,1701.343,0.0,1,0.0698999165971643,1.0,0,20.3,1199.0,0,1,0,0,0,83.81,1.0,0,0,3333.333333333333,1.0,6,20000,1,650000
320000,0.0,0,0,1.0,2150.55,0.0,1,0.0709134615384615,1.0,0,24.3,1248.0,1,1,0,0,0,88.5,0.0,0,0,5000.0,1.0,8,40000,0,869999
480000,0.0,0,0,1.0,2150.55,0.0,2,0.0709134615384615,1.0,0,24.3,1248.0,1,1,0,0,0,88.5,0.0,0,0,7500.0,1.0,8,60000,0,869999
1050000,0.0,0,0,1.0,1559.2900000000002,0.0,1,0.0592147435897435,1.0,0,21.1,1248.0,1,2,0,0,0,73.9,0.0,0,0,4666.666666666667,1.0,15,70000,0,200000
1700000,0.0,0,0,0.0,912.11,0.0,2,0.0581658291457286,1.0,0,19.7,796.0,1,2,0,0,0,46.3,1.0,0,0,5882.35294117647,1.0,17,100000,0,114999
1551000,0.0,0,0,1.0,1864.8,0.0,2,0.0592948717948717,1.0,0,25.2,1248.0,1,4,0,0,0,74.0,0.0,0,0,12818.181818181818,1.0,11,141000,0,700000
315000,0.0,0,0,0.0,1217.628,0.0,1,0.0671339173967459,1.0,0,22.7,799.0,0,1,0,0,1,53.64,1.0,0,0,3888.8888888888887,1.0,9,35000,0,200000
500000,0.0,0,0,0.0,1543.2600000000002,0.0,1,0.0723706176961602,1.0,0,17.8,1198.0,0,1,0,1,0,86.7,1.0,0,0,5000.0,1.0,10,50000,0,450000
66500,0.0,0,0,1.0,2332.75,0.0,1,0.0724782899131596,1.0,0,21.5,1497.0,0,1,0,0,0,108.5,0.0,0,0,1357.142857142857,1.0,7,9500,1,850000
224000,0.0,0,0,0.0,1341.561,0.0,1,0.0667083854818523,1.0,0,25.17,799.0,0,1,1,0,0,53.3,1.0,0,0,3500.0,1.0,8,28000,0,320000
1808000,0.0,0,0,0.0,999.09,0.0,2,0.0547359597652975,1.0,0,15.3,1193.0,0,1,0,0,0,65.3,1.0,0,0,7062.5,1.0,16,113000,1,110000
14,0.0,0,0,0.0,1488.105,0.0,1,0.0610367892976588,1.0,0,20.385,1196.0,1,4,0,0,0,73.0,0.0,0,0,0.0714285714285714,1.0,14,1,0,209000
1500000,0.0,0,0,0.0,1350.0,0.0,2,0.0657894736842105,1.0,0,15.0,1368.0,0,2,0,0,0,90.0,1.0,0,0,6666.666666666667,1.0,15,100000,1,169000
550814,0.0,0,0,1.0,1680.0,0.0,1,0.0625,1.0,0,24.0,1120.0,0,1,0,0,0,70.0,0.0,1,0,4552.181818181818,1.0,11,50074,0,400000
1100000,0.0,0,0,1.0,1999.9742,0.0,2,0.0635601719197707,1.0,0,22.54,1396.0,0,4,0,0,0,88.73,0.0,1,0,9090.90909090909,1.0,11,100000,0,600000
420000,0.0,0,1,1.0,2276.08,0.0,2,0.0660614152202937,1.0,0,23.0,1498.0,0,1,0,0,0,98.96,0.0,0,0,8571.42857142857,1.0,7,60000,0,990000
80000,0.0,0,0,0.0,1778.3399999999997,0.0,1,0.0694235588972431,0.0,0,21.4,1197.0,1,1,0,0,0,83.1,1.0,0,0,1250.0,1.0,8,10000,0,745000
350000,0.0,0,0,1.0,1864.8,0.0,1,0.0592948717948717,1.0,0,25.2,1248.0,1,1,0,0,0,74.0,0.0,0,0,3500.0,1.0,10,35000,0,500000
30000,0.0,0,0,0.0,1678.5359999999998,0.0,1,0.0683375104427736,0.0,0,20.52,1197.0,1,1,0,0,0,81.8,1.0,0,0,833.3333333333334,1.0,6,5000,0,540000
216000,0.0,0,0,1.0,1698.3,0.0,1,0.0592948717948717,1.0,0,22.95,1248.0,0,1,0,0,0,74.0,0.0,0,0,3375.0,1.0,8,27000,1,600000
175000,0.0,0,1,0.0,1798.92,0.0,1,0.0792964824120603,1.0,0,19.0,1194.0,0,1,0,0,0,94.68,1.0,0,0,3571.428571428572,1.0,7,25000,0,690000
271386,0.0,0,0,1.0,1864.8,0.0,1,0.0592948717948717,1.0,0,25.2,1248.0,1,1,0,0,0,74.0,0.0,0,0,3350.4444444444443,1.0,9,30154,0,630000
140000,0.0,0,0,0.0,1648.6604,0.0,1,0.0683876357560568,1.0,0,20.14,1197.0,0,1,0,0,0,81.86,1.0,1,0,2857.1428571428573,1.0,7,20000,0,640000
900000,0.0,0,0,0.0,1668.7199999999998,0.0,2,0.0683375104427736,1.0,0,20.4,1197.0,1,1,0,0,0,81.8,1.0,0,0,11111.111111111111,1.0,9,100000,0,500000
432000,0.0,0,0,0.0,1168.31,0.0,2,0.0594221105527638,1.0,0,24.7,796.0,1,1,0,0,0,47.3,1.0,0,0,6750.0,1.0,8,54000,0,310000
490000,0.0,0,0,1.0,1878.838,0.0,2,0.0623693086003372,1.0,0,25.4,1186.0,0,1,0,0,0,73.97,0.0,1,0,10000.0,1.0,7,70000,0,620000
350000,0.0,0,0,1.0,2026.86,0.0,2,0.0592948717948717,1.0,0,27.39,1248.0,1,1,0,0,0,74.0,0.0,0,0,7142.857142857143,1.0,7,50000,0,760000
585000,0.0,0,0,0.0,1606.404,0.0,1,0.0659147869674185,1.0,0,20.36,1197.0,0,1,0,0,0,78.9,1.0,1,0,3461.538461538461,1.0,13,45000,0,300000
30000,0.0,0,0,0.0,2002.56,0.0,1,0.0700583819849874,1.0,0,23.84,1199.0,0,1,0,0,0,84.0,1.0,0,0,833.3333333333334,1.0,6,5000,1,500000
910000,0.0,0,0,0.0,1476.84,0.0,2,0.0662218515429524,1.0,0,18.6,1199.0,0,3,0,0,0,79.4,1.0,0,0,5384.615384615385,1.0,13,70000,0,120000
210104,0.0,0,0,0.0,1164.72,0.0,1,0.0678132678132678,1.0,0,21.1,814.0,0,1,0,0,0,55.2,1.0,1,0,3282.875,1.0,8,26263,0,350000
900000,0.0,0,0,0.0,1488.3,0.0,2,0.0684474123539232,1.0,0,18.15,1198.0,0,2,0,0,1,82.0,1.0,0,0,11111.111111111111,1.0,9,100000,0,350000
960000,0.0,0,0,1.0,2835.5,0.0,2,0.0759678499665103,1.0,0,25.0,1493.0,0,1,0,0,0,113.42,0.0,1,0,6666.666666666667,0.0,12,80000,0,550000
972000,0.0,0,0,1.0,2093.025,0.0,2,0.0709134615384615,1.0,0,23.65,1248.0,1,1,0,0,0,88.5,0.0,0,0,12000.0,0.0,9,108000,0,675000
200000,0.0,0,0,0.0,1799.6,0.0,1,0.0683375104427736,1.0,0,22.0,1197.0,1,1,0,0,0,81.8,1.0,0,0,3125.0,1.0,8,25000,0,625000
30000,0.0,0,0,0.0,1453.9,0.0,1,0.0671342685370741,0.0,0,21.7,998.0,1,1,0,0,0,67.0,1.0,0,0,833.3333333333334,1.0,6,5000,0,475000
1155000,0.0,0,1,1.0,2147.432,0.0,2,0.0660614152202937,1.0,0,21.7,1498.0,0,1,0,0,0,98.96,0.0,0,0,9545.454545454546,0.0,11,105000,0,550000
520000,0.0,0,0,0.0,1587.3,0.0,1,0.0716791979949874,1.0,0,18.5,1197.0,1,1,0,0,0,85.8,1.0,0,0,3076.923076923077,1.0,13,40000,0,320000
990000,0.0,0,0,1.0,1694.6,0.0,2,0.0592948717948717,1.0,0,22.9,1248.0,1,1,0,0,0,74.0,0.0,0,0,8181.818181818182,1.0,11,90000,0,530000
210000,0.0,0,0,0.0,1168.31,0.0,1,0.0594221105527638,1.0,0,24.7,796.0,1,1,0,0,0,47.3,1.0,0,0,4285.714285714285,1.0,7,30000,0,300000
38500,0.0,0,0,0.0,2046.24,0.0,1,0.0785571142284569,1.0,0,17.4,1497.0,0,1,0,1,0,117.6,1.0,0,0,785.7142857142857,1.0,7,5500,0,1180000
845000,0.0,0,0,0.0,1164.72,0.0,1,0.0678132678132678,1.0,0,21.1,814.0,0,1,0,0,0,55.2,1.0,1,0,5000.0,1.0,13,65000,0,190000
1200000,0.0,0,0,1.0,1864.8,0.0,2,0.0592948717948717,1.0,0,25.2,1248.0,1,1,0,0,0,74.0,0.0,0,0,12000.0,1.0,10,120000,0,530000
57000,0.0,0,1,0.0,1576.288,0.0,1,0.0725752508361204,1.0,0,18.16,1196.0,0,1,0,0,0,86.8,1.0,0,0,1583.3333333333333,1.0,6,9500,0,530000
192000,0.0,0,0,1.0,2485.965,0.0,2,0.0709134615384615,1.0,0,28.09,1248.0,1,1,0,0,0,88.5,0.0,0,0,5333.333333333333,1.0,6,32000,0,1025000
960000,0.0,0,0,0.0,912.11,0.0,1,0.0581658291457286,1.0,0,19.7,796.0,1,1,0,0,0,46.3,1.0,0,0,3750.0,1.0,16,60000,0,130000
2160000,0.0,0,0,0.0,1121.4,0.0,2,0.0580110497237569,1.0,0,17.8,1086.0,0,2,0,0,0,63.0,1.0,1,0,6666.666666666667,1.0,18,120000,0,120000
400000,0.0,0,0,0.0,1549.8,0.0,2,0.0685045948203842,1.0,0,18.9,1197.0,0,1,0,0,0,82.0,1.0,1,0,6250.0,1.0,8,50000,0,470000
550000,0.0,0,0,1.0,1725.2500000000002,0.0,1,0.0494340974212034,1.0,0,25.0,1396.0,0,2,0,0,0,69.01,0.0,0,0,4545.454545454545,1.0,11,50000,1,250000
1170000,0.0,0,0,0.0,1733.469,0.0,2,0.0694569757727652,1.0,0,20.85,1197.0,1,1,0,0,0,83.14,1.0,0,0,11700.0,1.0,10,117000,0,500000
1530000,0.0,0,0,0.0,1380.6,0.0,2,0.0521042084168336,1.0,0,17.7,1497.0,0,2,0,1,0,78.0,1.0,0,0,5294.117647058823,1.0,17,90000,0,240000
1360000,0.0,0,0,0.0,1420.0200000000002,0.0,1,0.0679506933744222,1.0,0,16.1,1298.0,1,3,0,0,0,88.2,1.0,0,0,4705.882352941177,1.0,17,80000,0,170000
270000,0.0,0,0,0.0,1075.602,0.0,1,0.0594221105527638,1.0,0,22.74,796.0,1,1,0,0,0,47.3,1.0,0,0,3333.333333333333,1.0,9,30000,0,252000
280000,0.0,0,0,0.0,1168.31,0.0,1,0.0594221105527638,1.0,0,24.7,796.0,1,1,0,0,0,47.3,1.0,0,0,4375.0,1.0,8,35000,0,270000
840000,0.0,0,0,0.0,912.11,0.0,1,0.0581658291457286,1.0,0,19.7,796.0,1,1,0,0,0,46.3,1.0,0,0,1904.7619047619048,1.0,21,40000,0,100000
463570,0.0,0,0,0.0,1374.9904,0.0,1,0.0671743486973947,1.0,0,20.51,998.0,1,2,0,0,0,67.04,1.0,0,0,4635.7,1.0,10,46357,0,350000
1120000,0.0,0,1,0.0,1128.8000000000002,0.0,2,0.0489913544668587,1.0,0,16.6,1388.0,0,2,0,0,0,68.0,1.0,0,0,5714.285714285715,1.0,14,80000,0,240000
765000,0.0,0,1,1.0,2414.624,0.0,2,0.0660173448965977,1.0,0,24.4,1499.0,0,1,0,0,0,98.96,0.0,0,0,9444.444444444443,0.0,9,85000,0,650000
448000,0.0,0,0,1.0,1864.8,0.0,2,0.0592948717948717,1.0,0,25.2,1248.0,1,1,0,0,0,74.0,0.0,0,0,7000.0,1.0,8,56000,0,660000
1170000,0.0,0,0,1.0,1943.844,0.0,2,0.0635816618911174,1.0,0,21.9,1396.0,0,2,0,0,0,88.76,0.0,1,0,6923.076923076923,1.0,13,90000,0,360000
320000,0.0,0,0,0.0,1607.0449999999998,0.0,1,0.0672344689378757,1.0,0,23.95,998.0,1,1,0,0,0,67.1,1.0,0,0,5000.0,1.0,8,40000,0,382000
1520000,0.0,0,0,0.0,1595.685,0.0,1,0.0655689102564102,1.0,0,19.5,1248.0,0,2,0,0,0,81.83,1.0,1,0,4210.526315789473,1.0,19,80000,0,145000
840000,0.0,0,0,0.0,1348.0704999999998,0.0,1,0.0626611418047882,1.0,0,19.81,1086.0,0,2,0,0,0,68.05,1.0,1,0,4285.714285714285,1.0,14,60000,0,270000
700000,0.0,0,0,1.0,1999.9742,0.0,2,0.0635601719197707,1.0,0,22.54,1396.0,0,1,0,0,0,88.73,0.0,1,0,7000.0,1.0,10,70000,0,650000
2380000,0.0,0,1,1.0,1360.0,0.0,2,0.0486061472480343,1.0,0,20.0,1399.0,0,2,0,0,0,68.0,0.0,0,0,12142.857142857143,1.0,14,170000,0,200000
950000,0.0,0,0,1.0,1298.14,0.0,2,0.0592686002522068,1.0,0,27.62,793.0,1,1,0,0,0,47.0,0.0,0,0,9500.0,1.0,10,95000,0,400000
1170000,0.0,0,0,1.0,1694.6,0.0,2,0.0592948717948717,1.0,0,22.9,1248.0,1,2,0,0,0,74.0,0.0,0,0,6923.076923076923,1.0,13,90000,0,416000
245000,0.0,0,0,1.0,2026.86,0.0,1,0.0592948717948717,1.0,0,27.39,1248.0,1,1,0,0,0,74.0,0.0,0,0,5000.0,1.0,7,35000,0,750000
1440000,0.0,0,0,1.0,1650.2,0.0,2,0.0592948717948717,1.0,0,22.3,1248.0,0,2,0,0,0,74.0,0.0,0,0,10000.0,1.0,12,120000,1,190000
2040000,0.0,0,0,1.0,944.064,0.0,2,0.0378223495702005,1.0,0,17.88,1396.0,0,4,0,0,0,52.8,0.0,0,0,7058.823529411765,1.0,17,120000,1,60000
1080000,0.0,0,0,0.0,1268.1899999999998,0.0,2,0.0672344689378757,1.0,0,18.9,998.0,1,2,0,0,0,67.1,1.0,0,0,7500.0,1.0,12,90000,0,300000
2160000,0.0,0,0,1.0,920.2,0.0,2,0.038323782234957,1.0,0,17.2,1396.0,0,3,0,0,0,53.5,0.0,0,0,6666.666666666667,1.0,18,120000,1,65000
1404000,0.0,0,1,1.0,1192.6,0.0,2,0.0478913509649749,1.0,0,17.8,1399.0,0,2,0,0,0,67.0,0.0,0,0,8307.692307692309,1.0,13,108000,0,270000
455000,0.0,0,0,0.0,1164.72,0.0,1,0.0678132678132678,1.0,0,21.1,814.0,0,2,0,0,0,55.2,1.0,1,0,2692.3076923076924,1.0,13,35000,0,195000
2040000,0.0,0,0,1.0,1317.21,0.0,2,0.0494269340974212,1.0,0,19.09,1396.0,0,1,0,0,0,69.0,0.0,0,0,7058.823529411765,1.0,17,120000,1,100000
871000,0.0,0,0,0.0,1606.404,0.0,2,0.0659147869674185,1.0,0,20.36,1197.0,0,2,0,0,0,78.9,1.0,1,0,5153.846153846154,1.0,13,67000,0,220000
420633,0.0,0,0,0.0,1075.602,0.0,2,0.0594221105527638,1.0,0,22.74,796.0,1,1,0,0,0,47.3,1.0,0,0,5193.0,1.0,9,46737,0,320000
330000,0.0,0,0,0.0,1428.48,0.0,1,0.0640533778148457,1.0,0,18.6,1199.0,0,1,0,0,0,76.8,1.0,0,0,2727.2727272727275,1.0,11,30000,0,240000
980000,0.0,0,0,0.0,1072.5,0.0,1,0.0554607508532423,1.0,0,16.5,1172.0,0,2,0,0,0,65.0,1.0,0,0,5000.0,1.0,14,70000,1,130000
1600000,0.0,0,0,1.0,2061.6345,0.0,3,0.0742299794661191,1.0,0,19.01,1461.0,0,1,1,0,0,108.45,0.0,0,0,16000.0,1.0,10,160000,0,600000
140000,0.0,0,0,0.0,1168.31,0.0,1,0.0594221105527638,1.0,0,24.7,796.0,1,1,0,0,0,47.3,1.0,0,0,2857.1428571428573,1.0,7,20000,0,310000
210000,0.0,0,0,0.0,1374.9904,0.0,1,0.0671743486973947,1.0,0,20.51,998.0,1,1,0,0,0,67.04,1.0,0,0,4285.714285714285,1.0,7,30000,0,432000
1170000,0.0,0,0,1.0,1358.0,0.0,2,0.0498220640569395,1.0,0,19.4,1405.0,0,3,0,0,0,70.0,0.0,0,0,6923.076923076923,1.0,13,90000,1,175000
1540672,0.0,0,0,0.0,1403.732,0.0,2,0.0672344689378757,1.0,0,20.92,998.0,1,3,0,0,0,67.1,1.0,0,0,7860.571428571428,1.0,14,110048,0,135000
182000,0.0,0,0,1.0,1878.838,0.0,1,0.0623693086003372,1.0,0,25.4,1186.0,0,1,0,0,0,73.97,0.0,1,0,3714.285714285714,1.0,7,26000,0,680000
1980000,0.0,0,0,0.0,1266.3,0.0,2,0.063147973609802,1.0,0,18.9,1061.0,1,4,0,0,0,67.0,1.0,0,0,6111.111111111111,1.0,18,110000,0,90000
1080000,0.0,0,0,0.0,1117.2,0.0,1,0.0660869565217391,1.0,0,14.7,1150.0,0,3,0,0,0,76.0,1.0,0,0,3333.333333333333,1.0,18,60000,0,100000
1330000,0.0,0,0,0.0,912.11,0.0,1,0.0581658291457286,1.0,0,19.7,796.0,1,3,0,0,0,46.3,1.0,0,0,3684.2105263157896,1.0,19,70000,0,120000
161368,0.0,0,0,1.0,2155.895,0.0,1,0.0742642026009582,0.0,0,19.87,1461.0,0,1,1,0,0,108.5,0.0,0,0,2521.375,0.0,8,20171,0,750000
297208,0.0,0,0,1.0,2691.78,0.0,1,0.0658210947930574,1.0,0,27.3,1498.0,0,1,0,1,0,98.6,0.0,0,0,4643.875,0.0,8,37151,0,525000
390000,0.0,0,0,0.0,2041.02,0.0,1,0.0783567134268537,1.0,0,17.4,1497.0,0,1,0,1,0,117.3,1.0,0,0,3900.0,0.0,10,39000,0,649000
667500,0.0,0,0,0.0,1218.78,0.0,1,0.0617696160267111,1.0,0,16.47,1198.0,0,1,0,0,0,74.0,1.0,0,1,2966.6666666666665,0.0,15,44500,0,210000
135000,0.0,0,0,0.0,1658.69,0.0,1,0.0739783152627189,1.0,0,18.7,1199.0,0,1,0,1,0,88.7,1.0,0,0,1666.6666666666667,0.0,9,15000,0,526000
351000,0.0,0,1,0.0,1918.971,0.0,1,0.0806751336898395,1.0,0,15.9,1496.0,0,1,0,0,0,120.69,1.0,0,0,4333.333333333333,0.0,9,39000,0,599000
581610,0.0,0,0,0.0,2087.94,0.0,2,0.0783567134268537,1.0,0,17.8,1497.0,0,1,0,1,0,117.3,1.0,0,0,5816.1,0.0,10,58161,0,500000
560000,0.0,0,0,0.0,2046.24,0.0,1,0.0785571142284569,1.0,0,17.4,1497.0,0,1,0,1,0,117.6,1.0,0,0,2857.1428571428573,0.0,14,40000,0,325000
496449,0.0,0,0,0.0,2087.94,0.0,2,0.0783567134268537,1.0,0,17.8,1497.0,0,1,0,1,0,117.3,1.0,0,0,6129.0,0.0,9,55161,0,575000
390000,0.0,0,0,0.0,1605.8,0.0,1,0.0724540901502504,1.0,0,18.5,1198.0,0,1,0,1,0,86.8,1.0,0,0,2307.692307692308,0.0,13,30000,0,245000
495000,0.0,0,0,0.0,2087.94,0.0,2,0.0783567134268537,1.0,0,17.8,1497.0,0,1,0,1,0,117.3,1.0,0,0,6111.111111111111,0.0,9,55000,0,625000
95990,0.0,0,0,0.0,2087.94,0.0,1,0.0783567134268537,1.0,0,17.8,1497.0,0,1,0,1,0,117.3,1.0,0,0,959.9,0.0,10,9599,0,575000
280000,0.0,0,0,0.0,1360.0,0.0,1,0.0668337510442773,1.0,0,17.0,1197.0,0,1,0,0,0,80.0,1.0,1,0,4375.0,0.0,8,35000,0,600000
145359,0.0,0,0,0.0,2087.94,0.0,1,0.0783567134268537,1.0,0,17.8,1497.0,0,1,0,1,0,117.3,1.0,0,0,1794.5555555555557,0.0,9,16151,0,750000
281610,0.0,0,0,0.0,2087.94,0.0,1,0.0783567134268537,1.0,0,17.8,1497.0,0,1,0,1,0,117.3,1.0,0,0,2816.1,0.0,10,28161,0,600000
900000,0.0,0,0,0.0,1116.0,0.0,1,0.0623115577889447,1.0,0,18.0,995.0,0,2,0,0,0,62.0,1.0,0,0,4000.0,1.0,15,60000,0,114999
900000,0.0,0,0,0.0,1116.0,0.0,1,0.0623115577889447,1.0,0,18.0,995.0,0,2,0,0,0,62.0,1.0,0,0,4000.0,1.0,15,60000,0,140000
1320000,0.0,0,1,1.0,1595.685,0.0,3,0.0655689102564102,1.0,0,19.5,1248.0,0,1,0,0,0,81.83,0.0,0,0,20625.0,1.0,8,165000,0,580000
1040000,0.0,0,0,0.0,1630.2,0.0,3,0.0716791979949874,1.0,0,19.0,1197.0,1,2,0,0,0,85.8,1.0,0,0,16250.0,1.0,8,130000,0,500000
600000,0.0,0,0,1.0,2543.88,0.0,2,0.0658210947930574,1.0,0,25.8,1498.0,0,1,0,1,0,98.6,0.0,0,0,6000.0,1.0,10,60000,0,409999
902000,0.0,0,0,1.0,1713.7099999999998,0.0,2,0.0573579739904175,1.0,1,20.45,1461.0,0,2,0,0,0,83.8,0.0,0,0,7454.545454545455,1.0,11,82000,0,450000
220000,0.0,0,0,0.0,1549.8,0.0,1,0.0685045948203842,1.0,0,18.9,1197.0,0,1,0,0,0,82.0,1.0,1,0,1818.1818181818185,1.0,11,20000,0,400000
720000,0.0,0,0,0.0,1703.832,0.0,1,0.0650693568726355,1.0,0,16.51,1586.0,1,3,0,0,0,103.2,1.0,0,0,5000.0,1.0,12,60000,0,295000
990000,0.0,0,0,1.0,2319.585,0.0,2,0.0709134615384615,1.0,0,26.21,1248.0,1,2,0,0,0,88.5,0.0,0,0,8181.818181818182,1.0,11,90000,0,560000
950000,0.0,0,0,0.0,896.0,0.0,1,0.060320452403393,1.0,0,14.0,1061.0,1,3,0,0,0,64.0,1.0,0,0,2631.5789473684213,1.0,19,50000,0,150000
1400000,0.0,0,0,0.0,1116.0,0.0,2,0.0623115577889447,1.0,0,18.0,995.0,0,2,0,0,0,62.0,1.0,0,0,7142.857142857143,1.0,14,100000,0,114999
2322000,0.0,0,0,1.0,1190.0,0.0,2,0.0498220640569395,1.0,0,17.0,1405.0,0,3,0,0,0,70.0,0.0,0,0,7166.666666666667,1.0,18,129000,1,90177
2000000,0.0,0,0,0.0,1200.0,0.0,1,0.0669792364367046,0.0,0,12.0,1493.0,0,2,0,1,0,100.0,1.0,0,0,5000.0,1.0,20,100000,0,110000
1980000,0.0,0,1,1.0,1210.4,0.0,2,0.0486061472480343,1.0,0,17.8,1399.0,0,3,0,0,0,68.0,0.0,0,0,6111.111111111111,1.0,18,110000,0,125000
160000,0.0,0,0,0.0,1547.1539999999998,0.0,1,0.0683876357560568,1.0,0,18.9,1197.0,0,1,0,0,0,81.86,1.0,1,0,2500.0,1.0,8,20000,0,450000
210000,0.0,0,0,0.0,1548.6240000000005,0.0,1,0.0671743486973947,0.0,0,23.1,998.0,1,1,0,0,0,67.04,1.0,0,0,4285.714285714285,1.0,7,30000,0,470000
250000,0.0,0,0,0.0,1558.459,0.0,1,0.0743503772003352,1.0,0,17.57,1193.0,0,1,0,0,0,88.7,1.0,0,0,2500.0,1.0,10,25000,1,330000
175000,0.0,0,0,0.0,1374.9904,0.0,1,0.0671743486973947,1.0,0,20.51,998.0,1,2,0,0,0,67.04,1.0,0,0,3571.428571428572,1.0,7,25000,0,390000
2040000,0.0,0,0,1.0,1713.7099999999998,0.0,2,0.0573579739904175,1.0,1,20.45,1461.0,0,1,0,0,0,83.8,0.0,0,0,14166.666666666666,1.0,12,170000,0,509999
600000,0.0,0,0,0.0,1440.0,0.0,1,0.0657894736842105,1.0,0,16.0,1368.0,0,2,0,0,1,90.0,1.0,0,0,2666.6666666666665,1.0,15,40000,0,125000
224000,0.0,0,0,1.0,1999.9742,0.0,1,0.0635601719197707,1.0,0,22.54,1396.0,0,1,0,0,0,88.73,0.0,1,0,3500.0,1.0,8,28000,0,780000
1051284,0.0,0,0,0.0,1216.56,0.0,2,0.0649122807017543,1.0,0,13.7,1368.0,0,3,0,0,0,88.8,1.0,0,0,6220.615384615385,1.0,13,80868,1,200000
2416000,0.0,0,0,1.0,1335.0,0.0,2,0.0600961538461538,1.0,0,17.8,1248.0,1,2,0,0,0,75.0,0.0,0,0,9437.5,1.0,16,151000,0,250000
455000,0.0,0,1,1.0,2276.08,0.0,2,0.0660614152202937,1.0,0,23.0,1498.0,0,1,0,0,0,98.96,0.0,0,0,9285.714285714286,1.0,7,65000,0,880000
1600000,0.0,0,0,1.0,1335.0,0.0,2,0.0600961538461538,1.0,0,17.8,1248.0,1,2,0,0,0,75.0,0.0,0,0,6250.0,1.0,16,100000,0,307000
595000,0.0,0,0,1.0,2332.75,0.0,2,0.0724782899131596,1.0,0,21.5,1497.0,0,2,0,0,0,108.5,0.0,0,0,12142.857142857143,1.0,7,85000,1,800000
910000,0.0,0,0,1.0,1522.5,0.0,2,0.0600961538461538,1.0,0,20.3,1248.0,0,1,0,0,1,75.0,0.0,0,0,5384.615384615385,1.0,13,70000,0,450000
1900000,0.0,0,0,0.0,1595.685,0.0,2,0.0655689102564102,1.0,0,19.5,1248.0,1,2,0,0,0,81.83,1.0,0,0,5263.1578947368425,1.0,19,100000,0,130000
1330000,0.0,0,0,0.0,1689.9999999999998,0.0,1,0.0668002672010688,1.0,0,16.9,1497.0,0,2,0,1,0,100.0,1.0,0,0,3684.2105263157896,1.0,19,70000,0,160000
2520000,0.0,0,0,0.0,1170.0,0.0,2,0.0670141474311243,1.0,0,13.0,1343.0,0,2,0,1,0,90.0,1.0,0,0,5714.285714285715,1.0,21,120000,0,135000
1200000,0.0,0,0,1.0,1713.7099999999998,0.0,2,0.0573579739904175,1.0,0,20.45,1461.0,0,3,1,0,0,83.8,0.0,0,0,8333.333333333334,1.0,12,100000,0,325000
168000,0.0,0,1,1.0,2406.572,0.0,1,0.0658411214953271,1.0,0,24.4,1498.0,0,1,0,0,0,98.63,0.0,0,0,3428.5714285714284,1.0,7,24000,0,750000
96000,0.0,0,0,0.0,1548.6240000000005,0.0,1,0.0671743486973947,1.0,0,23.1,998.0,1,1,0,0,0,67.04,1.0,0,0,1500.0,1.0,8,12000,0,425000
550000,0.0,1,0,1.0,1581.9454,0.0,1,0.0491642228739002,1.0,0,23.59,1364.0,0,1,0,0,0,67.06,0.0,0,0,4545.454545454545,1.0,11,50000,0,425000
168000,0.0,0,1,1.0,2406.572,0.0,1,0.0658411214953271,1.0,0,24.4,1498.0,0,1,0,0,0,98.63,0.0,0,0,3428.5714285714284,1.0,7,24000,0,746000
1022000,0.0,0,0,0.0,912.11,0.0,2,0.0581658291457286,1.0,0,19.7,796.0,1,1,0,0,0,46.3,1.0,0,0,5214.285714285715,1.0,14,73000,0,200000
360000,0.0,0,0,0.0,1607.0449999999998,0.0,2,0.0672344689378757,1.0,0,23.95,998.0,1,1,0,0,0,67.1,1.0,0,0,5625.0,1.0,8,45000,0,340000
300000,0.0,0,0,0.0,1532.725,0.0,1,0.0692147034252297,1.0,0,18.5,1197.0,0,1,0,0,0,82.85,1.0,1,0,2083.333333333333,1.0,12,25000,0,380000
640000,0.0,0,0,0.0,1374.9904,0.0,2,0.0671743486973947,1.0,0,20.51,998.0,1,1,0,0,0,67.04,1.0,0,0,10000.0,1.0,8,80000,0,360000
600000,0.0,0,0,0.0,1268.1899999999998,0.0,1,0.0672344689378757,1.0,0,18.9,998.0,1,2,0,0,0,67.1,1.0,0,0,4166.666666666667,1.0,12,50000,0,260000
880000,0.0,0,0,1.0,1999.9742,0.0,2,0.0635601719197707,1.0,0,22.54,1396.0,0,2,0,0,0,88.73,0.0,1,0,7272.727272727273,1.0,11,80000,0,475000
1320000,0.0,0,0,0.0,1532.725,0.0,2,0.0692147034252297,1.0,0,18.5,1197.0,0,1,0,0,0,82.85,1.0,1,0,9166.666666666666,1.0,12,110000,0,320000
2142000,0.0,0,0,1.0,1848.0,0.0,2,0.073677160080375,1.0,0,16.8,1493.0,0,4,0,0,0,110.0,0.0,1,0,6611.111111111111,1.0,18,119000,0,135000
1920000,0.0,0,0,1.0,1426.2700000000002,0.0,2,0.0592147435897435,1.0,0,19.3,1248.0,1,1,0,0,0,73.9,0.0,0,0,7500.0,1.0,16,120000,0,382000
